player_id,season,position,family,feature_coverage_fraction,row_70pct_covered,prior_team_available,provenance_quality,split
00-0021206,2018,QB,OPPORTUNITY_ROLE,1.0,1,1,HIGH_LOCKED_LAGGED_PBP,development
00-0022803,2018,QB,OPPORTUNITY_ROLE,1.0,1,1,HIGH_LOCKED_LAGGED_PBP,development
00-0023459,2018,QB,OPPORTUNITY_ROLE,1.0,1,1,HIGH_LOCKED_LAGGED_PBP,development
00-0023662,2018,QB,OPPORTUNITY_ROLE,1.0,1,1,HIGH_LOCKED_LAGGED_PBP,development
00-0023682,2018,QB,OPPORTUNITY_ROLE,1.0,1,1,HIGH_LOCKED_LAGGED_PBP,development
00-0026158,2018,QB,OPPORTUNITY_ROLE,1.0,1,1,HIGH_LOCKED_LAGGED_PBP,development
00-0026197,2018,QB,OPPORTUNITY_ROLE,1.0,1,1,HIGH_LOCKED_LAGGED_PBP,development
00-0026498,2018,QB,OPPORTUNITY_ROLE,1.0,1,1,HIGH_LOCKED_LAGGED_PBP,development
00-0026544,2018,QB,OPPORTUNITY_ROLE,0.0,0,0,HIGH_LOCKED_LAGGED_PBP,development
00-0027796,2018,QB,OPPORTUNITY_ROLE,1.0,1,1,HIGH_LOCKED_LAGGED_PBP,development
00-0027854,2018,QB,OPPORTUNITY_ROLE,1.0,1,1,HIGH_LOCKED_LAGGED_PBP,development
00-0027948,2018,QB,OPPORTUNITY_ROLE,1.0,1,1,HIGH_LOCKED_LAGGED_PBP,development
00-0027973,2018,QB,OPPORTUNITY_ROLE,1.0,1,1,HIGH_LOCKED_LAGGED_PBP,development
00-0029604,2018,QB,OPPORTUNITY_ROLE,1.0,1,1,HIGH_LOCKED_LAGGED_PBP,development
00-0029682,2018,QB,OPPORTUNITY_ROLE,1.0,1,1,HIGH_LOCKED_LAGGED_PBP,development
00-0030520,2018,QB,OPPORTUNITY_ROLE,1.0,1,1,HIGH_LOCKED_LAGGED_PBP,development
00-0030565,2018,QB,OPPORTUNITY_ROLE,1.0,1,1,HIGH_LOCKED_LAGGED_PBP,development
00-0031237,2018,QB,OPPORTUNITY_ROLE,1.0,1,1,HIGH_LOCKED_LAGGED_PBP,development
00-0031280,2018,QB,OPPORTUNITY_ROLE,1.0,1,1,HIGH_LOCKED_LAGGED_PBP,development
00-0031288,2018,QB,OPPORTUNITY_ROLE,1.0,1,1,HIGH_LOCKED_LAGGED_PBP,development
00-0031345,2018,QB,OPPORTUNITY_ROLE,1.0,1,1,HIGH_LOCKED_LAGGED_PBP,development
00-0031503,2018,QB,OPPORTUNITY_ROLE,1.0,1,1,HIGH_LOCKED_LAGGED_PBP,development
00-0031800,2018,QB,OPPORTUNITY_ROLE,1.0,1,1,HIGH_LOCKED_LAGGED_PBP,development
00-0032245,2018,QB,OPPORTUNITY_ROLE,1.0,1,1,HIGH_LOCKED_LAGGED_PBP,development
00-0032950,2018,QB,OPPORTUNITY_ROLE,1.0,1,1,HIGH_LOCKED_LAGGED_PBP,development
00-0033104,2018,QB,OPPORTUNITY_ROLE,1.0,1,1,HIGH_LOCKED_LAGGED_PBP,development
00-0033119,2018,QB,OPPORTUNITY_ROLE,1.0,1,1,HIGH_LOCKED_LAGGED_PBP,development
00-0033899,2018,QB,OPPORTUNITY_ROLE,1.0,1,1,HIGH_LOCKED_LAGGED_PBP,development
00-0033936,2018,QB,OPPORTUNITY_ROLE,1.0,1,1,HIGH_LOCKED_LAGGED_PBP,development
00-0023500,2018,RB,OPPORTUNITY_ROLE,1.0,1,1,HIGH_LOCKED_LAGGED_PBP,development
00-0025394,2018,RB,OPPORTUNITY_ROLE,1.0,1,1,HIGH_LOCKED_LAGGED_PBP,development
00-0025399,2018,RB,OPPORTUNITY_ROLE,1.0,1,1,HIGH_LOCKED_LAGGED_PBP,development
00-0026213,2018,RB,OPPORTUNITY_ROLE,1.0,1,1,HIGH_LOCKED_LAGGED_PBP,development
00-0028011,2018,RB,OPPORTUNITY_ROLE,0.9411764705882353,1,1,HIGH_LOCKED_LAGGED_PBP,development
00-0028063,2018,RB,OPPORTUNITY_ROLE,1.0,1,1,HIGH_LOCKED_LAGGED_PBP,development
00-0028064,2018,RB,OPPORTUNITY_ROLE,1.0,1,1,HIGH_LOCKED_LAGGED_PBP,development
00-0028083,2018,RB,OPPORTUNITY_ROLE,1.0,1,1,HIGH_LOCKED_LAGGED_PBP,development
00-0029141,2018,RB,OPPORTUNITY_ROLE,1.0,1,1,HIGH_LOCKED_LAGGED_PBP,development
00-0029205,2018,RB,OPPORTUNITY_ROLE,1.0,1,1,HIGH_LOCKED_LAGGED_PBP,development
00-0029273,2018,RB,OPPORTUNITY_ROLE,1.0,1,1,HIGH_LOCKED_LAGGED_PBP,development
00-0029492,2018,RB,OPPORTUNITY_ROLE,1.0,1,1,HIGH_LOCKED_LAGGED_PBP,development
00-0029613,2018,RB,OPPORTUNITY_ROLE,1.0,1,1,HIGH_LOCKED_LAGGED_PBP,development
00-0030107,2018,RB,OPPORTUNITY_ROLE,1.0,1,1,HIGH_LOCKED_LAGGED_PBP,development
00-0030404,2018,RB,OPPORTUNITY_ROLE,1.0,1,1,HIGH_LOCKED_LAGGED_PBP,development
00-0030433,2018,RB,OPPORTUNITY_ROLE,1.0,1,1,HIGH_LOCKED_LAGGED_PBP,development
00-0030456,2018,RB,OPPORTUNITY_ROLE,1.0,1,1,HIGH_LOCKED_LAGGED_PBP,development
00-0030656,2018,RB,OPPORTUNITY_ROLE,1.0,1,1,HIGH_LOCKED_LAGGED_PBP,development
00-0031045,2018,RB,OPPORTUNITY_ROLE,1.0,1,1,HIGH_LOCKED_LAGGED_PBP,development
00-0031102,2018,RB,OPPORTUNITY_ROLE,1.0,1,1,HIGH_LOCKED_LAGGED_PBP,development
00-0031209,2018,RB,OPPORTUNITY_ROLE,1.0,1,1,HIGH_LOCKED_LAGGED_PBP,development
00-0031301,2018,RB,OPPORTUNITY_ROLE,1.0,1,1,HIGH_LOCKED_LAGGED_PBP,development
00-0031577,2018,RB,OPPORTUNITY_ROLE,1.0,1,1,HIGH_LOCKED_LAGGED_PBP,development
00-0031599,2018,RB,OPPORTUNITY_ROLE,1.0,1,1,HIGH_LOCKED_LAGGED_PBP,development
00-0031665,2018,RB,OPPORTUNITY_ROLE,1.0,1,1,HIGH_LOCKED_LAGGED_PBP,development
00-0031687,2018,RB,OPPORTUNITY_ROLE,0.9411764705882353,1,1,HIGH_LOCKED_LAGGED_PBP,development
00-0031959,2018,RB,OPPORTUNITY_ROLE,1.0,1,1,HIGH_LOCKED_LAGGED_PBP,development
00-0032104,2018,RB,OPPORTUNITY_ROLE,1.0,1,1,HIGH_LOCKED_LAGGED_PBP,development
00-0032187,2018,RB,OPPORTUNITY_ROLE,1.0,1,1,HIGH_LOCKED_LAGGED_PBP,development
00-0032257,2018,RB,OPPORTUNITY_ROLE,1.0,1,1,HIGH_LOCKED_LAGGED_PBP,development
00-0032371,2018,RB,OPPORTUNITY_ROLE,1.0,1,1,HIGH_LOCKED_LAGGED_PBP,development
00-0032393,2018,RB,OPPORTUNITY_ROLE,1.0,1,1,HIGH_LOCKED_LAGGED_PBP,development
00-0032404,2018,RB,OPPORTUNITY_ROLE,1.0,1,1,HIGH_LOCKED_LAGGED_PBP,development
00-0032426,2018,RB,OPPORTUNITY_ROLE,1.0,1,1,HIGH_LOCKED_LAGGED_PBP,development
00-0032450,2018,RB,OPPORTUNITY_ROLE,1.0,1,1,HIGH_LOCKED_LAGGED_PBP,development
00-0032741,2018,RB,OPPORTUNITY_ROLE,1.0,1,1,HIGH_LOCKED_LAGGED_PBP,development
00-0032794,2018,RB,OPPORTUNITY_ROLE,1.0,1,1,HIGH_LOCKED_LAGGED_PBP,development
00-0032940,2018,RB,OPPORTUNITY_ROLE,1.0,1,1,HIGH_LOCKED_LAGGED_PBP,development
00-0032964,2018,RB,OPPORTUNITY_ROLE,1.0,1,1,HIGH_LOCKED_LAGGED_PBP,development
00-0032972,2018,RB,OPPORTUNITY_ROLE,1.0,1,1,HIGH_LOCKED_LAGGED_PBP,development
00-0033025,2018,RB,OPPORTUNITY_ROLE,1.0,1,1,HIGH_LOCKED_LAGGED_PBP,development
00-0033118,2018,RB,OPPORTUNITY_ROLE,1.0,1,1,HIGH_LOCKED_LAGGED_PBP,development
00-0033293,2018,RB,OPPORTUNITY_ROLE,1.0,1,1,HIGH_LOCKED_LAGGED_PBP,development
00-0033295,2018,RB,OPPORTUNITY_ROLE,1.0,1,1,HIGH_LOCKED_LAGGED_PBP,development
00-0033296,2018,RB,OPPORTUNITY_ROLE,0.0,0,0,HIGH_LOCKED_LAGGED_PBP,development
00-0033308,2018,RB,OPPORTUNITY_ROLE,1.0,1,1,HIGH_LOCKED_LAGGED_PBP,development
00-0033376,2018,RB,OPPORTUNITY_ROLE,1.0,1,1,HIGH_LOCKED_LAGGED_PBP,development
00-0033526,2018,RB,OPPORTUNITY_ROLE,1.0,1,1,HIGH_LOCKED_LAGGED_PBP,development
00-0033553,2018,RB,OPPORTUNITY_ROLE,1.0,1,1,HIGH_LOCKED_LAGGED_PBP,development
00-0033567,2018,RB,OPPORTUNITY_ROLE,1.0,1,1,HIGH_LOCKED_LAGGED_PBP,development
00-0033581,2018,RB,OPPORTUNITY_ROLE,1.0,1,1,HIGH_LOCKED_LAGGED_PBP,development
00-0033596,2018,RB,OPPORTUNITY_ROLE,1.0,1,1,HIGH_LOCKED_LAGGED_PBP,development
00-0033760,2018,RB,OPPORTUNITY_ROLE,0.9411764705882353,1,1,HIGH_LOCKED_LAGGED_PBP,development
00-0033893,2018,RB,OPPORTUNITY_ROLE,1.0,1,1,HIGH_LOCKED_LAGGED_PBP,development
00-0033897,2018,RB,OPPORTUNITY_ROLE,1.0,1,1,HIGH_LOCKED_LAGGED_PBP,development
00-0033948,2018,RB,OPPORTUNITY_ROLE,1.0,1,1,HIGH_LOCKED_LAGGED_PBP,development
00-0033950,2018,RB,OPPORTUNITY_ROLE,1.0,1,1,HIGH_LOCKED_LAGGED_PBP,development
00-0033955,2018,RB,OPPORTUNITY_ROLE,0.0,0,0,HIGH_LOCKED_LAGGED_PBP,development
00-0022921,2018,WR,OPPORTUNITY_ROLE,1.0,1,1,HIGH_LOCKED_LAGGED_PBP,development
00-0024334,2018,WR,OPPORTUNITY_ROLE,1.0,1,1,HIGH_LOCKED_LAGGED_PBP,development
00-0026176,2018,WR,OPPORTUNITY_ROLE,1.0,1,1,HIGH_LOCKED_LAGGED_PBP,development
00-0026189,2018,WR,OPPORTUNITY_ROLE,1.0,1,1,HIGH_LOCKED_LAGGED_PBP,development
00-0026345,2018,WR,OPPORTUNITY_ROLE,1.0,1,1,HIGH_LOCKED_LAGGED_PBP,development
00-0026901,2018,WR,OPPORTUNITY_ROLE,1.0,1,1,HIGH_LOCKED_LAGGED_PBP,development
00-0027681,2018,WR,OPPORTUNITY_ROLE,1.0,1,1,HIGH_LOCKED_LAGGED_PBP,development
00-0027685,2018,WR,OPPORTUNITY_ROLE,1.0,1,1,HIGH_LOCKED_LAGGED_PBP,development
00-0027874,2018,WR,OPPORTUNITY_ROLE,1.0,1,1,HIGH_LOCKED_LAGGED_PBP,development
00-0027942,2018,WR,OPPORTUNITY_ROLE,1.0,1,1,HIGH_LOCKED_LAGGED_PBP,development
00-0028002,2018,WR,OPPORTUNITY_ROLE,1.0,1,1,HIGH_LOCKED_LAGGED_PBP,development
00-0028091,2018,WR,OPPORTUNITY_ROLE,1.0,1,1,HIGH_LOCKED_LAGGED_PBP,development
00-0028114,2018,WR,OPPORTUNITY_ROLE,0.0,0,0,HIGH_LOCKED_LAGGED_PBP,development
00-0028116,2018,WR,OPPORTUNITY_ROLE,1.0,1,1,HIGH_LOCKED_LAGGED_PBP,development
00-0028263,2018,WR,OPPORTUNITY_ROLE,1.0,1,1,HIGH_LOCKED_LAGGED_PBP,development
00-0028497,2018,WR,OPPORTUNITY_ROLE,1.0,1,1,HIGH_LOCKED_LAGGED_PBP,development
00-0028825,2018,WR,OPPORTUNITY_ROLE,1.0,1,1,HIGH_LOCKED_LAGGED_PBP,development
00-0029159,2018,WR,OPPORTUNITY_ROLE,1.0,1,1,HIGH_LOCKED_LAGGED_PBP,development
00-0029293,2018,WR,OPPORTUNITY_ROLE,1.0,1,1,HIGH_LOCKED_LAGGED_PBP,development
00-0029640,2018,WR,OPPORTUNITY_ROLE,1.0,1,1,HIGH_LOCKED_LAGGED_PBP,development
00-0029664,2018,WR,OPPORTUNITY_ROLE,1.0,1,1,HIGH_LOCKED_LAGGED_PBP,development
00-0030068,2018,WR,OPPORTUNITY_ROLE,1.0,1,1,HIGH_LOCKED_LAGGED_PBP,development
00-0030085,2018,WR,OPPORTUNITY_ROLE,1.0,1,1,HIGH_LOCKED_LAGGED_PBP,development
00-0030300,2018,WR,OPPORTUNITY_ROLE,1.0,1,1,HIGH_LOCKED_LAGGED_PBP,development
00-0030516,2018,WR,OPPORTUNITY_ROLE,1.0,1,1,HIGH_LOCKED_LAGGED_PBP,development
00-0030521,2018,WR,OPPORTUNITY_ROLE,1.0,1,1,HIGH_LOCKED_LAGGED_PBP,development
00-0030542,2018,WR,OPPORTUNITY_ROLE,1.0,1,1,HIGH_LOCKED_LAGGED_PBP,development
00-0030670,2018,WR,OPPORTUNITY_ROLE,1.0,1,1,HIGH_LOCKED_LAGGED_PBP,development
00-0030737,2018,WR,OPPORTUNITY_ROLE,1.0,1,1,HIGH_LOCKED_LAGGED_PBP,development
00-0031060,2018,WR,OPPORTUNITY_ROLE,1.0,1,1,HIGH_LOCKED_LAGGED_PBP,development
00-0031068,2018,WR,OPPORTUNITY_ROLE,1.0,1,1,HIGH_LOCKED_LAGGED_PBP,development
00-0031166,2018,WR,OPPORTUNITY_ROLE,1.0,1,1,HIGH_LOCKED_LAGGED_PBP,development
00-0031189,2018,WR,OPPORTUNITY_ROLE,1.0,1,1,HIGH_LOCKED_LAGGED_PBP,development
00-0031235,2018,WR,OPPORTUNITY_ROLE,1.0,1,1,HIGH_LOCKED_LAGGED_PBP,development
00-0031257,2018,WR,OPPORTUNITY_ROLE,1.0,1,1,HIGH_LOCKED_LAGGED_PBP,development
00-0031326,2018,WR,OPPORTUNITY_ROLE,1.0,1,1,HIGH_LOCKED_LAGGED_PBP,development
00-0031339,2018,WR,OPPORTUNITY_ROLE,1.0,1,1,HIGH_LOCKED_LAGGED_PBP,development
00-0031344,2018,WR,OPPORTUNITY_ROLE,1.0,1,1,HIGH_LOCKED_LAGGED_PBP,development
00-0031381,2018,WR,OPPORTUNITY_ROLE,1.0,1,1,HIGH_LOCKED_LAGGED_PBP,development
00-0031382,2018,WR,OPPORTUNITY_ROLE,1.0,1,1,HIGH_LOCKED_LAGGED_PBP,development
00-0031408,2018,WR,OPPORTUNITY_ROLE,1.0,1,1,HIGH_LOCKED_LAGGED_PBP,development
00-0031545,2018,WR,OPPORTUNITY_ROLE,1.0,1,1,HIGH_LOCKED_LAGGED_PBP,development
00-0031547,2018,WR,OPPORTUNITY_ROLE,1.0,1,1,HIGH_LOCKED_LAGGED_PBP,development
00-0031868,2018,WR,OPPORTUNITY_ROLE,1.0,1,1,HIGH_LOCKED_LAGGED_PBP,development
00-0031941,2018,WR,OPPORTUNITY_ROLE,1.0,1,1,HIGH_LOCKED_LAGGED_PBP,development
00-0032009,2018,WR,OPPORTUNITY_ROLE,1.0,1,1,HIGH_LOCKED_LAGGED_PBP,development
00-0032054,2018,WR,OPPORTUNITY_ROLE,1.0,1,1,HIGH_LOCKED_LAGGED_PBP,development
00-0032112,2018,WR,OPPORTUNITY_ROLE,1.0,1,1,HIGH_LOCKED_LAGGED_PBP,development
00-0032166,2018,WR,OPPORTUNITY_ROLE,1.0,1,1,HIGH_LOCKED_LAGGED_PBP,development
00-0032362,2018,WR,OPPORTUNITY_ROLE,1.0,1,1,HIGH_LOCKED_LAGGED_PBP,development
00-0032385,2018,WR,OPPORTUNITY_ROLE,1.0,1,1,HIGH_LOCKED_LAGGED_PBP,development
00-0032423,2018,WR,OPPORTUNITY_ROLE,1.0,1,1,HIGH_LOCKED_LAGGED_PBP,development
00-0032475,2018,WR,OPPORTUNITY_ROLE,1.0,1,1,HIGH_LOCKED_LAGGED_PBP,development
00-0032543,2018,WR,OPPORTUNITY_ROLE,1.0,1,1,HIGH_LOCKED_LAGGED_PBP,development
00-0032626,2018,WR,OPPORTUNITY_ROLE,1.0,1,1,HIGH_LOCKED_LAGGED_PBP,development
00-0032688,2018,WR,OPPORTUNITY_ROLE,1.0,1,1,HIGH_LOCKED_LAGGED_PBP,development
00-0032707,2018,WR,OPPORTUNITY_ROLE,0.0,0,0,HIGH_LOCKED_LAGGED_PBP,development
00-0032760,2018,WR,OPPORTUNITY_ROLE,1.0,1,1,HIGH_LOCKED_LAGGED_PBP,development
00-0032791,2018,WR,OPPORTUNITY_ROLE,1.0,1,1,HIGH_LOCKED_LAGGED_PBP,development
00-0032795,2018,WR,OPPORTUNITY_ROLE,1.0,1,1,HIGH_LOCKED_LAGGED_PBP,development
00-0032935,2018,WR,OPPORTUNITY_ROLE,1.0,1,1,HIGH_LOCKED_LAGGED_PBP,development
00-0032959,2018,WR,OPPORTUNITY_ROLE,1.0,1,1,HIGH_LOCKED_LAGGED_PBP,development
00-0032966,2018,WR,OPPORTUNITY_ROLE,1.0,1,1,HIGH_LOCKED_LAGGED_PBP,development
00-0032977,2018,WR,OPPORTUNITY_ROLE,1.0,1,1,HIGH_LOCKED_LAGGED_PBP,development
00-0032980,2018,WR,OPPORTUNITY_ROLE,1.0,1,1,HIGH_LOCKED_LAGGED_PBP,development
00-0033009,2018,WR,OPPORTUNITY_ROLE,1.0,1,1,HIGH_LOCKED_LAGGED_PBP,development
00-0033060,2018,WR,OPPORTUNITY_ROLE,1.0,1,1,HIGH_LOCKED_LAGGED_PBP,development
00-0033094,2018,WR,OPPORTUNITY_ROLE,1.0,1,1,HIGH_LOCKED_LAGGED_PBP,development
00-0033127,2018,WR,OPPORTUNITY_ROLE,1.0,1,1,HIGH_LOCKED_LAGGED_PBP,development
00-0033282,2018,WR,OPPORTUNITY_ROLE,1.0,1,1,HIGH_LOCKED_LAGGED_PBP,development
00-0033292,2018,WR,OPPORTUNITY_ROLE,1.0,1,1,HIGH_LOCKED_LAGGED_PBP,development
00-0033306,2018,WR,OPPORTUNITY_ROLE,0.0,0,0,HIGH_LOCKED_LAGGED_PBP,development
00-0033307,2018,WR,OPPORTUNITY_ROLE,1.0,1,1,HIGH_LOCKED_LAGGED_PBP,development
00-0033434,2018,WR,OPPORTUNITY_ROLE,1.0,1,1,HIGH_LOCKED_LAGGED_PBP,development
00-0033460,2018,WR,OPPORTUNITY_ROLE,1.0,1,1,HIGH_LOCKED_LAGGED_PBP,development
00-0033466,2018,WR,OPPORTUNITY_ROLE,1.0,1,1,HIGH_LOCKED_LAGGED_PBP,development
00-0033552,2018,WR,OPPORTUNITY_ROLE,0.0,0,0,HIGH_LOCKED_LAGGED_PBP,development
00-0033562,2018,WR,OPPORTUNITY_ROLE,1.0,1,1,HIGH_LOCKED_LAGGED_PBP,development
00-0033572,2018,WR,OPPORTUNITY_ROLE,1.0,1,1,HIGH_LOCKED_LAGGED_PBP,development
00-0033859,2018,WR,OPPORTUNITY_ROLE,1.0,1,1,HIGH_LOCKED_LAGGED_PBP,development
00-0033921,2018,WR,OPPORTUNITY_ROLE,1.0,1,1,HIGH_LOCKED_LAGGED_PBP,development
00-0033932,2018,WR,OPPORTUNITY_ROLE,1.0,1,1,HIGH_LOCKED_LAGGED_PBP,development
00-0033933,2018,WR,OPPORTUNITY_ROLE,1.0,1,1,HIGH_LOCKED_LAGGED_PBP,development
00-0033968,2018,WR,OPPORTUNITY_ROLE,1.0,1,1,HIGH_LOCKED_LAGGED_PBP,development
00-0024221,2018,TE,OPPORTUNITY_ROLE,1.0,1,1,HIGH_LOCKED_LAGGED_PBP,development
00-0027061,2018,TE,OPPORTUNITY_ROLE,1.0,1,1,HIGH_LOCKED_LAGGED_PBP,development
00-0027139,2018,TE,OPPORTUNITY_ROLE,0.0,0,0,HIGH_LOCKED_LAGGED_PBP,development
00-0027215,2018,TE,OPPORTUNITY_ROLE,1.0,1,1,HIGH_LOCKED_LAGGED_PBP,development
00-0027696,2018,TE,OPPORTUNITY_ROLE,1.0,1,1,HIGH_LOCKED_LAGGED_PBP,development
00-0027873,2018,TE,OPPORTUNITY_ROLE,1.0,1,1,HIGH_LOCKED_LAGGED_PBP,development
00-0027985,2018,TE,OPPORTUNITY_ROLE,1.0,1,1,HIGH_LOCKED_LAGGED_PBP,development
00-0028042,2018,TE,OPPORTUNITY_ROLE,1.0,1,1,HIGH_LOCKED_LAGGED_PBP,development
00-0028093,2018,TE,OPPORTUNITY_ROLE,1.0,1,1,HIGH_LOCKED_LAGGED_PBP,development
00-0028097,2018,TE,OPPORTUNITY_ROLE,1.0,1,1,HIGH_LOCKED_LAGGED_PBP,development
00-0028903,2018,TE,OPPORTUNITY_ROLE,1.0,1,1,HIGH_LOCKED_LAGGED_PBP,development
00-0029091,2018,TE,OPPORTUNITY_ROLE,0.0,0,0,HIGH_LOCKED_LAGGED_PBP,development
00-0029119,2018,TE,OPPORTUNITY_ROLE,1.0,1,1,HIGH_LOCKED_LAGGED_PBP,development
00-0029587,2018,TE,OPPORTUNITY_ROLE,1.0,1,1,HIGH_LOCKED_LAGGED_PBP,development
00-0029689,2018,TE,OPPORTUNITY_ROLE,1.0,1,1,HIGH_LOCKED_LAGGED_PBP,development
00-0029738,2018,TE,OPPORTUNITY_ROLE,1.0,1,1,HIGH_LOCKED_LAGGED_PBP,development
00-0030089,2018,TE,OPPORTUNITY_ROLE,1.0,1,1,HIGH_LOCKED_LAGGED_PBP,development
00-0030181,2018,TE,OPPORTUNITY_ROLE,1.0,1,1,HIGH_LOCKED_LAGGED_PBP,development
00-0030422,2018,TE,OPPORTUNITY_ROLE,1.0,1,1,HIGH_LOCKED_LAGGED_PBP,development
00-0030472,2018,TE,OPPORTUNITY_ROLE,1.0,1,1,HIGH_LOCKED_LAGGED_PBP,development
00-0030549,2018,TE,OPPORTUNITY_ROLE,1.0,1,1,HIGH_LOCKED_LAGGED_PBP,development
00-0031273,2018,TE,OPPORTUNITY_ROLE,1.0,1,1,HIGH_LOCKED_LAGGED_PBP,development
00-0031384,2018,TE,OPPORTUNITY_ROLE,1.0,1,1,HIGH_LOCKED_LAGGED_PBP,development
00-0031418,2018,TE,OPPORTUNITY_ROLE,1.0,1,1,HIGH_LOCKED_LAGGED_PBP,development
00-0031484,2018,TE,OPPORTUNITY_ROLE,1.0,1,1,HIGH_LOCKED_LAGGED_PBP,development
00-0031598,2018,TE,OPPORTUNITY_ROLE,1.0,1,1,HIGH_LOCKED_LAGGED_PBP,development
00-0031609,2018,TE,OPPORTUNITY_ROLE,1.0,1,1,HIGH_LOCKED_LAGGED_PBP,development
00-0031690,2018,TE,OPPORTUNITY_ROLE,1.0,1,1,HIGH_LOCKED_LAGGED_PBP,development
00-0031744,2018,TE,OPPORTUNITY_ROLE,1.0,1,1,HIGH_LOCKED_LAGGED_PBP,development
00-0031884,2018,TE,OPPORTUNITY_ROLE,1.0,1,1,HIGH_LOCKED_LAGGED_PBP,development
00-0032062,2018,TE,OPPORTUNITY_ROLE,1.0,1,1,HIGH_LOCKED_LAGGED_PBP,development
00-0032098,2018,TE,OPPORTUNITY_ROLE,1.0,1,1,HIGH_LOCKED_LAGGED_PBP,development
00-0032120,2018,TE,OPPORTUNITY_ROLE,1.0,1,1,HIGH_LOCKED_LAGGED_PBP,development
00-0032134,2018,TE,OPPORTUNITY_ROLE,1.0,1,1,HIGH_LOCKED_LAGGED_PBP,development
00-0032141,2018,TE,OPPORTUNITY_ROLE,1.0,1,1,HIGH_LOCKED_LAGGED_PBP,development
00-0032214,2018,TE,OPPORTUNITY_ROLE,1.0,1,1,HIGH_LOCKED_LAGGED_PBP,development
00-0032227,2018,TE,OPPORTUNITY_ROLE,1.0,1,1,HIGH_LOCKED_LAGGED_PBP,development
00-0032430,2018,TE,OPPORTUNITY_ROLE,1.0,1,1,HIGH_LOCKED_LAGGED_PBP,development
00-0032745,2018,TE,OPPORTUNITY_ROLE,1.0,1,1,HIGH_LOCKED_LAGGED_PBP,development
00-0033080,2018,TE,OPPORTUNITY_ROLE,1.0,1,1,HIGH_LOCKED_LAGGED_PBP,development
00-0033117,2018,TE,OPPORTUNITY_ROLE,0.0,0,0,HIGH_LOCKED_LAGGED_PBP,development
00-0033258,2018,TE,OPPORTUNITY_ROLE,1.0,1,1,HIGH_LOCKED_LAGGED_PBP,development
00-0033288,2018,TE,OPPORTUNITY_ROLE,1.0,1,1,HIGH_LOCKED_LAGGED_PBP,development
00-0033421,2018,TE,OPPORTUNITY_ROLE,1.0,1,1,HIGH_LOCKED_LAGGED_PBP,development
00-0033528,2018,TE,OPPORTUNITY_ROLE,1.0,1,1,HIGH_LOCKED_LAGGED_PBP,development
00-0033559,2018,TE,OPPORTUNITY_ROLE,1.0,1,1,HIGH_LOCKED_LAGGED_PBP,development
00-0033576,2018,TE,OPPORTUNITY_ROLE,0.0,0,0,HIGH_LOCKED_LAGGED_PBP,development
00-0033611,2018,TE,OPPORTUNITY_ROLE,1.0,1,1,HIGH_LOCKED_LAGGED_PBP,development
00-0033879,2018,TE,OPPORTUNITY_ROLE,1.0,1,1,HIGH_LOCKED_LAGGED_PBP,development
00-0033881,2018,TE,OPPORTUNITY_ROLE,1.0,1,1,HIGH_LOCKED_LAGGED_PBP,development
00-0033885,2018,TE,OPPORTUNITY_ROLE,1.0,1,1,HIGH_LOCKED_LAGGED_PBP,development
00-0022787,2019,QB,OPPORTUNITY_ROLE,1.0,1,1,HIGH_LOCKED_LAGGED_PBP,development
00-0022803,2019,QB,OPPORTUNITY_ROLE,1.0,1,1,HIGH_LOCKED_LAGGED_PBP,development
00-0022924,2019,QB,OPPORTUNITY_ROLE,1.0,1,1,HIGH_LOCKED_LAGGED_PBP,development
00-0023682,2019,QB,OPPORTUNITY_ROLE,1.0,1,1,HIGH_LOCKED_LAGGED_PBP,development
00-0026143,2019,QB,OPPORTUNITY_ROLE,1.0,1,1,HIGH_LOCKED_LAGGED_PBP,development
00-0026158,2019,QB,OPPORTUNITY_ROLE,1.0,1,1,HIGH_LOCKED_LAGGED_PBP,development
00-0026498,2019,QB,OPPORTUNITY_ROLE,1.0,1,1,HIGH_LOCKED_LAGGED_PBP,development
00-0026544,2019,QB,OPPORTUNITY_ROLE,1.0,1,1,HIGH_LOCKED_LAGGED_PBP,development
00-0026625,2019,QB,OPPORTUNITY_ROLE,1.0,1,1,HIGH_LOCKED_LAGGED_PBP,development
00-0027688,2019,QB,OPPORTUNITY_ROLE,1.0,1,1,HIGH_LOCKED_LAGGED_PBP,development
00-0027939,2019,QB,OPPORTUNITY_ROLE,1.0,1,1,HIGH_LOCKED_LAGGED_PBP,development
00-0027973,2019,QB,OPPORTUNITY_ROLE,1.0,1,1,HIGH_LOCKED_LAGGED_PBP,development
00-0028118,2019,QB,OPPORTUNITY_ROLE,1.0,1,1,HIGH_LOCKED_LAGGED_PBP,development
00-0028986,2019,QB,OPPORTUNITY_ROLE,1.0,1,1,HIGH_LOCKED_LAGGED_PBP,development
00-0029665,2019,QB,OPPORTUNITY_ROLE,1.0,1,1,HIGH_LOCKED_LAGGED_PBP,development
00-0030520,2019,QB,OPPORTUNITY_ROLE,1.0,1,1,HIGH_LOCKED_LAGGED_PBP,development
00-0030533,2019,QB,OPPORTUNITY_ROLE,1.0,1,1,HIGH_LOCKED_LAGGED_PBP,development
00-0031237,2019,QB,OPPORTUNITY_ROLE,1.0,1,1,HIGH_LOCKED_LAGGED_PBP,development
00-0031280,2019,QB,OPPORTUNITY_ROLE,1.0,1,1,HIGH_LOCKED_LAGGED_PBP,development
00-0031288,2019,QB,OPPORTUNITY_ROLE,1.0,1,1,HIGH_LOCKED_LAGGED_PBP,development
00-0031395,2019,QB,OPPORTUNITY_ROLE,1.0,1,1,HIGH_LOCKED_LAGGED_PBP,development
00-0031407,2019,QB,OPPORTUNITY_ROLE,1.0,1,1,HIGH_LOCKED_LAGGED_PBP,development
00-0031503,2019,QB,OPPORTUNITY_ROLE,1.0,1,1,HIGH_LOCKED_LAGGED_PBP,development
00-0032245,2019,QB,OPPORTUNITY_ROLE,1.0,1,1,HIGH_LOCKED_LAGGED_PBP,development
00-0032436,2019,QB,OPPORTUNITY_ROLE,1.0,1,1,HIGH_LOCKED_LAGGED_PBP,development
00-0033119,2019,QB,OPPORTUNITY_ROLE,1.0,1,1,HIGH_LOCKED_LAGGED_PBP,development
00-0033319,2019,QB,OPPORTUNITY_ROLE,1.0,1,1,HIGH_LOCKED_LAGGED_PBP,development
00-0034343,2019,QB,OPPORTUNITY_ROLE,1.0,1,1,HIGH_LOCKED_LAGGED_PBP,development
00-0034577,2019,QB,OPPORTUNITY_ROLE,1.0,1,1,HIGH_LOCKED_LAGGED_PBP,development
00-0034855,2019,QB,OPPORTUNITY_ROLE,1.0,1,1,HIGH_LOCKED_LAGGED_PBP,development
00-0034869,2019,QB,OPPORTUNITY_ROLE,1.0,1,1,HIGH_LOCKED_LAGGED_PBP,development
00-0025394,2019,RB,OPPORTUNITY_ROLE,1.0,1,1,HIGH_LOCKED_LAGGED_PBP,development
00-0027029,2019,RB,OPPORTUNITY_ROLE,1.0,1,1,HIGH_LOCKED_LAGGED_PBP,development
00-0028064,2019,RB,OPPORTUNITY_ROLE,1.0,1,1,HIGH_LOCKED_LAGGED_PBP,development
00-0029141,2019,RB,OPPORTUNITY_ROLE,1.0,1,1,HIGH_LOCKED_LAGGED_PBP,development
00-0029239,2019,RB,OPPORTUNITY_ROLE,1.0,1,1,HIGH_LOCKED_LAGGED_PBP,development
00-0029492,2019,RB,OPPORTUNITY_ROLE,1.0,1,1,HIGH_LOCKED_LAGGED_PBP,development
00-0030404,2019,RB,OPPORTUNITY_ROLE,1.0,1,1,HIGH_LOCKED_LAGGED_PBP,development
00-0030456,2019,RB,OPPORTUNITY_ROLE,1.0,1,1,HIGH_LOCKED_LAGGED_PBP,development
00-0030465,2019,RB,OPPORTUNITY_ROLE,1.0,1,1,HIGH_LOCKED_LAGGED_PBP,development
00-0030711,2019,RB,OPPORTUNITY_ROLE,0.9411764705882353,1,1,HIGH_LOCKED_LAGGED_PBP,development
00-0031209,2019,RB,OPPORTUNITY_ROLE,0.0,0,0,HIGH_LOCKED_LAGGED_PBP,development
00-0031285,2019,RB,OPPORTUNITY_ROLE,1.0,1,1,HIGH_LOCKED_LAGGED_PBP,development
00-0031577,2019,RB,OPPORTUNITY_ROLE,1.0,1,1,HIGH_LOCKED_LAGGED_PBP,development
00-0031590,2019,RB,OPPORTUNITY_ROLE,1.0,1,1,HIGH_LOCKED_LAGGED_PBP,development
00-0031665,2019,RB,OPPORTUNITY_ROLE,1.0,1,1,HIGH_LOCKED_LAGGED_PBP,development
00-0031806,2019,RB,OPPORTUNITY_ROLE,1.0,1,1,HIGH_LOCKED_LAGGED_PBP,development
00-0032187,2019,RB,OPPORTUNITY_ROLE,1.0,1,1,HIGH_LOCKED_LAGGED_PBP,development
00-0032209,2019,RB,OPPORTUNITY_ROLE,1.0,1,1,HIGH_LOCKED_LAGGED_PBP,development
00-0032393,2019,RB,OPPORTUNITY_ROLE,1.0,1,1,HIGH_LOCKED_LAGGED_PBP,development
00-0032450,2019,RB,OPPORTUNITY_ROLE,0.9411764705882353,1,1,HIGH_LOCKED_LAGGED_PBP,development
00-0032540,2019,RB,OPPORTUNITY_ROLE,0.0,0,0,HIGH_LOCKED_LAGGED_PBP,development
00-0032741,2019,RB,OPPORTUNITY_ROLE,1.0,1,1,HIGH_LOCKED_LAGGED_PBP,development
00-0032794,2019,RB,OPPORTUNITY_ROLE,1.0,1,1,HIGH_LOCKED_LAGGED_PBP,development
00-0032940,2019,RB,OPPORTUNITY_ROLE,1.0,1,1,HIGH_LOCKED_LAGGED_PBP,development
00-0032972,2019,RB,OPPORTUNITY_ROLE,1.0,1,1,HIGH_LOCKED_LAGGED_PBP,development
00-0032975,2019,RB,OPPORTUNITY_ROLE,1.0,1,1,HIGH_LOCKED_LAGGED_PBP,development
00-0033025,2019,RB,OPPORTUNITY_ROLE,1.0,1,1,HIGH_LOCKED_LAGGED_PBP,development
00-0033118,2019,RB,OPPORTUNITY_ROLE,1.0,1,1,HIGH_LOCKED_LAGGED_PBP,development
00-0033280,2019,RB,OPPORTUNITY_ROLE,1.0,1,1,HIGH_LOCKED_LAGGED_PBP,development
00-0033296,2019,RB,OPPORTUNITY_ROLE,1.0,1,1,HIGH_LOCKED_LAGGED_PBP,development
00-0033376,2019,RB,OPPORTUNITY_ROLE,0.0,0,0,HIGH_LOCKED_LAGGED_PBP,development
00-0033526,2019,RB,OPPORTUNITY_ROLE,1.0,1,1,HIGH_LOCKED_LAGGED_PBP,development
00-0033553,2019,RB,OPPORTUNITY_ROLE,1.0,1,1,HIGH_LOCKED_LAGGED_PBP,development
00-0033567,2019,RB,OPPORTUNITY_ROLE,1.0,1,1,HIGH_LOCKED_LAGGED_PBP,development
00-0033725,2019,RB,OPPORTUNITY_ROLE,1.0,1,1,HIGH_LOCKED_LAGGED_PBP,development
00-0033789,2019,RB,OPPORTUNITY_ROLE,1.0,1,1,HIGH_LOCKED_LAGGED_PBP,development
00-0033854,2019,RB,OPPORTUNITY_ROLE,0.0,0,0,HIGH_LOCKED_LAGGED_PBP,development
00-0033856,2019,RB,OPPORTUNITY_ROLE,1.0,1,1,HIGH_LOCKED_LAGGED_PBP,development
00-0033897,2019,RB,OPPORTUNITY_ROLE,1.0,1,1,HIGH_LOCKED_LAGGED_PBP,development
00-0033923,2019,RB,OPPORTUNITY_ROLE,1.0,1,1,HIGH_LOCKED_LAGGED_PBP,development
00-0033950,2019,RB,OPPORTUNITY_ROLE,1.0,1,1,HIGH_LOCKED_LAGGED_PBP,development
00-0034109,2019,RB,OPPORTUNITY_ROLE,1.0,1,1,HIGH_LOCKED_LAGGED_PBP,development
00-0034164,2019,RB,OPPORTUNITY_ROLE,1.0,1,1,HIGH_LOCKED_LAGGED_PBP,development
00-0034201,2019,RB,OPPORTUNITY_ROLE,1.0,1,1,HIGH_LOCKED_LAGGED_PBP,development
00-0034253,2019,RB,OPPORTUNITY_ROLE,1.0,1,1,HIGH_LOCKED_LAGGED_PBP,development
00-0034331,2019,RB,OPPORTUNITY_ROLE,1.0,1,1,HIGH_LOCKED_LAGGED_PBP,development
00-0034349,2019,RB,OPPORTUNITY_ROLE,1.0,1,1,HIGH_LOCKED_LAGGED_PBP,development
00-0034378,2019,RB,OPPORTUNITY_ROLE,1.0,1,1,HIGH_LOCKED_LAGGED_PBP,development
00-0034679,2019,RB,OPPORTUNITY_ROLE,1.0,1,1,HIGH_LOCKED_LAGGED_PBP,development
00-0034681,2019,RB,OPPORTUNITY_ROLE,1.0,1,1,HIGH_LOCKED_LAGGED_PBP,development
00-0034791,2019,RB,OPPORTUNITY_ROLE,1.0,1,1,HIGH_LOCKED_LAGGED_PBP,development
00-0034799,2019,RB,OPPORTUNITY_ROLE,1.0,1,1,HIGH_LOCKED_LAGGED_PBP,development
00-0034816,2019,RB,OPPORTUNITY_ROLE,1.0,1,1,HIGH_LOCKED_LAGGED_PBP,development
00-0034838,2019,RB,OPPORTUNITY_ROLE,1.0,1,1,HIGH_LOCKED_LAGGED_PBP,development
00-0034844,2019,RB,OPPORTUNITY_ROLE,1.0,1,1,HIGH_LOCKED_LAGGED_PBP,development
00-0022921,2019,WR,OPPORTUNITY_ROLE,1.0,1,1,HIGH_LOCKED_LAGGED_PBP,development
00-0026035,2019,WR,OPPORTUNITY_ROLE,1.0,1,1,HIGH_LOCKED_LAGGED_PBP,development
00-0026189,2019,WR,OPPORTUNITY_ROLE,1.0,1,1,HIGH_LOCKED_LAGGED_PBP,development
00-0027793,2019,WR,OPPORTUNITY_ROLE,1.0,1,1,HIGH_LOCKED_LAGGED_PBP,development
00-0027874,2019,WR,OPPORTUNITY_ROLE,1.0,1,1,HIGH_LOCKED_LAGGED_PBP,development
00-0027944,2019,WR,OPPORTUNITY_ROLE,1.0,1,1,HIGH_LOCKED_LAGGED_PBP,development
00-0028002,2019,WR,OPPORTUNITY_ROLE,1.0,1,1,HIGH_LOCKED_LAGGED_PBP,development
00-0028114,2019,WR,OPPORTUNITY_ROLE,1.0,1,1,HIGH_LOCKED_LAGGED_PBP,development
00-0029293,2019,WR,OPPORTUNITY_ROLE,1.0,1,1,HIGH_LOCKED_LAGGED_PBP,development
00-0029572,2019,WR,OPPORTUNITY_ROLE,1.0,1,1,HIGH_LOCKED_LAGGED_PBP,development
00-0029664,2019,WR,OPPORTUNITY_ROLE,1.0,1,1,HIGH_LOCKED_LAGGED_PBP,development
00-0030068,2019,WR,OPPORTUNITY_ROLE,1.0,1,1,HIGH_LOCKED_LAGGED_PBP,development
00-0030147,2019,WR,OPPORTUNITY_ROLE,1.0,1,1,HIGH_LOCKED_LAGGED_PBP,development
00-0030669,2019,WR,OPPORTUNITY_ROLE,1.0,1,1,HIGH_LOCKED_LAGGED_PBP,development
00-0030670,2019,WR,OPPORTUNITY_ROLE,1.0,1,1,HIGH_LOCKED_LAGGED_PBP,development
00-0031023,2019,WR,OPPORTUNITY_ROLE,1.0,1,1,HIGH_LOCKED_LAGGED_PBP,development
00-0031068,2019,WR,OPPORTUNITY_ROLE,1.0,1,1,HIGH_LOCKED_LAGGED_PBP,development
00-0031189,2019,WR,OPPORTUNITY_ROLE,1.0,1,1,HIGH_LOCKED_LAGGED_PBP,development
00-0031235,2019,WR,OPPORTUNITY_ROLE,1.0,1,1,HIGH_LOCKED_LAGGED_PBP,development
00-0031257,2019,WR,OPPORTUNITY_ROLE,1.0,1,1,HIGH_LOCKED_LAGGED_PBP,development
00-0031339,2019,WR,OPPORTUNITY_ROLE,1.0,1,1,HIGH_LOCKED_LAGGED_PBP,development
00-0031344,2019,WR,OPPORTUNITY_ROLE,1.0,1,1,HIGH_LOCKED_LAGGED_PBP,development
00-0031382,2019,WR,OPPORTUNITY_ROLE,1.0,1,1,HIGH_LOCKED_LAGGED_PBP,development
00-0031408,2019,WR,OPPORTUNITY_ROLE,1.0,1,1,HIGH_LOCKED_LAGGED_PBP,development
00-0031547,2019,WR,OPPORTUNITY_ROLE,1.0,1,1,HIGH_LOCKED_LAGGED_PBP,development
00-0031570,2019,WR,OPPORTUNITY_ROLE,1.0,1,1,HIGH_LOCKED_LAGGED_PBP,development
00-0031868,2019,WR,OPPORTUNITY_ROLE,1.0,1,1,HIGH_LOCKED_LAGGED_PBP,development
00-0031941,2019,WR,OPPORTUNITY_ROLE,1.0,1,1,HIGH_LOCKED_LAGGED_PBP,development
00-0032054,2019,WR,OPPORTUNITY_ROLE,1.0,1,1,HIGH_LOCKED_LAGGED_PBP,development
00-0032055,2019,WR,OPPORTUNITY_ROLE,1.0,1,1,HIGH_LOCKED_LAGGED_PBP,development
00-0032112,2019,WR,OPPORTUNITY_ROLE,1.0,1,1,HIGH_LOCKED_LAGGED_PBP,development
00-0032385,2019,WR,OPPORTUNITY_ROLE,1.0,1,1,HIGH_LOCKED_LAGGED_PBP,development
00-0032423,2019,WR,OPPORTUNITY_ROLE,0.0,0,0,HIGH_LOCKED_LAGGED_PBP,development
00-0032543,2019,WR,OPPORTUNITY_ROLE,1.0,1,1,HIGH_LOCKED_LAGGED_PBP,development
00-0032688,2019,WR,OPPORTUNITY_ROLE,1.0,1,1,HIGH_LOCKED_LAGGED_PBP,development
00-0032791,2019,WR,OPPORTUNITY_ROLE,1.0,1,1,HIGH_LOCKED_LAGGED_PBP,development
00-0032795,2019,WR,OPPORTUNITY_ROLE,1.0,1,1,HIGH_LOCKED_LAGGED_PBP,development
00-0032935,2019,WR,OPPORTUNITY_ROLE,1.0,1,1,HIGH_LOCKED_LAGGED_PBP,development
00-0032951,2019,WR,OPPORTUNITY_ROLE,1.0,1,1,HIGH_LOCKED_LAGGED_PBP,development
00-0032977,2019,WR,OPPORTUNITY_ROLE,1.0,1,1,HIGH_LOCKED_LAGGED_PBP,development
00-0032980,2019,WR,OPPORTUNITY_ROLE,1.0,1,1,HIGH_LOCKED_LAGGED_PBP,development
00-0033006,2019,WR,OPPORTUNITY_ROLE,0.0,0,0,HIGH_LOCKED_LAGGED_PBP,development
00-0033009,2019,WR,OPPORTUNITY_ROLE,1.0,1,1,HIGH_LOCKED_LAGGED_PBP,development
00-0033094,2019,WR,OPPORTUNITY_ROLE,1.0,1,1,HIGH_LOCKED_LAGGED_PBP,development
00-0033111,2019,WR,OPPORTUNITY_ROLE,1.0,1,1,HIGH_LOCKED_LAGGED_PBP,development
00-0033282,2019,WR,OPPORTUNITY_ROLE,1.0,1,1,HIGH_LOCKED_LAGGED_PBP,development
00-0033375,2019,WR,OPPORTUNITY_ROLE,1.0,1,1,HIGH_LOCKED_LAGGED_PBP,development
00-0033434,2019,WR,OPPORTUNITY_ROLE,1.0,1,1,HIGH_LOCKED_LAGGED_PBP,development
00-0033460,2019,WR,OPPORTUNITY_ROLE,1.0,1,1,HIGH_LOCKED_LAGGED_PBP,development
00-0033471,2019,WR,OPPORTUNITY_ROLE,1.0,1,1,HIGH_LOCKED_LAGGED_PBP,development
00-0033562,2019,WR,OPPORTUNITY_ROLE,1.0,1,1,HIGH_LOCKED_LAGGED_PBP,development
00-0033572,2019,WR,OPPORTUNITY_ROLE,0.9090909090909091,1,1,HIGH_LOCKED_LAGGED_PBP,development
00-0033681,2019,WR,OPPORTUNITY_ROLE,1.0,1,1,HIGH_LOCKED_LAGGED_PBP,development
00-0033839,2019,WR,OPPORTUNITY_ROLE,1.0,1,1,HIGH_LOCKED_LAGGED_PBP,development
00-0033857,2019,WR,OPPORTUNITY_ROLE,1.0,1,1,HIGH_LOCKED_LAGGED_PBP,development
00-0033891,2019,WR,OPPORTUNITY_ROLE,1.0,1,1,HIGH_LOCKED_LAGGED_PBP,development
00-0033908,2019,WR,OPPORTUNITY_ROLE,1.0,1,1,HIGH_LOCKED_LAGGED_PBP,development
00-0033911,2019,WR,OPPORTUNITY_ROLE,1.0,1,1,HIGH_LOCKED_LAGGED_PBP,development
00-0033921,2019,WR,OPPORTUNITY_ROLE,1.0,1,1,HIGH_LOCKED_LAGGED_PBP,development
00-0033932,2019,WR,OPPORTUNITY_ROLE,1.0,1,1,HIGH_LOCKED_LAGGED_PBP,development
00-0033933,2019,WR,OPPORTUNITY_ROLE,1.0,1,1,HIGH_LOCKED_LAGGED_PBP,development
00-0034052,2019,WR,OPPORTUNITY_ROLE,1.0,1,1,HIGH_LOCKED_LAGGED_PBP,development
00-0034256,2019,WR,OPPORTUNITY_ROLE,0.0,0,0,HIGH_LOCKED_LAGGED_PBP,development
00-0034273,2019,WR,OPPORTUNITY_ROLE,1.0,1,1,HIGH_LOCKED_LAGGED_PBP,development
00-0034309,2019,WR,OPPORTUNITY_ROLE,1.0,1,1,HIGH_LOCKED_LAGGED_PBP,development
00-0034339,2019,WR,OPPORTUNITY_ROLE,1.0,1,1,HIGH_LOCKED_LAGGED_PBP,development
00-0034348,2019,WR,OPPORTUNITY_ROLE,1.0,1,1,HIGH_LOCKED_LAGGED_PBP,development
00-0034370,2019,WR,OPPORTUNITY_ROLE,1.0,1,1,HIGH_LOCKED_LAGGED_PBP,development
00-0034386,2019,WR,OPPORTUNITY_ROLE,1.0,1,1,HIGH_LOCKED_LAGGED_PBP,development
00-0034407,2019,WR,OPPORTUNITY_ROLE,1.0,1,1,HIGH_LOCKED_LAGGED_PBP,development
00-0034411,2019,WR,OPPORTUNITY_ROLE,1.0,1,1,HIGH_LOCKED_LAGGED_PBP,development
00-0034426,2019,WR,OPPORTUNITY_ROLE,1.0,1,1,HIGH_LOCKED_LAGGED_PBP,development
00-0034487,2019,WR,OPPORTUNITY_ROLE,1.0,1,1,HIGH_LOCKED_LAGGED_PBP,development
00-0034510,2019,WR,OPPORTUNITY_ROLE,1.0,1,1,HIGH_LOCKED_LAGGED_PBP,development
00-0034593,2019,WR,OPPORTUNITY_ROLE,1.0,1,1,HIGH_LOCKED_LAGGED_PBP,development
00-0034676,2019,WR,OPPORTUNITY_ROLE,1.0,1,1,HIGH_LOCKED_LAGGED_PBP,development
00-0034686,2019,WR,OPPORTUNITY_ROLE,1.0,1,1,HIGH_LOCKED_LAGGED_PBP,development
00-0034710,2019,WR,OPPORTUNITY_ROLE,1.0,1,1,HIGH_LOCKED_LAGGED_PBP,development
00-0034747,2019,WR,OPPORTUNITY_ROLE,1.0,1,1,HIGH_LOCKED_LAGGED_PBP,development
00-0034772,2019,WR,OPPORTUNITY_ROLE,1.0,1,1,HIGH_LOCKED_LAGGED_PBP,development
00-0034775,2019,WR,OPPORTUNITY_ROLE,1.0,1,1,HIGH_LOCKED_LAGGED_PBP,development
00-0034777,2019,WR,OPPORTUNITY_ROLE,1.0,1,1,HIGH_LOCKED_LAGGED_PBP,development
00-0034827,2019,WR,OPPORTUNITY_ROLE,1.0,1,1,HIGH_LOCKED_LAGGED_PBP,development
00-0034837,2019,WR,OPPORTUNITY_ROLE,1.0,1,1,HIGH_LOCKED_LAGGED_PBP,development
00-0034860,2019,WR,OPPORTUNITY_ROLE,1.0,1,1,HIGH_LOCKED_LAGGED_PBP,development
00-0024221,2019,TE,OPPORTUNITY_ROLE,1.0,1,1,HIGH_LOCKED_LAGGED_PBP,development
00-0024389,2019,TE,OPPORTUNITY_ROLE,1.0,1,1,HIGH_LOCKED_LAGGED_PBP,development
00-0025418,2019,TE,OPPORTUNITY_ROLE,1.0,1,1,HIGH_LOCKED_LAGGED_PBP,development
00-0027985,2019,TE,OPPORTUNITY_ROLE,1.0,1,1,HIGH_LOCKED_LAGGED_PBP,development
00-0028042,2019,TE,OPPORTUNITY_ROLE,1.0,1,1,HIGH_LOCKED_LAGGED_PBP,development
00-0028112,2019,TE,OPPORTUNITY_ROLE,1.0,1,1,HIGH_LOCKED_LAGGED_PBP,development
00-0028903,2019,TE,OPPORTUNITY_ROLE,1.0,1,1,HIGH_LOCKED_LAGGED_PBP,development
00-0029119,2019,TE,OPPORTUNITY_ROLE,1.0,1,1,HIGH_LOCKED_LAGGED_PBP,development
00-0029587,2019,TE,OPPORTUNITY_ROLE,1.0,1,1,HIGH_LOCKED_LAGGED_PBP,development
00-0030181,2019,TE,OPPORTUNITY_ROLE,1.0,1,1,HIGH_LOCKED_LAGGED_PBP,development
00-0030443,2019,TE,OPPORTUNITY_ROLE,1.0,1,1,HIGH_LOCKED_LAGGED_PBP,development
00-0030470,2019,TE,OPPORTUNITY_ROLE,1.0,1,1,HIGH_LOCKED_LAGGED_PBP,development
00-0030549,2019,TE,OPPORTUNITY_ROLE,1.0,1,1,HIGH_LOCKED_LAGGED_PBP,development
00-0030710,2019,TE,OPPORTUNITY_ROLE,1.0,1,1,HIGH_LOCKED_LAGGED_PBP,development
00-0031035,2019,TE,OPPORTUNITY_ROLE,1.0,1,1,HIGH_LOCKED_LAGGED_PBP,development
00-0031167,2019,TE,OPPORTUNITY_ROLE,1.0,1,1,HIGH_LOCKED_LAGGED_PBP,development
00-0031260,2019,TE,OPPORTUNITY_ROLE,1.0,1,1,HIGH_LOCKED_LAGGED_PBP,development
00-0031273,2019,TE,OPPORTUNITY_ROLE,1.0,1,1,HIGH_LOCKED_LAGGED_PBP,development
00-0031484,2019,TE,OPPORTUNITY_ROLE,1.0,1,1,HIGH_LOCKED_LAGGED_PBP,development
00-0031610,2019,TE,OPPORTUNITY_ROLE,1.0,1,1,HIGH_LOCKED_LAGGED_PBP,development
00-0031690,2019,TE,OPPORTUNITY_ROLE,1.0,1,1,HIGH_LOCKED_LAGGED_PBP,development
00-0031744,2019,TE,OPPORTUNITY_ROLE,1.0,1,1,HIGH_LOCKED_LAGGED_PBP,development
00-0031951,2019,TE,OPPORTUNITY_ROLE,1.0,1,1,HIGH_LOCKED_LAGGED_PBP,development
00-0032098,2019,TE,OPPORTUNITY_ROLE,0.0,0,0,HIGH_LOCKED_LAGGED_PBP,development
00-0032117,2019,TE,OPPORTUNITY_ROLE,1.0,1,1,HIGH_LOCKED_LAGGED_PBP,development
00-0032134,2019,TE,OPPORTUNITY_ROLE,1.0,1,1,HIGH_LOCKED_LAGGED_PBP,development
00-0032135,2019,TE,OPPORTUNITY_ROLE,1.0,1,1,HIGH_LOCKED_LAGGED_PBP,development
00-0032141,2019,TE,OPPORTUNITY_ROLE,1.0,1,1,HIGH_LOCKED_LAGGED_PBP,development
00-0032227,2019,TE,OPPORTUNITY_ROLE,1.0,1,1,HIGH_LOCKED_LAGGED_PBP,development
00-0032392,2019,TE,OPPORTUNITY_ROLE,1.0,1,1,HIGH_LOCKED_LAGGED_PBP,development
00-0032599,2019,TE,OPPORTUNITY_ROLE,1.0,1,1,HIGH_LOCKED_LAGGED_PBP,development
00-0033080,2019,TE,OPPORTUNITY_ROLE,1.0,1,1,HIGH_LOCKED_LAGGED_PBP,development
00-0033117,2019,TE,OPPORTUNITY_ROLE,0.0,0,0,HIGH_LOCKED_LAGGED_PBP,development
00-0033258,2019,TE,OPPORTUNITY_ROLE,1.0,1,1,HIGH_LOCKED_LAGGED_PBP,development
00-0033421,2019,TE,OPPORTUNITY_ROLE,1.0,1,1,HIGH_LOCKED_LAGGED_PBP,development
00-0033528,2019,TE,OPPORTUNITY_ROLE,1.0,1,1,HIGH_LOCKED_LAGGED_PBP,development
00-0033576,2019,TE,OPPORTUNITY_ROLE,1.0,1,1,HIGH_LOCKED_LAGGED_PBP,development
00-0033611,2019,TE,OPPORTUNITY_ROLE,1.0,1,1,HIGH_LOCKED_LAGGED_PBP,development
00-0033696,2019,TE,OPPORTUNITY_ROLE,1.0,1,1,HIGH_LOCKED_LAGGED_PBP,development
00-0033742,2019,TE,OPPORTUNITY_ROLE,1.0,1,1,HIGH_LOCKED_LAGGED_PBP,development
00-0033879,2019,TE,OPPORTUNITY_ROLE,1.0,1,1,HIGH_LOCKED_LAGGED_PBP,development
00-0033881,2019,TE,OPPORTUNITY_ROLE,1.0,1,1,HIGH_LOCKED_LAGGED_PBP,development
00-0033885,2019,TE,OPPORTUNITY_ROLE,1.0,1,1,HIGH_LOCKED_LAGGED_PBP,development
00-0034073,2019,TE,OPPORTUNITY_ROLE,1.0,1,1,HIGH_LOCKED_LAGGED_PBP,development
00-0034159,2019,TE,OPPORTUNITY_ROLE,1.0,1,1,HIGH_LOCKED_LAGGED_PBP,development
00-0034365,2019,TE,OPPORTUNITY_ROLE,1.0,1,1,HIGH_LOCKED_LAGGED_PBP,development
00-0034766,2019,TE,OPPORTUNITY_ROLE,1.0,1,1,HIGH_LOCKED_LAGGED_PBP,development
00-0034798,2019,TE,OPPORTUNITY_ROLE,1.0,1,1,HIGH_LOCKED_LAGGED_PBP,development
00-0034829,2019,TE,OPPORTUNITY_ROLE,1.0,1,1,HIGH_LOCKED_LAGGED_PBP,development
00-0022787,2020,QB,OPPORTUNITY_ROLE,1.0,1,1,HIGH_LOCKED_LAGGED_PBP,development
00-0023682,2020,QB,OPPORTUNITY_ROLE,1.0,1,1,HIGH_LOCKED_LAGGED_PBP,development
00-0026143,2020,QB,OPPORTUNITY_ROLE,1.0,1,1,HIGH_LOCKED_LAGGED_PBP,development
00-0026158,2020,QB,OPPORTUNITY_ROLE,1.0,1,1,HIGH_LOCKED_LAGGED_PBP,development
00-0026498,2020,QB,OPPORTUNITY_ROLE,1.0,1,1,HIGH_LOCKED_LAGGED_PBP,development
00-0026544,2020,QB,OPPORTUNITY_ROLE,1.0,1,1,HIGH_LOCKED_LAGGED_PBP,development
00-0026625,2020,QB,OPPORTUNITY_ROLE,1.0,1,1,HIGH_LOCKED_LAGGED_PBP,development
00-0027688,2020,QB,OPPORTUNITY_ROLE,1.0,1,1,HIGH_LOCKED_LAGGED_PBP,development
00-0027939,2020,QB,OPPORTUNITY_ROLE,1.0,1,1,HIGH_LOCKED_LAGGED_PBP,development
00-0027973,2020,QB,OPPORTUNITY_ROLE,1.0,1,1,HIGH_LOCKED_LAGGED_PBP,development
00-0028118,2020,QB,OPPORTUNITY_ROLE,1.0,1,1,HIGH_LOCKED_LAGGED_PBP,development
00-0028986,2020,QB,OPPORTUNITY_ROLE,1.0,1,1,HIGH_LOCKED_LAGGED_PBP,development
00-0029567,2020,QB,OPPORTUNITY_ROLE,1.0,1,1,HIGH_LOCKED_LAGGED_PBP,development
00-0029665,2020,QB,OPPORTUNITY_ROLE,1.0,1,1,HIGH_LOCKED_LAGGED_PBP,development
00-0030520,2020,QB,OPPORTUNITY_ROLE,1.0,1,1,HIGH_LOCKED_LAGGED_PBP,development
00-0030533,2020,QB,OPPORTUNITY_ROLE,1.0,1,1,HIGH_LOCKED_LAGGED_PBP,development
00-0031237,2020,QB,OPPORTUNITY_ROLE,1.0,1,1,HIGH_LOCKED_LAGGED_PBP,development
00-0031280,2020,QB,OPPORTUNITY_ROLE,1.0,1,1,HIGH_LOCKED_LAGGED_PBP,development
00-0031288,2020,QB,OPPORTUNITY_ROLE,1.0,1,1,HIGH_LOCKED_LAGGED_PBP,development
00-0031395,2020,QB,OPPORTUNITY_ROLE,1.0,1,1,HIGH_LOCKED_LAGGED_PBP,development
00-0032434,2020,QB,OPPORTUNITY_ROLE,1.0,1,1,HIGH_LOCKED_LAGGED_PBP,development
00-0032436,2020,QB,OPPORTUNITY_ROLE,1.0,1,1,HIGH_LOCKED_LAGGED_PBP,development
00-0033077,2020,QB,OPPORTUNITY_ROLE,1.0,1,1,HIGH_LOCKED_LAGGED_PBP,development
00-0033319,2020,QB,OPPORTUNITY_ROLE,0.0,0,0,HIGH_LOCKED_LAGGED_PBP,development
00-0034177,2020,QB,OPPORTUNITY_ROLE,1.0,1,1,HIGH_LOCKED_LAGGED_PBP,development
00-0034577,2020,QB,OPPORTUNITY_ROLE,1.0,1,1,HIGH_LOCKED_LAGGED_PBP,development
00-0034771,2020,QB,OPPORTUNITY_ROLE,1.0,1,1,HIGH_LOCKED_LAGGED_PBP,development
00-0034869,2020,QB,OPPORTUNITY_ROLE,1.0,1,1,HIGH_LOCKED_LAGGED_PBP,development
00-0035040,2020,QB,OPPORTUNITY_ROLE,1.0,1,1,HIGH_LOCKED_LAGGED_PBP,development
00-0035146,2020,QB,OPPORTUNITY_ROLE,1.0,1,1,HIGH_LOCKED_LAGGED_PBP,development
00-0035228,2020,QB,OPPORTUNITY_ROLE,1.0,1,1,HIGH_LOCKED_LAGGED_PBP,development
00-0035232,2020,QB,OPPORTUNITY_ROLE,1.0,1,1,HIGH_LOCKED_LAGGED_PBP,development
00-0035264,2020,QB,OPPORTUNITY_ROLE,1.0,1,1,HIGH_LOCKED_LAGGED_PBP,development
00-0035289,2020,QB,OPPORTUNITY_ROLE,1.0,1,1,HIGH_LOCKED_LAGGED_PBP,development
00-0035652,2020,QB,OPPORTUNITY_ROLE,1.0,1,1,HIGH_LOCKED_LAGGED_PBP,development
00-0035704,2020,QB,OPPORTUNITY_ROLE,1.0,1,1,HIGH_LOCKED_LAGGED_PBP,development
00-0035710,2020,QB,OPPORTUNITY_ROLE,1.0,1,1,HIGH_LOCKED_LAGGED_PBP,development
00-0025394,2020,RB,OPPORTUNITY_ROLE,1.0,1,1,HIGH_LOCKED_LAGGED_PBP,development
00-0027029,2020,RB,OPPORTUNITY_ROLE,1.0,1,1,HIGH_LOCKED_LAGGED_PBP,development
00-0029141,2020,RB,OPPORTUNITY_ROLE,0.9411764705882353,1,1,HIGH_LOCKED_LAGGED_PBP,development
00-0030404,2020,RB,OPPORTUNITY_ROLE,1.0,1,1,HIGH_LOCKED_LAGGED_PBP,development
00-0030456,2020,RB,OPPORTUNITY_ROLE,1.0,1,1,HIGH_LOCKED_LAGGED_PBP,development
00-0030465,2020,RB,OPPORTUNITY_ROLE,1.0,1,1,HIGH_LOCKED_LAGGED_PBP,development
00-0031209,2020,RB,OPPORTUNITY_ROLE,1.0,1,1,HIGH_LOCKED_LAGGED_PBP,development
00-0031285,2020,RB,OPPORTUNITY_ROLE,1.0,1,1,HIGH_LOCKED_LAGGED_PBP,development
00-0032063,2020,RB,OPPORTUNITY_ROLE,1.0,1,1,HIGH_LOCKED_LAGGED_PBP,development
00-0032144,2020,RB,OPPORTUNITY_ROLE,1.0,1,1,HIGH_LOCKED_LAGGED_PBP,development
00-0032187,2020,RB,OPPORTUNITY_ROLE,1.0,1,1,HIGH_LOCKED_LAGGED_PBP,development
00-0032241,2020,RB,OPPORTUNITY_ROLE,1.0,1,1,HIGH_LOCKED_LAGGED_PBP,development
00-0032393,2020,RB,OPPORTUNITY_ROLE,1.0,1,1,HIGH_LOCKED_LAGGED_PBP,development
00-0032577,2020,RB,OPPORTUNITY_ROLE,0.0,0,0,HIGH_LOCKED_LAGGED_PBP,development
00-0032780,2020,RB,OPPORTUNITY_ROLE,1.0,1,1,HIGH_LOCKED_LAGGED_PBP,development
00-0032940,2020,RB,OPPORTUNITY_ROLE,1.0,1,1,HIGH_LOCKED_LAGGED_PBP,development
00-0032972,2020,RB,OPPORTUNITY_ROLE,1.0,1,1,HIGH_LOCKED_LAGGED_PBP,development
00-0032975,2020,RB,OPPORTUNITY_ROLE,1.0,1,1,HIGH_LOCKED_LAGGED_PBP,development
00-0033025,2020,RB,OPPORTUNITY_ROLE,1.0,1,1,HIGH_LOCKED_LAGGED_PBP,development
00-0033045,2020,RB,OPPORTUNITY_ROLE,1.0,1,1,HIGH_LOCKED_LAGGED_PBP,development
00-0033118,2020,RB,OPPORTUNITY_ROLE,1.0,1,1,HIGH_LOCKED_LAGGED_PBP,development
00-0033164,2020,RB,OPPORTUNITY_ROLE,1.0,1,1,HIGH_LOCKED_LAGGED_PBP,development
00-0033280,2020,RB,OPPORTUNITY_ROLE,1.0,1,1,HIGH_LOCKED_LAGGED_PBP,development
00-0033296,2020,RB,OPPORTUNITY_ROLE,1.0,1,1,HIGH_LOCKED_LAGGED_PBP,development
00-0033526,2020,RB,OPPORTUNITY_ROLE,0.9411764705882353,1,1,HIGH_LOCKED_LAGGED_PBP,development
00-0033556,2020,RB,OPPORTUNITY_ROLE,1.0,1,1,HIGH_LOCKED_LAGGED_PBP,development
00-0033567,2020,RB,OPPORTUNITY_ROLE,1.0,1,1,HIGH_LOCKED_LAGGED_PBP,development
00-0033699,2020,RB,OPPORTUNITY_ROLE,1.0,1,1,HIGH_LOCKED_LAGGED_PBP,development
00-0033725,2020,RB,OPPORTUNITY_ROLE,0.0,0,0,HIGH_LOCKED_LAGGED_PBP,development
00-0033838,2020,RB,OPPORTUNITY_ROLE,1.0,1,1,HIGH_LOCKED_LAGGED_PBP,development
00-0033854,2020,RB,OPPORTUNITY_ROLE,1.0,1,1,HIGH_LOCKED_LAGGED_PBP,development
00-0033897,2020,RB,OPPORTUNITY_ROLE,1.0,1,1,HIGH_LOCKED_LAGGED_PBP,development
00-0033950,2020,RB,OPPORTUNITY_ROLE,1.0,1,1,HIGH_LOCKED_LAGGED_PBP,development
00-0033951,2020,RB,OPPORTUNITY_ROLE,1.0,1,1,HIGH_LOCKED_LAGGED_PBP,development
00-0034109,2020,RB,OPPORTUNITY_ROLE,1.0,1,1,HIGH_LOCKED_LAGGED_PBP,development
00-0034164,2020,RB,OPPORTUNITY_ROLE,0.0,0,0,HIGH_LOCKED_LAGGED_PBP,development
00-0034253,2020,RB,OPPORTUNITY_ROLE,1.0,1,1,HIGH_LOCKED_LAGGED_PBP,development
00-0034331,2020,RB,OPPORTUNITY_ROLE,1.0,1,1,HIGH_LOCKED_LAGGED_PBP,development
00-0034349,2020,RB,OPPORTUNITY_ROLE,1.0,1,1,HIGH_LOCKED_LAGGED_PBP,development
00-0034378,2020,RB,OPPORTUNITY_ROLE,1.0,1,1,HIGH_LOCKED_LAGGED_PBP,development
00-0034400,2020,RB,OPPORTUNITY_ROLE,1.0,1,1,HIGH_LOCKED_LAGGED_PBP,development
00-0034432,2020,RB,OPPORTUNITY_ROLE,1.0,1,1,HIGH_LOCKED_LAGGED_PBP,development
00-0034440,2020,RB,OPPORTUNITY_ROLE,1.0,1,1,HIGH_LOCKED_LAGGED_PBP,development
00-0034457,2020,RB,OPPORTUNITY_ROLE,0.9411764705882353,1,1,HIGH_LOCKED_LAGGED_PBP,development
00-0034578,2020,RB,OPPORTUNITY_ROLE,1.0,1,1,HIGH_LOCKED_LAGGED_PBP,development
00-0034681,2020,RB,OPPORTUNITY_ROLE,1.0,1,1,HIGH_LOCKED_LAGGED_PBP,development
00-0034750,2020,RB,OPPORTUNITY_ROLE,1.0,1,1,HIGH_LOCKED_LAGGED_PBP,development
00-0034799,2020,RB,OPPORTUNITY_ROLE,1.0,1,1,HIGH_LOCKED_LAGGED_PBP,development
00-0034838,2020,RB,OPPORTUNITY_ROLE,1.0,1,1,HIGH_LOCKED_LAGGED_PBP,development
00-0034844,2020,RB,OPPORTUNITY_ROLE,1.0,1,1,HIGH_LOCKED_LAGGED_PBP,development
00-0034995,2020,RB,OPPORTUNITY_ROLE,0.9411764705882353,1,1,HIGH_LOCKED_LAGGED_PBP,development
00-0035184,2020,RB,OPPORTUNITY_ROLE,1.0,1,1,HIGH_LOCKED_LAGGED_PBP,development
00-0035261,2020,RB,OPPORTUNITY_ROLE,1.0,1,1,HIGH_LOCKED_LAGGED_PBP,development
00-0035273,2020,RB,OPPORTUNITY_ROLE,1.0,1,1,HIGH_LOCKED_LAGGED_PBP,development
00-0035311,2020,RB,OPPORTUNITY_ROLE,1.0,1,1,HIGH_LOCKED_LAGGED_PBP,development
00-0035342,2020,RB,OPPORTUNITY_ROLE,1.0,1,1,HIGH_LOCKED_LAGGED_PBP,development
00-0035537,2020,RB,OPPORTUNITY_ROLE,1.0,1,1,HIGH_LOCKED_LAGGED_PBP,development
00-0035551,2020,RB,OPPORTUNITY_ROLE,0.9411764705882353,1,1,HIGH_LOCKED_LAGGED_PBP,development
00-0035657,2020,RB,OPPORTUNITY_ROLE,0.9411764705882353,1,1,HIGH_LOCKED_LAGGED_PBP,development
00-0035664,2020,RB,OPPORTUNITY_ROLE,1.0,1,1,HIGH_LOCKED_LAGGED_PBP,development
00-0035700,2020,RB,OPPORTUNITY_ROLE,1.0,1,1,HIGH_LOCKED_LAGGED_PBP,development
00-0035726,2020,RB,OPPORTUNITY_ROLE,1.0,1,1,HIGH_LOCKED_LAGGED_PBP,development
00-0022921,2020,WR,OPPORTUNITY_ROLE,1.0,1,1,HIGH_LOCKED_LAGGED_PBP,development
00-0026035,2020,WR,OPPORTUNITY_ROLE,1.0,1,1,HIGH_LOCKED_LAGGED_PBP,development
00-0026189,2020,WR,OPPORTUNITY_ROLE,1.0,1,1,HIGH_LOCKED_LAGGED_PBP,development
00-0027891,2020,WR,OPPORTUNITY_ROLE,1.0,1,1,HIGH_LOCKED_LAGGED_PBP,development
00-0027944,2020,WR,OPPORTUNITY_ROLE,1.0,1,1,HIGH_LOCKED_LAGGED_PBP,development
00-0028002,2020,WR,OPPORTUNITY_ROLE,1.0,1,1,HIGH_LOCKED_LAGGED_PBP,development
00-0028114,2020,WR,OPPORTUNITY_ROLE,1.0,1,1,HIGH_LOCKED_LAGGED_PBP,development
00-0028237,2020,WR,OPPORTUNITY_ROLE,1.0,1,1,HIGH_LOCKED_LAGGED_PBP,development
00-0028411,2020,WR,OPPORTUNITY_ROLE,1.0,1,1,HIGH_LOCKED_LAGGED_PBP,development
00-0029137,2020,WR,OPPORTUNITY_ROLE,1.0,1,1,HIGH_LOCKED_LAGGED_PBP,development
00-0029293,2020,WR,OPPORTUNITY_ROLE,1.0,1,1,HIGH_LOCKED_LAGGED_PBP,development
00-0030279,2020,WR,OPPORTUNITY_ROLE,1.0,1,1,HIGH_LOCKED_LAGGED_PBP,development
00-0030670,2020,WR,OPPORTUNITY_ROLE,1.0,1,1,HIGH_LOCKED_LAGGED_PBP,development
00-0031235,2020,WR,OPPORTUNITY_ROLE,1.0,1,1,HIGH_LOCKED_LAGGED_PBP,development
00-0031236,2020,WR,OPPORTUNITY_ROLE,1.0,1,1,HIGH_LOCKED_LAGGED_PBP,development
00-0031319,2020,WR,OPPORTUNITY_ROLE,1.0,1,1,HIGH_LOCKED_LAGGED_PBP,development
00-0031339,2020,WR,OPPORTUNITY_ROLE,1.0,1,1,HIGH_LOCKED_LAGGED_PBP,development
00-0031544,2020,WR,OPPORTUNITY_ROLE,1.0,1,1,HIGH_LOCKED_LAGGED_PBP,development
00-0031547,2020,WR,OPPORTUNITY_ROLE,1.0,1,1,HIGH_LOCKED_LAGGED_PBP,development
00-0031549,2020,WR,OPPORTUNITY_ROLE,1.0,1,1,HIGH_LOCKED_LAGGED_PBP,development
00-0031868,2020,WR,OPPORTUNITY_ROLE,1.0,1,1,HIGH_LOCKED_LAGGED_PBP,development
00-0031941,2020,WR,OPPORTUNITY_ROLE,1.0,1,1,HIGH_LOCKED_LAGGED_PBP,development
00-0032054,2020,WR,OPPORTUNITY_ROLE,1.0,1,1,HIGH_LOCKED_LAGGED_PBP,development
00-0032128,2020,WR,OPPORTUNITY_ROLE,1.0,1,1,HIGH_LOCKED_LAGGED_PBP,development
00-0032385,2020,WR,OPPORTUNITY_ROLE,1.0,1,1,HIGH_LOCKED_LAGGED_PBP,development
00-0032543,2020,WR,OPPORTUNITY_ROLE,1.0,1,1,HIGH_LOCKED_LAGGED_PBP,development
00-0032688,2020,WR,OPPORTUNITY_ROLE,1.0,1,1,HIGH_LOCKED_LAGGED_PBP,development
00-0032791,2020,WR,OPPORTUNITY_ROLE,1.0,1,1,HIGH_LOCKED_LAGGED_PBP,development
00-0032951,2020,WR,OPPORTUNITY_ROLE,1.0,1,1,HIGH_LOCKED_LAGGED_PBP,development
00-0032980,2020,WR,OPPORTUNITY_ROLE,1.0,1,1,HIGH_LOCKED_LAGGED_PBP,development
00-0033009,2020,WR,OPPORTUNITY_ROLE,1.0,1,1,HIGH_LOCKED_LAGGED_PBP,development
00-0033094,2020,WR,OPPORTUNITY_ROLE,1.0,1,1,HIGH_LOCKED_LAGGED_PBP,development
00-0033111,2020,WR,OPPORTUNITY_ROLE,1.0,1,1,HIGH_LOCKED_LAGGED_PBP,development
00-0033114,2020,WR,OPPORTUNITY_ROLE,1.0,1,1,HIGH_LOCKED_LAGGED_PBP,development
00-0033215,2020,WR,OPPORTUNITY_ROLE,1.0,1,1,HIGH_LOCKED_LAGGED_PBP,development
00-0033266,2020,WR,OPPORTUNITY_ROLE,0.0,0,0,HIGH_LOCKED_LAGGED_PBP,development
00-0033282,2020,WR,OPPORTUNITY_ROLE,1.0,1,1,HIGH_LOCKED_LAGGED_PBP,development
00-0033367,2020,WR,OPPORTUNITY_ROLE,1.0,1,1,HIGH_LOCKED_LAGGED_PBP,development
00-0033375,2020,WR,OPPORTUNITY_ROLE,1.0,1,1,HIGH_LOCKED_LAGGED_PBP,development
00-0033382,2020,WR,OPPORTUNITY_ROLE,1.0,1,1,HIGH_LOCKED_LAGGED_PBP,development
00-0033386,2020,WR,OPPORTUNITY_ROLE,1.0,1,1,HIGH_LOCKED_LAGGED_PBP,development
00-0033460,2020,WR,OPPORTUNITY_ROLE,1.0,1,1,HIGH_LOCKED_LAGGED_PBP,development
00-0033471,2020,WR,OPPORTUNITY_ROLE,1.0,1,1,HIGH_LOCKED_LAGGED_PBP,development
00-0033474,2020,WR,OPPORTUNITY_ROLE,0.0,0,0,HIGH_LOCKED_LAGGED_PBP,development
00-0033536,2020,WR,OPPORTUNITY_ROLE,1.0,1,1,HIGH_LOCKED_LAGGED_PBP,development
00-0033555,2020,WR,OPPORTUNITY_ROLE,1.0,1,1,HIGH_LOCKED_LAGGED_PBP,development
00-0033572,2020,WR,OPPORTUNITY_ROLE,1.0,1,1,HIGH_LOCKED_LAGGED_PBP,development
00-0033681,2020,WR,OPPORTUNITY_ROLE,1.0,1,1,HIGH_LOCKED_LAGGED_PBP,development
00-0033839,2020,WR,OPPORTUNITY_ROLE,1.0,1,1,HIGH_LOCKED_LAGGED_PBP,development
00-0033891,2020,WR,OPPORTUNITY_ROLE,1.0,1,1,HIGH_LOCKED_LAGGED_PBP,development
00-0033911,2020,WR,OPPORTUNITY_ROLE,1.0,1,1,HIGH_LOCKED_LAGGED_PBP,development
00-0033932,2020,WR,OPPORTUNITY_ROLE,1.0,1,1,HIGH_LOCKED_LAGGED_PBP,development
00-0034052,2020,WR,OPPORTUNITY_ROLE,1.0,1,1,HIGH_LOCKED_LAGGED_PBP,development
00-0034081,2020,WR,OPPORTUNITY_ROLE,1.0,1,1,HIGH_LOCKED_LAGGED_PBP,development
00-0034132,2020,WR,OPPORTUNITY_ROLE,1.0,1,1,HIGH_LOCKED_LAGGED_PBP,development
00-0034267,2020,WR,OPPORTUNITY_ROLE,1.0,1,1,HIGH_LOCKED_LAGGED_PBP,development
00-0034273,2020,WR,OPPORTUNITY_ROLE,1.0,1,1,HIGH_LOCKED_LAGGED_PBP,development
00-0034309,2020,WR,OPPORTUNITY_ROLE,1.0,1,1,HIGH_LOCKED_LAGGED_PBP,development
00-0034339,2020,WR,OPPORTUNITY_ROLE,1.0,1,1,HIGH_LOCKED_LAGGED_PBP,development
00-0034348,2020,WR,OPPORTUNITY_ROLE,1.0,1,1,HIGH_LOCKED_LAGGED_PBP,development
00-0034366,2020,WR,OPPORTUNITY_ROLE,1.0,1,1,HIGH_LOCKED_LAGGED_PBP,development
00-0034370,2020,WR,OPPORTUNITY_ROLE,1.0,1,1,HIGH_LOCKED_LAGGED_PBP,development
00-0034411,2020,WR,OPPORTUNITY_ROLE,1.0,1,1,HIGH_LOCKED_LAGGED_PBP,development
00-0034418,2020,WR,OPPORTUNITY_ROLE,1.0,1,1,HIGH_LOCKED_LAGGED_PBP,development
00-0034419,2020,WR,OPPORTUNITY_ROLE,1.0,1,1,HIGH_LOCKED_LAGGED_PBP,development
00-0034487,2020,WR,OPPORTUNITY_ROLE,1.0,1,1,HIGH_LOCKED_LAGGED_PBP,development
00-0034510,2020,WR,OPPORTUNITY_ROLE,1.0,1,1,HIGH_LOCKED_LAGGED_PBP,development
00-0034631,2020,WR,OPPORTUNITY_ROLE,1.0,1,1,HIGH_LOCKED_LAGGED_PBP,development
00-0034660,2020,WR,OPPORTUNITY_ROLE,1.0,1,1,HIGH_LOCKED_LAGGED_PBP,development
00-0034686,2020,WR,OPPORTUNITY_ROLE,1.0,1,1,HIGH_LOCKED_LAGGED_PBP,development
00-0034764,2020,WR,OPPORTUNITY_ROLE,1.0,1,1,HIGH_LOCKED_LAGGED_PBP,development
00-0034772,2020,WR,OPPORTUNITY_ROLE,1.0,1,1,HIGH_LOCKED_LAGGED_PBP,development
00-0034775,2020,WR,OPPORTUNITY_ROLE,1.0,1,1,HIGH_LOCKED_LAGGED_PBP,development
00-0034777,2020,WR,OPPORTUNITY_ROLE,1.0,1,1,HIGH_LOCKED_LAGGED_PBP,development
00-0034827,2020,WR,OPPORTUNITY_ROLE,1.0,1,1,HIGH_LOCKED_LAGGED_PBP,development
00-0034837,2020,WR,OPPORTUNITY_ROLE,1.0,1,1,HIGH_LOCKED_LAGGED_PBP,development
00-0034854,2020,WR,OPPORTUNITY_ROLE,1.0,1,1,HIGH_LOCKED_LAGGED_PBP,development
00-0034860,2020,WR,OPPORTUNITY_ROLE,1.0,1,1,HIGH_LOCKED_LAGGED_PBP,development
00-0034960,2020,WR,OPPORTUNITY_ROLE,1.0,1,1,HIGH_LOCKED_LAGGED_PBP,development
00-0034983,2020,WR,OPPORTUNITY_ROLE,1.0,1,1,HIGH_LOCKED_LAGGED_PBP,development
00-0035021,2020,WR,OPPORTUNITY_ROLE,1.0,1,1,HIGH_LOCKED_LAGGED_PBP,development
00-0035181,2020,WR,OPPORTUNITY_ROLE,1.0,1,1,HIGH_LOCKED_LAGGED_PBP,development
00-0035208,2020,WR,OPPORTUNITY_ROLE,1.0,1,1,HIGH_LOCKED_LAGGED_PBP,development
00-0035246,2020,WR,OPPORTUNITY_ROLE,1.0,1,1,HIGH_LOCKED_LAGGED_PBP,development
00-0035287,2020,WR,OPPORTUNITY_ROLE,1.0,1,1,HIGH_LOCKED_LAGGED_PBP,development
00-0035350,2020,WR,OPPORTUNITY_ROLE,1.0,1,1,HIGH_LOCKED_LAGGED_PBP,development
00-0035399,2020,WR,OPPORTUNITY_ROLE,1.0,1,1,HIGH_LOCKED_LAGGED_PBP,development
00-0035414,2020,WR,OPPORTUNITY_ROLE,1.0,1,1,HIGH_LOCKED_LAGGED_PBP,development
00-0035510,2020,WR,OPPORTUNITY_ROLE,1.0,1,1,HIGH_LOCKED_LAGGED_PBP,development
00-0035527,2020,WR,OPPORTUNITY_ROLE,1.0,1,1,HIGH_LOCKED_LAGGED_PBP,development
00-0035535,2020,WR,OPPORTUNITY_ROLE,1.0,1,1,HIGH_LOCKED_LAGGED_PBP,development
00-0035592,2020,WR,OPPORTUNITY_ROLE,1.0,1,1,HIGH_LOCKED_LAGGED_PBP,development
00-0035639,2020,WR,OPPORTUNITY_ROLE,1.0,1,1,HIGH_LOCKED_LAGGED_PBP,development
00-0035645,2020,WR,OPPORTUNITY_ROLE,1.0,1,1,HIGH_LOCKED_LAGGED_PBP,development
00-0022127,2020,TE,OPPORTUNITY_ROLE,1.0,1,1,HIGH_LOCKED_LAGGED_PBP,development
00-0025418,2020,TE,OPPORTUNITY_ROLE,1.0,1,1,HIGH_LOCKED_LAGGED_PBP,development
00-0028042,2020,TE,OPPORTUNITY_ROLE,1.0,1,1,HIGH_LOCKED_LAGGED_PBP,development
00-0028142,2020,TE,OPPORTUNITY_ROLE,1.0,1,1,HIGH_LOCKED_LAGGED_PBP,development
00-0029119,2020,TE,OPPORTUNITY_ROLE,1.0,1,1,HIGH_LOCKED_LAGGED_PBP,development
00-0030108,2020,TE,OPPORTUNITY_ROLE,1.0,1,1,HIGH_LOCKED_LAGGED_PBP,development
00-0030443,2020,TE,OPPORTUNITY_ROLE,1.0,1,1,HIGH_LOCKED_LAGGED_PBP,development
00-0030549,2020,TE,OPPORTUNITY_ROLE,1.0,1,1,HIGH_LOCKED_LAGGED_PBP,development
00-0031484,2020,TE,OPPORTUNITY_ROLE,1.0,1,1,HIGH_LOCKED_LAGGED_PBP,development
00-0031558,2020,TE,OPPORTUNITY_ROLE,1.0,1,1,HIGH_LOCKED_LAGGED_PBP,development
00-0031610,2020,TE,OPPORTUNITY_ROLE,1.0,1,1,HIGH_LOCKED_LAGGED_PBP,development
00-0031690,2020,TE,OPPORTUNITY_ROLE,1.0,1,1,HIGH_LOCKED_LAGGED_PBP,development
00-0031951,2020,TE,OPPORTUNITY_ROLE,1.0,1,1,HIGH_LOCKED_LAGGED_PBP,development
00-0032098,2020,TE,OPPORTUNITY_ROLE,1.0,1,1,HIGH_LOCKED_LAGGED_PBP,development
00-0032134,2020,TE,OPPORTUNITY_ROLE,1.0,1,1,HIGH_LOCKED_LAGGED_PBP,development
00-0032135,2020,TE,OPPORTUNITY_ROLE,1.0,1,1,HIGH_LOCKED_LAGGED_PBP,development
00-0032394,2020,TE,OPPORTUNITY_ROLE,1.0,1,1,HIGH_LOCKED_LAGGED_PBP,development
00-0032986,2020,TE,OPPORTUNITY_ROLE,1.0,1,1,HIGH_LOCKED_LAGGED_PBP,development
00-0033080,2020,TE,OPPORTUNITY_ROLE,1.0,1,1,HIGH_LOCKED_LAGGED_PBP,development
00-0033090,2020,TE,OPPORTUNITY_ROLE,1.0,1,1,HIGH_LOCKED_LAGGED_PBP,development
00-0033258,2020,TE,OPPORTUNITY_ROLE,1.0,1,1,HIGH_LOCKED_LAGGED_PBP,development
00-0033338,2020,TE,OPPORTUNITY_ROLE,1.0,1,1,HIGH_LOCKED_LAGGED_PBP,development
00-0033421,2020,TE,OPPORTUNITY_ROLE,1.0,1,1,HIGH_LOCKED_LAGGED_PBP,development
00-0033439,2020,TE,OPPORTUNITY_ROLE,1.0,1,1,HIGH_LOCKED_LAGGED_PBP,development
00-0033576,2020,TE,OPPORTUNITY_ROLE,1.0,1,1,HIGH_LOCKED_LAGGED_PBP,development
00-0033658,2020,TE,OPPORTUNITY_ROLE,1.0,1,1,HIGH_LOCKED_LAGGED_PBP,development
00-0033879,2020,TE,OPPORTUNITY_ROLE,1.0,1,1,HIGH_LOCKED_LAGGED_PBP,development
00-0033881,2020,TE,OPPORTUNITY_ROLE,1.0,1,1,HIGH_LOCKED_LAGGED_PBP,development
00-0033896,2020,TE,OPPORTUNITY_ROLE,1.0,1,1,HIGH_LOCKED_LAGGED_PBP,development
00-0034011,2020,TE,OPPORTUNITY_ROLE,1.0,1,1,HIGH_LOCKED_LAGGED_PBP,development
00-0034073,2020,TE,OPPORTUNITY_ROLE,1.0,1,1,HIGH_LOCKED_LAGGED_PBP,development
00-0034364,2020,TE,OPPORTUNITY_ROLE,1.0,1,1,HIGH_LOCKED_LAGGED_PBP,development
00-0034365,2020,TE,OPPORTUNITY_ROLE,1.0,1,1,HIGH_LOCKED_LAGGED_PBP,development
00-0034383,2020,TE,OPPORTUNITY_ROLE,1.0,1,1,HIGH_LOCKED_LAGGED_PBP,development
00-0034393,2020,TE,OPPORTUNITY_ROLE,1.0,1,1,HIGH_LOCKED_LAGGED_PBP,development
00-0034439,2020,TE,OPPORTUNITY_ROLE,1.0,1,1,HIGH_LOCKED_LAGGED_PBP,development
00-0034766,2020,TE,OPPORTUNITY_ROLE,1.0,1,1,HIGH_LOCKED_LAGGED_PBP,development
00-0034788,2020,TE,OPPORTUNITY_ROLE,1.0,1,1,HIGH_LOCKED_LAGGED_PBP,development
00-0034798,2020,TE,OPPORTUNITY_ROLE,1.0,1,1,HIGH_LOCKED_LAGGED_PBP,development
00-0034829,2020,TE,OPPORTUNITY_ROLE,1.0,1,1,HIGH_LOCKED_LAGGED_PBP,development
00-0034981,2020,TE,OPPORTUNITY_ROLE,1.0,1,1,HIGH_LOCKED_LAGGED_PBP,development
00-0034988,2020,TE,OPPORTUNITY_ROLE,1.0,1,1,HIGH_LOCKED_LAGGED_PBP,development
00-0035039,2020,TE,OPPORTUNITY_ROLE,1.0,1,1,HIGH_LOCKED_LAGGED_PBP,development
00-0035229,2020,TE,OPPORTUNITY_ROLE,1.0,1,1,HIGH_LOCKED_LAGGED_PBP,development
00-0035259,2020,TE,OPPORTUNITY_ROLE,1.0,1,1,HIGH_LOCKED_LAGGED_PBP,development
00-0035539,2020,TE,OPPORTUNITY_ROLE,1.0,1,1,HIGH_LOCKED_LAGGED_PBP,development
00-0035631,2020,TE,OPPORTUNITY_ROLE,1.0,1,1,HIGH_LOCKED_LAGGED_PBP,development
00-0035644,2020,TE,OPPORTUNITY_ROLE,1.0,1,1,HIGH_LOCKED_LAGGED_PBP,development
00-0023682,2021,QB,OPPORTUNITY_ROLE,1.0,1,1,HIGH_LOCKED_LAGGED_PBP,development
00-0026143,2021,QB,OPPORTUNITY_ROLE,1.0,1,1,HIGH_LOCKED_LAGGED_PBP,development
00-0026158,2021,QB,OPPORTUNITY_ROLE,1.0,1,1,HIGH_LOCKED_LAGGED_PBP,development
00-0026544,2021,QB,OPPORTUNITY_ROLE,1.0,1,1,HIGH_LOCKED_LAGGED_PBP,development
00-0026625,2021,QB,OPPORTUNITY_ROLE,1.0,1,1,HIGH_LOCKED_LAGGED_PBP,development
00-0027688,2021,QB,OPPORTUNITY_ROLE,1.0,1,1,HIGH_LOCKED_LAGGED_PBP,development
00-0027939,2021,QB,OPPORTUNITY_ROLE,1.0,1,1,HIGH_LOCKED_LAGGED_PBP,development
00-0027948,2021,QB,OPPORTUNITY_ROLE,1.0,1,1,HIGH_LOCKED_LAGGED_PBP,development
00-0027973,2021,QB,OPPORTUNITY_ROLE,1.0,1,1,HIGH_LOCKED_LAGGED_PBP,development
00-0028118,2021,QB,OPPORTUNITY_ROLE,1.0,1,1,HIGH_LOCKED_LAGGED_PBP,development
00-0028986,2021,QB,OPPORTUNITY_ROLE,1.0,1,1,HIGH_LOCKED_LAGGED_PBP,development
00-0029567,2021,QB,OPPORTUNITY_ROLE,1.0,1,1,HIGH_LOCKED_LAGGED_PBP,development
00-0029604,2021,QB,OPPORTUNITY_ROLE,1.0,1,1,HIGH_LOCKED_LAGGED_PBP,development
00-0030520,2021,QB,OPPORTUNITY_ROLE,1.0,1,1,HIGH_LOCKED_LAGGED_PBP,development
00-0030565,2021,QB,OPPORTUNITY_ROLE,1.0,1,1,HIGH_LOCKED_LAGGED_PBP,development
00-0031237,2021,QB,OPPORTUNITY_ROLE,1.0,1,1,HIGH_LOCKED_LAGGED_PBP,development
00-0031395,2021,QB,OPPORTUNITY_ROLE,1.0,1,1,HIGH_LOCKED_LAGGED_PBP,development
00-0032268,2021,QB,OPPORTUNITY_ROLE,1.0,1,1,HIGH_LOCKED_LAGGED_PBP,development
00-0032434,2021,QB,OPPORTUNITY_ROLE,1.0,1,1,HIGH_LOCKED_LAGGED_PBP,development
00-0032950,2021,QB,OPPORTUNITY_ROLE,1.0,1,1,HIGH_LOCKED_LAGGED_PBP,development
00-0033275,2021,QB,OPPORTUNITY_ROLE,1.0,1,1,HIGH_LOCKED_LAGGED_PBP,development
00-0033319,2021,QB,OPPORTUNITY_ROLE,1.0,1,1,HIGH_LOCKED_LAGGED_PBP,development
00-0033936,2021,QB,OPPORTUNITY_ROLE,1.0,1,1,HIGH_LOCKED_LAGGED_PBP,development
00-0033958,2021,QB,OPPORTUNITY_ROLE,1.0,1,1,HIGH_LOCKED_LAGGED_PBP,development
00-0034177,2021,QB,OPPORTUNITY_ROLE,1.0,1,1,HIGH_LOCKED_LAGGED_PBP,development
00-0034438,2021,QB,OPPORTUNITY_ROLE,1.0,1,1,HIGH_LOCKED_LAGGED_PBP,development
00-0034577,2021,QB,OPPORTUNITY_ROLE,1.0,1,1,HIGH_LOCKED_LAGGED_PBP,development
00-0034771,2021,QB,OPPORTUNITY_ROLE,1.0,1,1,HIGH_LOCKED_LAGGED_PBP,development
00-0034869,2021,QB,OPPORTUNITY_ROLE,1.0,1,1,HIGH_LOCKED_LAGGED_PBP,development
00-0034955,2021,QB,OPPORTUNITY_ROLE,1.0,1,1,HIGH_LOCKED_LAGGED_PBP,development
00-0035040,2021,QB,OPPORTUNITY_ROLE,1.0,1,1,HIGH_LOCKED_LAGGED_PBP,development
00-0035289,2021,QB,OPPORTUNITY_ROLE,1.0,1,1,HIGH_LOCKED_LAGGED_PBP,development
00-0035704,2021,QB,OPPORTUNITY_ROLE,1.0,1,1,HIGH_LOCKED_LAGGED_PBP,development
00-0035710,2021,QB,OPPORTUNITY_ROLE,1.0,1,1,HIGH_LOCKED_LAGGED_PBP,development
00-0035752,2021,QB,OPPORTUNITY_ROLE,1.0,1,1,HIGH_LOCKED_LAGGED_PBP,development
00-0036212,2021,QB,OPPORTUNITY_ROLE,1.0,1,1,HIGH_LOCKED_LAGGED_PBP,development
00-0036355,2021,QB,OPPORTUNITY_ROLE,1.0,1,1,HIGH_LOCKED_LAGGED_PBP,development
00-0025394,2021,RB,OPPORTUNITY_ROLE,1.0,1,1,HIGH_LOCKED_LAGGED_PBP,development
00-0027966,2021,RB,OPPORTUNITY_ROLE,1.0,1,1,HIGH_LOCKED_LAGGED_PBP,development
00-0030288,2021,RB,OPPORTUNITY_ROLE,1.0,1,1,HIGH_LOCKED_LAGGED_PBP,development
00-0030465,2021,RB,OPPORTUNITY_ROLE,1.0,1,1,HIGH_LOCKED_LAGGED_PBP,development
00-0031062,2021,RB,OPPORTUNITY_ROLE,1.0,1,1,HIGH_LOCKED_LAGGED_PBP,development
00-0031285,2021,RB,OPPORTUNITY_ROLE,1.0,1,1,HIGH_LOCKED_LAGGED_PBP,development
00-0031687,2021,RB,OPPORTUNITY_ROLE,1.0,1,1,HIGH_LOCKED_LAGGED_PBP,development
00-0032058,2021,RB,OPPORTUNITY_ROLE,1.0,1,1,HIGH_LOCKED_LAGGED_PBP,development
00-0032063,2021,RB,OPPORTUNITY_ROLE,1.0,1,1,HIGH_LOCKED_LAGGED_PBP,development
00-0032104,2021,RB,OPPORTUNITY_ROLE,1.0,1,1,HIGH_LOCKED_LAGGED_PBP,development
00-0032144,2021,RB,OPPORTUNITY_ROLE,1.0,1,1,HIGH_LOCKED_LAGGED_PBP,development
00-0032187,2021,RB,OPPORTUNITY_ROLE,1.0,1,1,HIGH_LOCKED_LAGGED_PBP,development
00-0032257,2021,RB,OPPORTUNITY_ROLE,1.0,1,1,HIGH_LOCKED_LAGGED_PBP,development
00-0032426,2021,RB,OPPORTUNITY_ROLE,1.0,1,1,HIGH_LOCKED_LAGGED_PBP,development
00-0032972,2021,RB,OPPORTUNITY_ROLE,1.0,1,1,HIGH_LOCKED_LAGGED_PBP,development
00-0032975,2021,RB,OPPORTUNITY_ROLE,1.0,1,1,HIGH_LOCKED_LAGGED_PBP,development
00-0033118,2021,RB,OPPORTUNITY_ROLE,1.0,1,1,HIGH_LOCKED_LAGGED_PBP,development
00-0033280,2021,RB,OPPORTUNITY_ROLE,1.0,1,1,HIGH_LOCKED_LAGGED_PBP,development
00-0033296,2021,RB,OPPORTUNITY_ROLE,1.0,1,1,HIGH_LOCKED_LAGGED_PBP,development
00-0033308,2021,RB,OPPORTUNITY_ROLE,1.0,1,1,HIGH_LOCKED_LAGGED_PBP,development
00-0033567,2021,RB,OPPORTUNITY_ROLE,1.0,1,1,HIGH_LOCKED_LAGGED_PBP,development
00-0033699,2021,RB,OPPORTUNITY_ROLE,1.0,1,1,HIGH_LOCKED_LAGGED_PBP,development
00-0033725,2021,RB,OPPORTUNITY_ROLE,1.0,1,1,HIGH_LOCKED_LAGGED_PBP,development
00-0033854,2021,RB,OPPORTUNITY_ROLE,1.0,1,1,HIGH_LOCKED_LAGGED_PBP,development
00-0033893,2021,RB,OPPORTUNITY_ROLE,1.0,1,1,HIGH_LOCKED_LAGGED_PBP,development
00-0033950,2021,RB,OPPORTUNITY_ROLE,1.0,1,1,HIGH_LOCKED_LAGGED_PBP,development
00-0033951,2021,RB,OPPORTUNITY_ROLE,1.0,1,1,HIGH_LOCKED_LAGGED_PBP,development
00-0034109,2021,RB,OPPORTUNITY_ROLE,1.0,1,1,HIGH_LOCKED_LAGGED_PBP,development
00-0034115,2021,RB,OPPORTUNITY_ROLE,1.0,1,1,HIGH_LOCKED_LAGGED_PBP,development
00-0034164,2021,RB,OPPORTUNITY_ROLE,1.0,1,1,HIGH_LOCKED_LAGGED_PBP,development
00-0034208,2021,RB,OPPORTUNITY_ROLE,1.0,1,1,HIGH_LOCKED_LAGGED_PBP,development
00-0034331,2021,RB,OPPORTUNITY_ROLE,1.0,1,1,HIGH_LOCKED_LAGGED_PBP,development
00-0034378,2021,RB,OPPORTUNITY_ROLE,1.0,1,1,HIGH_LOCKED_LAGGED_PBP,development
00-0034400,2021,RB,OPPORTUNITY_ROLE,1.0,1,1,HIGH_LOCKED_LAGGED_PBP,development
00-0034440,2021,RB,OPPORTUNITY_ROLE,1.0,1,1,HIGH_LOCKED_LAGGED_PBP,development
00-0034578,2021,RB,OPPORTUNITY_ROLE,1.0,1,1,HIGH_LOCKED_LAGGED_PBP,development
00-0034750,2021,RB,OPPORTUNITY_ROLE,0.9411764705882353,1,1,HIGH_LOCKED_LAGGED_PBP,development
00-0034838,2021,RB,OPPORTUNITY_ROLE,1.0,1,1,HIGH_LOCKED_LAGGED_PBP,development
00-0034844,2021,RB,OPPORTUNITY_ROLE,1.0,1,1,HIGH_LOCKED_LAGGED_PBP,development
00-0034972,2021,RB,OPPORTUNITY_ROLE,1.0,1,1,HIGH_LOCKED_LAGGED_PBP,development
00-0035184,2021,RB,OPPORTUNITY_ROLE,1.0,1,1,HIGH_LOCKED_LAGGED_PBP,development
00-0035187,2021,RB,OPPORTUNITY_ROLE,1.0,1,1,HIGH_LOCKED_LAGGED_PBP,development
00-0035273,2021,RB,OPPORTUNITY_ROLE,0.9411764705882353,1,1,HIGH_LOCKED_LAGGED_PBP,development
00-0035291,2021,RB,OPPORTUNITY_ROLE,1.0,1,1,HIGH_LOCKED_LAGGED_PBP,development
00-0035304,2021,RB,OPPORTUNITY_ROLE,1.0,1,1,HIGH_LOCKED_LAGGED_PBP,development
00-0035311,2021,RB,OPPORTUNITY_ROLE,1.0,1,1,HIGH_LOCKED_LAGGED_PBP,development
00-0035342,2021,RB,OPPORTUNITY_ROLE,1.0,1,1,HIGH_LOCKED_LAGGED_PBP,development
00-0035537,2021,RB,OPPORTUNITY_ROLE,1.0,1,1,HIGH_LOCKED_LAGGED_PBP,development
00-0035567,2021,RB,OPPORTUNITY_ROLE,1.0,1,1,HIGH_LOCKED_LAGGED_PBP,development
00-0035594,2021,RB,OPPORTUNITY_ROLE,1.0,1,1,HIGH_LOCKED_LAGGED_PBP,development
00-0035831,2021,RB,OPPORTUNITY_ROLE,1.0,1,1,HIGH_LOCKED_LAGGED_PBP,development
00-0035835,2021,RB,OPPORTUNITY_ROLE,0.0,0,0,HIGH_LOCKED_LAGGED_PBP,development
00-0035860,2021,RB,OPPORTUNITY_ROLE,0.9411764705882353,1,1,HIGH_LOCKED_LAGGED_PBP,development
00-0035924,2021,RB,OPPORTUNITY_ROLE,1.0,1,1,HIGH_LOCKED_LAGGED_PBP,development
00-0035957,2021,RB,OPPORTUNITY_ROLE,1.0,1,1,HIGH_LOCKED_LAGGED_PBP,development
00-0036020,2021,RB,OPPORTUNITY_ROLE,1.0,1,1,HIGH_LOCKED_LAGGED_PBP,development
00-0036069,2021,RB,OPPORTUNITY_ROLE,1.0,1,1,HIGH_LOCKED_LAGGED_PBP,development
00-0036096,2021,RB,OPPORTUNITY_ROLE,1.0,1,1,HIGH_LOCKED_LAGGED_PBP,development
00-0036208,2021,RB,OPPORTUNITY_ROLE,0.9411764705882353,1,1,HIGH_LOCKED_LAGGED_PBP,development
00-0036269,2021,RB,OPPORTUNITY_ROLE,1.0,1,1,HIGH_LOCKED_LAGGED_PBP,development
00-0036275,2021,RB,OPPORTUNITY_ROLE,1.0,1,1,HIGH_LOCKED_LAGGED_PBP,development
00-0036278,2021,RB,OPPORTUNITY_ROLE,1.0,1,1,HIGH_LOCKED_LAGGED_PBP,development
00-0036336,2021,RB,OPPORTUNITY_ROLE,1.0,1,1,HIGH_LOCKED_LAGGED_PBP,development
00-0036370,2021,RB,OPPORTUNITY_ROLE,1.0,1,1,HIGH_LOCKED_LAGGED_PBP,development
00-0036425,2021,RB,OPPORTUNITY_ROLE,1.0,1,1,HIGH_LOCKED_LAGGED_PBP,development
00-0026035,2021,WR,OPPORTUNITY_ROLE,1.0,1,1,HIGH_LOCKED_LAGGED_PBP,development
00-0028237,2021,WR,OPPORTUNITY_ROLE,1.0,1,1,HIGH_LOCKED_LAGGED_PBP,development
00-0029293,2021,WR,OPPORTUNITY_ROLE,1.0,1,1,HIGH_LOCKED_LAGGED_PBP,development
00-0029632,2021,WR,OPPORTUNITY_ROLE,1.0,1,1,HIGH_LOCKED_LAGGED_PBP,development
00-0030035,2021,WR,OPPORTUNITY_ROLE,1.0,1,1,HIGH_LOCKED_LAGGED_PBP,development
00-0030085,2021,WR,OPPORTUNITY_ROLE,1.0,1,1,HIGH_LOCKED_LAGGED_PBP,development
00-0030279,2021,WR,OPPORTUNITY_ROLE,1.0,1,1,HIGH_LOCKED_LAGGED_PBP,development
00-0030564,2021,WR,OPPORTUNITY_ROLE,1.0,1,1,HIGH_LOCKED_LAGGED_PBP,development
00-0031236,2021,WR,OPPORTUNITY_ROLE,1.0,1,1,HIGH_LOCKED_LAGGED_PBP,development
00-0031319,2021,WR,OPPORTUNITY_ROLE,1.0,1,1,HIGH_LOCKED_LAGGED_PBP,development
00-0031545,2021,WR,OPPORTUNITY_ROLE,0.0,0,0,HIGH_LOCKED_LAGGED_PBP,development
00-0031547,2021,WR,OPPORTUNITY_ROLE,1.0,1,1,HIGH_LOCKED_LAGGED_PBP,development
00-0031868,2021,WR,OPPORTUNITY_ROLE,1.0,1,1,HIGH_LOCKED_LAGGED_PBP,development
00-0031941,2021,WR,OPPORTUNITY_ROLE,1.0,1,1,HIGH_LOCKED_LAGGED_PBP,development
00-0032009,2021,WR,OPPORTUNITY_ROLE,1.0,1,1,HIGH_LOCKED_LAGGED_PBP,development
00-0032128,2021,WR,OPPORTUNITY_ROLE,1.0,1,1,HIGH_LOCKED_LAGGED_PBP,development
00-0032385,2021,WR,OPPORTUNITY_ROLE,1.0,1,1,HIGH_LOCKED_LAGGED_PBP,development
00-0032398,2021,WR,OPPORTUNITY_ROLE,0.0,0,0,HIGH_LOCKED_LAGGED_PBP,development
00-0032543,2021,WR,OPPORTUNITY_ROLE,1.0,1,1,HIGH_LOCKED_LAGGED_PBP,development
00-0032688,2021,WR,OPPORTUNITY_ROLE,1.0,1,1,HIGH_LOCKED_LAGGED_PBP,development
00-0032778,2021,WR,OPPORTUNITY_ROLE,1.0,1,1,HIGH_LOCKED_LAGGED_PBP,development
00-0032791,2021,WR,OPPORTUNITY_ROLE,1.0,1,1,HIGH_LOCKED_LAGGED_PBP,development
00-0032881,2021,WR,OPPORTUNITY_ROLE,1.0,1,1,HIGH_LOCKED_LAGGED_PBP,development
00-0032951,2021,WR,OPPORTUNITY_ROLE,1.0,1,1,HIGH_LOCKED_LAGGED_PBP,development
00-0032980,2021,WR,OPPORTUNITY_ROLE,1.0,1,1,HIGH_LOCKED_LAGGED_PBP,development
00-0033094,2021,WR,OPPORTUNITY_ROLE,1.0,1,1,HIGH_LOCKED_LAGGED_PBP,development
00-0033111,2021,WR,OPPORTUNITY_ROLE,1.0,1,1,HIGH_LOCKED_LAGGED_PBP,development
00-0033127,2021,WR,OPPORTUNITY_ROLE,1.0,1,1,HIGH_LOCKED_LAGGED_PBP,development
00-0033215,2021,WR,OPPORTUNITY_ROLE,1.0,1,1,HIGH_LOCKED_LAGGED_PBP,development
00-0033266,2021,WR,OPPORTUNITY_ROLE,0.9090909090909091,1,1,HIGH_LOCKED_LAGGED_PBP,development
00-0033282,2021,WR,OPPORTUNITY_ROLE,1.0,1,1,HIGH_LOCKED_LAGGED_PBP,development
00-0033367,2021,WR,OPPORTUNITY_ROLE,1.0,1,1,HIGH_LOCKED_LAGGED_PBP,development
00-0033375,2021,WR,OPPORTUNITY_ROLE,1.0,1,1,HIGH_LOCKED_LAGGED_PBP,development
00-0033386,2021,WR,OPPORTUNITY_ROLE,1.0,1,1,HIGH_LOCKED_LAGGED_PBP,development
00-0033460,2021,WR,OPPORTUNITY_ROLE,1.0,1,1,HIGH_LOCKED_LAGGED_PBP,development
00-0033471,2021,WR,OPPORTUNITY_ROLE,1.0,1,1,HIGH_LOCKED_LAGGED_PBP,development
00-0033536,2021,WR,OPPORTUNITY_ROLE,1.0,1,1,HIGH_LOCKED_LAGGED_PBP,development
00-0033555,2021,WR,OPPORTUNITY_ROLE,1.0,1,1,HIGH_LOCKED_LAGGED_PBP,development
00-0033572,2021,WR,OPPORTUNITY_ROLE,1.0,1,1,HIGH_LOCKED_LAGGED_PBP,development
00-0033591,2021,WR,OPPORTUNITY_ROLE,1.0,1,1,HIGH_LOCKED_LAGGED_PBP,development
00-0033681,2021,WR,OPPORTUNITY_ROLE,1.0,1,1,HIGH_LOCKED_LAGGED_PBP,development
00-0033733,2021,WR,OPPORTUNITY_ROLE,1.0,1,1,HIGH_LOCKED_LAGGED_PBP,development
00-0033839,2021,WR,OPPORTUNITY_ROLE,1.0,1,1,HIGH_LOCKED_LAGGED_PBP,development
00-0033932,2021,WR,OPPORTUNITY_ROLE,1.0,1,1,HIGH_LOCKED_LAGGED_PBP,development
00-0034052,2021,WR,OPPORTUNITY_ROLE,1.0,1,1,HIGH_LOCKED_LAGGED_PBP,development
00-0034054,2021,WR,OPPORTUNITY_ROLE,1.0,1,1,HIGH_LOCKED_LAGGED_PBP,development
00-0034132,2021,WR,OPPORTUNITY_ROLE,1.0,1,1,HIGH_LOCKED_LAGGED_PBP,development
00-0034317,2021,WR,OPPORTUNITY_ROLE,1.0,1,1,HIGH_LOCKED_LAGGED_PBP,development
00-0034348,2021,WR,OPPORTUNITY_ROLE,1.0,1,1,HIGH_LOCKED_LAGGED_PBP,development
00-0034366,2021,WR,OPPORTUNITY_ROLE,1.0,1,1,HIGH_LOCKED_LAGGED_PBP,development
00-0034411,2021,WR,OPPORTUNITY_ROLE,1.0,1,1,HIGH_LOCKED_LAGGED_PBP,development
00-0034419,2021,WR,OPPORTUNITY_ROLE,1.0,1,1,HIGH_LOCKED_LAGGED_PBP,development
00-0034631,2021,WR,OPPORTUNITY_ROLE,1.0,1,1,HIGH_LOCKED_LAGGED_PBP,development
00-0034686,2021,WR,OPPORTUNITY_ROLE,1.0,1,1,HIGH_LOCKED_LAGGED_PBP,development
00-0034764,2021,WR,OPPORTUNITY_ROLE,1.0,1,1,HIGH_LOCKED_LAGGED_PBP,development
00-0034777,2021,WR,OPPORTUNITY_ROLE,1.0,1,1,HIGH_LOCKED_LAGGED_PBP,development
00-0034827,2021,WR,OPPORTUNITY_ROLE,1.0,1,1,HIGH_LOCKED_LAGGED_PBP,development
00-0034837,2021,WR,OPPORTUNITY_ROLE,1.0,1,1,HIGH_LOCKED_LAGGED_PBP,development
00-0034854,2021,WR,OPPORTUNITY_ROLE,1.0,1,1,HIGH_LOCKED_LAGGED_PBP,development
00-0034860,2021,WR,OPPORTUNITY_ROLE,1.0,1,1,HIGH_LOCKED_LAGGED_PBP,development
00-0035021,2021,WR,OPPORTUNITY_ROLE,1.0,1,1,HIGH_LOCKED_LAGGED_PBP,development
00-0035022,2021,WR,OPPORTUNITY_ROLE,1.0,1,1,HIGH_LOCKED_LAGGED_PBP,development
00-0035208,2021,WR,OPPORTUNITY_ROLE,1.0,1,1,HIGH_LOCKED_LAGGED_PBP,development
00-0035246,2021,WR,OPPORTUNITY_ROLE,1.0,1,1,HIGH_LOCKED_LAGGED_PBP,development
00-0035341,2021,WR,OPPORTUNITY_ROLE,1.0,1,1,HIGH_LOCKED_LAGGED_PBP,development
00-0035350,2021,WR,OPPORTUNITY_ROLE,1.0,1,1,HIGH_LOCKED_LAGGED_PBP,development
00-0035399,2021,WR,OPPORTUNITY_ROLE,0.0,0,0,HIGH_LOCKED_LAGGED_PBP,development
00-0035414,2021,WR,OPPORTUNITY_ROLE,1.0,1,1,HIGH_LOCKED_LAGGED_PBP,development
00-0035510,2021,WR,OPPORTUNITY_ROLE,1.0,1,1,HIGH_LOCKED_LAGGED_PBP,development
00-0035527,2021,WR,OPPORTUNITY_ROLE,1.0,1,1,HIGH_LOCKED_LAGGED_PBP,development
00-0035535,2021,WR,OPPORTUNITY_ROLE,1.0,1,1,HIGH_LOCKED_LAGGED_PBP,development
00-0035639,2021,WR,OPPORTUNITY_ROLE,1.0,1,1,HIGH_LOCKED_LAGGED_PBP,development
00-0035838,2021,WR,OPPORTUNITY_ROLE,0.0,0,0,HIGH_LOCKED_LAGGED_PBP,development
00-0035864,2021,WR,OPPORTUNITY_ROLE,0.9090909090909091,1,1,HIGH_LOCKED_LAGGED_PBP,development
00-0035976,2021,WR,OPPORTUNITY_ROLE,0.0,0,0,HIGH_LOCKED_LAGGED_PBP,development
00-0036110,2021,WR,OPPORTUNITY_ROLE,1.0,1,1,HIGH_LOCKED_LAGGED_PBP,development
00-0036133,2021,WR,OPPORTUNITY_ROLE,1.0,1,1,HIGH_LOCKED_LAGGED_PBP,development
00-0036254,2021,WR,OPPORTUNITY_ROLE,1.0,1,1,HIGH_LOCKED_LAGGED_PBP,development
00-0036255,2021,WR,OPPORTUNITY_ROLE,1.0,1,1,HIGH_LOCKED_LAGGED_PBP,development
00-0036268,2021,WR,OPPORTUNITY_ROLE,1.0,1,1,HIGH_LOCKED_LAGGED_PBP,development
00-0036277,2021,WR,OPPORTUNITY_ROLE,1.0,1,1,HIGH_LOCKED_LAGGED_PBP,development
00-0036309,2021,WR,OPPORTUNITY_ROLE,1.0,1,1,HIGH_LOCKED_LAGGED_PBP,development
00-0036322,2021,WR,OPPORTUNITY_ROLE,1.0,1,1,HIGH_LOCKED_LAGGED_PBP,development
00-0036340,2021,WR,OPPORTUNITY_ROLE,1.0,1,1,HIGH_LOCKED_LAGGED_PBP,development
00-0036345,2021,WR,OPPORTUNITY_ROLE,0.0,0,0,HIGH_LOCKED_LAGGED_PBP,development
00-0036357,2021,WR,OPPORTUNITY_ROLE,1.0,1,1,HIGH_LOCKED_LAGGED_PBP,development
00-0036382,2021,WR,OPPORTUNITY_ROLE,1.0,1,1,HIGH_LOCKED_LAGGED_PBP,development
00-0036398,2021,WR,OPPORTUNITY_ROLE,1.0,1,1,HIGH_LOCKED_LAGGED_PBP,development
00-0036407,2021,WR,OPPORTUNITY_ROLE,1.0,1,1,HIGH_LOCKED_LAGGED_PBP,development
00-0036412,2021,WR,OPPORTUNITY_ROLE,1.0,1,1,HIGH_LOCKED_LAGGED_PBP,development
00-0036439,2021,WR,OPPORTUNITY_ROLE,1.0,1,1,HIGH_LOCKED_LAGGED_PBP,development
00-0027981,2021,TE,OPPORTUNITY_ROLE,1.0,1,1,HIGH_LOCKED_LAGGED_PBP,development
00-0028042,2021,TE,OPPORTUNITY_ROLE,1.0,1,1,HIGH_LOCKED_LAGGED_PBP,development
00-0028097,2021,TE,OPPORTUNITY_ROLE,1.0,1,1,HIGH_LOCKED_LAGGED_PBP,development
00-0029119,2021,TE,OPPORTUNITY_ROLE,1.0,1,1,HIGH_LOCKED_LAGGED_PBP,development
00-0029738,2021,TE,OPPORTUNITY_ROLE,1.0,1,1,HIGH_LOCKED_LAGGED_PBP,development
00-0030108,2021,TE,OPPORTUNITY_ROLE,1.0,1,1,HIGH_LOCKED_LAGGED_PBP,development
00-0031384,2021,TE,OPPORTUNITY_ROLE,1.0,1,1,HIGH_LOCKED_LAGGED_PBP,development
00-0031484,2021,TE,OPPORTUNITY_ROLE,1.0,1,1,HIGH_LOCKED_LAGGED_PBP,development
00-0031558,2021,TE,OPPORTUNITY_ROLE,1.0,1,1,HIGH_LOCKED_LAGGED_PBP,development
00-0031585,2021,TE,OPPORTUNITY_ROLE,1.0,1,1,HIGH_LOCKED_LAGGED_PBP,development
00-0031598,2021,TE,OPPORTUNITY_ROLE,1.0,1,1,HIGH_LOCKED_LAGGED_PBP,development
00-0031690,2021,TE,OPPORTUNITY_ROLE,1.0,1,1,HIGH_LOCKED_LAGGED_PBP,development
00-0031951,2021,TE,OPPORTUNITY_ROLE,1.0,1,1,HIGH_LOCKED_LAGGED_PBP,development
00-0032098,2021,TE,OPPORTUNITY_ROLE,1.0,1,1,HIGH_LOCKED_LAGGED_PBP,development
00-0032135,2021,TE,OPPORTUNITY_ROLE,1.0,1,1,HIGH_LOCKED_LAGGED_PBP,development
00-0032214,2021,TE,OPPORTUNITY_ROLE,1.0,1,1,HIGH_LOCKED_LAGGED_PBP,development
00-0032394,2021,TE,OPPORTUNITY_ROLE,1.0,1,1,HIGH_LOCKED_LAGGED_PBP,development
00-0032725,2021,TE,OPPORTUNITY_ROLE,1.0,1,1,HIGH_LOCKED_LAGGED_PBP,development
00-0032986,2021,TE,OPPORTUNITY_ROLE,1.0,1,1,HIGH_LOCKED_LAGGED_PBP,development
00-0033338,2021,TE,OPPORTUNITY_ROLE,1.0,1,1,HIGH_LOCKED_LAGGED_PBP,development
00-0033421,2021,TE,OPPORTUNITY_ROLE,1.0,1,1,HIGH_LOCKED_LAGGED_PBP,development
00-0033439,2021,TE,OPPORTUNITY_ROLE,1.0,1,1,HIGH_LOCKED_LAGGED_PBP,development
00-0033576,2021,TE,OPPORTUNITY_ROLE,1.0,1,1,HIGH_LOCKED_LAGGED_PBP,development
00-0033720,2021,TE,OPPORTUNITY_ROLE,1.0,1,1,HIGH_LOCKED_LAGGED_PBP,development
00-0033881,2021,TE,OPPORTUNITY_ROLE,1.0,1,1,HIGH_LOCKED_LAGGED_PBP,development
00-0033896,2021,TE,OPPORTUNITY_ROLE,1.0,1,1,HIGH_LOCKED_LAGGED_PBP,development
00-0034011,2021,TE,OPPORTUNITY_ROLE,1.0,1,1,HIGH_LOCKED_LAGGED_PBP,development
00-0034073,2021,TE,OPPORTUNITY_ROLE,1.0,1,1,HIGH_LOCKED_LAGGED_PBP,development
00-0034193,2021,TE,OPPORTUNITY_ROLE,1.0,1,1,HIGH_LOCKED_LAGGED_PBP,development
00-0034270,2021,TE,OPPORTUNITY_ROLE,1.0,1,1,HIGH_LOCKED_LAGGED_PBP,development
00-0034319,2021,TE,OPPORTUNITY_ROLE,1.0,1,1,HIGH_LOCKED_LAGGED_PBP,development
00-0034364,2021,TE,OPPORTUNITY_ROLE,1.0,1,1,HIGH_LOCKED_LAGGED_PBP,development
00-0034365,2021,TE,OPPORTUNITY_ROLE,1.0,1,1,HIGH_LOCKED_LAGGED_PBP,development
00-0034766,2021,TE,OPPORTUNITY_ROLE,1.0,1,1,HIGH_LOCKED_LAGGED_PBP,development
00-0034798,2021,TE,OPPORTUNITY_ROLE,1.0,1,1,HIGH_LOCKED_LAGGED_PBP,development
00-0034829,2021,TE,OPPORTUNITY_ROLE,1.0,1,1,HIGH_LOCKED_LAGGED_PBP,development
00-0034830,2021,TE,OPPORTUNITY_ROLE,1.0,1,1,HIGH_LOCKED_LAGGED_PBP,development
00-0034988,2021,TE,OPPORTUNITY_ROLE,1.0,1,1,HIGH_LOCKED_LAGGED_PBP,development
00-0035229,2021,TE,OPPORTUNITY_ROLE,1.0,1,1,HIGH_LOCKED_LAGGED_PBP,development
00-0035259,2021,TE,OPPORTUNITY_ROLE,1.0,1,1,HIGH_LOCKED_LAGGED_PBP,development
00-0035329,2021,TE,OPPORTUNITY_ROLE,1.0,1,1,HIGH_LOCKED_LAGGED_PBP,development
00-0035624,2021,TE,OPPORTUNITY_ROLE,1.0,1,1,HIGH_LOCKED_LAGGED_PBP,development
00-0035644,2021,TE,OPPORTUNITY_ROLE,1.0,1,1,HIGH_LOCKED_LAGGED_PBP,development
00-0035823,2021,TE,OPPORTUNITY_ROLE,1.0,1,1,HIGH_LOCKED_LAGGED_PBP,development
00-0036005,2021,TE,OPPORTUNITY_ROLE,1.0,1,1,HIGH_LOCKED_LAGGED_PBP,development
00-0036032,2021,TE,OPPORTUNITY_ROLE,0.0,0,0,HIGH_LOCKED_LAGGED_PBP,development
00-0036040,2021,TE,OPPORTUNITY_ROLE,1.0,1,1,HIGH_LOCKED_LAGGED_PBP,development
00-0036244,2021,TE,OPPORTUNITY_ROLE,1.0,1,1,HIGH_LOCKED_LAGGED_PBP,development
00-0036250,2021,TE,OPPORTUNITY_ROLE,1.0,1,1,HIGH_LOCKED_LAGGED_PBP,development
00-0036423,2021,TE,OPPORTUNITY_ROLE,1.0,1,1,HIGH_LOCKED_LAGGED_PBP,development
00-0036438,2021,TE,OPPORTUNITY_ROLE,0.0,0,0,HIGH_LOCKED_LAGGED_PBP,development
00-0021206,2018,QB,EFFICIENCY_REGRESSION,1.0,1,1,HIGH_LOCKED_LAGGED_PBP,development
00-0022803,2018,QB,EFFICIENCY_REGRESSION,0.9230769230769231,1,1,HIGH_LOCKED_LAGGED_PBP,development
00-0023459,2018,QB,EFFICIENCY_REGRESSION,0.9230769230769231,1,1,HIGH_LOCKED_LAGGED_PBP,development
00-0023662,2018,QB,EFFICIENCY_REGRESSION,0.5384615384615384,0,1,HIGH_LOCKED_LAGGED_PBP,development
00-0023682,2018,QB,EFFICIENCY_REGRESSION,0.9230769230769231,1,1,HIGH_LOCKED_LAGGED_PBP,development
00-0026158,2018,QB,EFFICIENCY_REGRESSION,1.0,1,1,HIGH_LOCKED_LAGGED_PBP,development
00-0026197,2018,QB,EFFICIENCY_REGRESSION,0.0,0,1,HIGH_LOCKED_LAGGED_PBP,development
00-0026498,2018,QB,EFFICIENCY_REGRESSION,0.9230769230769231,1,1,HIGH_LOCKED_LAGGED_PBP,development
00-0026544,2018,QB,EFFICIENCY_REGRESSION,0.0,0,0,HIGH_LOCKED_LAGGED_PBP,development
00-0027796,2018,QB,EFFICIENCY_REGRESSION,0.9230769230769231,1,1,HIGH_LOCKED_LAGGED_PBP,development
00-0027854,2018,QB,EFFICIENCY_REGRESSION,0.5384615384615384,0,1,HIGH_LOCKED_LAGGED_PBP,development
00-0027948,2018,QB,EFFICIENCY_REGRESSION,0.9230769230769231,1,1,HIGH_LOCKED_LAGGED_PBP,development
00-0027973,2018,QB,EFFICIENCY_REGRESSION,0.9230769230769231,1,1,HIGH_LOCKED_LAGGED_PBP,development
00-0029604,2018,QB,EFFICIENCY_REGRESSION,1.0,1,1,HIGH_LOCKED_LAGGED_PBP,development
00-0029682,2018,QB,EFFICIENCY_REGRESSION,0.9230769230769231,1,1,HIGH_LOCKED_LAGGED_PBP,development
00-0030520,2018,QB,EFFICIENCY_REGRESSION,0.5384615384615384,0,1,HIGH_LOCKED_LAGGED_PBP,development
00-0030565,2018,QB,EFFICIENCY_REGRESSION,0.5384615384615384,0,1,HIGH_LOCKED_LAGGED_PBP,development
00-0031237,2018,QB,EFFICIENCY_REGRESSION,0.0,0,1,HIGH_LOCKED_LAGGED_PBP,development
00-0031280,2018,QB,EFFICIENCY_REGRESSION,0.9230769230769231,1,1,HIGH_LOCKED_LAGGED_PBP,development
00-0031288,2018,QB,EFFICIENCY_REGRESSION,0.5384615384615384,0,1,HIGH_LOCKED_LAGGED_PBP,development
00-0031345,2018,QB,EFFICIENCY_REGRESSION,0.9230769230769231,1,1,HIGH_LOCKED_LAGGED_PBP,development
00-0031503,2018,QB,EFFICIENCY_REGRESSION,1.0,1,1,HIGH_LOCKED_LAGGED_PBP,development
00-0031800,2018,QB,EFFICIENCY_REGRESSION,0.0,0,1,HIGH_LOCKED_LAGGED_PBP,development
00-0032245,2018,QB,EFFICIENCY_REGRESSION,0.5384615384615384,0,1,HIGH_LOCKED_LAGGED_PBP,development
00-0032950,2018,QB,EFFICIENCY_REGRESSION,1.0,1,1,HIGH_LOCKED_LAGGED_PBP,development
00-0033104,2018,QB,EFFICIENCY_REGRESSION,0.5384615384615384,0,1,HIGH_LOCKED_LAGGED_PBP,development
00-0033119,2018,QB,EFFICIENCY_REGRESSION,1.0,1,1,HIGH_LOCKED_LAGGED_PBP,development
00-0033899,2018,QB,EFFICIENCY_REGRESSION,1.0,1,1,HIGH_LOCKED_LAGGED_PBP,development
00-0033936,2018,QB,EFFICIENCY_REGRESSION,1.0,1,1,HIGH_LOCKED_LAGGED_PBP,development
00-0023500,2018,RB,EFFICIENCY_REGRESSION,0.9230769230769231,1,1,HIGH_LOCKED_LAGGED_PBP,development
00-0025394,2018,RB,EFFICIENCY_REGRESSION,0.9230769230769231,1,1,HIGH_LOCKED_LAGGED_PBP,development
00-0025399,2018,RB,EFFICIENCY_REGRESSION,0.9230769230769231,1,1,HIGH_LOCKED_LAGGED_PBP,development
00-0026213,2018,RB,EFFICIENCY_REGRESSION,0.9230769230769231,1,1,HIGH_LOCKED_LAGGED_PBP,development
00-0028011,2018,RB,EFFICIENCY_REGRESSION,0.46153846153846156,0,1,HIGH_LOCKED_LAGGED_PBP,development
00-0028063,2018,RB,EFFICIENCY_REGRESSION,0.0,0,1,HIGH_LOCKED_LAGGED_PBP,development
00-0028064,2018,RB,EFFICIENCY_REGRESSION,1.0,1,1,HIGH_LOCKED_LAGGED_PBP,development
00-0028083,2018,RB,EFFICIENCY_REGRESSION,0.9230769230769231,1,1,HIGH_LOCKED_LAGGED_PBP,development
00-0029141,2018,RB,EFFICIENCY_REGRESSION,0.9230769230769231,1,1,HIGH_LOCKED_LAGGED_PBP,development
00-0029205,2018,RB,EFFICIENCY_REGRESSION,0.8461538461538461,1,1,HIGH_LOCKED_LAGGED_PBP,development
00-0029273,2018,RB,EFFICIENCY_REGRESSION,0.9230769230769231,1,1,HIGH_LOCKED_LAGGED_PBP,development
00-0029492,2018,RB,EFFICIENCY_REGRESSION,0.8461538461538461,1,1,HIGH_LOCKED_LAGGED_PBP,development
00-0029613,2018,RB,EFFICIENCY_REGRESSION,0.9230769230769231,1,1,HIGH_LOCKED_LAGGED_PBP,development
00-0030107,2018,RB,EFFICIENCY_REGRESSION,1.0,1,1,HIGH_LOCKED_LAGGED_PBP,development
00-0030404,2018,RB,EFFICIENCY_REGRESSION,1.0,1,1,HIGH_LOCKED_LAGGED_PBP,development
00-0030433,2018,RB,EFFICIENCY_REGRESSION,0.46153846153846156,0,1,HIGH_LOCKED_LAGGED_PBP,development
00-0030456,2018,RB,EFFICIENCY_REGRESSION,1.0,1,1,HIGH_LOCKED_LAGGED_PBP,development
00-0030656,2018,RB,EFFICIENCY_REGRESSION,0.9230769230769231,1,1,HIGH_LOCKED_LAGGED_PBP,development
00-0031045,2018,RB,EFFICIENCY_REGRESSION,1.0,1,1,HIGH_LOCKED_LAGGED_PBP,development
00-0031102,2018,RB,EFFICIENCY_REGRESSION,0.8461538461538461,1,1,HIGH_LOCKED_LAGGED_PBP,development
00-0031209,2018,RB,EFFICIENCY_REGRESSION,0.38461538461538464,0,1,HIGH_LOCKED_LAGGED_PBP,development
00-0031301,2018,RB,EFFICIENCY_REGRESSION,0.46153846153846156,0,1,HIGH_LOCKED_LAGGED_PBP,development
00-0031577,2018,RB,EFFICIENCY_REGRESSION,1.0,1,1,HIGH_LOCKED_LAGGED_PBP,development
00-0031599,2018,RB,EFFICIENCY_REGRESSION,0.46153846153846156,0,1,HIGH_LOCKED_LAGGED_PBP,development
00-0031665,2018,RB,EFFICIENCY_REGRESSION,0.38461538461538464,0,1,HIGH_LOCKED_LAGGED_PBP,development
00-0031687,2018,RB,EFFICIENCY_REGRESSION,0.38461538461538464,0,1,HIGH_LOCKED_LAGGED_PBP,development
00-0031959,2018,RB,EFFICIENCY_REGRESSION,0.38461538461538464,0,1,HIGH_LOCKED_LAGGED_PBP,development
00-0032104,2018,RB,EFFICIENCY_REGRESSION,1.0,1,1,HIGH_LOCKED_LAGGED_PBP,development
00-0032187,2018,RB,EFFICIENCY_REGRESSION,0.8461538461538461,1,1,HIGH_LOCKED_LAGGED_PBP,development
00-0032257,2018,RB,EFFICIENCY_REGRESSION,1.0,1,1,HIGH_LOCKED_LAGGED_PBP,development
00-0032371,2018,RB,EFFICIENCY_REGRESSION,0.9230769230769231,1,1,HIGH_LOCKED_LAGGED_PBP,development
00-0032393,2018,RB,EFFICIENCY_REGRESSION,0.8461538461538461,1,1,HIGH_LOCKED_LAGGED_PBP,development
00-0032404,2018,RB,EFFICIENCY_REGRESSION,0.46153846153846156,0,1,HIGH_LOCKED_LAGGED_PBP,development
00-0032426,2018,RB,EFFICIENCY_REGRESSION,0.9230769230769231,1,1,HIGH_LOCKED_LAGGED_PBP,development
00-0032450,2018,RB,EFFICIENCY_REGRESSION,0.46153846153846156,0,1,HIGH_LOCKED_LAGGED_PBP,development
00-0032741,2018,RB,EFFICIENCY_REGRESSION,0.9230769230769231,1,1,HIGH_LOCKED_LAGGED_PBP,development
00-0032794,2018,RB,EFFICIENCY_REGRESSION,0.46153846153846156,0,1,HIGH_LOCKED_LAGGED_PBP,development
00-0032940,2018,RB,EFFICIENCY_REGRESSION,0.8461538461538461,1,1,HIGH_LOCKED_LAGGED_PBP,development
00-0032964,2018,RB,EFFICIENCY_REGRESSION,0.8461538461538461,1,1,HIGH_LOCKED_LAGGED_PBP,development
00-0032972,2018,RB,EFFICIENCY_REGRESSION,1.0,1,1,HIGH_LOCKED_LAGGED_PBP,development
00-0033025,2018,RB,EFFICIENCY_REGRESSION,0.8461538461538461,1,1,HIGH_LOCKED_LAGGED_PBP,development
00-0033118,2018,RB,EFFICIENCY_REGRESSION,0.9230769230769231,1,1,HIGH_LOCKED_LAGGED_PBP,development
00-0033293,2018,RB,EFFICIENCY_REGRESSION,0.9230769230769231,1,1,HIGH_LOCKED_LAGGED_PBP,development
00-0033295,2018,RB,EFFICIENCY_REGRESSION,0.9230769230769231,1,1,HIGH_LOCKED_LAGGED_PBP,development
00-0033296,2018,RB,EFFICIENCY_REGRESSION,0.0,0,0,HIGH_LOCKED_LAGGED_PBP,development
00-0033308,2018,RB,EFFICIENCY_REGRESSION,0.9230769230769231,1,1,HIGH_LOCKED_LAGGED_PBP,development
00-0033376,2018,RB,EFFICIENCY_REGRESSION,0.0,0,1,HIGH_LOCKED_LAGGED_PBP,development
00-0033526,2018,RB,EFFICIENCY_REGRESSION,0.9230769230769231,1,1,HIGH_LOCKED_LAGGED_PBP,development
00-0033553,2018,RB,EFFICIENCY_REGRESSION,0.38461538461538464,0,1,HIGH_LOCKED_LAGGED_PBP,development
00-0033567,2018,RB,EFFICIENCY_REGRESSION,0.38461538461538464,0,1,HIGH_LOCKED_LAGGED_PBP,development
00-0033581,2018,RB,EFFICIENCY_REGRESSION,0.38461538461538464,0,1,HIGH_LOCKED_LAGGED_PBP,development
00-0033596,2018,RB,EFFICIENCY_REGRESSION,0.8461538461538461,1,1,HIGH_LOCKED_LAGGED_PBP,development
00-0033760,2018,RB,EFFICIENCY_REGRESSION,0.0,0,1,HIGH_LOCKED_LAGGED_PBP,development
00-0033893,2018,RB,EFFICIENCY_REGRESSION,0.9230769230769231,1,1,HIGH_LOCKED_LAGGED_PBP,development
00-0033897,2018,RB,EFFICIENCY_REGRESSION,0.9230769230769231,1,1,HIGH_LOCKED_LAGGED_PBP,development
00-0033948,2018,RB,EFFICIENCY_REGRESSION,0.9230769230769231,1,1,HIGH_LOCKED_LAGGED_PBP,development
00-0033950,2018,RB,EFFICIENCY_REGRESSION,0.9230769230769231,1,1,HIGH_LOCKED_LAGGED_PBP,development
00-0033955,2018,RB,EFFICIENCY_REGRESSION,0.0,0,0,HIGH_LOCKED_LAGGED_PBP,development
00-0022921,2018,WR,EFFICIENCY_REGRESSION,1.0,1,1,HIGH_LOCKED_LAGGED_PBP,development
00-0024334,2018,WR,EFFICIENCY_REGRESSION,0.8571428571428571,1,1,HIGH_LOCKED_LAGGED_PBP,development
00-0026176,2018,WR,EFFICIENCY_REGRESSION,1.0,1,1,HIGH_LOCKED_LAGGED_PBP,development
00-0026189,2018,WR,EFFICIENCY_REGRESSION,1.0,1,1,HIGH_LOCKED_LAGGED_PBP,development
00-0026345,2018,WR,EFFICIENCY_REGRESSION,1.0,1,1,HIGH_LOCKED_LAGGED_PBP,development
00-0026901,2018,WR,EFFICIENCY_REGRESSION,1.0,1,1,HIGH_LOCKED_LAGGED_PBP,development
00-0027681,2018,WR,EFFICIENCY_REGRESSION,1.0,1,1,HIGH_LOCKED_LAGGED_PBP,development
00-0027685,2018,WR,EFFICIENCY_REGRESSION,1.0,1,1,HIGH_LOCKED_LAGGED_PBP,development
00-0027874,2018,WR,EFFICIENCY_REGRESSION,1.0,1,1,HIGH_LOCKED_LAGGED_PBP,development
00-0027942,2018,WR,EFFICIENCY_REGRESSION,1.0,1,1,HIGH_LOCKED_LAGGED_PBP,development
00-0028002,2018,WR,EFFICIENCY_REGRESSION,1.0,1,1,HIGH_LOCKED_LAGGED_PBP,development
00-0028091,2018,WR,EFFICIENCY_REGRESSION,0.8571428571428571,1,1,HIGH_LOCKED_LAGGED_PBP,development
00-0028114,2018,WR,EFFICIENCY_REGRESSION,0.0,0,0,HIGH_LOCKED_LAGGED_PBP,development
00-0028116,2018,WR,EFFICIENCY_REGRESSION,0.8571428571428571,1,1,HIGH_LOCKED_LAGGED_PBP,development
00-0028263,2018,WR,EFFICIENCY_REGRESSION,1.0,1,1,HIGH_LOCKED_LAGGED_PBP,development
00-0028497,2018,WR,EFFICIENCY_REGRESSION,0.8571428571428571,1,1,HIGH_LOCKED_LAGGED_PBP,development
00-0028825,2018,WR,EFFICIENCY_REGRESSION,0.8571428571428571,1,1,HIGH_LOCKED_LAGGED_PBP,development
00-0029159,2018,WR,EFFICIENCY_REGRESSION,1.0,1,1,HIGH_LOCKED_LAGGED_PBP,development
00-0029293,2018,WR,EFFICIENCY_REGRESSION,1.0,1,1,HIGH_LOCKED_LAGGED_PBP,development
00-0029640,2018,WR,EFFICIENCY_REGRESSION,0.8571428571428571,1,1,HIGH_LOCKED_LAGGED_PBP,development
00-0029664,2018,WR,EFFICIENCY_REGRESSION,0.8571428571428571,1,1,HIGH_LOCKED_LAGGED_PBP,development
00-0030068,2018,WR,EFFICIENCY_REGRESSION,1.0,1,1,HIGH_LOCKED_LAGGED_PBP,development
00-0030085,2018,WR,EFFICIENCY_REGRESSION,1.0,1,1,HIGH_LOCKED_LAGGED_PBP,development
00-0030300,2018,WR,EFFICIENCY_REGRESSION,1.0,1,1,HIGH_LOCKED_LAGGED_PBP,development
00-0030516,2018,WR,EFFICIENCY_REGRESSION,1.0,1,1,HIGH_LOCKED_LAGGED_PBP,development
00-0030521,2018,WR,EFFICIENCY_REGRESSION,0.8571428571428571,1,1,HIGH_LOCKED_LAGGED_PBP,development
00-0030542,2018,WR,EFFICIENCY_REGRESSION,1.0,1,1,HIGH_LOCKED_LAGGED_PBP,development
00-0030670,2018,WR,EFFICIENCY_REGRESSION,1.0,1,1,HIGH_LOCKED_LAGGED_PBP,development
00-0030737,2018,WR,EFFICIENCY_REGRESSION,0.8571428571428571,1,1,HIGH_LOCKED_LAGGED_PBP,development
00-0031060,2018,WR,EFFICIENCY_REGRESSION,0.8571428571428571,1,1,HIGH_LOCKED_LAGGED_PBP,development
00-0031068,2018,WR,EFFICIENCY_REGRESSION,1.0,1,1,HIGH_LOCKED_LAGGED_PBP,development
00-0031166,2018,WR,EFFICIENCY_REGRESSION,0.8571428571428571,1,1,HIGH_LOCKED_LAGGED_PBP,development
00-0031189,2018,WR,EFFICIENCY_REGRESSION,1.0,1,1,HIGH_LOCKED_LAGGED_PBP,development
00-0031235,2018,WR,EFFICIENCY_REGRESSION,1.0,1,1,HIGH_LOCKED_LAGGED_PBP,development
00-0031257,2018,WR,EFFICIENCY_REGRESSION,1.0,1,1,HIGH_LOCKED_LAGGED_PBP,development
00-0031326,2018,WR,EFFICIENCY_REGRESSION,1.0,1,1,HIGH_LOCKED_LAGGED_PBP,development
00-0031339,2018,WR,EFFICIENCY_REGRESSION,1.0,1,1,HIGH_LOCKED_LAGGED_PBP,development
00-0031344,2018,WR,EFFICIENCY_REGRESSION,0.8571428571428571,1,1,HIGH_LOCKED_LAGGED_PBP,development
00-0031381,2018,WR,EFFICIENCY_REGRESSION,1.0,1,1,HIGH_LOCKED_LAGGED_PBP,development
00-0031382,2018,WR,EFFICIENCY_REGRESSION,1.0,1,1,HIGH_LOCKED_LAGGED_PBP,development
00-0031408,2018,WR,EFFICIENCY_REGRESSION,1.0,1,1,HIGH_LOCKED_LAGGED_PBP,development
00-0031545,2018,WR,EFFICIENCY_REGRESSION,0.0,0,1,HIGH_LOCKED_LAGGED_PBP,development
00-0031547,2018,WR,EFFICIENCY_REGRESSION,1.0,1,1,HIGH_LOCKED_LAGGED_PBP,development
00-0031868,2018,WR,EFFICIENCY_REGRESSION,0.8571428571428571,1,1,HIGH_LOCKED_LAGGED_PBP,development
00-0031941,2018,WR,EFFICIENCY_REGRESSION,1.0,1,1,HIGH_LOCKED_LAGGED_PBP,development
00-0032009,2018,WR,EFFICIENCY_REGRESSION,1.0,1,1,HIGH_LOCKED_LAGGED_PBP,development
00-0032054,2018,WR,EFFICIENCY_REGRESSION,0.8571428571428571,1,1,HIGH_LOCKED_LAGGED_PBP,development
00-0032112,2018,WR,EFFICIENCY_REGRESSION,0.8571428571428571,1,1,HIGH_LOCKED_LAGGED_PBP,development
00-0032166,2018,WR,EFFICIENCY_REGRESSION,0.8571428571428571,1,1,HIGH_LOCKED_LAGGED_PBP,development
00-0032362,2018,WR,EFFICIENCY_REGRESSION,0.8571428571428571,1,1,HIGH_LOCKED_LAGGED_PBP,development
00-0032385,2018,WR,EFFICIENCY_REGRESSION,1.0,1,1,HIGH_LOCKED_LAGGED_PBP,development
00-0032423,2018,WR,EFFICIENCY_REGRESSION,0.8571428571428571,1,1,HIGH_LOCKED_LAGGED_PBP,development
00-0032475,2018,WR,EFFICIENCY_REGRESSION,0.8571428571428571,1,1,HIGH_LOCKED_LAGGED_PBP,development
00-0032543,2018,WR,EFFICIENCY_REGRESSION,0.8571428571428571,1,1,HIGH_LOCKED_LAGGED_PBP,development
00-0032626,2018,WR,EFFICIENCY_REGRESSION,1.0,1,1,HIGH_LOCKED_LAGGED_PBP,development
00-0032688,2018,WR,EFFICIENCY_REGRESSION,1.0,1,1,HIGH_LOCKED_LAGGED_PBP,development
00-0032707,2018,WR,EFFICIENCY_REGRESSION,0.0,0,0,HIGH_LOCKED_LAGGED_PBP,development
00-0032760,2018,WR,EFFICIENCY_REGRESSION,1.0,1,1,HIGH_LOCKED_LAGGED_PBP,development
00-0032791,2018,WR,EFFICIENCY_REGRESSION,0.8571428571428571,1,1,HIGH_LOCKED_LAGGED_PBP,development
00-0032795,2018,WR,EFFICIENCY_REGRESSION,0.0,0,1,HIGH_LOCKED_LAGGED_PBP,development
00-0032935,2018,WR,EFFICIENCY_REGRESSION,0.8571428571428571,1,1,HIGH_LOCKED_LAGGED_PBP,development
00-0032959,2018,WR,EFFICIENCY_REGRESSION,0.0,0,1,HIGH_LOCKED_LAGGED_PBP,development
00-0032966,2018,WR,EFFICIENCY_REGRESSION,1.0,1,1,HIGH_LOCKED_LAGGED_PBP,development
00-0032977,2018,WR,EFFICIENCY_REGRESSION,0.8571428571428571,1,1,HIGH_LOCKED_LAGGED_PBP,development
00-0032980,2018,WR,EFFICIENCY_REGRESSION,0.8571428571428571,1,1,HIGH_LOCKED_LAGGED_PBP,development
00-0033009,2018,WR,EFFICIENCY_REGRESSION,0.8571428571428571,1,1,HIGH_LOCKED_LAGGED_PBP,development
00-0033060,2018,WR,EFFICIENCY_REGRESSION,0.8571428571428571,1,1,HIGH_LOCKED_LAGGED_PBP,development
00-0033094,2018,WR,EFFICIENCY_REGRESSION,0.8571428571428571,1,1,HIGH_LOCKED_LAGGED_PBP,development
00-0033127,2018,WR,EFFICIENCY_REGRESSION,1.0,1,1,HIGH_LOCKED_LAGGED_PBP,development
00-0033282,2018,WR,EFFICIENCY_REGRESSION,0.8571428571428571,1,1,HIGH_LOCKED_LAGGED_PBP,development
00-0033292,2018,WR,EFFICIENCY_REGRESSION,1.0,1,1,HIGH_LOCKED_LAGGED_PBP,development
00-0033306,2018,WR,EFFICIENCY_REGRESSION,0.0,0,0,HIGH_LOCKED_LAGGED_PBP,development
00-0033307,2018,WR,EFFICIENCY_REGRESSION,1.0,1,1,HIGH_LOCKED_LAGGED_PBP,development
00-0033434,2018,WR,EFFICIENCY_REGRESSION,0.0,0,1,HIGH_LOCKED_LAGGED_PBP,development
00-0033460,2018,WR,EFFICIENCY_REGRESSION,0.0,0,1,HIGH_LOCKED_LAGGED_PBP,development
00-0033466,2018,WR,EFFICIENCY_REGRESSION,0.8571428571428571,1,1,HIGH_LOCKED_LAGGED_PBP,development
00-0033552,2018,WR,EFFICIENCY_REGRESSION,0.0,0,0,HIGH_LOCKED_LAGGED_PBP,development
00-0033562,2018,WR,EFFICIENCY_REGRESSION,0.8571428571428571,1,1,HIGH_LOCKED_LAGGED_PBP,development
00-0033572,2018,WR,EFFICIENCY_REGRESSION,0.0,0,1,HIGH_LOCKED_LAGGED_PBP,development
00-0033859,2018,WR,EFFICIENCY_REGRESSION,0.8571428571428571,1,1,HIGH_LOCKED_LAGGED_PBP,development
00-0033921,2018,WR,EFFICIENCY_REGRESSION,1.0,1,1,HIGH_LOCKED_LAGGED_PBP,development
00-0033932,2018,WR,EFFICIENCY_REGRESSION,1.0,1,1,HIGH_LOCKED_LAGGED_PBP,development
00-0033933,2018,WR,EFFICIENCY_REGRESSION,0.8571428571428571,1,1,HIGH_LOCKED_LAGGED_PBP,development
00-0033968,2018,WR,EFFICIENCY_REGRESSION,0.0,0,1,HIGH_LOCKED_LAGGED_PBP,development
00-0024221,2018,TE,EFFICIENCY_REGRESSION,1.0,1,1,HIGH_LOCKED_LAGGED_PBP,development
00-0027061,2018,TE,EFFICIENCY_REGRESSION,1.0,1,1,HIGH_LOCKED_LAGGED_PBP,development
00-0027139,2018,TE,EFFICIENCY_REGRESSION,0.0,0,0,HIGH_LOCKED_LAGGED_PBP,development
00-0027215,2018,TE,EFFICIENCY_REGRESSION,0.0,0,1,HIGH_LOCKED_LAGGED_PBP,development
00-0027696,2018,TE,EFFICIENCY_REGRESSION,1.0,1,1,HIGH_LOCKED_LAGGED_PBP,development
00-0027873,2018,TE,EFFICIENCY_REGRESSION,1.0,1,1,HIGH_LOCKED_LAGGED_PBP,development
00-0027985,2018,TE,EFFICIENCY_REGRESSION,1.0,1,1,HIGH_LOCKED_LAGGED_PBP,development
00-0028042,2018,TE,EFFICIENCY_REGRESSION,0.8571428571428571,1,1,HIGH_LOCKED_LAGGED_PBP,development
00-0028093,2018,TE,EFFICIENCY_REGRESSION,0.8571428571428571,1,1,HIGH_LOCKED_LAGGED_PBP,development
00-0028097,2018,TE,EFFICIENCY_REGRESSION,0.8571428571428571,1,1,HIGH_LOCKED_LAGGED_PBP,development
00-0028903,2018,TE,EFFICIENCY_REGRESSION,1.0,1,1,HIGH_LOCKED_LAGGED_PBP,development
00-0029091,2018,TE,EFFICIENCY_REGRESSION,0.0,0,0,HIGH_LOCKED_LAGGED_PBP,development
00-0029119,2018,TE,EFFICIENCY_REGRESSION,0.8571428571428571,1,1,HIGH_LOCKED_LAGGED_PBP,development
00-0029587,2018,TE,EFFICIENCY_REGRESSION,0.8571428571428571,1,1,HIGH_LOCKED_LAGGED_PBP,development
00-0029689,2018,TE,EFFICIENCY_REGRESSION,0.8571428571428571,1,1,HIGH_LOCKED_LAGGED_PBP,development
00-0029738,2018,TE,EFFICIENCY_REGRESSION,1.0,1,1,HIGH_LOCKED_LAGGED_PBP,development
00-0030089,2018,TE,EFFICIENCY_REGRESSION,1.0,1,1,HIGH_LOCKED_LAGGED_PBP,development
00-0030181,2018,TE,EFFICIENCY_REGRESSION,1.0,1,1,HIGH_LOCKED_LAGGED_PBP,development
00-0030422,2018,TE,EFFICIENCY_REGRESSION,0.8571428571428571,1,1,HIGH_LOCKED_LAGGED_PBP,development
00-0030472,2018,TE,EFFICIENCY_REGRESSION,0.8571428571428571,1,1,HIGH_LOCKED_LAGGED_PBP,development
00-0030549,2018,TE,EFFICIENCY_REGRESSION,0.8571428571428571,1,1,HIGH_LOCKED_LAGGED_PBP,development
00-0031273,2018,TE,EFFICIENCY_REGRESSION,1.0,1,1,HIGH_LOCKED_LAGGED_PBP,development
00-0031384,2018,TE,EFFICIENCY_REGRESSION,0.8571428571428571,1,1,HIGH_LOCKED_LAGGED_PBP,development
00-0031418,2018,TE,EFFICIENCY_REGRESSION,1.0,1,1,HIGH_LOCKED_LAGGED_PBP,development
00-0031484,2018,TE,EFFICIENCY_REGRESSION,0.0,0,1,HIGH_LOCKED_LAGGED_PBP,development
00-0031598,2018,TE,EFFICIENCY_REGRESSION,1.0,1,1,HIGH_LOCKED_LAGGED_PBP,development
00-0031609,2018,TE,EFFICIENCY_REGRESSION,1.0,1,1,HIGH_LOCKED_LAGGED_PBP,development
00-0031690,2018,TE,EFFICIENCY_REGRESSION,0.8571428571428571,1,1,HIGH_LOCKED_LAGGED_PBP,development
00-0031744,2018,TE,EFFICIENCY_REGRESSION,0.0,0,1,HIGH_LOCKED_LAGGED_PBP,development
00-0031884,2018,TE,EFFICIENCY_REGRESSION,0.0,0,1,HIGH_LOCKED_LAGGED_PBP,development
00-0032062,2018,TE,EFFICIENCY_REGRESSION,0.8571428571428571,1,1,HIGH_LOCKED_LAGGED_PBP,development
00-0032098,2018,TE,EFFICIENCY_REGRESSION,0.8571428571428571,1,1,HIGH_LOCKED_LAGGED_PBP,development
00-0032120,2018,TE,EFFICIENCY_REGRESSION,0.8571428571428571,1,1,HIGH_LOCKED_LAGGED_PBP,development
00-0032134,2018,TE,EFFICIENCY_REGRESSION,0.8571428571428571,1,1,HIGH_LOCKED_LAGGED_PBP,development
00-0032141,2018,TE,EFFICIENCY_REGRESSION,0.0,0,1,HIGH_LOCKED_LAGGED_PBP,development
00-0032214,2018,TE,EFFICIENCY_REGRESSION,1.0,1,1,HIGH_LOCKED_LAGGED_PBP,development
00-0032227,2018,TE,EFFICIENCY_REGRESSION,0.8571428571428571,1,1,HIGH_LOCKED_LAGGED_PBP,development
00-0032430,2018,TE,EFFICIENCY_REGRESSION,0.8571428571428571,1,1,HIGH_LOCKED_LAGGED_PBP,development
00-0032745,2018,TE,EFFICIENCY_REGRESSION,0.8571428571428571,1,1,HIGH_LOCKED_LAGGED_PBP,development
00-0033080,2018,TE,EFFICIENCY_REGRESSION,1.0,1,1,HIGH_LOCKED_LAGGED_PBP,development
00-0033117,2018,TE,EFFICIENCY_REGRESSION,0.0,0,0,HIGH_LOCKED_LAGGED_PBP,development
00-0033258,2018,TE,EFFICIENCY_REGRESSION,0.8571428571428571,1,1,HIGH_LOCKED_LAGGED_PBP,development
00-0033288,2018,TE,EFFICIENCY_REGRESSION,1.0,1,1,HIGH_LOCKED_LAGGED_PBP,development
00-0033421,2018,TE,EFFICIENCY_REGRESSION,0.0,0,1,HIGH_LOCKED_LAGGED_PBP,development
00-0033528,2018,TE,EFFICIENCY_REGRESSION,0.0,0,1,HIGH_LOCKED_LAGGED_PBP,development
00-0033559,2018,TE,EFFICIENCY_REGRESSION,0.8571428571428571,1,1,HIGH_LOCKED_LAGGED_PBP,development
00-0033576,2018,TE,EFFICIENCY_REGRESSION,0.0,0,0,HIGH_LOCKED_LAGGED_PBP,development
00-0033611,2018,TE,EFFICIENCY_REGRESSION,0.8571428571428571,1,1,HIGH_LOCKED_LAGGED_PBP,development
00-0033879,2018,TE,EFFICIENCY_REGRESSION,1.0,1,1,HIGH_LOCKED_LAGGED_PBP,development
00-0033881,2018,TE,EFFICIENCY_REGRESSION,1.0,1,1,HIGH_LOCKED_LAGGED_PBP,development
00-0033885,2018,TE,EFFICIENCY_REGRESSION,1.0,1,1,HIGH_LOCKED_LAGGED_PBP,development
00-0022787,2019,QB,EFFICIENCY_REGRESSION,0.5384615384615384,0,1,HIGH_LOCKED_LAGGED_PBP,development
00-0022803,2019,QB,EFFICIENCY_REGRESSION,1.0,1,1,HIGH_LOCKED_LAGGED_PBP,development
00-0022924,2019,QB,EFFICIENCY_REGRESSION,1.0,1,1,HIGH_LOCKED_LAGGED_PBP,development
00-0023682,2019,QB,EFFICIENCY_REGRESSION,1.0,1,1,HIGH_LOCKED_LAGGED_PBP,development
00-0026143,2019,QB,EFFICIENCY_REGRESSION,0.9230769230769231,1,1,HIGH_LOCKED_LAGGED_PBP,development
00-0026158,2019,QB,EFFICIENCY_REGRESSION,0.9230769230769231,1,1,HIGH_LOCKED_LAGGED_PBP,development
00-0026498,2019,QB,EFFICIENCY_REGRESSION,0.9230769230769231,1,1,HIGH_LOCKED_LAGGED_PBP,development
00-0026544,2019,QB,EFFICIENCY_REGRESSION,0.9230769230769231,1,1,HIGH_LOCKED_LAGGED_PBP,development
00-0026625,2019,QB,EFFICIENCY_REGRESSION,0.0,0,1,HIGH_LOCKED_LAGGED_PBP,development
00-0027688,2019,QB,EFFICIENCY_REGRESSION,0.9230769230769231,1,1,HIGH_LOCKED_LAGGED_PBP,development
00-0027939,2019,QB,EFFICIENCY_REGRESSION,1.0,1,1,HIGH_LOCKED_LAGGED_PBP,development
00-0027973,2019,QB,EFFICIENCY_REGRESSION,0.9230769230769231,1,1,HIGH_LOCKED_LAGGED_PBP,development
00-0028118,2019,QB,EFFICIENCY_REGRESSION,0.9230769230769231,1,1,HIGH_LOCKED_LAGGED_PBP,development
00-0028986,2019,QB,EFFICIENCY_REGRESSION,0.9230769230769231,1,1,HIGH_LOCKED_LAGGED_PBP,development
00-0029665,2019,QB,EFFICIENCY_REGRESSION,0.5384615384615384,0,1,HIGH_LOCKED_LAGGED_PBP,development
00-0030520,2019,QB,EFFICIENCY_REGRESSION,0.5384615384615384,0,1,HIGH_LOCKED_LAGGED_PBP,development
00-0030533,2019,QB,EFFICIENCY_REGRESSION,0.5384615384615384,0,1,HIGH_LOCKED_LAGGED_PBP,development
00-0031237,2019,QB,EFFICIENCY_REGRESSION,0.5384615384615384,0,1,HIGH_LOCKED_LAGGED_PBP,development
00-0031280,2019,QB,EFFICIENCY_REGRESSION,0.9230769230769231,1,1,HIGH_LOCKED_LAGGED_PBP,development
00-0031288,2019,QB,EFFICIENCY_REGRESSION,0.0,0,1,HIGH_LOCKED_LAGGED_PBP,development
00-0031395,2019,QB,EFFICIENCY_REGRESSION,0.0,0,1,HIGH_LOCKED_LAGGED_PBP,development
00-0031407,2019,QB,EFFICIENCY_REGRESSION,1.0,1,1,HIGH_LOCKED_LAGGED_PBP,development
00-0031503,2019,QB,EFFICIENCY_REGRESSION,1.0,1,1,HIGH_LOCKED_LAGGED_PBP,development
00-0032245,2019,QB,EFFICIENCY_REGRESSION,0.0,0,1,HIGH_LOCKED_LAGGED_PBP,development
00-0032436,2019,QB,EFFICIENCY_REGRESSION,0.9230769230769231,1,1,HIGH_LOCKED_LAGGED_PBP,development
00-0033119,2019,QB,EFFICIENCY_REGRESSION,0.0,0,1,HIGH_LOCKED_LAGGED_PBP,development
00-0033319,2019,QB,EFFICIENCY_REGRESSION,0.9230769230769231,1,1,HIGH_LOCKED_LAGGED_PBP,development
00-0034343,2019,QB,EFFICIENCY_REGRESSION,0.9230769230769231,1,1,HIGH_LOCKED_LAGGED_PBP,development
00-0034577,2019,QB,EFFICIENCY_REGRESSION,0.9230769230769231,1,1,HIGH_LOCKED_LAGGED_PBP,development
00-0034855,2019,QB,EFFICIENCY_REGRESSION,0.9230769230769231,1,1,HIGH_LOCKED_LAGGED_PBP,development
00-0034869,2019,QB,EFFICIENCY_REGRESSION,1.0,1,1,HIGH_LOCKED_LAGGED_PBP,development
00-0025394,2019,RB,EFFICIENCY_REGRESSION,0.9230769230769231,1,1,HIGH_LOCKED_LAGGED_PBP,development
00-0027029,2019,RB,EFFICIENCY_REGRESSION,0.9230769230769231,1,1,HIGH_LOCKED_LAGGED_PBP,development
00-0028064,2019,RB,EFFICIENCY_REGRESSION,0.9230769230769231,1,1,HIGH_LOCKED_LAGGED_PBP,development
00-0029141,2019,RB,EFFICIENCY_REGRESSION,0.9230769230769231,1,1,HIGH_LOCKED_LAGGED_PBP,development
00-0029239,2019,RB,EFFICIENCY_REGRESSION,0.38461538461538464,0,1,HIGH_LOCKED_LAGGED_PBP,development
00-0029492,2019,RB,EFFICIENCY_REGRESSION,0.0,0,1,HIGH_LOCKED_LAGGED_PBP,development
00-0030404,2019,RB,EFFICIENCY_REGRESSION,0.9230769230769231,1,1,HIGH_LOCKED_LAGGED_PBP,development
00-0030456,2019,RB,EFFICIENCY_REGRESSION,0.9230769230769231,1,1,HIGH_LOCKED_LAGGED_PBP,development
00-0030465,2019,RB,EFFICIENCY_REGRESSION,0.38461538461538464,0,1,HIGH_LOCKED_LAGGED_PBP,development
00-0030711,2019,RB,EFFICIENCY_REGRESSION,0.0,0,1,HIGH_LOCKED_LAGGED_PBP,development
00-0031209,2019,RB,EFFICIENCY_REGRESSION,0.0,0,0,HIGH_LOCKED_LAGGED_PBP,development
00-0031285,2019,RB,EFFICIENCY_REGRESSION,0.8461538461538461,1,1,HIGH_LOCKED_LAGGED_PBP,development
00-0031577,2019,RB,EFFICIENCY_REGRESSION,1.0,1,1,HIGH_LOCKED_LAGGED_PBP,development
00-0031590,2019,RB,EFFICIENCY_REGRESSION,0.9230769230769231,1,1,HIGH_LOCKED_LAGGED_PBP,development
00-0031665,2019,RB,EFFICIENCY_REGRESSION,0.9230769230769231,1,1,HIGH_LOCKED_LAGGED_PBP,development
00-0031806,2019,RB,EFFICIENCY_REGRESSION,0.9230769230769231,1,1,HIGH_LOCKED_LAGGED_PBP,development
00-0032187,2019,RB,EFFICIENCY_REGRESSION,1.0,1,1,HIGH_LOCKED_LAGGED_PBP,development
00-0032209,2019,RB,EFFICIENCY_REGRESSION,1.0,1,1,HIGH_LOCKED_LAGGED_PBP,development
00-0032393,2019,RB,EFFICIENCY_REGRESSION,0.0,0,1,HIGH_LOCKED_LAGGED_PBP,development
00-0032450,2019,RB,EFFICIENCY_REGRESSION,0.38461538461538464,0,1,HIGH_LOCKED_LAGGED_PBP,development
00-0032540,2019,RB,EFFICIENCY_REGRESSION,0.0,0,0,HIGH_LOCKED_LAGGED_PBP,development
00-0032741,2019,RB,EFFICIENCY_REGRESSION,1.0,1,1,HIGH_LOCKED_LAGGED_PBP,development
00-0032794,2019,RB,EFFICIENCY_REGRESSION,0.0,0,1,HIGH_LOCKED_LAGGED_PBP,development
00-0032940,2019,RB,EFFICIENCY_REGRESSION,0.46153846153846156,0,1,HIGH_LOCKED_LAGGED_PBP,development
00-0032972,2019,RB,EFFICIENCY_REGRESSION,0.9230769230769231,1,1,HIGH_LOCKED_LAGGED_PBP,development
00-0032975,2019,RB,EFFICIENCY_REGRESSION,0.0,0,1,HIGH_LOCKED_LAGGED_PBP,development
00-0033025,2019,RB,EFFICIENCY_REGRESSION,0.9230769230769231,1,1,HIGH_LOCKED_LAGGED_PBP,development
00-0033118,2019,RB,EFFICIENCY_REGRESSION,1.0,1,1,HIGH_LOCKED_LAGGED_PBP,development
00-0033280,2019,RB,EFFICIENCY_REGRESSION,1.0,1,1,HIGH_LOCKED_LAGGED_PBP,development
00-0033296,2019,RB,EFFICIENCY_REGRESSION,0.38461538461538464,0,1,HIGH_LOCKED_LAGGED_PBP,development
00-0033376,2019,RB,EFFICIENCY_REGRESSION,0.0,0,0,HIGH_LOCKED_LAGGED_PBP,development
00-0033526,2019,RB,EFFICIENCY_REGRESSION,0.38461538461538464,0,1,HIGH_LOCKED_LAGGED_PBP,development
00-0033553,2019,RB,EFFICIENCY_REGRESSION,1.0,1,1,HIGH_LOCKED_LAGGED_PBP,development
00-0033567,2019,RB,EFFICIENCY_REGRESSION,0.38461538461538464,0,1,HIGH_LOCKED_LAGGED_PBP,development
00-0033725,2019,RB,EFFICIENCY_REGRESSION,0.9230769230769231,1,1,HIGH_LOCKED_LAGGED_PBP,development
00-0033789,2019,RB,EFFICIENCY_REGRESSION,0.46153846153846156,0,1,HIGH_LOCKED_LAGGED_PBP,development
00-0033854,2019,RB,EFFICIENCY_REGRESSION,0.0,0,0,HIGH_LOCKED_LAGGED_PBP,development
00-0033856,2019,RB,EFFICIENCY_REGRESSION,0.9230769230769231,1,1,HIGH_LOCKED_LAGGED_PBP,development
00-0033897,2019,RB,EFFICIENCY_REGRESSION,1.0,1,1,HIGH_LOCKED_LAGGED_PBP,development
00-0033923,2019,RB,EFFICIENCY_REGRESSION,1.0,1,1,HIGH_LOCKED_LAGGED_PBP,development
00-0033950,2019,RB,EFFICIENCY_REGRESSION,0.9230769230769231,1,1,HIGH_LOCKED_LAGGED_PBP,development
00-0034109,2019,RB,EFFICIENCY_REGRESSION,1.0,1,1,HIGH_LOCKED_LAGGED_PBP,development
00-0034164,2019,RB,EFFICIENCY_REGRESSION,0.8461538461538461,1,1,HIGH_LOCKED_LAGGED_PBP,development
00-0034201,2019,RB,EFFICIENCY_REGRESSION,0.0,0,1,HIGH_LOCKED_LAGGED_PBP,development
00-0034253,2019,RB,EFFICIENCY_REGRESSION,0.46153846153846156,0,1,HIGH_LOCKED_LAGGED_PBP,development
00-0034331,2019,RB,EFFICIENCY_REGRESSION,1.0,1,1,HIGH_LOCKED_LAGGED_PBP,development
00-0034349,2019,RB,EFFICIENCY_REGRESSION,1.0,1,1,HIGH_LOCKED_LAGGED_PBP,development
00-0034378,2019,RB,EFFICIENCY_REGRESSION,0.9230769230769231,1,1,HIGH_LOCKED_LAGGED_PBP,development
00-0034679,2019,RB,EFFICIENCY_REGRESSION,0.8461538461538461,1,1,HIGH_LOCKED_LAGGED_PBP,development
00-0034681,2019,RB,EFFICIENCY_REGRESSION,0.9230769230769231,1,1,HIGH_LOCKED_LAGGED_PBP,development
00-0034791,2019,RB,EFFICIENCY_REGRESSION,1.0,1,1,HIGH_LOCKED_LAGGED_PBP,development
00-0034799,2019,RB,EFFICIENCY_REGRESSION,0.8461538461538461,1,1,HIGH_LOCKED_LAGGED_PBP,development
00-0034816,2019,RB,EFFICIENCY_REGRESSION,0.9230769230769231,1,1,HIGH_LOCKED_LAGGED_PBP,development
00-0034838,2019,RB,EFFICIENCY_REGRESSION,0.9230769230769231,1,1,HIGH_LOCKED_LAGGED_PBP,development
00-0034844,2019,RB,EFFICIENCY_REGRESSION,1.0,1,1,HIGH_LOCKED_LAGGED_PBP,development
00-0022921,2019,WR,EFFICIENCY_REGRESSION,1.0,1,1,HIGH_LOCKED_LAGGED_PBP,development
00-0026035,2019,WR,EFFICIENCY_REGRESSION,0.8571428571428571,1,1,HIGH_LOCKED_LAGGED_PBP,development
00-0026189,2019,WR,EFFICIENCY_REGRESSION,1.0,1,1,HIGH_LOCKED_LAGGED_PBP,development
00-0027793,2019,WR,EFFICIENCY_REGRESSION,1.0,1,1,HIGH_LOCKED_LAGGED_PBP,development
00-0027874,2019,WR,EFFICIENCY_REGRESSION,1.0,1,1,HIGH_LOCKED_LAGGED_PBP,development
00-0027944,2019,WR,EFFICIENCY_REGRESSION,1.0,1,1,HIGH_LOCKED_LAGGED_PBP,development
00-0028002,2019,WR,EFFICIENCY_REGRESSION,0.8571428571428571,1,1,HIGH_LOCKED_LAGGED_PBP,development
00-0028114,2019,WR,EFFICIENCY_REGRESSION,0.8571428571428571,1,1,HIGH_LOCKED_LAGGED_PBP,development
00-0029293,2019,WR,EFFICIENCY_REGRESSION,1.0,1,1,HIGH_LOCKED_LAGGED_PBP,development
00-0029572,2019,WR,EFFICIENCY_REGRESSION,1.0,1,1,HIGH_LOCKED_LAGGED_PBP,development
00-0029664,2019,WR,EFFICIENCY_REGRESSION,1.0,1,1,HIGH_LOCKED_LAGGED_PBP,development
00-0030068,2019,WR,EFFICIENCY_REGRESSION,1.0,1,1,HIGH_LOCKED_LAGGED_PBP,development
00-0030147,2019,WR,EFFICIENCY_REGRESSION,0.8571428571428571,1,1,HIGH_LOCKED_LAGGED_PBP,development
00-0030669,2019,WR,EFFICIENCY_REGRESSION,0.8571428571428571,1,1,HIGH_LOCKED_LAGGED_PBP,development
00-0030670,2019,WR,EFFICIENCY_REGRESSION,1.0,1,1,HIGH_LOCKED_LAGGED_PBP,development
00-0031023,2019,WR,EFFICIENCY_REGRESSION,1.0,1,1,HIGH_LOCKED_LAGGED_PBP,development
00-0031068,2019,WR,EFFICIENCY_REGRESSION,1.0,1,1,HIGH_LOCKED_LAGGED_PBP,development
00-0031189,2019,WR,EFFICIENCY_REGRESSION,0.8571428571428571,1,1,HIGH_LOCKED_LAGGED_PBP,development
00-0031235,2019,WR,EFFICIENCY_REGRESSION,1.0,1,1,HIGH_LOCKED_LAGGED_PBP,development
00-0031257,2019,WR,EFFICIENCY_REGRESSION,0.8571428571428571,1,1,HIGH_LOCKED_LAGGED_PBP,development
00-0031339,2019,WR,EFFICIENCY_REGRESSION,1.0,1,1,HIGH_LOCKED_LAGGED_PBP,development
00-0031344,2019,WR,EFFICIENCY_REGRESSION,0.8571428571428571,1,1,HIGH_LOCKED_LAGGED_PBP,development
00-0031382,2019,WR,EFFICIENCY_REGRESSION,1.0,1,1,HIGH_LOCKED_LAGGED_PBP,development
00-0031408,2019,WR,EFFICIENCY_REGRESSION,1.0,1,1,HIGH_LOCKED_LAGGED_PBP,development
00-0031547,2019,WR,EFFICIENCY_REGRESSION,1.0,1,1,HIGH_LOCKED_LAGGED_PBP,development
00-0031570,2019,WR,EFFICIENCY_REGRESSION,1.0,1,1,HIGH_LOCKED_LAGGED_PBP,development
00-0031868,2019,WR,EFFICIENCY_REGRESSION,0.0,0,1,HIGH_LOCKED_LAGGED_PBP,development
00-0031941,2019,WR,EFFICIENCY_REGRESSION,0.8571428571428571,1,1,HIGH_LOCKED_LAGGED_PBP,development
00-0032054,2019,WR,EFFICIENCY_REGRESSION,0.8571428571428571,1,1,HIGH_LOCKED_LAGGED_PBP,development
00-0032055,2019,WR,EFFICIENCY_REGRESSION,1.0,1,1,HIGH_LOCKED_LAGGED_PBP,development
00-0032112,2019,WR,EFFICIENCY_REGRESSION,0.8571428571428571,1,1,HIGH_LOCKED_LAGGED_PBP,development
00-0032385,2019,WR,EFFICIENCY_REGRESSION,1.0,1,1,HIGH_LOCKED_LAGGED_PBP,development
00-0032423,2019,WR,EFFICIENCY_REGRESSION,0.0,0,0,HIGH_LOCKED_LAGGED_PBP,development
00-0032543,2019,WR,EFFICIENCY_REGRESSION,0.8571428571428571,1,1,HIGH_LOCKED_LAGGED_PBP,development
00-0032688,2019,WR,EFFICIENCY_REGRESSION,1.0,1,1,HIGH_LOCKED_LAGGED_PBP,development
00-0032791,2019,WR,EFFICIENCY_REGRESSION,0.8571428571428571,1,1,HIGH_LOCKED_LAGGED_PBP,development
00-0032795,2019,WR,EFFICIENCY_REGRESSION,0.8571428571428571,1,1,HIGH_LOCKED_LAGGED_PBP,development
00-0032935,2019,WR,EFFICIENCY_REGRESSION,0.0,0,1,HIGH_LOCKED_LAGGED_PBP,development
00-0032951,2019,WR,EFFICIENCY_REGRESSION,0.8571428571428571,1,1,HIGH_LOCKED_LAGGED_PBP,development
00-0032977,2019,WR,EFFICIENCY_REGRESSION,0.8571428571428571,1,1,HIGH_LOCKED_LAGGED_PBP,development
00-0032980,2019,WR,EFFICIENCY_REGRESSION,0.8571428571428571,1,1,HIGH_LOCKED_LAGGED_PBP,development
00-0033006,2019,WR,EFFICIENCY_REGRESSION,0.0,0,0,HIGH_LOCKED_LAGGED_PBP,development
00-0033009,2019,WR,EFFICIENCY_REGRESSION,1.0,1,1,HIGH_LOCKED_LAGGED_PBP,development
00-0033094,2019,WR,EFFICIENCY_REGRESSION,0.8571428571428571,1,1,HIGH_LOCKED_LAGGED_PBP,development
00-0033111,2019,WR,EFFICIENCY_REGRESSION,0.0,0,1,HIGH_LOCKED_LAGGED_PBP,development
00-0033282,2019,WR,EFFICIENCY_REGRESSION,1.0,1,1,HIGH_LOCKED_LAGGED_PBP,development
00-0033375,2019,WR,EFFICIENCY_REGRESSION,0.8571428571428571,1,1,HIGH_LOCKED_LAGGED_PBP,development
00-0033434,2019,WR,EFFICIENCY_REGRESSION,0.8571428571428571,1,1,HIGH_LOCKED_LAGGED_PBP,development
00-0033460,2019,WR,EFFICIENCY_REGRESSION,1.0,1,1,HIGH_LOCKED_LAGGED_PBP,development
00-0033471,2019,WR,EFFICIENCY_REGRESSION,0.0,0,1,HIGH_LOCKED_LAGGED_PBP,development
00-0033562,2019,WR,EFFICIENCY_REGRESSION,1.0,1,1,HIGH_LOCKED_LAGGED_PBP,development
00-0033572,2019,WR,EFFICIENCY_REGRESSION,0.0,0,1,HIGH_LOCKED_LAGGED_PBP,development
00-0033681,2019,WR,EFFICIENCY_REGRESSION,1.0,1,1,HIGH_LOCKED_LAGGED_PBP,development
00-0033839,2019,WR,EFFICIENCY_REGRESSION,1.0,1,1,HIGH_LOCKED_LAGGED_PBP,development
00-0033857,2019,WR,EFFICIENCY_REGRESSION,1.0,1,1,HIGH_LOCKED_LAGGED_PBP,development
00-0033891,2019,WR,EFFICIENCY_REGRESSION,1.0,1,1,HIGH_LOCKED_LAGGED_PBP,development
00-0033908,2019,WR,EFFICIENCY_REGRESSION,1.0,1,1,HIGH_LOCKED_LAGGED_PBP,development
00-0033911,2019,WR,EFFICIENCY_REGRESSION,1.0,1,1,HIGH_LOCKED_LAGGED_PBP,development
00-0033921,2019,WR,EFFICIENCY_REGRESSION,1.0,1,1,HIGH_LOCKED_LAGGED_PBP,development
00-0033932,2019,WR,EFFICIENCY_REGRESSION,1.0,1,1,HIGH_LOCKED_LAGGED_PBP,development
00-0033933,2019,WR,EFFICIENCY_REGRESSION,1.0,1,1,HIGH_LOCKED_LAGGED_PBP,development
00-0034052,2019,WR,EFFICIENCY_REGRESSION,0.0,0,1,HIGH_LOCKED_LAGGED_PBP,development
00-0034256,2019,WR,EFFICIENCY_REGRESSION,0.0,0,0,HIGH_LOCKED_LAGGED_PBP,development
00-0034273,2019,WR,EFFICIENCY_REGRESSION,0.8571428571428571,1,1,HIGH_LOCKED_LAGGED_PBP,development
00-0034309,2019,WR,EFFICIENCY_REGRESSION,0.0,0,1,HIGH_LOCKED_LAGGED_PBP,development
00-0034339,2019,WR,EFFICIENCY_REGRESSION,0.8571428571428571,1,1,HIGH_LOCKED_LAGGED_PBP,development
00-0034348,2019,WR,EFFICIENCY_REGRESSION,1.0,1,1,HIGH_LOCKED_LAGGED_PBP,development
00-0034370,2019,WR,EFFICIENCY_REGRESSION,0.8571428571428571,1,1,HIGH_LOCKED_LAGGED_PBP,development
00-0034386,2019,WR,EFFICIENCY_REGRESSION,0.0,0,1,HIGH_LOCKED_LAGGED_PBP,development
00-0034407,2019,WR,EFFICIENCY_REGRESSION,0.8571428571428571,1,1,HIGH_LOCKED_LAGGED_PBP,development
00-0034411,2019,WR,EFFICIENCY_REGRESSION,0.8571428571428571,1,1,HIGH_LOCKED_LAGGED_PBP,development
00-0034426,2019,WR,EFFICIENCY_REGRESSION,0.8571428571428571,1,1,HIGH_LOCKED_LAGGED_PBP,development
00-0034487,2019,WR,EFFICIENCY_REGRESSION,0.8571428571428571,1,1,HIGH_LOCKED_LAGGED_PBP,development
00-0034510,2019,WR,EFFICIENCY_REGRESSION,0.8571428571428571,1,1,HIGH_LOCKED_LAGGED_PBP,development
00-0034593,2019,WR,EFFICIENCY_REGRESSION,0.0,0,1,HIGH_LOCKED_LAGGED_PBP,development
00-0034676,2019,WR,EFFICIENCY_REGRESSION,0.8571428571428571,1,1,HIGH_LOCKED_LAGGED_PBP,development
00-0034686,2019,WR,EFFICIENCY_REGRESSION,0.8571428571428571,1,1,HIGH_LOCKED_LAGGED_PBP,development
00-0034710,2019,WR,EFFICIENCY_REGRESSION,0.0,0,1,HIGH_LOCKED_LAGGED_PBP,development
00-0034747,2019,WR,EFFICIENCY_REGRESSION,0.8571428571428571,1,1,HIGH_LOCKED_LAGGED_PBP,development
00-0034772,2019,WR,EFFICIENCY_REGRESSION,1.0,1,1,HIGH_LOCKED_LAGGED_PBP,development
00-0034775,2019,WR,EFFICIENCY_REGRESSION,1.0,1,1,HIGH_LOCKED_LAGGED_PBP,development
00-0034777,2019,WR,EFFICIENCY_REGRESSION,0.8571428571428571,1,1,HIGH_LOCKED_LAGGED_PBP,development
00-0034827,2019,WR,EFFICIENCY_REGRESSION,1.0,1,1,HIGH_LOCKED_LAGGED_PBP,development
00-0034837,2019,WR,EFFICIENCY_REGRESSION,1.0,1,1,HIGH_LOCKED_LAGGED_PBP,development
00-0034860,2019,WR,EFFICIENCY_REGRESSION,1.0,1,1,HIGH_LOCKED_LAGGED_PBP,development
00-0024221,2019,TE,EFFICIENCY_REGRESSION,0.8571428571428571,1,1,HIGH_LOCKED_LAGGED_PBP,development
00-0024389,2019,TE,EFFICIENCY_REGRESSION,0.8571428571428571,1,1,HIGH_LOCKED_LAGGED_PBP,development
00-0025418,2019,TE,EFFICIENCY_REGRESSION,1.0,1,1,HIGH_LOCKED_LAGGED_PBP,development
00-0027985,2019,TE,EFFICIENCY_REGRESSION,0.8571428571428571,1,1,HIGH_LOCKED_LAGGED_PBP,development
00-0028042,2019,TE,EFFICIENCY_REGRESSION,0.8571428571428571,1,1,HIGH_LOCKED_LAGGED_PBP,development
00-0028112,2019,TE,EFFICIENCY_REGRESSION,0.8571428571428571,1,1,HIGH_LOCKED_LAGGED_PBP,development
00-0028903,2019,TE,EFFICIENCY_REGRESSION,0.8571428571428571,1,1,HIGH_LOCKED_LAGGED_PBP,development
00-0029119,2019,TE,EFFICIENCY_REGRESSION,0.8571428571428571,1,1,HIGH_LOCKED_LAGGED_PBP,development
00-0029587,2019,TE,EFFICIENCY_REGRESSION,1.0,1,1,HIGH_LOCKED_LAGGED_PBP,development
00-0030181,2019,TE,EFFICIENCY_REGRESSION,1.0,1,1,HIGH_LOCKED_LAGGED_PBP,development
00-0030443,2019,TE,EFFICIENCY_REGRESSION,0.8571428571428571,1,1,HIGH_LOCKED_LAGGED_PBP,development
00-0030470,2019,TE,EFFICIENCY_REGRESSION,1.0,1,1,HIGH_LOCKED_LAGGED_PBP,development
00-0030549,2019,TE,EFFICIENCY_REGRESSION,0.8571428571428571,1,1,HIGH_LOCKED_LAGGED_PBP,development
00-0030710,2019,TE,EFFICIENCY_REGRESSION,1.0,1,1,HIGH_LOCKED_LAGGED_PBP,development
00-0031035,2019,TE,EFFICIENCY_REGRESSION,0.8571428571428571,1,1,HIGH_LOCKED_LAGGED_PBP,development
00-0031167,2019,TE,EFFICIENCY_REGRESSION,1.0,1,1,HIGH_LOCKED_LAGGED_PBP,development
00-0031260,2019,TE,EFFICIENCY_REGRESSION,0.8571428571428571,1,1,HIGH_LOCKED_LAGGED_PBP,development
00-0031273,2019,TE,EFFICIENCY_REGRESSION,1.0,1,1,HIGH_LOCKED_LAGGED_PBP,development
00-0031484,2019,TE,EFFICIENCY_REGRESSION,0.8571428571428571,1,1,HIGH_LOCKED_LAGGED_PBP,development
00-0031610,2019,TE,EFFICIENCY_REGRESSION,0.8571428571428571,1,1,HIGH_LOCKED_LAGGED_PBP,development
00-0031690,2019,TE,EFFICIENCY_REGRESSION,0.8571428571428571,1,1,HIGH_LOCKED_LAGGED_PBP,development
00-0031744,2019,TE,EFFICIENCY_REGRESSION,1.0,1,1,HIGH_LOCKED_LAGGED_PBP,development
00-0031951,2019,TE,EFFICIENCY_REGRESSION,0.8571428571428571,1,1,HIGH_LOCKED_LAGGED_PBP,development
00-0032098,2019,TE,EFFICIENCY_REGRESSION,0.0,0,0,HIGH_LOCKED_LAGGED_PBP,development
00-0032117,2019,TE,EFFICIENCY_REGRESSION,0.8571428571428571,1,1,HIGH_LOCKED_LAGGED_PBP,development
00-0032134,2019,TE,EFFICIENCY_REGRESSION,1.0,1,1,HIGH_LOCKED_LAGGED_PBP,development
00-0032135,2019,TE,EFFICIENCY_REGRESSION,1.0,1,1,HIGH_LOCKED_LAGGED_PBP,development
00-0032141,2019,TE,EFFICIENCY_REGRESSION,0.8571428571428571,1,1,HIGH_LOCKED_LAGGED_PBP,development
00-0032227,2019,TE,EFFICIENCY_REGRESSION,1.0,1,1,HIGH_LOCKED_LAGGED_PBP,development
00-0032392,2019,TE,EFFICIENCY_REGRESSION,1.0,1,1,HIGH_LOCKED_LAGGED_PBP,development
00-0032599,2019,TE,EFFICIENCY_REGRESSION,0.8571428571428571,1,1,HIGH_LOCKED_LAGGED_PBP,development
00-0033080,2019,TE,EFFICIENCY_REGRESSION,0.8571428571428571,1,1,HIGH_LOCKED_LAGGED_PBP,development
00-0033117,2019,TE,EFFICIENCY_REGRESSION,0.0,0,0,HIGH_LOCKED_LAGGED_PBP,development
00-0033258,2019,TE,EFFICIENCY_REGRESSION,0.0,0,1,HIGH_LOCKED_LAGGED_PBP,development
00-0033421,2019,TE,EFFICIENCY_REGRESSION,0.8571428571428571,1,1,HIGH_LOCKED_LAGGED_PBP,development
00-0033528,2019,TE,EFFICIENCY_REGRESSION,0.8571428571428571,1,1,HIGH_LOCKED_LAGGED_PBP,development
00-0033576,2019,TE,EFFICIENCY_REGRESSION,0.8571428571428571,1,1,HIGH_LOCKED_LAGGED_PBP,development
00-0033611,2019,TE,EFFICIENCY_REGRESSION,0.8571428571428571,1,1,HIGH_LOCKED_LAGGED_PBP,development
00-0033696,2019,TE,EFFICIENCY_REGRESSION,0.0,0,1,HIGH_LOCKED_LAGGED_PBP,development
00-0033742,2019,TE,EFFICIENCY_REGRESSION,0.0,0,1,HIGH_LOCKED_LAGGED_PBP,development
00-0033879,2019,TE,EFFICIENCY_REGRESSION,1.0,1,1,HIGH_LOCKED_LAGGED_PBP,development
00-0033881,2019,TE,EFFICIENCY_REGRESSION,1.0,1,1,HIGH_LOCKED_LAGGED_PBP,development
00-0033885,2019,TE,EFFICIENCY_REGRESSION,1.0,1,1,HIGH_LOCKED_LAGGED_PBP,development
00-0034073,2019,TE,EFFICIENCY_REGRESSION,0.0,0,1,HIGH_LOCKED_LAGGED_PBP,development
00-0034159,2019,TE,EFFICIENCY_REGRESSION,0.8571428571428571,1,1,HIGH_LOCKED_LAGGED_PBP,development
00-0034365,2019,TE,EFFICIENCY_REGRESSION,1.0,1,1,HIGH_LOCKED_LAGGED_PBP,development
00-0034766,2019,TE,EFFICIENCY_REGRESSION,1.0,1,1,HIGH_LOCKED_LAGGED_PBP,development
00-0034798,2019,TE,EFFICIENCY_REGRESSION,0.8571428571428571,1,1,HIGH_LOCKED_LAGGED_PBP,development
00-0034829,2019,TE,EFFICIENCY_REGRESSION,1.0,1,1,HIGH_LOCKED_LAGGED_PBP,development
00-0022787,2020,QB,EFFICIENCY_REGRESSION,0.5384615384615384,0,1,HIGH_LOCKED_LAGGED_PBP,development
00-0023682,2020,QB,EFFICIENCY_REGRESSION,1.0,1,1,HIGH_LOCKED_LAGGED_PBP,development
00-0026143,2020,QB,EFFICIENCY_REGRESSION,1.0,1,1,HIGH_LOCKED_LAGGED_PBP,development
00-0026158,2020,QB,EFFICIENCY_REGRESSION,0.9230769230769231,1,1,HIGH_LOCKED_LAGGED_PBP,development
00-0026498,2020,QB,EFFICIENCY_REGRESSION,0.9230769230769231,1,1,HIGH_LOCKED_LAGGED_PBP,development
00-0026544,2020,QB,EFFICIENCY_REGRESSION,0.9230769230769231,1,1,HIGH_LOCKED_LAGGED_PBP,development
00-0026625,2020,QB,EFFICIENCY_REGRESSION,0.5384615384615384,0,1,HIGH_LOCKED_LAGGED_PBP,development
00-0027688,2020,QB,EFFICIENCY_REGRESSION,0.5384615384615384,0,1,HIGH_LOCKED_LAGGED_PBP,development
00-0027939,2020,QB,EFFICIENCY_REGRESSION,0.9230769230769231,1,1,HIGH_LOCKED_LAGGED_PBP,development
00-0027973,2020,QB,EFFICIENCY_REGRESSION,1.0,1,1,HIGH_LOCKED_LAGGED_PBP,development
00-0028118,2020,QB,EFFICIENCY_REGRESSION,0.5384615384615384,0,1,HIGH_LOCKED_LAGGED_PBP,development
00-0028986,2020,QB,EFFICIENCY_REGRESSION,0.9230769230769231,1,1,HIGH_LOCKED_LAGGED_PBP,development
00-0029567,2020,QB,EFFICIENCY_REGRESSION,0.5384615384615384,0,1,HIGH_LOCKED_LAGGED_PBP,development
00-0029665,2020,QB,EFFICIENCY_REGRESSION,0.9230769230769231,1,1,HIGH_LOCKED_LAGGED_PBP,development
00-0030520,2020,QB,EFFICIENCY_REGRESSION,0.5384615384615384,0,1,HIGH_LOCKED_LAGGED_PBP,development
00-0030533,2020,QB,EFFICIENCY_REGRESSION,0.5384615384615384,0,1,HIGH_LOCKED_LAGGED_PBP,development
00-0031237,2020,QB,EFFICIENCY_REGRESSION,1.0,1,1,HIGH_LOCKED_LAGGED_PBP,development
00-0031280,2020,QB,EFFICIENCY_REGRESSION,0.9230769230769231,1,1,HIGH_LOCKED_LAGGED_PBP,development
00-0031288,2020,QB,EFFICIENCY_REGRESSION,0.9230769230769231,1,1,HIGH_LOCKED_LAGGED_PBP,development
00-0031395,2020,QB,EFFICIENCY_REGRESSION,0.0,0,1,HIGH_LOCKED_LAGGED_PBP,development
00-0032434,2020,QB,EFFICIENCY_REGRESSION,0.9230769230769231,1,1,HIGH_LOCKED_LAGGED_PBP,development
00-0032436,2020,QB,EFFICIENCY_REGRESSION,0.9230769230769231,1,1,HIGH_LOCKED_LAGGED_PBP,development
00-0033077,2020,QB,EFFICIENCY_REGRESSION,1.0,1,1,HIGH_LOCKED_LAGGED_PBP,development
00-0033319,2020,QB,EFFICIENCY_REGRESSION,0.0,0,0,HIGH_LOCKED_LAGGED_PBP,development
00-0034177,2020,QB,EFFICIENCY_REGRESSION,0.0,0,1,HIGH_LOCKED_LAGGED_PBP,development
00-0034577,2020,QB,EFFICIENCY_REGRESSION,1.0,1,1,HIGH_LOCKED_LAGGED_PBP,development
00-0034771,2020,QB,EFFICIENCY_REGRESSION,0.9230769230769231,1,1,HIGH_LOCKED_LAGGED_PBP,development
00-0034869,2020,QB,EFFICIENCY_REGRESSION,1.0,1,1,HIGH_LOCKED_LAGGED_PBP,development
00-0035040,2020,QB,EFFICIENCY_REGRESSION,0.9230769230769231,1,1,HIGH_LOCKED_LAGGED_PBP,development
00-0035146,2020,QB,EFFICIENCY_REGRESSION,0.0,0,1,HIGH_LOCKED_LAGGED_PBP,development
00-0035228,2020,QB,EFFICIENCY_REGRESSION,1.0,1,1,HIGH_LOCKED_LAGGED_PBP,development
00-0035232,2020,QB,EFFICIENCY_REGRESSION,0.9230769230769231,1,1,HIGH_LOCKED_LAGGED_PBP,development
00-0035264,2020,QB,EFFICIENCY_REGRESSION,0.5384615384615384,0,1,HIGH_LOCKED_LAGGED_PBP,development
00-0035289,2020,QB,EFFICIENCY_REGRESSION,1.0,1,1,HIGH_LOCKED_LAGGED_PBP,development
00-0035652,2020,QB,EFFICIENCY_REGRESSION,0.9230769230769231,1,1,HIGH_LOCKED_LAGGED_PBP,development
00-0035704,2020,QB,EFFICIENCY_REGRESSION,0.9230769230769231,1,1,HIGH_LOCKED_LAGGED_PBP,development
00-0035710,2020,QB,EFFICIENCY_REGRESSION,1.0,1,1,HIGH_LOCKED_LAGGED_PBP,development
00-0025394,2020,RB,EFFICIENCY_REGRESSION,0.9230769230769231,1,1,HIGH_LOCKED_LAGGED_PBP,development
00-0027029,2020,RB,EFFICIENCY_REGRESSION,1.0,1,1,HIGH_LOCKED_LAGGED_PBP,development
00-0029141,2020,RB,EFFICIENCY_REGRESSION,0.0,0,1,HIGH_LOCKED_LAGGED_PBP,development
00-0030404,2020,RB,EFFICIENCY_REGRESSION,1.0,1,1,HIGH_LOCKED_LAGGED_PBP,development
00-0030456,2020,RB,EFFICIENCY_REGRESSION,1.0,1,1,HIGH_LOCKED_LAGGED_PBP,development
00-0030465,2020,RB,EFFICIENCY_REGRESSION,0.46153846153846156,0,1,HIGH_LOCKED_LAGGED_PBP,development
00-0031209,2020,RB,EFFICIENCY_REGRESSION,0.0,0,1,HIGH_LOCKED_LAGGED_PBP,development
00-0031285,2020,RB,EFFICIENCY_REGRESSION,1.0,1,1,HIGH_LOCKED_LAGGED_PBP,development
00-0032063,2020,RB,EFFICIENCY_REGRESSION,0.8461538461538461,1,1,HIGH_LOCKED_LAGGED_PBP,development
00-0032144,2020,RB,EFFICIENCY_REGRESSION,1.0,1,1,HIGH_LOCKED_LAGGED_PBP,development
00-0032187,2020,RB,EFFICIENCY_REGRESSION,1.0,1,1,HIGH_LOCKED_LAGGED_PBP,development
00-0032241,2020,RB,EFFICIENCY_REGRESSION,1.0,1,1,HIGH_LOCKED_LAGGED_PBP,development
00-0032393,2020,RB,EFFICIENCY_REGRESSION,0.9230769230769231,1,1,HIGH_LOCKED_LAGGED_PBP,development
00-0032577,2020,RB,EFFICIENCY_REGRESSION,0.0,0,0,HIGH_LOCKED_LAGGED_PBP,development
00-0032780,2020,RB,EFFICIENCY_REGRESSION,0.9230769230769231,1,1,HIGH_LOCKED_LAGGED_PBP,development
00-0032940,2020,RB,EFFICIENCY_REGRESSION,1.0,1,1,HIGH_LOCKED_LAGGED_PBP,development
00-0032972,2020,RB,EFFICIENCY_REGRESSION,0.46153846153846156,0,1,HIGH_LOCKED_LAGGED_PBP,development
00-0032975,2020,RB,EFFICIENCY_REGRESSION,0.9230769230769231,1,1,HIGH_LOCKED_LAGGED_PBP,development
00-0033025,2020,RB,EFFICIENCY_REGRESSION,0.8461538461538461,1,1,HIGH_LOCKED_LAGGED_PBP,development
00-0033045,2020,RB,EFFICIENCY_REGRESSION,1.0,1,1,HIGH_LOCKED_LAGGED_PBP,development
00-0033118,2020,RB,EFFICIENCY_REGRESSION,1.0,1,1,HIGH_LOCKED_LAGGED_PBP,development
00-0033164,2020,RB,EFFICIENCY_REGRESSION,0.38461538461538464,0,1,HIGH_LOCKED_LAGGED_PBP,development
00-0033280,2020,RB,EFFICIENCY_REGRESSION,1.0,1,1,HIGH_LOCKED_LAGGED_PBP,development
00-0033296,2020,RB,EFFICIENCY_REGRESSION,0.38461538461538464,0,1,HIGH_LOCKED_LAGGED_PBP,development
00-0033526,2020,RB,EFFICIENCY_REGRESSION,0.38461538461538464,0,1,HIGH_LOCKED_LAGGED_PBP,development
00-0033556,2020,RB,EFFICIENCY_REGRESSION,1.0,1,1,HIGH_LOCKED_LAGGED_PBP,development
00-0033567,2020,RB,EFFICIENCY_REGRESSION,0.9230769230769231,1,1,HIGH_LOCKED_LAGGED_PBP,development
00-0033699,2020,RB,EFFICIENCY_REGRESSION,1.0,1,1,HIGH_LOCKED_LAGGED_PBP,development
00-0033725,2020,RB,EFFICIENCY_REGRESSION,0.0,0,0,HIGH_LOCKED_LAGGED_PBP,development
00-0033838,2020,RB,EFFICIENCY_REGRESSION,0.8461538461538461,1,1,HIGH_LOCKED_LAGGED_PBP,development
00-0033854,2020,RB,EFFICIENCY_REGRESSION,1.0,1,1,HIGH_LOCKED_LAGGED_PBP,development
00-0033897,2020,RB,EFFICIENCY_REGRESSION,1.0,1,1,HIGH_LOCKED_LAGGED_PBP,development
00-0033950,2020,RB,EFFICIENCY_REGRESSION,0.9230769230769231,1,1,HIGH_LOCKED_LAGGED_PBP,development
00-0033951,2020,RB,EFFICIENCY_REGRESSION,0.9230769230769231,1,1,HIGH_LOCKED_LAGGED_PBP,development
00-0034109,2020,RB,EFFICIENCY_REGRESSION,1.0,1,1,HIGH_LOCKED_LAGGED_PBP,development
00-0034164,2020,RB,EFFICIENCY_REGRESSION,0.0,0,0,HIGH_LOCKED_LAGGED_PBP,development
00-0034253,2020,RB,EFFICIENCY_REGRESSION,0.9230769230769231,1,1,HIGH_LOCKED_LAGGED_PBP,development
00-0034331,2020,RB,EFFICIENCY_REGRESSION,1.0,1,1,HIGH_LOCKED_LAGGED_PBP,development
00-0034349,2020,RB,EFFICIENCY_REGRESSION,0.9230769230769231,1,1,HIGH_LOCKED_LAGGED_PBP,development
00-0034378,2020,RB,EFFICIENCY_REGRESSION,0.9230769230769231,1,1,HIGH_LOCKED_LAGGED_PBP,development
00-0034400,2020,RB,EFFICIENCY_REGRESSION,0.9230769230769231,1,1,HIGH_LOCKED_LAGGED_PBP,development
00-0034432,2020,RB,EFFICIENCY_REGRESSION,0.46153846153846156,0,1,HIGH_LOCKED_LAGGED_PBP,development
00-0034440,2020,RB,EFFICIENCY_REGRESSION,0.9230769230769231,1,1,HIGH_LOCKED_LAGGED_PBP,development
00-0034457,2020,RB,EFFICIENCY_REGRESSION,0.38461538461538464,0,1,HIGH_LOCKED_LAGGED_PBP,development
00-0034578,2020,RB,EFFICIENCY_REGRESSION,0.8461538461538461,1,1,HIGH_LOCKED_LAGGED_PBP,development
00-0034681,2020,RB,EFFICIENCY_REGRESSION,1.0,1,1,HIGH_LOCKED_LAGGED_PBP,development
00-0034750,2020,RB,EFFICIENCY_REGRESSION,0.9230769230769231,1,1,HIGH_LOCKED_LAGGED_PBP,development
00-0034799,2020,RB,EFFICIENCY_REGRESSION,1.0,1,1,HIGH_LOCKED_LAGGED_PBP,development
00-0034838,2020,RB,EFFICIENCY_REGRESSION,1.0,1,1,HIGH_LOCKED_LAGGED_PBP,development
00-0034844,2020,RB,EFFICIENCY_REGRESSION,1.0,1,1,HIGH_LOCKED_LAGGED_PBP,development
00-0034995,2020,RB,EFFICIENCY_REGRESSION,0.38461538461538464,0,1,HIGH_LOCKED_LAGGED_PBP,development
00-0035184,2020,RB,EFFICIENCY_REGRESSION,0.8461538461538461,1,1,HIGH_LOCKED_LAGGED_PBP,development
00-0035261,2020,RB,EFFICIENCY_REGRESSION,0.9230769230769231,1,1,HIGH_LOCKED_LAGGED_PBP,development
00-0035273,2020,RB,EFFICIENCY_REGRESSION,0.46153846153846156,0,1,HIGH_LOCKED_LAGGED_PBP,development
00-0035311,2020,RB,EFFICIENCY_REGRESSION,0.9230769230769231,1,1,HIGH_LOCKED_LAGGED_PBP,development
00-0035342,2020,RB,EFFICIENCY_REGRESSION,1.0,1,1,HIGH_LOCKED_LAGGED_PBP,development
00-0035537,2020,RB,EFFICIENCY_REGRESSION,0.9230769230769231,1,1,HIGH_LOCKED_LAGGED_PBP,development
00-0035551,2020,RB,EFFICIENCY_REGRESSION,0.38461538461538464,0,1,HIGH_LOCKED_LAGGED_PBP,development
00-0035657,2020,RB,EFFICIENCY_REGRESSION,0.0,0,1,HIGH_LOCKED_LAGGED_PBP,development
00-0035664,2020,RB,EFFICIENCY_REGRESSION,0.8461538461538461,1,1,HIGH_LOCKED_LAGGED_PBP,development
00-0035700,2020,RB,EFFICIENCY_REGRESSION,0.9230769230769231,1,1,HIGH_LOCKED_LAGGED_PBP,development
00-0035726,2020,RB,EFFICIENCY_REGRESSION,0.0,0,1,HIGH_LOCKED_LAGGED_PBP,development
00-0022921,2020,WR,EFFICIENCY_REGRESSION,1.0,1,1,HIGH_LOCKED_LAGGED_PBP,development
00-0026035,2020,WR,EFFICIENCY_REGRESSION,1.0,1,1,HIGH_LOCKED_LAGGED_PBP,development
00-0026189,2020,WR,EFFICIENCY_REGRESSION,0.8571428571428571,1,1,HIGH_LOCKED_LAGGED_PBP,development
00-0027891,2020,WR,EFFICIENCY_REGRESSION,1.0,1,1,HIGH_LOCKED_LAGGED_PBP,development
00-0027944,2020,WR,EFFICIENCY_REGRESSION,1.0,1,1,HIGH_LOCKED_LAGGED_PBP,development
00-0028002,2020,WR,EFFICIENCY_REGRESSION,1.0,1,1,HIGH_LOCKED_LAGGED_PBP,development
00-0028114,2020,WR,EFFICIENCY_REGRESSION,0.0,0,1,HIGH_LOCKED_LAGGED_PBP,development
00-0028237,2020,WR,EFFICIENCY_REGRESSION,0.8571428571428571,1,1,HIGH_LOCKED_LAGGED_PBP,development
00-0028411,2020,WR,EFFICIENCY_REGRESSION,0.8571428571428571,1,1,HIGH_LOCKED_LAGGED_PBP,development
00-0029137,2020,WR,EFFICIENCY_REGRESSION,1.0,1,1,HIGH_LOCKED_LAGGED_PBP,development
00-0029293,2020,WR,EFFICIENCY_REGRESSION,1.0,1,1,HIGH_LOCKED_LAGGED_PBP,development
00-0030279,2020,WR,EFFICIENCY_REGRESSION,1.0,1,1,HIGH_LOCKED_LAGGED_PBP,development
00-0030670,2020,WR,EFFICIENCY_REGRESSION,1.0,1,1,HIGH_LOCKED_LAGGED_PBP,development
00-0031235,2020,WR,EFFICIENCY_REGRESSION,1.0,1,1,HIGH_LOCKED_LAGGED_PBP,development
00-0031236,2020,WR,EFFICIENCY_REGRESSION,1.0,1,1,HIGH_LOCKED_LAGGED_PBP,development
00-0031319,2020,WR,EFFICIENCY_REGRESSION,0.8571428571428571,1,1,HIGH_LOCKED_LAGGED_PBP,development
00-0031339,2020,WR,EFFICIENCY_REGRESSION,0.8571428571428571,1,1,HIGH_LOCKED_LAGGED_PBP,development
00-0031544,2020,WR,EFFICIENCY_REGRESSION,1.0,1,1,HIGH_LOCKED_LAGGED_PBP,development
00-0031547,2020,WR,EFFICIENCY_REGRESSION,1.0,1,1,HIGH_LOCKED_LAGGED_PBP,development
00-0031549,2020,WR,EFFICIENCY_REGRESSION,1.0,1,1,HIGH_LOCKED_LAGGED_PBP,development
00-0031868,2020,WR,EFFICIENCY_REGRESSION,0.8571428571428571,1,1,HIGH_LOCKED_LAGGED_PBP,development
00-0031941,2020,WR,EFFICIENCY_REGRESSION,1.0,1,1,HIGH_LOCKED_LAGGED_PBP,development
00-0032054,2020,WR,EFFICIENCY_REGRESSION,0.8571428571428571,1,1,HIGH_LOCKED_LAGGED_PBP,development
00-0032128,2020,WR,EFFICIENCY_REGRESSION,1.0,1,1,HIGH_LOCKED_LAGGED_PBP,development
00-0032385,2020,WR,EFFICIENCY_REGRESSION,1.0,1,1,HIGH_LOCKED_LAGGED_PBP,development
00-0032543,2020,WR,EFFICIENCY_REGRESSION,1.0,1,1,HIGH_LOCKED_LAGGED_PBP,development
00-0032688,2020,WR,EFFICIENCY_REGRESSION,1.0,1,1,HIGH_LOCKED_LAGGED_PBP,development
00-0032791,2020,WR,EFFICIENCY_REGRESSION,0.8571428571428571,1,1,HIGH_LOCKED_LAGGED_PBP,development
00-0032951,2020,WR,EFFICIENCY_REGRESSION,0.8571428571428571,1,1,HIGH_LOCKED_LAGGED_PBP,development
00-0032980,2020,WR,EFFICIENCY_REGRESSION,0.8571428571428571,1,1,HIGH_LOCKED_LAGGED_PBP,development
00-0033009,2020,WR,EFFICIENCY_REGRESSION,1.0,1,1,HIGH_LOCKED_LAGGED_PBP,development
00-0033094,2020,WR,EFFICIENCY_REGRESSION,0.8571428571428571,1,1,HIGH_LOCKED_LAGGED_PBP,development
00-0033111,2020,WR,EFFICIENCY_REGRESSION,0.8571428571428571,1,1,HIGH_LOCKED_LAGGED_PBP,development
00-0033114,2020,WR,EFFICIENCY_REGRESSION,0.8571428571428571,1,1,HIGH_LOCKED_LAGGED_PBP,development
00-0033215,2020,WR,EFFICIENCY_REGRESSION,0.0,0,1,HIGH_LOCKED_LAGGED_PBP,development
00-0033266,2020,WR,EFFICIENCY_REGRESSION,0.0,0,0,HIGH_LOCKED_LAGGED_PBP,development
00-0033282,2020,WR,EFFICIENCY_REGRESSION,1.0,1,1,HIGH_LOCKED_LAGGED_PBP,development
00-0033367,2020,WR,EFFICIENCY_REGRESSION,0.0,0,1,HIGH_LOCKED_LAGGED_PBP,development
00-0033375,2020,WR,EFFICIENCY_REGRESSION,1.0,1,1,HIGH_LOCKED_LAGGED_PBP,development
00-0033382,2020,WR,EFFICIENCY_REGRESSION,0.0,0,1,HIGH_LOCKED_LAGGED_PBP,development
00-0033386,2020,WR,EFFICIENCY_REGRESSION,0.0,0,1,HIGH_LOCKED_LAGGED_PBP,development
00-0033460,2020,WR,EFFICIENCY_REGRESSION,0.8571428571428571,1,1,HIGH_LOCKED_LAGGED_PBP,development
00-0033471,2020,WR,EFFICIENCY_REGRESSION,1.0,1,1,HIGH_LOCKED_LAGGED_PBP,development
00-0033474,2020,WR,EFFICIENCY_REGRESSION,0.0,0,0,HIGH_LOCKED_LAGGED_PBP,development
00-0033536,2020,WR,EFFICIENCY_REGRESSION,1.0,1,1,HIGH_LOCKED_LAGGED_PBP,development
00-0033555,2020,WR,EFFICIENCY_REGRESSION,1.0,1,1,HIGH_LOCKED_LAGGED_PBP,development
00-0033572,2020,WR,EFFICIENCY_REGRESSION,0.0,0,1,HIGH_LOCKED_LAGGED_PBP,development
00-0033681,2020,WR,EFFICIENCY_REGRESSION,1.0,1,1,HIGH_LOCKED_LAGGED_PBP,development
00-0033839,2020,WR,EFFICIENCY_REGRESSION,1.0,1,1,HIGH_LOCKED_LAGGED_PBP,development
00-0033891,2020,WR,EFFICIENCY_REGRESSION,1.0,1,1,HIGH_LOCKED_LAGGED_PBP,development
00-0033911,2020,WR,EFFICIENCY_REGRESSION,0.0,0,1,HIGH_LOCKED_LAGGED_PBP,development
00-0033932,2020,WR,EFFICIENCY_REGRESSION,1.0,1,1,HIGH_LOCKED_LAGGED_PBP,development
00-0034052,2020,WR,EFFICIENCY_REGRESSION,0.8571428571428571,1,1,HIGH_LOCKED_LAGGED_PBP,development
00-0034081,2020,WR,EFFICIENCY_REGRESSION,0.8571428571428571,1,1,HIGH_LOCKED_LAGGED_PBP,development
00-0034132,2020,WR,EFFICIENCY_REGRESSION,0.8571428571428571,1,1,HIGH_LOCKED_LAGGED_PBP,development
00-0034267,2020,WR,EFFICIENCY_REGRESSION,0.0,0,1,HIGH_LOCKED_LAGGED_PBP,development
00-0034273,2020,WR,EFFICIENCY_REGRESSION,1.0,1,1,HIGH_LOCKED_LAGGED_PBP,development
00-0034309,2020,WR,EFFICIENCY_REGRESSION,0.0,0,1,HIGH_LOCKED_LAGGED_PBP,development
00-0034339,2020,WR,EFFICIENCY_REGRESSION,1.0,1,1,HIGH_LOCKED_LAGGED_PBP,development
00-0034348,2020,WR,EFFICIENCY_REGRESSION,1.0,1,1,HIGH_LOCKED_LAGGED_PBP,development
00-0034366,2020,WR,EFFICIENCY_REGRESSION,0.8571428571428571,1,1,HIGH_LOCKED_LAGGED_PBP,development
00-0034370,2020,WR,EFFICIENCY_REGRESSION,1.0,1,1,HIGH_LOCKED_LAGGED_PBP,development
00-0034411,2020,WR,EFFICIENCY_REGRESSION,1.0,1,1,HIGH_LOCKED_LAGGED_PBP,development
00-0034418,2020,WR,EFFICIENCY_REGRESSION,0.8571428571428571,1,1,HIGH_LOCKED_LAGGED_PBP,development
00-0034419,2020,WR,EFFICIENCY_REGRESSION,0.8571428571428571,1,1,HIGH_LOCKED_LAGGED_PBP,development
00-0034487,2020,WR,EFFICIENCY_REGRESSION,0.8571428571428571,1,1,HIGH_LOCKED_LAGGED_PBP,development
00-0034510,2020,WR,EFFICIENCY_REGRESSION,0.8571428571428571,1,1,HIGH_LOCKED_LAGGED_PBP,development
00-0034631,2020,WR,EFFICIENCY_REGRESSION,0.8571428571428571,1,1,HIGH_LOCKED_LAGGED_PBP,development
00-0034660,2020,WR,EFFICIENCY_REGRESSION,0.0,0,1,HIGH_LOCKED_LAGGED_PBP,development
00-0034686,2020,WR,EFFICIENCY_REGRESSION,1.0,1,1,HIGH_LOCKED_LAGGED_PBP,development
00-0034764,2020,WR,EFFICIENCY_REGRESSION,1.0,1,1,HIGH_LOCKED_LAGGED_PBP,development
00-0034772,2020,WR,EFFICIENCY_REGRESSION,1.0,1,1,HIGH_LOCKED_LAGGED_PBP,development
00-0034775,2020,WR,EFFICIENCY_REGRESSION,1.0,1,1,HIGH_LOCKED_LAGGED_PBP,development
00-0034777,2020,WR,EFFICIENCY_REGRESSION,1.0,1,1,HIGH_LOCKED_LAGGED_PBP,development
00-0034827,2020,WR,EFFICIENCY_REGRESSION,1.0,1,1,HIGH_LOCKED_LAGGED_PBP,development
00-0034837,2020,WR,EFFICIENCY_REGRESSION,1.0,1,1,HIGH_LOCKED_LAGGED_PBP,development
00-0034854,2020,WR,EFFICIENCY_REGRESSION,0.8571428571428571,1,1,HIGH_LOCKED_LAGGED_PBP,development
00-0034860,2020,WR,EFFICIENCY_REGRESSION,0.8571428571428571,1,1,HIGH_LOCKED_LAGGED_PBP,development
00-0034960,2020,WR,EFFICIENCY_REGRESSION,0.8571428571428571,1,1,HIGH_LOCKED_LAGGED_PBP,development
00-0034983,2020,WR,EFFICIENCY_REGRESSION,1.0,1,1,HIGH_LOCKED_LAGGED_PBP,development
00-0035021,2020,WR,EFFICIENCY_REGRESSION,0.0,0,1,HIGH_LOCKED_LAGGED_PBP,development
00-0035181,2020,WR,EFFICIENCY_REGRESSION,0.0,0,1,HIGH_LOCKED_LAGGED_PBP,development
00-0035208,2020,WR,EFFICIENCY_REGRESSION,0.8571428571428571,1,1,HIGH_LOCKED_LAGGED_PBP,development
00-0035246,2020,WR,EFFICIENCY_REGRESSION,0.8571428571428571,1,1,HIGH_LOCKED_LAGGED_PBP,development
00-0035287,2020,WR,EFFICIENCY_REGRESSION,1.0,1,1,HIGH_LOCKED_LAGGED_PBP,development
00-0035350,2020,WR,EFFICIENCY_REGRESSION,1.0,1,1,HIGH_LOCKED_LAGGED_PBP,development
00-0035399,2020,WR,EFFICIENCY_REGRESSION,0.8571428571428571,1,1,HIGH_LOCKED_LAGGED_PBP,development
00-0035414,2020,WR,EFFICIENCY_REGRESSION,0.0,0,1,HIGH_LOCKED_LAGGED_PBP,development
00-0035510,2020,WR,EFFICIENCY_REGRESSION,0.0,0,1,HIGH_LOCKED_LAGGED_PBP,development
00-0035527,2020,WR,EFFICIENCY_REGRESSION,0.8571428571428571,1,1,HIGH_LOCKED_LAGGED_PBP,development
00-0035535,2020,WR,EFFICIENCY_REGRESSION,1.0,1,1,HIGH_LOCKED_LAGGED_PBP,development
00-0035592,2020,WR,EFFICIENCY_REGRESSION,0.0,0,1,HIGH_LOCKED_LAGGED_PBP,development
00-0035639,2020,WR,EFFICIENCY_REGRESSION,1.0,1,1,HIGH_LOCKED_LAGGED_PBP,development
00-0035645,2020,WR,EFFICIENCY_REGRESSION,0.0,0,1,HIGH_LOCKED_LAGGED_PBP,development
00-0022127,2020,TE,EFFICIENCY_REGRESSION,1.0,1,1,HIGH_LOCKED_LAGGED_PBP,development
00-0025418,2020,TE,EFFICIENCY_REGRESSION,1.0,1,1,HIGH_LOCKED_LAGGED_PBP,development
00-0028042,2020,TE,EFFICIENCY_REGRESSION,0.8571428571428571,1,1,HIGH_LOCKED_LAGGED_PBP,development
00-0028142,2020,TE,EFFICIENCY_REGRESSION,0.8571428571428571,1,1,HIGH_LOCKED_LAGGED_PBP,development
00-0029119,2020,TE,EFFICIENCY_REGRESSION,0.8571428571428571,1,1,HIGH_LOCKED_LAGGED_PBP,development
00-0030108,2020,TE,EFFICIENCY_REGRESSION,1.0,1,1,HIGH_LOCKED_LAGGED_PBP,development
00-0030443,2020,TE,EFFICIENCY_REGRESSION,0.0,0,1,HIGH_LOCKED_LAGGED_PBP,development
00-0030549,2020,TE,EFFICIENCY_REGRESSION,1.0,1,1,HIGH_LOCKED_LAGGED_PBP,development
00-0031484,2020,TE,EFFICIENCY_REGRESSION,0.0,0,1,HIGH_LOCKED_LAGGED_PBP,development
00-0031558,2020,TE,EFFICIENCY_REGRESSION,0.8571428571428571,1,1,HIGH_LOCKED_LAGGED_PBP,development
00-0031610,2020,TE,EFFICIENCY_REGRESSION,1.0,1,1,HIGH_LOCKED_LAGGED_PBP,development
00-0031690,2020,TE,EFFICIENCY_REGRESSION,0.0,0,1,HIGH_LOCKED_LAGGED_PBP,development
00-0031951,2020,TE,EFFICIENCY_REGRESSION,0.8571428571428571,1,1,HIGH_LOCKED_LAGGED_PBP,development
00-0032098,2020,TE,EFFICIENCY_REGRESSION,0.8571428571428571,1,1,HIGH_LOCKED_LAGGED_PBP,development
00-0032134,2020,TE,EFFICIENCY_REGRESSION,1.0,1,1,HIGH_LOCKED_LAGGED_PBP,development
00-0032135,2020,TE,EFFICIENCY_REGRESSION,0.8571428571428571,1,1,HIGH_LOCKED_LAGGED_PBP,development
00-0032394,2020,TE,EFFICIENCY_REGRESSION,0.8571428571428571,1,1,HIGH_LOCKED_LAGGED_PBP,development
00-0032986,2020,TE,EFFICIENCY_REGRESSION,0.8571428571428571,1,1,HIGH_LOCKED_LAGGED_PBP,development
00-0033080,2020,TE,EFFICIENCY_REGRESSION,0.8571428571428571,1,1,HIGH_LOCKED_LAGGED_PBP,development
00-0033090,2020,TE,EFFICIENCY_REGRESSION,1.0,1,1,HIGH_LOCKED_LAGGED_PBP,development
00-0033258,2020,TE,EFFICIENCY_REGRESSION,0.0,0,1,HIGH_LOCKED_LAGGED_PBP,development
00-0033338,2020,TE,EFFICIENCY_REGRESSION,0.0,0,1,HIGH_LOCKED_LAGGED_PBP,development
00-0033421,2020,TE,EFFICIENCY_REGRESSION,0.0,0,1,HIGH_LOCKED_LAGGED_PBP,development
00-0033439,2020,TE,EFFICIENCY_REGRESSION,0.0,0,1,HIGH_LOCKED_LAGGED_PBP,development
00-0033576,2020,TE,EFFICIENCY_REGRESSION,0.0,0,1,HIGH_LOCKED_LAGGED_PBP,development
00-0033658,2020,TE,EFFICIENCY_REGRESSION,0.8571428571428571,1,1,HIGH_LOCKED_LAGGED_PBP,development
00-0033879,2020,TE,EFFICIENCY_REGRESSION,1.0,1,1,HIGH_LOCKED_LAGGED_PBP,development
00-0033881,2020,TE,EFFICIENCY_REGRESSION,1.0,1,1,HIGH_LOCKED_LAGGED_PBP,development
00-0033896,2020,TE,EFFICIENCY_REGRESSION,0.8571428571428571,1,1,HIGH_LOCKED_LAGGED_PBP,development
00-0034011,2020,TE,EFFICIENCY_REGRESSION,0.8571428571428571,1,1,HIGH_LOCKED_LAGGED_PBP,development
00-0034073,2020,TE,EFFICIENCY_REGRESSION,0.8571428571428571,1,1,HIGH_LOCKED_LAGGED_PBP,development
00-0034364,2020,TE,EFFICIENCY_REGRESSION,1.0,1,1,HIGH_LOCKED_LAGGED_PBP,development
00-0034365,2020,TE,EFFICIENCY_REGRESSION,0.8571428571428571,1,1,HIGH_LOCKED_LAGGED_PBP,development
00-0034383,2020,TE,EFFICIENCY_REGRESSION,0.0,0,1,HIGH_LOCKED_LAGGED_PBP,development
00-0034393,2020,TE,EFFICIENCY_REGRESSION,0.8571428571428571,1,1,HIGH_LOCKED_LAGGED_PBP,development
00-0034439,2020,TE,EFFICIENCY_REGRESSION,0.8571428571428571,1,1,HIGH_LOCKED_LAGGED_PBP,development
00-0034766,2020,TE,EFFICIENCY_REGRESSION,0.0,0,1,HIGH_LOCKED_LAGGED_PBP,development
00-0034788,2020,TE,EFFICIENCY_REGRESSION,0.8571428571428571,1,1,HIGH_LOCKED_LAGGED_PBP,development
00-0034798,2020,TE,EFFICIENCY_REGRESSION,0.8571428571428571,1,1,HIGH_LOCKED_LAGGED_PBP,development
00-0034829,2020,TE,EFFICIENCY_REGRESSION,1.0,1,1,HIGH_LOCKED_LAGGED_PBP,development
00-0034981,2020,TE,EFFICIENCY_REGRESSION,1.0,1,1,HIGH_LOCKED_LAGGED_PBP,development
00-0034988,2020,TE,EFFICIENCY_REGRESSION,1.0,1,1,HIGH_LOCKED_LAGGED_PBP,development
00-0035039,2020,TE,EFFICIENCY_REGRESSION,0.8571428571428571,1,1,HIGH_LOCKED_LAGGED_PBP,development
00-0035229,2020,TE,EFFICIENCY_REGRESSION,1.0,1,1,HIGH_LOCKED_LAGGED_PBP,development
00-0035259,2020,TE,EFFICIENCY_REGRESSION,0.0,0,1,HIGH_LOCKED_LAGGED_PBP,development
00-0035539,2020,TE,EFFICIENCY_REGRESSION,0.0,0,1,HIGH_LOCKED_LAGGED_PBP,development
00-0035631,2020,TE,EFFICIENCY_REGRESSION,0.8571428571428571,1,1,HIGH_LOCKED_LAGGED_PBP,development
00-0035644,2020,TE,EFFICIENCY_REGRESSION,1.0,1,1,HIGH_LOCKED_LAGGED_PBP,development
00-0023682,2021,QB,EFFICIENCY_REGRESSION,1.0,1,1,HIGH_LOCKED_LAGGED_PBP,development
00-0026143,2021,QB,EFFICIENCY_REGRESSION,1.0,1,1,HIGH_LOCKED_LAGGED_PBP,development
00-0026158,2021,QB,EFFICIENCY_REGRESSION,0.9230769230769231,1,1,HIGH_LOCKED_LAGGED_PBP,development
00-0026544,2021,QB,EFFICIENCY_REGRESSION,0.5384615384615384,0,1,HIGH_LOCKED_LAGGED_PBP,development
00-0026625,2021,QB,EFFICIENCY_REGRESSION,0.5384615384615384,0,1,HIGH_LOCKED_LAGGED_PBP,development
00-0027688,2021,QB,EFFICIENCY_REGRESSION,0.9230769230769231,1,1,HIGH_LOCKED_LAGGED_PBP,development
00-0027939,2021,QB,EFFICIENCY_REGRESSION,1.0,1,1,HIGH_LOCKED_LAGGED_PBP,development
00-0027948,2021,QB,EFFICIENCY_REGRESSION,0.5384615384615384,0,1,HIGH_LOCKED_LAGGED_PBP,development
00-0027973,2021,QB,EFFICIENCY_REGRESSION,0.9230769230769231,1,1,HIGH_LOCKED_LAGGED_PBP,development
00-0028118,2021,QB,EFFICIENCY_REGRESSION,0.9230769230769231,1,1,HIGH_LOCKED_LAGGED_PBP,development
00-0028986,2021,QB,EFFICIENCY_REGRESSION,0.5384615384615384,0,1,HIGH_LOCKED_LAGGED_PBP,development
00-0029567,2021,QB,EFFICIENCY_REGRESSION,0.9230769230769231,1,1,HIGH_LOCKED_LAGGED_PBP,development
00-0029604,2021,QB,EFFICIENCY_REGRESSION,1.0,1,1,HIGH_LOCKED_LAGGED_PBP,development
00-0030520,2021,QB,EFFICIENCY_REGRESSION,0.9230769230769231,1,1,HIGH_LOCKED_LAGGED_PBP,development
00-0030565,2021,QB,EFFICIENCY_REGRESSION,0.5384615384615384,0,1,HIGH_LOCKED_LAGGED_PBP,development
00-0031237,2021,QB,EFFICIENCY_REGRESSION,1.0,1,1,HIGH_LOCKED_LAGGED_PBP,development
00-0031395,2021,QB,EFFICIENCY_REGRESSION,0.5384615384615384,0,1,HIGH_LOCKED_LAGGED_PBP,development
00-0032268,2021,QB,EFFICIENCY_REGRESSION,0.9230769230769231,1,1,HIGH_LOCKED_LAGGED_PBP,development
00-0032434,2021,QB,EFFICIENCY_REGRESSION,0.9230769230769231,1,1,HIGH_LOCKED_LAGGED_PBP,development
00-0032950,2021,QB,EFFICIENCY_REGRESSION,1.0,1,1,HIGH_LOCKED_LAGGED_PBP,development
00-0033275,2021,QB,EFFICIENCY_REGRESSION,0.5384615384615384,0,1,HIGH_LOCKED_LAGGED_PBP,development
00-0033319,2021,QB,EFFICIENCY_REGRESSION,0.5384615384615384,0,1,HIGH_LOCKED_LAGGED_PBP,development
00-0033936,2021,QB,EFFICIENCY_REGRESSION,0.9230769230769231,1,1,HIGH_LOCKED_LAGGED_PBP,development
00-0033958,2021,QB,EFFICIENCY_REGRESSION,0.5384615384615384,0,1,HIGH_LOCKED_LAGGED_PBP,development
00-0034177,2021,QB,EFFICIENCY_REGRESSION,0.0,0,1,HIGH_LOCKED_LAGGED_PBP,development
00-0034438,2021,QB,EFFICIENCY_REGRESSION,0.0,0,1,HIGH_LOCKED_LAGGED_PBP,development
00-0034577,2021,QB,EFFICIENCY_REGRESSION,0.9230769230769231,1,1,HIGH_LOCKED_LAGGED_PBP,development
00-0034771,2021,QB,EFFICIENCY_REGRESSION,0.5384615384615384,0,1,HIGH_LOCKED_LAGGED_PBP,development
00-0034869,2021,QB,EFFICIENCY_REGRESSION,0.9230769230769231,1,1,HIGH_LOCKED_LAGGED_PBP,development
00-0034955,2021,QB,EFFICIENCY_REGRESSION,0.5384615384615384,0,1,HIGH_LOCKED_LAGGED_PBP,development
00-0035040,2021,QB,EFFICIENCY_REGRESSION,0.5384615384615384,0,1,HIGH_LOCKED_LAGGED_PBP,development
00-0035289,2021,QB,EFFICIENCY_REGRESSION,0.9230769230769231,1,1,HIGH_LOCKED_LAGGED_PBP,development
00-0035704,2021,QB,EFFICIENCY_REGRESSION,1.0,1,1,HIGH_LOCKED_LAGGED_PBP,development
00-0035710,2021,QB,EFFICIENCY_REGRESSION,0.9230769230769231,1,1,HIGH_LOCKED_LAGGED_PBP,development
00-0035752,2021,QB,EFFICIENCY_REGRESSION,0.5384615384615384,0,1,HIGH_LOCKED_LAGGED_PBP,development
00-0036212,2021,QB,EFFICIENCY_REGRESSION,1.0,1,1,HIGH_LOCKED_LAGGED_PBP,development
00-0036355,2021,QB,EFFICIENCY_REGRESSION,1.0,1,1,HIGH_LOCKED_LAGGED_PBP,development
00-0025394,2021,RB,EFFICIENCY_REGRESSION,0.9230769230769231,1,1,HIGH_LOCKED_LAGGED_PBP,development
00-0027966,2021,RB,EFFICIENCY_REGRESSION,0.9230769230769231,1,1,HIGH_LOCKED_LAGGED_PBP,development
00-0030288,2021,RB,EFFICIENCY_REGRESSION,1.0,1,1,HIGH_LOCKED_LAGGED_PBP,development
00-0030465,2021,RB,EFFICIENCY_REGRESSION,0.0,0,1,HIGH_LOCKED_LAGGED_PBP,development
00-0031062,2021,RB,EFFICIENCY_REGRESSION,0.9230769230769231,1,1,HIGH_LOCKED_LAGGED_PBP,development
00-0031285,2021,RB,EFFICIENCY_REGRESSION,0.9230769230769231,1,1,HIGH_LOCKED_LAGGED_PBP,development
00-0031687,2021,RB,EFFICIENCY_REGRESSION,0.9230769230769231,1,1,HIGH_LOCKED_LAGGED_PBP,development
00-0032058,2021,RB,EFFICIENCY_REGRESSION,0.8461538461538461,1,1,HIGH_LOCKED_LAGGED_PBP,development
00-0032063,2021,RB,EFFICIENCY_REGRESSION,1.0,1,1,HIGH_LOCKED_LAGGED_PBP,development
00-0032104,2021,RB,EFFICIENCY_REGRESSION,0.8461538461538461,1,1,HIGH_LOCKED_LAGGED_PBP,development
00-0032144,2021,RB,EFFICIENCY_REGRESSION,0.9230769230769231,1,1,HIGH_LOCKED_LAGGED_PBP,development
00-0032187,2021,RB,EFFICIENCY_REGRESSION,1.0,1,1,HIGH_LOCKED_LAGGED_PBP,development
00-0032257,2021,RB,EFFICIENCY_REGRESSION,1.0,1,1,HIGH_LOCKED_LAGGED_PBP,development
00-0032426,2021,RB,EFFICIENCY_REGRESSION,0.46153846153846156,0,1,HIGH_LOCKED_LAGGED_PBP,development
00-0032972,2021,RB,EFFICIENCY_REGRESSION,0.9230769230769231,1,1,HIGH_LOCKED_LAGGED_PBP,development
00-0032975,2021,RB,EFFICIENCY_REGRESSION,0.0,0,1,HIGH_LOCKED_LAGGED_PBP,development
00-0033118,2021,RB,EFFICIENCY_REGRESSION,0.9230769230769231,1,1,HIGH_LOCKED_LAGGED_PBP,development
00-0033280,2021,RB,EFFICIENCY_REGRESSION,0.9230769230769231,1,1,HIGH_LOCKED_LAGGED_PBP,development
00-0033296,2021,RB,EFFICIENCY_REGRESSION,0.8461538461538461,1,1,HIGH_LOCKED_LAGGED_PBP,development
00-0033308,2021,RB,EFFICIENCY_REGRESSION,0.9230769230769231,1,1,HIGH_LOCKED_LAGGED_PBP,development
00-0033567,2021,RB,EFFICIENCY_REGRESSION,0.9230769230769231,1,1,HIGH_LOCKED_LAGGED_PBP,development
00-0033699,2021,RB,EFFICIENCY_REGRESSION,1.0,1,1,HIGH_LOCKED_LAGGED_PBP,development
00-0033725,2021,RB,EFFICIENCY_REGRESSION,0.9230769230769231,1,1,HIGH_LOCKED_LAGGED_PBP,development
00-0033854,2021,RB,EFFICIENCY_REGRESSION,0.8461538461538461,1,1,HIGH_LOCKED_LAGGED_PBP,development
00-0033893,2021,RB,EFFICIENCY_REGRESSION,0.9230769230769231,1,1,HIGH_LOCKED_LAGGED_PBP,development
00-0033950,2021,RB,EFFICIENCY_REGRESSION,1.0,1,1,HIGH_LOCKED_LAGGED_PBP,development
00-0033951,2021,RB,EFFICIENCY_REGRESSION,0.0,0,1,HIGH_LOCKED_LAGGED_PBP,development
00-0034109,2021,RB,EFFICIENCY_REGRESSION,0.9230769230769231,1,1,HIGH_LOCKED_LAGGED_PBP,development
00-0034115,2021,RB,EFFICIENCY_REGRESSION,1.0,1,1,HIGH_LOCKED_LAGGED_PBP,development
00-0034164,2021,RB,EFFICIENCY_REGRESSION,0.38461538461538464,0,1,HIGH_LOCKED_LAGGED_PBP,development
00-0034208,2021,RB,EFFICIENCY_REGRESSION,0.46153846153846156,0,1,HIGH_LOCKED_LAGGED_PBP,development
00-0034331,2021,RB,EFFICIENCY_REGRESSION,0.8461538461538461,1,1,HIGH_LOCKED_LAGGED_PBP,development
00-0034378,2021,RB,EFFICIENCY_REGRESSION,1.0,1,1,HIGH_LOCKED_LAGGED_PBP,development
00-0034400,2021,RB,EFFICIENCY_REGRESSION,0.9230769230769231,1,1,HIGH_LOCKED_LAGGED_PBP,development
00-0034440,2021,RB,EFFICIENCY_REGRESSION,0.9230769230769231,1,1,HIGH_LOCKED_LAGGED_PBP,development
00-0034578,2021,RB,EFFICIENCY_REGRESSION,0.38461538461538464,0,1,HIGH_LOCKED_LAGGED_PBP,development
00-0034750,2021,RB,EFFICIENCY_REGRESSION,0.38461538461538464,0,1,HIGH_LOCKED_LAGGED_PBP,development
00-0034838,2021,RB,EFFICIENCY_REGRESSION,0.8461538461538461,1,1,HIGH_LOCKED_LAGGED_PBP,development
00-0034844,2021,RB,EFFICIENCY_REGRESSION,0.8461538461538461,1,1,HIGH_LOCKED_LAGGED_PBP,development
00-0034972,2021,RB,EFFICIENCY_REGRESSION,0.9230769230769231,1,1,HIGH_LOCKED_LAGGED_PBP,development
00-0035184,2021,RB,EFFICIENCY_REGRESSION,0.46153846153846156,0,1,HIGH_LOCKED_LAGGED_PBP,development
00-0035187,2021,RB,EFFICIENCY_REGRESSION,0.0,0,1,HIGH_LOCKED_LAGGED_PBP,development
00-0035273,2021,RB,EFFICIENCY_REGRESSION,0.0,0,1,HIGH_LOCKED_LAGGED_PBP,development
00-0035291,2021,RB,EFFICIENCY_REGRESSION,0.8461538461538461,1,1,HIGH_LOCKED_LAGGED_PBP,development
00-0035304,2021,RB,EFFICIENCY_REGRESSION,0.0,0,1,HIGH_LOCKED_LAGGED_PBP,development
00-0035311,2021,RB,EFFICIENCY_REGRESSION,1.0,1,1,HIGH_LOCKED_LAGGED_PBP,development
00-0035342,2021,RB,EFFICIENCY_REGRESSION,0.8461538461538461,1,1,HIGH_LOCKED_LAGGED_PBP,development
00-0035537,2021,RB,EFFICIENCY_REGRESSION,0.9230769230769231,1,1,HIGH_LOCKED_LAGGED_PBP,development
00-0035567,2021,RB,EFFICIENCY_REGRESSION,0.0,0,1,HIGH_LOCKED_LAGGED_PBP,development
00-0035594,2021,RB,EFFICIENCY_REGRESSION,0.8461538461538461,1,1,HIGH_LOCKED_LAGGED_PBP,development
00-0035831,2021,RB,EFFICIENCY_REGRESSION,1.0,1,1,HIGH_LOCKED_LAGGED_PBP,development
00-0035835,2021,RB,EFFICIENCY_REGRESSION,0.0,0,0,HIGH_LOCKED_LAGGED_PBP,development
00-0035860,2021,RB,EFFICIENCY_REGRESSION,0.0,0,1,HIGH_LOCKED_LAGGED_PBP,development
00-0035924,2021,RB,EFFICIENCY_REGRESSION,0.0,0,1,HIGH_LOCKED_LAGGED_PBP,development
00-0035957,2021,RB,EFFICIENCY_REGRESSION,0.9230769230769231,1,1,HIGH_LOCKED_LAGGED_PBP,development
00-0036020,2021,RB,EFFICIENCY_REGRESSION,0.9230769230769231,1,1,HIGH_LOCKED_LAGGED_PBP,development
00-0036069,2021,RB,EFFICIENCY_REGRESSION,0.0,0,1,HIGH_LOCKED_LAGGED_PBP,development
00-0036096,2021,RB,EFFICIENCY_REGRESSION,0.38461538461538464,0,1,HIGH_LOCKED_LAGGED_PBP,development
00-0036208,2021,RB,EFFICIENCY_REGRESSION,0.38461538461538464,0,1,HIGH_LOCKED_LAGGED_PBP,development
00-0036269,2021,RB,EFFICIENCY_REGRESSION,0.9230769230769231,1,1,HIGH_LOCKED_LAGGED_PBP,development
00-0036275,2021,RB,EFFICIENCY_REGRESSION,1.0,1,1,HIGH_LOCKED_LAGGED_PBP,development
00-0036278,2021,RB,EFFICIENCY_REGRESSION,0.38461538461538464,0,1,HIGH_LOCKED_LAGGED_PBP,development
00-0036336,2021,RB,EFFICIENCY_REGRESSION,0.8461538461538461,1,1,HIGH_LOCKED_LAGGED_PBP,development
00-0036370,2021,RB,EFFICIENCY_REGRESSION,0.9230769230769231,1,1,HIGH_LOCKED_LAGGED_PBP,development
00-0036425,2021,RB,EFFICIENCY_REGRESSION,0.9230769230769231,1,1,HIGH_LOCKED_LAGGED_PBP,development
00-0026035,2021,WR,EFFICIENCY_REGRESSION,1.0,1,1,HIGH_LOCKED_LAGGED_PBP,development
00-0028237,2021,WR,EFFICIENCY_REGRESSION,0.8571428571428571,1,1,HIGH_LOCKED_LAGGED_PBP,development
00-0029293,2021,WR,EFFICIENCY_REGRESSION,1.0,1,1,HIGH_LOCKED_LAGGED_PBP,development
00-0029632,2021,WR,EFFICIENCY_REGRESSION,0.8571428571428571,1,1,HIGH_LOCKED_LAGGED_PBP,development
00-0030035,2021,WR,EFFICIENCY_REGRESSION,1.0,1,1,HIGH_LOCKED_LAGGED_PBP,development
00-0030085,2021,WR,EFFICIENCY_REGRESSION,0.8571428571428571,1,1,HIGH_LOCKED_LAGGED_PBP,development
00-0030279,2021,WR,EFFICIENCY_REGRESSION,1.0,1,1,HIGH_LOCKED_LAGGED_PBP,development
00-0030564,2021,WR,EFFICIENCY_REGRESSION,1.0,1,1,HIGH_LOCKED_LAGGED_PBP,development
00-0031236,2021,WR,EFFICIENCY_REGRESSION,1.0,1,1,HIGH_LOCKED_LAGGED_PBP,development
00-0031319,2021,WR,EFFICIENCY_REGRESSION,0.8571428571428571,1,1,HIGH_LOCKED_LAGGED_PBP,development
00-0031545,2021,WR,EFFICIENCY_REGRESSION,0.0,0,0,HIGH_LOCKED_LAGGED_PBP,development
00-0031547,2021,WR,EFFICIENCY_REGRESSION,1.0,1,1,HIGH_LOCKED_LAGGED_PBP,development
00-0031868,2021,WR,EFFICIENCY_REGRESSION,0.8571428571428571,1,1,HIGH_LOCKED_LAGGED_PBP,development
00-0031941,2021,WR,EFFICIENCY_REGRESSION,1.0,1,1,HIGH_LOCKED_LAGGED_PBP,development
00-0032009,2021,WR,EFFICIENCY_REGRESSION,1.0,1,1,HIGH_LOCKED_LAGGED_PBP,development
00-0032128,2021,WR,EFFICIENCY_REGRESSION,1.0,1,1,HIGH_LOCKED_LAGGED_PBP,development
00-0032385,2021,WR,EFFICIENCY_REGRESSION,1.0,1,1,HIGH_LOCKED_LAGGED_PBP,development
00-0032398,2021,WR,EFFICIENCY_REGRESSION,0.0,0,0,HIGH_LOCKED_LAGGED_PBP,development
00-0032543,2021,WR,EFFICIENCY_REGRESSION,0.8571428571428571,1,1,HIGH_LOCKED_LAGGED_PBP,development
00-0032688,2021,WR,EFFICIENCY_REGRESSION,1.0,1,1,HIGH_LOCKED_LAGGED_PBP,development
00-0032778,2021,WR,EFFICIENCY_REGRESSION,0.0,0,1,HIGH_LOCKED_LAGGED_PBP,development
00-0032791,2021,WR,EFFICIENCY_REGRESSION,0.8571428571428571,1,1,HIGH_LOCKED_LAGGED_PBP,development
00-0032881,2021,WR,EFFICIENCY_REGRESSION,0.0,0,1,HIGH_LOCKED_LAGGED_PBP,development
00-0032951,2021,WR,EFFICIENCY_REGRESSION,0.8571428571428571,1,1,HIGH_LOCKED_LAGGED_PBP,development
00-0032980,2021,WR,EFFICIENCY_REGRESSION,0.8571428571428571,1,1,HIGH_LOCKED_LAGGED_PBP,development
00-0033094,2021,WR,EFFICIENCY_REGRESSION,0.8571428571428571,1,1,HIGH_LOCKED_LAGGED_PBP,development
00-0033111,2021,WR,EFFICIENCY_REGRESSION,0.8571428571428571,1,1,HIGH_LOCKED_LAGGED_PBP,development
00-0033127,2021,WR,EFFICIENCY_REGRESSION,1.0,1,1,HIGH_LOCKED_LAGGED_PBP,development
00-0033215,2021,WR,EFFICIENCY_REGRESSION,0.0,0,1,HIGH_LOCKED_LAGGED_PBP,development
00-0033266,2021,WR,EFFICIENCY_REGRESSION,0.0,0,1,HIGH_LOCKED_LAGGED_PBP,development
00-0033282,2021,WR,EFFICIENCY_REGRESSION,1.0,1,1,HIGH_LOCKED_LAGGED_PBP,development
00-0033367,2021,WR,EFFICIENCY_REGRESSION,0.8571428571428571,1,1,HIGH_LOCKED_LAGGED_PBP,development
00-0033375,2021,WR,EFFICIENCY_REGRESSION,1.0,1,1,HIGH_LOCKED_LAGGED_PBP,development
00-0033386,2021,WR,EFFICIENCY_REGRESSION,0.0,0,1,HIGH_LOCKED_LAGGED_PBP,development
00-0033460,2021,WR,EFFICIENCY_REGRESSION,0.8571428571428571,1,1,HIGH_LOCKED_LAGGED_PBP,development
00-0033471,2021,WR,EFFICIENCY_REGRESSION,1.0,1,1,HIGH_LOCKED_LAGGED_PBP,development
00-0033536,2021,WR,EFFICIENCY_REGRESSION,1.0,1,1,HIGH_LOCKED_LAGGED_PBP,development
00-0033555,2021,WR,EFFICIENCY_REGRESSION,0.8571428571428571,1,1,HIGH_LOCKED_LAGGED_PBP,development
00-0033572,2021,WR,EFFICIENCY_REGRESSION,0.8571428571428571,1,1,HIGH_LOCKED_LAGGED_PBP,development
00-0033591,2021,WR,EFFICIENCY_REGRESSION,0.8571428571428571,1,1,HIGH_LOCKED_LAGGED_PBP,development
00-0033681,2021,WR,EFFICIENCY_REGRESSION,1.0,1,1,HIGH_LOCKED_LAGGED_PBP,development
00-0033733,2021,WR,EFFICIENCY_REGRESSION,1.0,1,1,HIGH_LOCKED_LAGGED_PBP,development
00-0033839,2021,WR,EFFICIENCY_REGRESSION,0.0,0,1,HIGH_LOCKED_LAGGED_PBP,development
00-0033932,2021,WR,EFFICIENCY_REGRESSION,1.0,1,1,HIGH_LOCKED_LAGGED_PBP,development
00-0034052,2021,WR,EFFICIENCY_REGRESSION,0.0,0,1,HIGH_LOCKED_LAGGED_PBP,development
00-0034054,2021,WR,EFFICIENCY_REGRESSION,0.8571428571428571,1,1,HIGH_LOCKED_LAGGED_PBP,development
00-0034132,2021,WR,EFFICIENCY_REGRESSION,0.8571428571428571,1,1,HIGH_LOCKED_LAGGED_PBP,development
00-0034317,2021,WR,EFFICIENCY_REGRESSION,0.0,0,1,HIGH_LOCKED_LAGGED_PBP,development
00-0034348,2021,WR,EFFICIENCY_REGRESSION,0.8571428571428571,1,1,HIGH_LOCKED_LAGGED_PBP,development
00-0034366,2021,WR,EFFICIENCY_REGRESSION,1.0,1,1,HIGH_LOCKED_LAGGED_PBP,development
00-0034411,2021,WR,EFFICIENCY_REGRESSION,1.0,1,1,HIGH_LOCKED_LAGGED_PBP,development
00-0034419,2021,WR,EFFICIENCY_REGRESSION,1.0,1,1,HIGH_LOCKED_LAGGED_PBP,development
00-0034631,2021,WR,EFFICIENCY_REGRESSION,0.0,0,1,HIGH_LOCKED_LAGGED_PBP,development
00-0034686,2021,WR,EFFICIENCY_REGRESSION,0.8571428571428571,1,1,HIGH_LOCKED_LAGGED_PBP,development
00-0034764,2021,WR,EFFICIENCY_REGRESSION,1.0,1,1,HIGH_LOCKED_LAGGED_PBP,development
00-0034777,2021,WR,EFFICIENCY_REGRESSION,1.0,1,1,HIGH_LOCKED_LAGGED_PBP,development
00-0034827,2021,WR,EFFICIENCY_REGRESSION,1.0,1,1,HIGH_LOCKED_LAGGED_PBP,development
00-0034837,2021,WR,EFFICIENCY_REGRESSION,1.0,1,1,HIGH_LOCKED_LAGGED_PBP,development
00-0034854,2021,WR,EFFICIENCY_REGRESSION,0.8571428571428571,1,1,HIGH_LOCKED_LAGGED_PBP,development
00-0034860,2021,WR,EFFICIENCY_REGRESSION,0.8571428571428571,1,1,HIGH_LOCKED_LAGGED_PBP,development
00-0035021,2021,WR,EFFICIENCY_REGRESSION,0.8571428571428571,1,1,HIGH_LOCKED_LAGGED_PBP,development
00-0035022,2021,WR,EFFICIENCY_REGRESSION,0.0,0,1,HIGH_LOCKED_LAGGED_PBP,development
00-0035208,2021,WR,EFFICIENCY_REGRESSION,0.8571428571428571,1,1,HIGH_LOCKED_LAGGED_PBP,development
00-0035246,2021,WR,EFFICIENCY_REGRESSION,0.8571428571428571,1,1,HIGH_LOCKED_LAGGED_PBP,development
00-0035341,2021,WR,EFFICIENCY_REGRESSION,0.0,0,1,HIGH_LOCKED_LAGGED_PBP,development
00-0035350,2021,WR,EFFICIENCY_REGRESSION,1.0,1,1,HIGH_LOCKED_LAGGED_PBP,development
00-0035399,2021,WR,EFFICIENCY_REGRESSION,0.0,0,0,HIGH_LOCKED_LAGGED_PBP,development
00-0035414,2021,WR,EFFICIENCY_REGRESSION,1.0,1,1,HIGH_LOCKED_LAGGED_PBP,development
00-0035510,2021,WR,EFFICIENCY_REGRESSION,0.8571428571428571,1,1,HIGH_LOCKED_LAGGED_PBP,development
00-0035527,2021,WR,EFFICIENCY_REGRESSION,0.8571428571428571,1,1,HIGH_LOCKED_LAGGED_PBP,development
00-0035535,2021,WR,EFFICIENCY_REGRESSION,1.0,1,1,HIGH_LOCKED_LAGGED_PBP,development
00-0035639,2021,WR,EFFICIENCY_REGRESSION,0.8571428571428571,1,1,HIGH_LOCKED_LAGGED_PBP,development
00-0035838,2021,WR,EFFICIENCY_REGRESSION,0.0,0,0,HIGH_LOCKED_LAGGED_PBP,development
00-0035864,2021,WR,EFFICIENCY_REGRESSION,0.0,0,1,HIGH_LOCKED_LAGGED_PBP,development
00-0035976,2021,WR,EFFICIENCY_REGRESSION,0.0,0,0,HIGH_LOCKED_LAGGED_PBP,development
00-0036110,2021,WR,EFFICIENCY_REGRESSION,0.8571428571428571,1,1,HIGH_LOCKED_LAGGED_PBP,development
00-0036133,2021,WR,EFFICIENCY_REGRESSION,0.0,0,1,HIGH_LOCKED_LAGGED_PBP,development
00-0036254,2021,WR,EFFICIENCY_REGRESSION,1.0,1,1,HIGH_LOCKED_LAGGED_PBP,development
00-0036255,2021,WR,EFFICIENCY_REGRESSION,1.0,1,1,HIGH_LOCKED_LAGGED_PBP,development
00-0036268,2021,WR,EFFICIENCY_REGRESSION,1.0,1,1,HIGH_LOCKED_LAGGED_PBP,development
00-0036277,2021,WR,EFFICIENCY_REGRESSION,1.0,1,1,HIGH_LOCKED_LAGGED_PBP,development
00-0036309,2021,WR,EFFICIENCY_REGRESSION,1.0,1,1,HIGH_LOCKED_LAGGED_PBP,development
00-0036322,2021,WR,EFFICIENCY_REGRESSION,1.0,1,1,HIGH_LOCKED_LAGGED_PBP,development
00-0036340,2021,WR,EFFICIENCY_REGRESSION,0.8571428571428571,1,1,HIGH_LOCKED_LAGGED_PBP,development
00-0036345,2021,WR,EFFICIENCY_REGRESSION,0.0,0,0,HIGH_LOCKED_LAGGED_PBP,development
00-0036357,2021,WR,EFFICIENCY_REGRESSION,0.8571428571428571,1,1,HIGH_LOCKED_LAGGED_PBP,development
00-0036382,2021,WR,EFFICIENCY_REGRESSION,0.8571428571428571,1,1,HIGH_LOCKED_LAGGED_PBP,development
00-0036398,2021,WR,EFFICIENCY_REGRESSION,0.8571428571428571,1,1,HIGH_LOCKED_LAGGED_PBP,development
00-0036407,2021,WR,EFFICIENCY_REGRESSION,1.0,1,1,HIGH_LOCKED_LAGGED_PBP,development
00-0036412,2021,WR,EFFICIENCY_REGRESSION,0.8571428571428571,1,1,HIGH_LOCKED_LAGGED_PBP,development
00-0036439,2021,WR,EFFICIENCY_REGRESSION,0.8571428571428571,1,1,HIGH_LOCKED_LAGGED_PBP,development
00-0027981,2021,TE,EFFICIENCY_REGRESSION,1.0,1,1,HIGH_LOCKED_LAGGED_PBP,development
00-0028042,2021,TE,EFFICIENCY_REGRESSION,0.8571428571428571,1,1,HIGH_LOCKED_LAGGED_PBP,development
00-0028097,2021,TE,EFFICIENCY_REGRESSION,0.8571428571428571,1,1,HIGH_LOCKED_LAGGED_PBP,development
00-0029119,2021,TE,EFFICIENCY_REGRESSION,0.0,0,1,HIGH_LOCKED_LAGGED_PBP,development
00-0029738,2021,TE,EFFICIENCY_REGRESSION,0.8571428571428571,1,1,HIGH_LOCKED_LAGGED_PBP,development
00-0030108,2021,TE,EFFICIENCY_REGRESSION,0.8571428571428571,1,1,HIGH_LOCKED_LAGGED_PBP,development
00-0031384,2021,TE,EFFICIENCY_REGRESSION,0.8571428571428571,1,1,HIGH_LOCKED_LAGGED_PBP,development
00-0031484,2021,TE,EFFICIENCY_REGRESSION,0.8571428571428571,1,1,HIGH_LOCKED_LAGGED_PBP,development
00-0031558,2021,TE,EFFICIENCY_REGRESSION,0.8571428571428571,1,1,HIGH_LOCKED_LAGGED_PBP,development
00-0031585,2021,TE,EFFICIENCY_REGRESSION,0.8571428571428571,1,1,HIGH_LOCKED_LAGGED_PBP,development
00-0031598,2021,TE,EFFICIENCY_REGRESSION,0.8571428571428571,1,1,HIGH_LOCKED_LAGGED_PBP,development
00-0031690,2021,TE,EFFICIENCY_REGRESSION,0.0,0,1,HIGH_LOCKED_LAGGED_PBP,development
00-0031951,2021,TE,EFFICIENCY_REGRESSION,0.8571428571428571,1,1,HIGH_LOCKED_LAGGED_PBP,development
00-0032098,2021,TE,EFFICIENCY_REGRESSION,0.0,0,1,HIGH_LOCKED_LAGGED_PBP,development
00-0032135,2021,TE,EFFICIENCY_REGRESSION,1.0,1,1,HIGH_LOCKED_LAGGED_PBP,development
00-0032214,2021,TE,EFFICIENCY_REGRESSION,1.0,1,1,HIGH_LOCKED_LAGGED_PBP,development
00-0032394,2021,TE,EFFICIENCY_REGRESSION,0.8571428571428571,1,1,HIGH_LOCKED_LAGGED_PBP,development
00-0032725,2021,TE,EFFICIENCY_REGRESSION,0.8571428571428571,1,1,HIGH_LOCKED_LAGGED_PBP,development
00-0032986,2021,TE,EFFICIENCY_REGRESSION,0.0,0,1,HIGH_LOCKED_LAGGED_PBP,development
00-0033338,2021,TE,EFFICIENCY_REGRESSION,0.8571428571428571,1,1,HIGH_LOCKED_LAGGED_PBP,development
00-0033421,2021,TE,EFFICIENCY_REGRESSION,0.0,0,1,HIGH_LOCKED_LAGGED_PBP,development
00-0033439,2021,TE,EFFICIENCY_REGRESSION,0.8571428571428571,1,1,HIGH_LOCKED_LAGGED_PBP,development
00-0033576,2021,TE,EFFICIENCY_REGRESSION,0.0,0,1,HIGH_LOCKED_LAGGED_PBP,development
00-0033720,2021,TE,EFFICIENCY_REGRESSION,0.0,0,1,HIGH_LOCKED_LAGGED_PBP,development
00-0033881,2021,TE,EFFICIENCY_REGRESSION,1.0,1,1,HIGH_LOCKED_LAGGED_PBP,development
00-0033896,2021,TE,EFFICIENCY_REGRESSION,1.0,1,1,HIGH_LOCKED_LAGGED_PBP,development
00-0034011,2021,TE,EFFICIENCY_REGRESSION,1.0,1,1,HIGH_LOCKED_LAGGED_PBP,development
00-0034073,2021,TE,EFFICIENCY_REGRESSION,0.8571428571428571,1,1,HIGH_LOCKED_LAGGED_PBP,development
00-0034193,2021,TE,EFFICIENCY_REGRESSION,0.0,0,1,HIGH_LOCKED_LAGGED_PBP,development
00-0034270,2021,TE,EFFICIENCY_REGRESSION,0.8571428571428571,1,1,HIGH_LOCKED_LAGGED_PBP,development
00-0034319,2021,TE,EFFICIENCY_REGRESSION,0.8571428571428571,1,1,HIGH_LOCKED_LAGGED_PBP,development
00-0034364,2021,TE,EFFICIENCY_REGRESSION,1.0,1,1,HIGH_LOCKED_LAGGED_PBP,development
00-0034365,2021,TE,EFFICIENCY_REGRESSION,1.0,1,1,HIGH_LOCKED_LAGGED_PBP,development
00-0034766,2021,TE,EFFICIENCY_REGRESSION,1.0,1,1,HIGH_LOCKED_LAGGED_PBP,development
00-0034798,2021,TE,EFFICIENCY_REGRESSION,1.0,1,1,HIGH_LOCKED_LAGGED_PBP,development
00-0034829,2021,TE,EFFICIENCY_REGRESSION,1.0,1,1,HIGH_LOCKED_LAGGED_PBP,development
00-0034830,2021,TE,EFFICIENCY_REGRESSION,1.0,1,1,HIGH_LOCKED_LAGGED_PBP,development
00-0034988,2021,TE,EFFICIENCY_REGRESSION,0.8571428571428571,1,1,HIGH_LOCKED_LAGGED_PBP,development
00-0035229,2021,TE,EFFICIENCY_REGRESSION,1.0,1,1,HIGH_LOCKED_LAGGED_PBP,development
00-0035259,2021,TE,EFFICIENCY_REGRESSION,0.0,0,1,HIGH_LOCKED_LAGGED_PBP,development
00-0035329,2021,TE,EFFICIENCY_REGRESSION,1.0,1,1,HIGH_LOCKED_LAGGED_PBP,development
00-0035624,2021,TE,EFFICIENCY_REGRESSION,1.0,1,1,HIGH_LOCKED_LAGGED_PBP,development
00-0035644,2021,TE,EFFICIENCY_REGRESSION,1.0,1,1,HIGH_LOCKED_LAGGED_PBP,development
00-0035823,2021,TE,EFFICIENCY_REGRESSION,0.8571428571428571,1,1,HIGH_LOCKED_LAGGED_PBP,development
00-0036005,2021,TE,EFFICIENCY_REGRESSION,0.0,0,1,HIGH_LOCKED_LAGGED_PBP,development
00-0036032,2021,TE,EFFICIENCY_REGRESSION,0.0,0,0,HIGH_LOCKED_LAGGED_PBP,development
00-0036040,2021,TE,EFFICIENCY_REGRESSION,0.8571428571428571,1,1,HIGH_LOCKED_LAGGED_PBP,development
00-0036244,2021,TE,EFFICIENCY_REGRESSION,0.0,0,1,HIGH_LOCKED_LAGGED_PBP,development
00-0036250,2021,TE,EFFICIENCY_REGRESSION,0.0,0,1,HIGH_LOCKED_LAGGED_PBP,development
00-0036423,2021,TE,EFFICIENCY_REGRESSION,0.8571428571428571,1,1,HIGH_LOCKED_LAGGED_PBP,development
00-0036438,2021,TE,EFFICIENCY_REGRESSION,0.0,0,0,HIGH_LOCKED_LAGGED_PBP,development
00-0021206,2018,QB,QB_TEAM_ENVIRONMENT,1.0,1,1,HIGH_LOCKED_LAGGED_PBP,development
00-0022803,2018,QB,QB_TEAM_ENVIRONMENT,1.0,1,1,HIGH_LOCKED_LAGGED_PBP,development
00-0023459,2018,QB,QB_TEAM_ENVIRONMENT,1.0,1,1,HIGH_LOCKED_LAGGED_PBP,development
00-0023662,2018,QB,QB_TEAM_ENVIRONMENT,1.0,1,1,HIGH_LOCKED_LAGGED_PBP,development
00-0023682,2018,QB,QB_TEAM_ENVIRONMENT,1.0,1,1,HIGH_LOCKED_LAGGED_PBP,development
00-0026158,2018,QB,QB_TEAM_ENVIRONMENT,1.0,1,1,HIGH_LOCKED_LAGGED_PBP,development
00-0026197,2018,QB,QB_TEAM_ENVIRONMENT,1.0,1,1,HIGH_LOCKED_LAGGED_PBP,development
00-0026498,2018,QB,QB_TEAM_ENVIRONMENT,1.0,1,1,HIGH_LOCKED_LAGGED_PBP,development
00-0026544,2018,QB,QB_TEAM_ENVIRONMENT,0.0,0,0,HIGH_LOCKED_LAGGED_PBP,development
00-0027796,2018,QB,QB_TEAM_ENVIRONMENT,1.0,1,1,HIGH_LOCKED_LAGGED_PBP,development
00-0027854,2018,QB,QB_TEAM_ENVIRONMENT,1.0,1,1,HIGH_LOCKED_LAGGED_PBP,development
00-0027948,2018,QB,QB_TEAM_ENVIRONMENT,1.0,1,1,HIGH_LOCKED_LAGGED_PBP,development
00-0027973,2018,QB,QB_TEAM_ENVIRONMENT,1.0,1,1,HIGH_LOCKED_LAGGED_PBP,development
00-0029604,2018,QB,QB_TEAM_ENVIRONMENT,1.0,1,1,HIGH_LOCKED_LAGGED_PBP,development
00-0029682,2018,QB,QB_TEAM_ENVIRONMENT,1.0,1,1,HIGH_LOCKED_LAGGED_PBP,development
00-0030520,2018,QB,QB_TEAM_ENVIRONMENT,1.0,1,1,HIGH_LOCKED_LAGGED_PBP,development
00-0030565,2018,QB,QB_TEAM_ENVIRONMENT,1.0,1,1,HIGH_LOCKED_LAGGED_PBP,development
00-0031237,2018,QB,QB_TEAM_ENVIRONMENT,1.0,1,1,HIGH_LOCKED_LAGGED_PBP,development
00-0031280,2018,QB,QB_TEAM_ENVIRONMENT,1.0,1,1,HIGH_LOCKED_LAGGED_PBP,development
00-0031288,2018,QB,QB_TEAM_ENVIRONMENT,1.0,1,1,HIGH_LOCKED_LAGGED_PBP,development
00-0031345,2018,QB,QB_TEAM_ENVIRONMENT,1.0,1,1,HIGH_LOCKED_LAGGED_PBP,development
00-0031503,2018,QB,QB_TEAM_ENVIRONMENT,1.0,1,1,HIGH_LOCKED_LAGGED_PBP,development
00-0031800,2018,QB,QB_TEAM_ENVIRONMENT,1.0,1,1,HIGH_LOCKED_LAGGED_PBP,development
00-0032245,2018,QB,QB_TEAM_ENVIRONMENT,1.0,1,1,HIGH_LOCKED_LAGGED_PBP,development
00-0032950,2018,QB,QB_TEAM_ENVIRONMENT,1.0,1,1,HIGH_LOCKED_LAGGED_PBP,development
00-0033104,2018,QB,QB_TEAM_ENVIRONMENT,1.0,1,1,HIGH_LOCKED_LAGGED_PBP,development
00-0033119,2018,QB,QB_TEAM_ENVIRONMENT,1.0,1,1,HIGH_LOCKED_LAGGED_PBP,development
00-0033899,2018,QB,QB_TEAM_ENVIRONMENT,1.0,1,1,HIGH_LOCKED_LAGGED_PBP,development
00-0033936,2018,QB,QB_TEAM_ENVIRONMENT,1.0,1,1,HIGH_LOCKED_LAGGED_PBP,development
00-0023500,2018,RB,QB_TEAM_ENVIRONMENT,1.0,1,1,HIGH_LOCKED_LAGGED_PBP,development
00-0025394,2018,RB,QB_TEAM_ENVIRONMENT,1.0,1,1,HIGH_LOCKED_LAGGED_PBP,development
00-0025399,2018,RB,QB_TEAM_ENVIRONMENT,1.0,1,1,HIGH_LOCKED_LAGGED_PBP,development
00-0026213,2018,RB,QB_TEAM_ENVIRONMENT,1.0,1,1,HIGH_LOCKED_LAGGED_PBP,development
00-0028011,2018,RB,QB_TEAM_ENVIRONMENT,1.0,1,1,HIGH_LOCKED_LAGGED_PBP,development
00-0028063,2018,RB,QB_TEAM_ENVIRONMENT,1.0,1,1,HIGH_LOCKED_LAGGED_PBP,development
00-0028064,2018,RB,QB_TEAM_ENVIRONMENT,1.0,1,1,HIGH_LOCKED_LAGGED_PBP,development
00-0028083,2018,RB,QB_TEAM_ENVIRONMENT,1.0,1,1,HIGH_LOCKED_LAGGED_PBP,development
00-0029141,2018,RB,QB_TEAM_ENVIRONMENT,1.0,1,1,HIGH_LOCKED_LAGGED_PBP,development
00-0029205,2018,RB,QB_TEAM_ENVIRONMENT,1.0,1,1,HIGH_LOCKED_LAGGED_PBP,development
00-0029273,2018,RB,QB_TEAM_ENVIRONMENT,1.0,1,1,HIGH_LOCKED_LAGGED_PBP,development
00-0029492,2018,RB,QB_TEAM_ENVIRONMENT,1.0,1,1,HIGH_LOCKED_LAGGED_PBP,development
00-0029613,2018,RB,QB_TEAM_ENVIRONMENT,1.0,1,1,HIGH_LOCKED_LAGGED_PBP,development
00-0030107,2018,RB,QB_TEAM_ENVIRONMENT,1.0,1,1,HIGH_LOCKED_LAGGED_PBP,development
00-0030404,2018,RB,QB_TEAM_ENVIRONMENT,1.0,1,1,HIGH_LOCKED_LAGGED_PBP,development
00-0030433,2018,RB,QB_TEAM_ENVIRONMENT,1.0,1,1,HIGH_LOCKED_LAGGED_PBP,development
00-0030456,2018,RB,QB_TEAM_ENVIRONMENT,1.0,1,1,HIGH_LOCKED_LAGGED_PBP,development
00-0030656,2018,RB,QB_TEAM_ENVIRONMENT,1.0,1,1,HIGH_LOCKED_LAGGED_PBP,development
00-0031045,2018,RB,QB_TEAM_ENVIRONMENT,1.0,1,1,HIGH_LOCKED_LAGGED_PBP,development
00-0031102,2018,RB,QB_TEAM_ENVIRONMENT,1.0,1,1,HIGH_LOCKED_LAGGED_PBP,development
00-0031209,2018,RB,QB_TEAM_ENVIRONMENT,1.0,1,1,HIGH_LOCKED_LAGGED_PBP,development
00-0031301,2018,RB,QB_TEAM_ENVIRONMENT,1.0,1,1,HIGH_LOCKED_LAGGED_PBP,development
00-0031577,2018,RB,QB_TEAM_ENVIRONMENT,1.0,1,1,HIGH_LOCKED_LAGGED_PBP,development
00-0031599,2018,RB,QB_TEAM_ENVIRONMENT,1.0,1,1,HIGH_LOCKED_LAGGED_PBP,development
00-0031665,2018,RB,QB_TEAM_ENVIRONMENT,1.0,1,1,HIGH_LOCKED_LAGGED_PBP,development
00-0031687,2018,RB,QB_TEAM_ENVIRONMENT,1.0,1,1,HIGH_LOCKED_LAGGED_PBP,development
00-0031959,2018,RB,QB_TEAM_ENVIRONMENT,1.0,1,1,HIGH_LOCKED_LAGGED_PBP,development
00-0032104,2018,RB,QB_TEAM_ENVIRONMENT,1.0,1,1,HIGH_LOCKED_LAGGED_PBP,development
00-0032187,2018,RB,QB_TEAM_ENVIRONMENT,1.0,1,1,HIGH_LOCKED_LAGGED_PBP,development
00-0032257,2018,RB,QB_TEAM_ENVIRONMENT,1.0,1,1,HIGH_LOCKED_LAGGED_PBP,development
00-0032371,2018,RB,QB_TEAM_ENVIRONMENT,1.0,1,1,HIGH_LOCKED_LAGGED_PBP,development
00-0032393,2018,RB,QB_TEAM_ENVIRONMENT,1.0,1,1,HIGH_LOCKED_LAGGED_PBP,development
00-0032404,2018,RB,QB_TEAM_ENVIRONMENT,1.0,1,1,HIGH_LOCKED_LAGGED_PBP,development
00-0032426,2018,RB,QB_TEAM_ENVIRONMENT,1.0,1,1,HIGH_LOCKED_LAGGED_PBP,development
00-0032450,2018,RB,QB_TEAM_ENVIRONMENT,1.0,1,1,HIGH_LOCKED_LAGGED_PBP,development
00-0032741,2018,RB,QB_TEAM_ENVIRONMENT,1.0,1,1,HIGH_LOCKED_LAGGED_PBP,development
00-0032794,2018,RB,QB_TEAM_ENVIRONMENT,1.0,1,1,HIGH_LOCKED_LAGGED_PBP,development
00-0032940,2018,RB,QB_TEAM_ENVIRONMENT,1.0,1,1,HIGH_LOCKED_LAGGED_PBP,development
00-0032964,2018,RB,QB_TEAM_ENVIRONMENT,1.0,1,1,HIGH_LOCKED_LAGGED_PBP,development
00-0032972,2018,RB,QB_TEAM_ENVIRONMENT,1.0,1,1,HIGH_LOCKED_LAGGED_PBP,development
00-0033025,2018,RB,QB_TEAM_ENVIRONMENT,1.0,1,1,HIGH_LOCKED_LAGGED_PBP,development
00-0033118,2018,RB,QB_TEAM_ENVIRONMENT,1.0,1,1,HIGH_LOCKED_LAGGED_PBP,development
00-0033293,2018,RB,QB_TEAM_ENVIRONMENT,1.0,1,1,HIGH_LOCKED_LAGGED_PBP,development
00-0033295,2018,RB,QB_TEAM_ENVIRONMENT,1.0,1,1,HIGH_LOCKED_LAGGED_PBP,development
00-0033296,2018,RB,QB_TEAM_ENVIRONMENT,0.0,0,0,HIGH_LOCKED_LAGGED_PBP,development
00-0033308,2018,RB,QB_TEAM_ENVIRONMENT,1.0,1,1,HIGH_LOCKED_LAGGED_PBP,development
00-0033376,2018,RB,QB_TEAM_ENVIRONMENT,1.0,1,1,HIGH_LOCKED_LAGGED_PBP,development
00-0033526,2018,RB,QB_TEAM_ENVIRONMENT,1.0,1,1,HIGH_LOCKED_LAGGED_PBP,development
00-0033553,2018,RB,QB_TEAM_ENVIRONMENT,1.0,1,1,HIGH_LOCKED_LAGGED_PBP,development
00-0033567,2018,RB,QB_TEAM_ENVIRONMENT,1.0,1,1,HIGH_LOCKED_LAGGED_PBP,development
00-0033581,2018,RB,QB_TEAM_ENVIRONMENT,1.0,1,1,HIGH_LOCKED_LAGGED_PBP,development
00-0033596,2018,RB,QB_TEAM_ENVIRONMENT,1.0,1,1,HIGH_LOCKED_LAGGED_PBP,development
00-0033760,2018,RB,QB_TEAM_ENVIRONMENT,1.0,1,1,HIGH_LOCKED_LAGGED_PBP,development
00-0033893,2018,RB,QB_TEAM_ENVIRONMENT,1.0,1,1,HIGH_LOCKED_LAGGED_PBP,development
00-0033897,2018,RB,QB_TEAM_ENVIRONMENT,1.0,1,1,HIGH_LOCKED_LAGGED_PBP,development
00-0033948,2018,RB,QB_TEAM_ENVIRONMENT,1.0,1,1,HIGH_LOCKED_LAGGED_PBP,development
00-0033950,2018,RB,QB_TEAM_ENVIRONMENT,1.0,1,1,HIGH_LOCKED_LAGGED_PBP,development
00-0033955,2018,RB,QB_TEAM_ENVIRONMENT,0.0,0,0,HIGH_LOCKED_LAGGED_PBP,development
00-0022921,2018,WR,QB_TEAM_ENVIRONMENT,1.0,1,1,HIGH_LOCKED_LAGGED_PBP,development
00-0024334,2018,WR,QB_TEAM_ENVIRONMENT,1.0,1,1,HIGH_LOCKED_LAGGED_PBP,development
00-0026176,2018,WR,QB_TEAM_ENVIRONMENT,1.0,1,1,HIGH_LOCKED_LAGGED_PBP,development
00-0026189,2018,WR,QB_TEAM_ENVIRONMENT,1.0,1,1,HIGH_LOCKED_LAGGED_PBP,development
00-0026345,2018,WR,QB_TEAM_ENVIRONMENT,1.0,1,1,HIGH_LOCKED_LAGGED_PBP,development
00-0026901,2018,WR,QB_TEAM_ENVIRONMENT,1.0,1,1,HIGH_LOCKED_LAGGED_PBP,development
00-0027681,2018,WR,QB_TEAM_ENVIRONMENT,1.0,1,1,HIGH_LOCKED_LAGGED_PBP,development
00-0027685,2018,WR,QB_TEAM_ENVIRONMENT,1.0,1,1,HIGH_LOCKED_LAGGED_PBP,development
00-0027874,2018,WR,QB_TEAM_ENVIRONMENT,1.0,1,1,HIGH_LOCKED_LAGGED_PBP,development
00-0027942,2018,WR,QB_TEAM_ENVIRONMENT,1.0,1,1,HIGH_LOCKED_LAGGED_PBP,development
00-0028002,2018,WR,QB_TEAM_ENVIRONMENT,1.0,1,1,HIGH_LOCKED_LAGGED_PBP,development
00-0028091,2018,WR,QB_TEAM_ENVIRONMENT,1.0,1,1,HIGH_LOCKED_LAGGED_PBP,development
00-0028114,2018,WR,QB_TEAM_ENVIRONMENT,0.0,0,0,HIGH_LOCKED_LAGGED_PBP,development
00-0028116,2018,WR,QB_TEAM_ENVIRONMENT,1.0,1,1,HIGH_LOCKED_LAGGED_PBP,development
00-0028263,2018,WR,QB_TEAM_ENVIRONMENT,1.0,1,1,HIGH_LOCKED_LAGGED_PBP,development
00-0028497,2018,WR,QB_TEAM_ENVIRONMENT,1.0,1,1,HIGH_LOCKED_LAGGED_PBP,development
00-0028825,2018,WR,QB_TEAM_ENVIRONMENT,1.0,1,1,HIGH_LOCKED_LAGGED_PBP,development
00-0029159,2018,WR,QB_TEAM_ENVIRONMENT,1.0,1,1,HIGH_LOCKED_LAGGED_PBP,development
00-0029293,2018,WR,QB_TEAM_ENVIRONMENT,1.0,1,1,HIGH_LOCKED_LAGGED_PBP,development
00-0029640,2018,WR,QB_TEAM_ENVIRONMENT,1.0,1,1,HIGH_LOCKED_LAGGED_PBP,development
00-0029664,2018,WR,QB_TEAM_ENVIRONMENT,1.0,1,1,HIGH_LOCKED_LAGGED_PBP,development
00-0030068,2018,WR,QB_TEAM_ENVIRONMENT,1.0,1,1,HIGH_LOCKED_LAGGED_PBP,development
00-0030085,2018,WR,QB_TEAM_ENVIRONMENT,1.0,1,1,HIGH_LOCKED_LAGGED_PBP,development
00-0030300,2018,WR,QB_TEAM_ENVIRONMENT,1.0,1,1,HIGH_LOCKED_LAGGED_PBP,development
00-0030516,2018,WR,QB_TEAM_ENVIRONMENT,1.0,1,1,HIGH_LOCKED_LAGGED_PBP,development
00-0030521,2018,WR,QB_TEAM_ENVIRONMENT,1.0,1,1,HIGH_LOCKED_LAGGED_PBP,development
00-0030542,2018,WR,QB_TEAM_ENVIRONMENT,1.0,1,1,HIGH_LOCKED_LAGGED_PBP,development
00-0030670,2018,WR,QB_TEAM_ENVIRONMENT,1.0,1,1,HIGH_LOCKED_LAGGED_PBP,development
00-0030737,2018,WR,QB_TEAM_ENVIRONMENT,1.0,1,1,HIGH_LOCKED_LAGGED_PBP,development
00-0031060,2018,WR,QB_TEAM_ENVIRONMENT,1.0,1,1,HIGH_LOCKED_LAGGED_PBP,development
00-0031068,2018,WR,QB_TEAM_ENVIRONMENT,1.0,1,1,HIGH_LOCKED_LAGGED_PBP,development
00-0031166,2018,WR,QB_TEAM_ENVIRONMENT,1.0,1,1,HIGH_LOCKED_LAGGED_PBP,development
00-0031189,2018,WR,QB_TEAM_ENVIRONMENT,1.0,1,1,HIGH_LOCKED_LAGGED_PBP,development
00-0031235,2018,WR,QB_TEAM_ENVIRONMENT,1.0,1,1,HIGH_LOCKED_LAGGED_PBP,development
00-0031257,2018,WR,QB_TEAM_ENVIRONMENT,1.0,1,1,HIGH_LOCKED_LAGGED_PBP,development
00-0031326,2018,WR,QB_TEAM_ENVIRONMENT,1.0,1,1,HIGH_LOCKED_LAGGED_PBP,development
00-0031339,2018,WR,QB_TEAM_ENVIRONMENT,1.0,1,1,HIGH_LOCKED_LAGGED_PBP,development
00-0031344,2018,WR,QB_TEAM_ENVIRONMENT,1.0,1,1,HIGH_LOCKED_LAGGED_PBP,development
00-0031381,2018,WR,QB_TEAM_ENVIRONMENT,1.0,1,1,HIGH_LOCKED_LAGGED_PBP,development
00-0031382,2018,WR,QB_TEAM_ENVIRONMENT,1.0,1,1,HIGH_LOCKED_LAGGED_PBP,development
00-0031408,2018,WR,QB_TEAM_ENVIRONMENT,1.0,1,1,HIGH_LOCKED_LAGGED_PBP,development
00-0031545,2018,WR,QB_TEAM_ENVIRONMENT,1.0,1,1,HIGH_LOCKED_LAGGED_PBP,development
00-0031547,2018,WR,QB_TEAM_ENVIRONMENT,1.0,1,1,HIGH_LOCKED_LAGGED_PBP,development
00-0031868,2018,WR,QB_TEAM_ENVIRONMENT,1.0,1,1,HIGH_LOCKED_LAGGED_PBP,development
00-0031941,2018,WR,QB_TEAM_ENVIRONMENT,1.0,1,1,HIGH_LOCKED_LAGGED_PBP,development
00-0032009,2018,WR,QB_TEAM_ENVIRONMENT,1.0,1,1,HIGH_LOCKED_LAGGED_PBP,development
00-0032054,2018,WR,QB_TEAM_ENVIRONMENT,1.0,1,1,HIGH_LOCKED_LAGGED_PBP,development
00-0032112,2018,WR,QB_TEAM_ENVIRONMENT,1.0,1,1,HIGH_LOCKED_LAGGED_PBP,development
00-0032166,2018,WR,QB_TEAM_ENVIRONMENT,1.0,1,1,HIGH_LOCKED_LAGGED_PBP,development
00-0032362,2018,WR,QB_TEAM_ENVIRONMENT,1.0,1,1,HIGH_LOCKED_LAGGED_PBP,development
00-0032385,2018,WR,QB_TEAM_ENVIRONMENT,1.0,1,1,HIGH_LOCKED_LAGGED_PBP,development
00-0032423,2018,WR,QB_TEAM_ENVIRONMENT,1.0,1,1,HIGH_LOCKED_LAGGED_PBP,development
00-0032475,2018,WR,QB_TEAM_ENVIRONMENT,1.0,1,1,HIGH_LOCKED_LAGGED_PBP,development
00-0032543,2018,WR,QB_TEAM_ENVIRONMENT,1.0,1,1,HIGH_LOCKED_LAGGED_PBP,development
00-0032626,2018,WR,QB_TEAM_ENVIRONMENT,1.0,1,1,HIGH_LOCKED_LAGGED_PBP,development
00-0032688,2018,WR,QB_TEAM_ENVIRONMENT,1.0,1,1,HIGH_LOCKED_LAGGED_PBP,development
00-0032707,2018,WR,QB_TEAM_ENVIRONMENT,0.0,0,0,HIGH_LOCKED_LAGGED_PBP,development
00-0032760,2018,WR,QB_TEAM_ENVIRONMENT,1.0,1,1,HIGH_LOCKED_LAGGED_PBP,development
00-0032791,2018,WR,QB_TEAM_ENVIRONMENT,1.0,1,1,HIGH_LOCKED_LAGGED_PBP,development
00-0032795,2018,WR,QB_TEAM_ENVIRONMENT,1.0,1,1,HIGH_LOCKED_LAGGED_PBP,development
00-0032935,2018,WR,QB_TEAM_ENVIRONMENT,1.0,1,1,HIGH_LOCKED_LAGGED_PBP,development
00-0032959,2018,WR,QB_TEAM_ENVIRONMENT,1.0,1,1,HIGH_LOCKED_LAGGED_PBP,development
00-0032966,2018,WR,QB_TEAM_ENVIRONMENT,1.0,1,1,HIGH_LOCKED_LAGGED_PBP,development
00-0032977,2018,WR,QB_TEAM_ENVIRONMENT,1.0,1,1,HIGH_LOCKED_LAGGED_PBP,development
00-0032980,2018,WR,QB_TEAM_ENVIRONMENT,1.0,1,1,HIGH_LOCKED_LAGGED_PBP,development
00-0033009,2018,WR,QB_TEAM_ENVIRONMENT,1.0,1,1,HIGH_LOCKED_LAGGED_PBP,development
00-0033060,2018,WR,QB_TEAM_ENVIRONMENT,1.0,1,1,HIGH_LOCKED_LAGGED_PBP,development
00-0033094,2018,WR,QB_TEAM_ENVIRONMENT,1.0,1,1,HIGH_LOCKED_LAGGED_PBP,development
00-0033127,2018,WR,QB_TEAM_ENVIRONMENT,1.0,1,1,HIGH_LOCKED_LAGGED_PBP,development
00-0033282,2018,WR,QB_TEAM_ENVIRONMENT,1.0,1,1,HIGH_LOCKED_LAGGED_PBP,development
00-0033292,2018,WR,QB_TEAM_ENVIRONMENT,1.0,1,1,HIGH_LOCKED_LAGGED_PBP,development
00-0033306,2018,WR,QB_TEAM_ENVIRONMENT,0.0,0,0,HIGH_LOCKED_LAGGED_PBP,development
00-0033307,2018,WR,QB_TEAM_ENVIRONMENT,1.0,1,1,HIGH_LOCKED_LAGGED_PBP,development
00-0033434,2018,WR,QB_TEAM_ENVIRONMENT,1.0,1,1,HIGH_LOCKED_LAGGED_PBP,development
00-0033460,2018,WR,QB_TEAM_ENVIRONMENT,1.0,1,1,HIGH_LOCKED_LAGGED_PBP,development
00-0033466,2018,WR,QB_TEAM_ENVIRONMENT,1.0,1,1,HIGH_LOCKED_LAGGED_PBP,development
00-0033552,2018,WR,QB_TEAM_ENVIRONMENT,0.0,0,0,HIGH_LOCKED_LAGGED_PBP,development
00-0033562,2018,WR,QB_TEAM_ENVIRONMENT,1.0,1,1,HIGH_LOCKED_LAGGED_PBP,development
00-0033572,2018,WR,QB_TEAM_ENVIRONMENT,1.0,1,1,HIGH_LOCKED_LAGGED_PBP,development
00-0033859,2018,WR,QB_TEAM_ENVIRONMENT,1.0,1,1,HIGH_LOCKED_LAGGED_PBP,development
00-0033921,2018,WR,QB_TEAM_ENVIRONMENT,1.0,1,1,HIGH_LOCKED_LAGGED_PBP,development
00-0033932,2018,WR,QB_TEAM_ENVIRONMENT,1.0,1,1,HIGH_LOCKED_LAGGED_PBP,development
00-0033933,2018,WR,QB_TEAM_ENVIRONMENT,1.0,1,1,HIGH_LOCKED_LAGGED_PBP,development
00-0033968,2018,WR,QB_TEAM_ENVIRONMENT,1.0,1,1,HIGH_LOCKED_LAGGED_PBP,development
00-0024221,2018,TE,QB_TEAM_ENVIRONMENT,1.0,1,1,HIGH_LOCKED_LAGGED_PBP,development
00-0027061,2018,TE,QB_TEAM_ENVIRONMENT,1.0,1,1,HIGH_LOCKED_LAGGED_PBP,development
00-0027139,2018,TE,QB_TEAM_ENVIRONMENT,0.0,0,0,HIGH_LOCKED_LAGGED_PBP,development
00-0027215,2018,TE,QB_TEAM_ENVIRONMENT,1.0,1,1,HIGH_LOCKED_LAGGED_PBP,development
00-0027696,2018,TE,QB_TEAM_ENVIRONMENT,1.0,1,1,HIGH_LOCKED_LAGGED_PBP,development
00-0027873,2018,TE,QB_TEAM_ENVIRONMENT,1.0,1,1,HIGH_LOCKED_LAGGED_PBP,development
00-0027985,2018,TE,QB_TEAM_ENVIRONMENT,1.0,1,1,HIGH_LOCKED_LAGGED_PBP,development
00-0028042,2018,TE,QB_TEAM_ENVIRONMENT,1.0,1,1,HIGH_LOCKED_LAGGED_PBP,development
00-0028093,2018,TE,QB_TEAM_ENVIRONMENT,1.0,1,1,HIGH_LOCKED_LAGGED_PBP,development
00-0028097,2018,TE,QB_TEAM_ENVIRONMENT,1.0,1,1,HIGH_LOCKED_LAGGED_PBP,development
00-0028903,2018,TE,QB_TEAM_ENVIRONMENT,1.0,1,1,HIGH_LOCKED_LAGGED_PBP,development
00-0029091,2018,TE,QB_TEAM_ENVIRONMENT,0.0,0,0,HIGH_LOCKED_LAGGED_PBP,development
00-0029119,2018,TE,QB_TEAM_ENVIRONMENT,1.0,1,1,HIGH_LOCKED_LAGGED_PBP,development
00-0029587,2018,TE,QB_TEAM_ENVIRONMENT,1.0,1,1,HIGH_LOCKED_LAGGED_PBP,development
00-0029689,2018,TE,QB_TEAM_ENVIRONMENT,1.0,1,1,HIGH_LOCKED_LAGGED_PBP,development
00-0029738,2018,TE,QB_TEAM_ENVIRONMENT,1.0,1,1,HIGH_LOCKED_LAGGED_PBP,development
00-0030089,2018,TE,QB_TEAM_ENVIRONMENT,1.0,1,1,HIGH_LOCKED_LAGGED_PBP,development
00-0030181,2018,TE,QB_TEAM_ENVIRONMENT,1.0,1,1,HIGH_LOCKED_LAGGED_PBP,development
00-0030422,2018,TE,QB_TEAM_ENVIRONMENT,1.0,1,1,HIGH_LOCKED_LAGGED_PBP,development
00-0030472,2018,TE,QB_TEAM_ENVIRONMENT,1.0,1,1,HIGH_LOCKED_LAGGED_PBP,development
00-0030549,2018,TE,QB_TEAM_ENVIRONMENT,1.0,1,1,HIGH_LOCKED_LAGGED_PBP,development
00-0031273,2018,TE,QB_TEAM_ENVIRONMENT,1.0,1,1,HIGH_LOCKED_LAGGED_PBP,development
00-0031384,2018,TE,QB_TEAM_ENVIRONMENT,1.0,1,1,HIGH_LOCKED_LAGGED_PBP,development
00-0031418,2018,TE,QB_TEAM_ENVIRONMENT,1.0,1,1,HIGH_LOCKED_LAGGED_PBP,development
00-0031484,2018,TE,QB_TEAM_ENVIRONMENT,1.0,1,1,HIGH_LOCKED_LAGGED_PBP,development
00-0031598,2018,TE,QB_TEAM_ENVIRONMENT,1.0,1,1,HIGH_LOCKED_LAGGED_PBP,development
00-0031609,2018,TE,QB_TEAM_ENVIRONMENT,1.0,1,1,HIGH_LOCKED_LAGGED_PBP,development
00-0031690,2018,TE,QB_TEAM_ENVIRONMENT,1.0,1,1,HIGH_LOCKED_LAGGED_PBP,development
00-0031744,2018,TE,QB_TEAM_ENVIRONMENT,1.0,1,1,HIGH_LOCKED_LAGGED_PBP,development
00-0031884,2018,TE,QB_TEAM_ENVIRONMENT,1.0,1,1,HIGH_LOCKED_LAGGED_PBP,development
00-0032062,2018,TE,QB_TEAM_ENVIRONMENT,1.0,1,1,HIGH_LOCKED_LAGGED_PBP,development
00-0032098,2018,TE,QB_TEAM_ENVIRONMENT,1.0,1,1,HIGH_LOCKED_LAGGED_PBP,development
00-0032120,2018,TE,QB_TEAM_ENVIRONMENT,1.0,1,1,HIGH_LOCKED_LAGGED_PBP,development
00-0032134,2018,TE,QB_TEAM_ENVIRONMENT,1.0,1,1,HIGH_LOCKED_LAGGED_PBP,development
00-0032141,2018,TE,QB_TEAM_ENVIRONMENT,1.0,1,1,HIGH_LOCKED_LAGGED_PBP,development
00-0032214,2018,TE,QB_TEAM_ENVIRONMENT,1.0,1,1,HIGH_LOCKED_LAGGED_PBP,development
00-0032227,2018,TE,QB_TEAM_ENVIRONMENT,1.0,1,1,HIGH_LOCKED_LAGGED_PBP,development
00-0032430,2018,TE,QB_TEAM_ENVIRONMENT,1.0,1,1,HIGH_LOCKED_LAGGED_PBP,development
00-0032745,2018,TE,QB_TEAM_ENVIRONMENT,1.0,1,1,HIGH_LOCKED_LAGGED_PBP,development
00-0033080,2018,TE,QB_TEAM_ENVIRONMENT,1.0,1,1,HIGH_LOCKED_LAGGED_PBP,development
00-0033117,2018,TE,QB_TEAM_ENVIRONMENT,0.0,0,0,HIGH_LOCKED_LAGGED_PBP,development
00-0033258,2018,TE,QB_TEAM_ENVIRONMENT,1.0,1,1,HIGH_LOCKED_LAGGED_PBP,development
00-0033288,2018,TE,QB_TEAM_ENVIRONMENT,1.0,1,1,HIGH_LOCKED_LAGGED_PBP,development
00-0033421,2018,TE,QB_TEAM_ENVIRONMENT,1.0,1,1,HIGH_LOCKED_LAGGED_PBP,development
00-0033528,2018,TE,QB_TEAM_ENVIRONMENT,1.0,1,1,HIGH_LOCKED_LAGGED_PBP,development
00-0033559,2018,TE,QB_TEAM_ENVIRONMENT,1.0,1,1,HIGH_LOCKED_LAGGED_PBP,development
00-0033576,2018,TE,QB_TEAM_ENVIRONMENT,0.0,0,0,HIGH_LOCKED_LAGGED_PBP,development
00-0033611,2018,TE,QB_TEAM_ENVIRONMENT,1.0,1,1,HIGH_LOCKED_LAGGED_PBP,development
00-0033879,2018,TE,QB_TEAM_ENVIRONMENT,1.0,1,1,HIGH_LOCKED_LAGGED_PBP,development
00-0033881,2018,TE,QB_TEAM_ENVIRONMENT,1.0,1,1,HIGH_LOCKED_LAGGED_PBP,development
00-0033885,2018,TE,QB_TEAM_ENVIRONMENT,1.0,1,1,HIGH_LOCKED_LAGGED_PBP,development
00-0022787,2019,QB,QB_TEAM_ENVIRONMENT,1.0,1,1,HIGH_LOCKED_LAGGED_PBP,development
00-0022803,2019,QB,QB_TEAM_ENVIRONMENT,1.0,1,1,HIGH_LOCKED_LAGGED_PBP,development
00-0022924,2019,QB,QB_TEAM_ENVIRONMENT,1.0,1,1,HIGH_LOCKED_LAGGED_PBP,development
00-0023682,2019,QB,QB_TEAM_ENVIRONMENT,1.0,1,1,HIGH_LOCKED_LAGGED_PBP,development
00-0026143,2019,QB,QB_TEAM_ENVIRONMENT,1.0,1,1,HIGH_LOCKED_LAGGED_PBP,development
00-0026158,2019,QB,QB_TEAM_ENVIRONMENT,1.0,1,1,HIGH_LOCKED_LAGGED_PBP,development
00-0026498,2019,QB,QB_TEAM_ENVIRONMENT,1.0,1,1,HIGH_LOCKED_LAGGED_PBP,development
00-0026544,2019,QB,QB_TEAM_ENVIRONMENT,1.0,1,1,HIGH_LOCKED_LAGGED_PBP,development
00-0026625,2019,QB,QB_TEAM_ENVIRONMENT,1.0,1,1,HIGH_LOCKED_LAGGED_PBP,development
00-0027688,2019,QB,QB_TEAM_ENVIRONMENT,1.0,1,1,HIGH_LOCKED_LAGGED_PBP,development
00-0027939,2019,QB,QB_TEAM_ENVIRONMENT,1.0,1,1,HIGH_LOCKED_LAGGED_PBP,development
00-0027973,2019,QB,QB_TEAM_ENVIRONMENT,1.0,1,1,HIGH_LOCKED_LAGGED_PBP,development
00-0028118,2019,QB,QB_TEAM_ENVIRONMENT,1.0,1,1,HIGH_LOCKED_LAGGED_PBP,development
00-0028986,2019,QB,QB_TEAM_ENVIRONMENT,1.0,1,1,HIGH_LOCKED_LAGGED_PBP,development
00-0029665,2019,QB,QB_TEAM_ENVIRONMENT,1.0,1,1,HIGH_LOCKED_LAGGED_PBP,development
00-0030520,2019,QB,QB_TEAM_ENVIRONMENT,1.0,1,1,HIGH_LOCKED_LAGGED_PBP,development
00-0030533,2019,QB,QB_TEAM_ENVIRONMENT,1.0,1,1,HIGH_LOCKED_LAGGED_PBP,development
00-0031237,2019,QB,QB_TEAM_ENVIRONMENT,1.0,1,1,HIGH_LOCKED_LAGGED_PBP,development
00-0031280,2019,QB,QB_TEAM_ENVIRONMENT,1.0,1,1,HIGH_LOCKED_LAGGED_PBP,development
00-0031288,2019,QB,QB_TEAM_ENVIRONMENT,1.0,1,1,HIGH_LOCKED_LAGGED_PBP,development
00-0031395,2019,QB,QB_TEAM_ENVIRONMENT,1.0,1,1,HIGH_LOCKED_LAGGED_PBP,development
00-0031407,2019,QB,QB_TEAM_ENVIRONMENT,1.0,1,1,HIGH_LOCKED_LAGGED_PBP,development
00-0031503,2019,QB,QB_TEAM_ENVIRONMENT,1.0,1,1,HIGH_LOCKED_LAGGED_PBP,development
00-0032245,2019,QB,QB_TEAM_ENVIRONMENT,1.0,1,1,HIGH_LOCKED_LAGGED_PBP,development
00-0032436,2019,QB,QB_TEAM_ENVIRONMENT,1.0,1,1,HIGH_LOCKED_LAGGED_PBP,development
00-0033119,2019,QB,QB_TEAM_ENVIRONMENT,1.0,1,1,HIGH_LOCKED_LAGGED_PBP,development
00-0033319,2019,QB,QB_TEAM_ENVIRONMENT,1.0,1,1,HIGH_LOCKED_LAGGED_PBP,development
00-0034343,2019,QB,QB_TEAM_ENVIRONMENT,1.0,1,1,HIGH_LOCKED_LAGGED_PBP,development
00-0034577,2019,QB,QB_TEAM_ENVIRONMENT,1.0,1,1,HIGH_LOCKED_LAGGED_PBP,development
00-0034855,2019,QB,QB_TEAM_ENVIRONMENT,1.0,1,1,HIGH_LOCKED_LAGGED_PBP,development
00-0034869,2019,QB,QB_TEAM_ENVIRONMENT,1.0,1,1,HIGH_LOCKED_LAGGED_PBP,development
00-0025394,2019,RB,QB_TEAM_ENVIRONMENT,1.0,1,1,HIGH_LOCKED_LAGGED_PBP,development
00-0027029,2019,RB,QB_TEAM_ENVIRONMENT,1.0,1,1,HIGH_LOCKED_LAGGED_PBP,development
00-0028064,2019,RB,QB_TEAM_ENVIRONMENT,1.0,1,1,HIGH_LOCKED_LAGGED_PBP,development
00-0029141,2019,RB,QB_TEAM_ENVIRONMENT,1.0,1,1,HIGH_LOCKED_LAGGED_PBP,development
00-0029239,2019,RB,QB_TEAM_ENVIRONMENT,1.0,1,1,HIGH_LOCKED_LAGGED_PBP,development
00-0029492,2019,RB,QB_TEAM_ENVIRONMENT,1.0,1,1,HIGH_LOCKED_LAGGED_PBP,development
00-0030404,2019,RB,QB_TEAM_ENVIRONMENT,1.0,1,1,HIGH_LOCKED_LAGGED_PBP,development
00-0030456,2019,RB,QB_TEAM_ENVIRONMENT,1.0,1,1,HIGH_LOCKED_LAGGED_PBP,development
00-0030465,2019,RB,QB_TEAM_ENVIRONMENT,1.0,1,1,HIGH_LOCKED_LAGGED_PBP,development
00-0030711,2019,RB,QB_TEAM_ENVIRONMENT,1.0,1,1,HIGH_LOCKED_LAGGED_PBP,development
00-0031209,2019,RB,QB_TEAM_ENVIRONMENT,0.0,0,0,HIGH_LOCKED_LAGGED_PBP,development
00-0031285,2019,RB,QB_TEAM_ENVIRONMENT,1.0,1,1,HIGH_LOCKED_LAGGED_PBP,development
00-0031577,2019,RB,QB_TEAM_ENVIRONMENT,1.0,1,1,HIGH_LOCKED_LAGGED_PBP,development
00-0031590,2019,RB,QB_TEAM_ENVIRONMENT,1.0,1,1,HIGH_LOCKED_LAGGED_PBP,development
00-0031665,2019,RB,QB_TEAM_ENVIRONMENT,1.0,1,1,HIGH_LOCKED_LAGGED_PBP,development
00-0031806,2019,RB,QB_TEAM_ENVIRONMENT,1.0,1,1,HIGH_LOCKED_LAGGED_PBP,development
00-0032187,2019,RB,QB_TEAM_ENVIRONMENT,1.0,1,1,HIGH_LOCKED_LAGGED_PBP,development
00-0032209,2019,RB,QB_TEAM_ENVIRONMENT,1.0,1,1,HIGH_LOCKED_LAGGED_PBP,development
00-0032393,2019,RB,QB_TEAM_ENVIRONMENT,1.0,1,1,HIGH_LOCKED_LAGGED_PBP,development
00-0032450,2019,RB,QB_TEAM_ENVIRONMENT,1.0,1,1,HIGH_LOCKED_LAGGED_PBP,development
00-0032540,2019,RB,QB_TEAM_ENVIRONMENT,0.0,0,0,HIGH_LOCKED_LAGGED_PBP,development
00-0032741,2019,RB,QB_TEAM_ENVIRONMENT,1.0,1,1,HIGH_LOCKED_LAGGED_PBP,development
00-0032794,2019,RB,QB_TEAM_ENVIRONMENT,1.0,1,1,HIGH_LOCKED_LAGGED_PBP,development
00-0032940,2019,RB,QB_TEAM_ENVIRONMENT,1.0,1,1,HIGH_LOCKED_LAGGED_PBP,development
00-0032972,2019,RB,QB_TEAM_ENVIRONMENT,1.0,1,1,HIGH_LOCKED_LAGGED_PBP,development
00-0032975,2019,RB,QB_TEAM_ENVIRONMENT,1.0,1,1,HIGH_LOCKED_LAGGED_PBP,development
00-0033025,2019,RB,QB_TEAM_ENVIRONMENT,1.0,1,1,HIGH_LOCKED_LAGGED_PBP,development
00-0033118,2019,RB,QB_TEAM_ENVIRONMENT,1.0,1,1,HIGH_LOCKED_LAGGED_PBP,development
00-0033280,2019,RB,QB_TEAM_ENVIRONMENT,1.0,1,1,HIGH_LOCKED_LAGGED_PBP,development
00-0033296,2019,RB,QB_TEAM_ENVIRONMENT,1.0,1,1,HIGH_LOCKED_LAGGED_PBP,development
00-0033376,2019,RB,QB_TEAM_ENVIRONMENT,0.0,0,0,HIGH_LOCKED_LAGGED_PBP,development
00-0033526,2019,RB,QB_TEAM_ENVIRONMENT,1.0,1,1,HIGH_LOCKED_LAGGED_PBP,development
00-0033553,2019,RB,QB_TEAM_ENVIRONMENT,1.0,1,1,HIGH_LOCKED_LAGGED_PBP,development
00-0033567,2019,RB,QB_TEAM_ENVIRONMENT,1.0,1,1,HIGH_LOCKED_LAGGED_PBP,development
00-0033725,2019,RB,QB_TEAM_ENVIRONMENT,1.0,1,1,HIGH_LOCKED_LAGGED_PBP,development
00-0033789,2019,RB,QB_TEAM_ENVIRONMENT,1.0,1,1,HIGH_LOCKED_LAGGED_PBP,development
00-0033854,2019,RB,QB_TEAM_ENVIRONMENT,0.0,0,0,HIGH_LOCKED_LAGGED_PBP,development
00-0033856,2019,RB,QB_TEAM_ENVIRONMENT,1.0,1,1,HIGH_LOCKED_LAGGED_PBP,development
00-0033897,2019,RB,QB_TEAM_ENVIRONMENT,1.0,1,1,HIGH_LOCKED_LAGGED_PBP,development
00-0033923,2019,RB,QB_TEAM_ENVIRONMENT,1.0,1,1,HIGH_LOCKED_LAGGED_PBP,development
00-0033950,2019,RB,QB_TEAM_ENVIRONMENT,1.0,1,1,HIGH_LOCKED_LAGGED_PBP,development
00-0034109,2019,RB,QB_TEAM_ENVIRONMENT,1.0,1,1,HIGH_LOCKED_LAGGED_PBP,development
00-0034164,2019,RB,QB_TEAM_ENVIRONMENT,1.0,1,1,HIGH_LOCKED_LAGGED_PBP,development
00-0034201,2019,RB,QB_TEAM_ENVIRONMENT,1.0,1,1,HIGH_LOCKED_LAGGED_PBP,development
00-0034253,2019,RB,QB_TEAM_ENVIRONMENT,1.0,1,1,HIGH_LOCKED_LAGGED_PBP,development
00-0034331,2019,RB,QB_TEAM_ENVIRONMENT,1.0,1,1,HIGH_LOCKED_LAGGED_PBP,development
00-0034349,2019,RB,QB_TEAM_ENVIRONMENT,1.0,1,1,HIGH_LOCKED_LAGGED_PBP,development
00-0034378,2019,RB,QB_TEAM_ENVIRONMENT,1.0,1,1,HIGH_LOCKED_LAGGED_PBP,development
00-0034679,2019,RB,QB_TEAM_ENVIRONMENT,1.0,1,1,HIGH_LOCKED_LAGGED_PBP,development
00-0034681,2019,RB,QB_TEAM_ENVIRONMENT,1.0,1,1,HIGH_LOCKED_LAGGED_PBP,development
00-0034791,2019,RB,QB_TEAM_ENVIRONMENT,1.0,1,1,HIGH_LOCKED_LAGGED_PBP,development
00-0034799,2019,RB,QB_TEAM_ENVIRONMENT,1.0,1,1,HIGH_LOCKED_LAGGED_PBP,development
00-0034816,2019,RB,QB_TEAM_ENVIRONMENT,1.0,1,1,HIGH_LOCKED_LAGGED_PBP,development
00-0034838,2019,RB,QB_TEAM_ENVIRONMENT,1.0,1,1,HIGH_LOCKED_LAGGED_PBP,development
00-0034844,2019,RB,QB_TEAM_ENVIRONMENT,1.0,1,1,HIGH_LOCKED_LAGGED_PBP,development
00-0022921,2019,WR,QB_TEAM_ENVIRONMENT,1.0,1,1,HIGH_LOCKED_LAGGED_PBP,development
00-0026035,2019,WR,QB_TEAM_ENVIRONMENT,1.0,1,1,HIGH_LOCKED_LAGGED_PBP,development
00-0026189,2019,WR,QB_TEAM_ENVIRONMENT,1.0,1,1,HIGH_LOCKED_LAGGED_PBP,development
00-0027793,2019,WR,QB_TEAM_ENVIRONMENT,1.0,1,1,HIGH_LOCKED_LAGGED_PBP,development
00-0027874,2019,WR,QB_TEAM_ENVIRONMENT,1.0,1,1,HIGH_LOCKED_LAGGED_PBP,development
00-0027944,2019,WR,QB_TEAM_ENVIRONMENT,1.0,1,1,HIGH_LOCKED_LAGGED_PBP,development
00-0028002,2019,WR,QB_TEAM_ENVIRONMENT,1.0,1,1,HIGH_LOCKED_LAGGED_PBP,development
00-0028114,2019,WR,QB_TEAM_ENVIRONMENT,1.0,1,1,HIGH_LOCKED_LAGGED_PBP,development
00-0029293,2019,WR,QB_TEAM_ENVIRONMENT,1.0,1,1,HIGH_LOCKED_LAGGED_PBP,development
00-0029572,2019,WR,QB_TEAM_ENVIRONMENT,1.0,1,1,HIGH_LOCKED_LAGGED_PBP,development
00-0029664,2019,WR,QB_TEAM_ENVIRONMENT,1.0,1,1,HIGH_LOCKED_LAGGED_PBP,development
00-0030068,2019,WR,QB_TEAM_ENVIRONMENT,1.0,1,1,HIGH_LOCKED_LAGGED_PBP,development
00-0030147,2019,WR,QB_TEAM_ENVIRONMENT,1.0,1,1,HIGH_LOCKED_LAGGED_PBP,development
00-0030669,2019,WR,QB_TEAM_ENVIRONMENT,1.0,1,1,HIGH_LOCKED_LAGGED_PBP,development
00-0030670,2019,WR,QB_TEAM_ENVIRONMENT,1.0,1,1,HIGH_LOCKED_LAGGED_PBP,development
00-0031023,2019,WR,QB_TEAM_ENVIRONMENT,1.0,1,1,HIGH_LOCKED_LAGGED_PBP,development
00-0031068,2019,WR,QB_TEAM_ENVIRONMENT,1.0,1,1,HIGH_LOCKED_LAGGED_PBP,development
00-0031189,2019,WR,QB_TEAM_ENVIRONMENT,1.0,1,1,HIGH_LOCKED_LAGGED_PBP,development
00-0031235,2019,WR,QB_TEAM_ENVIRONMENT,1.0,1,1,HIGH_LOCKED_LAGGED_PBP,development
00-0031257,2019,WR,QB_TEAM_ENVIRONMENT,1.0,1,1,HIGH_LOCKED_LAGGED_PBP,development
00-0031339,2019,WR,QB_TEAM_ENVIRONMENT,1.0,1,1,HIGH_LOCKED_LAGGED_PBP,development
00-0031344,2019,WR,QB_TEAM_ENVIRONMENT,1.0,1,1,HIGH_LOCKED_LAGGED_PBP,development
00-0031382,2019,WR,QB_TEAM_ENVIRONMENT,1.0,1,1,HIGH_LOCKED_LAGGED_PBP,development
00-0031408,2019,WR,QB_TEAM_ENVIRONMENT,1.0,1,1,HIGH_LOCKED_LAGGED_PBP,development
00-0031547,2019,WR,QB_TEAM_ENVIRONMENT,1.0,1,1,HIGH_LOCKED_LAGGED_PBP,development
00-0031570,2019,WR,QB_TEAM_ENVIRONMENT,1.0,1,1,HIGH_LOCKED_LAGGED_PBP,development
00-0031868,2019,WR,QB_TEAM_ENVIRONMENT,1.0,1,1,HIGH_LOCKED_LAGGED_PBP,development
00-0031941,2019,WR,QB_TEAM_ENVIRONMENT,1.0,1,1,HIGH_LOCKED_LAGGED_PBP,development
00-0032054,2019,WR,QB_TEAM_ENVIRONMENT,1.0,1,1,HIGH_LOCKED_LAGGED_PBP,development
00-0032055,2019,WR,QB_TEAM_ENVIRONMENT,1.0,1,1,HIGH_LOCKED_LAGGED_PBP,development
00-0032112,2019,WR,QB_TEAM_ENVIRONMENT,1.0,1,1,HIGH_LOCKED_LAGGED_PBP,development
00-0032385,2019,WR,QB_TEAM_ENVIRONMENT,1.0,1,1,HIGH_LOCKED_LAGGED_PBP,development
00-0032423,2019,WR,QB_TEAM_ENVIRONMENT,0.0,0,0,HIGH_LOCKED_LAGGED_PBP,development
00-0032543,2019,WR,QB_TEAM_ENVIRONMENT,1.0,1,1,HIGH_LOCKED_LAGGED_PBP,development
00-0032688,2019,WR,QB_TEAM_ENVIRONMENT,1.0,1,1,HIGH_LOCKED_LAGGED_PBP,development
00-0032791,2019,WR,QB_TEAM_ENVIRONMENT,1.0,1,1,HIGH_LOCKED_LAGGED_PBP,development
00-0032795,2019,WR,QB_TEAM_ENVIRONMENT,1.0,1,1,HIGH_LOCKED_LAGGED_PBP,development
00-0032935,2019,WR,QB_TEAM_ENVIRONMENT,1.0,1,1,HIGH_LOCKED_LAGGED_PBP,development
00-0032951,2019,WR,QB_TEAM_ENVIRONMENT,1.0,1,1,HIGH_LOCKED_LAGGED_PBP,development
00-0032977,2019,WR,QB_TEAM_ENVIRONMENT,1.0,1,1,HIGH_LOCKED_LAGGED_PBP,development
00-0032980,2019,WR,QB_TEAM_ENVIRONMENT,1.0,1,1,HIGH_LOCKED_LAGGED_PBP,development
00-0033006,2019,WR,QB_TEAM_ENVIRONMENT,0.0,0,0,HIGH_LOCKED_LAGGED_PBP,development
00-0033009,2019,WR,QB_TEAM_ENVIRONMENT,1.0,1,1,HIGH_LOCKED_LAGGED_PBP,development
00-0033094,2019,WR,QB_TEAM_ENVIRONMENT,1.0,1,1,HIGH_LOCKED_LAGGED_PBP,development
00-0033111,2019,WR,QB_TEAM_ENVIRONMENT,1.0,1,1,HIGH_LOCKED_LAGGED_PBP,development
00-0033282,2019,WR,QB_TEAM_ENVIRONMENT,1.0,1,1,HIGH_LOCKED_LAGGED_PBP,development
00-0033375,2019,WR,QB_TEAM_ENVIRONMENT,1.0,1,1,HIGH_LOCKED_LAGGED_PBP,development
00-0033434,2019,WR,QB_TEAM_ENVIRONMENT,1.0,1,1,HIGH_LOCKED_LAGGED_PBP,development
00-0033460,2019,WR,QB_TEAM_ENVIRONMENT,1.0,1,1,HIGH_LOCKED_LAGGED_PBP,development
00-0033471,2019,WR,QB_TEAM_ENVIRONMENT,1.0,1,1,HIGH_LOCKED_LAGGED_PBP,development
00-0033562,2019,WR,QB_TEAM_ENVIRONMENT,1.0,1,1,HIGH_LOCKED_LAGGED_PBP,development
00-0033572,2019,WR,QB_TEAM_ENVIRONMENT,1.0,1,1,HIGH_LOCKED_LAGGED_PBP,development
00-0033681,2019,WR,QB_TEAM_ENVIRONMENT,1.0,1,1,HIGH_LOCKED_LAGGED_PBP,development
00-0033839,2019,WR,QB_TEAM_ENVIRONMENT,1.0,1,1,HIGH_LOCKED_LAGGED_PBP,development
00-0033857,2019,WR,QB_TEAM_ENVIRONMENT,1.0,1,1,HIGH_LOCKED_LAGGED_PBP,development
00-0033891,2019,WR,QB_TEAM_ENVIRONMENT,1.0,1,1,HIGH_LOCKED_LAGGED_PBP,development
00-0033908,2019,WR,QB_TEAM_ENVIRONMENT,1.0,1,1,HIGH_LOCKED_LAGGED_PBP,development
00-0033911,2019,WR,QB_TEAM_ENVIRONMENT,1.0,1,1,HIGH_LOCKED_LAGGED_PBP,development
00-0033921,2019,WR,QB_TEAM_ENVIRONMENT,1.0,1,1,HIGH_LOCKED_LAGGED_PBP,development
00-0033932,2019,WR,QB_TEAM_ENVIRONMENT,1.0,1,1,HIGH_LOCKED_LAGGED_PBP,development
00-0033933,2019,WR,QB_TEAM_ENVIRONMENT,1.0,1,1,HIGH_LOCKED_LAGGED_PBP,development
00-0034052,2019,WR,QB_TEAM_ENVIRONMENT,1.0,1,1,HIGH_LOCKED_LAGGED_PBP,development
00-0034256,2019,WR,QB_TEAM_ENVIRONMENT,0.0,0,0,HIGH_LOCKED_LAGGED_PBP,development
00-0034273,2019,WR,QB_TEAM_ENVIRONMENT,1.0,1,1,HIGH_LOCKED_LAGGED_PBP,development
00-0034309,2019,WR,QB_TEAM_ENVIRONMENT,1.0,1,1,HIGH_LOCKED_LAGGED_PBP,development
00-0034339,2019,WR,QB_TEAM_ENVIRONMENT,1.0,1,1,HIGH_LOCKED_LAGGED_PBP,development
00-0034348,2019,WR,QB_TEAM_ENVIRONMENT,1.0,1,1,HIGH_LOCKED_LAGGED_PBP,development
00-0034370,2019,WR,QB_TEAM_ENVIRONMENT,1.0,1,1,HIGH_LOCKED_LAGGED_PBP,development
00-0034386,2019,WR,QB_TEAM_ENVIRONMENT,1.0,1,1,HIGH_LOCKED_LAGGED_PBP,development
00-0034407,2019,WR,QB_TEAM_ENVIRONMENT,1.0,1,1,HIGH_LOCKED_LAGGED_PBP,development
00-0034411,2019,WR,QB_TEAM_ENVIRONMENT,1.0,1,1,HIGH_LOCKED_LAGGED_PBP,development
00-0034426,2019,WR,QB_TEAM_ENVIRONMENT,1.0,1,1,HIGH_LOCKED_LAGGED_PBP,development
00-0034487,2019,WR,QB_TEAM_ENVIRONMENT,1.0,1,1,HIGH_LOCKED_LAGGED_PBP,development
00-0034510,2019,WR,QB_TEAM_ENVIRONMENT,1.0,1,1,HIGH_LOCKED_LAGGED_PBP,development
00-0034593,2019,WR,QB_TEAM_ENVIRONMENT,1.0,1,1,HIGH_LOCKED_LAGGED_PBP,development
00-0034676,2019,WR,QB_TEAM_ENVIRONMENT,1.0,1,1,HIGH_LOCKED_LAGGED_PBP,development
00-0034686,2019,WR,QB_TEAM_ENVIRONMENT,1.0,1,1,HIGH_LOCKED_LAGGED_PBP,development
00-0034710,2019,WR,QB_TEAM_ENVIRONMENT,1.0,1,1,HIGH_LOCKED_LAGGED_PBP,development
00-0034747,2019,WR,QB_TEAM_ENVIRONMENT,1.0,1,1,HIGH_LOCKED_LAGGED_PBP,development
00-0034772,2019,WR,QB_TEAM_ENVIRONMENT,1.0,1,1,HIGH_LOCKED_LAGGED_PBP,development
00-0034775,2019,WR,QB_TEAM_ENVIRONMENT,1.0,1,1,HIGH_LOCKED_LAGGED_PBP,development
00-0034777,2019,WR,QB_TEAM_ENVIRONMENT,1.0,1,1,HIGH_LOCKED_LAGGED_PBP,development
00-0034827,2019,WR,QB_TEAM_ENVIRONMENT,1.0,1,1,HIGH_LOCKED_LAGGED_PBP,development
00-0034837,2019,WR,QB_TEAM_ENVIRONMENT,1.0,1,1,HIGH_LOCKED_LAGGED_PBP,development
00-0034860,2019,WR,QB_TEAM_ENVIRONMENT,1.0,1,1,HIGH_LOCKED_LAGGED_PBP,development
00-0024221,2019,TE,QB_TEAM_ENVIRONMENT,1.0,1,1,HIGH_LOCKED_LAGGED_PBP,development
00-0024389,2019,TE,QB_TEAM_ENVIRONMENT,1.0,1,1,HIGH_LOCKED_LAGGED_PBP,development
00-0025418,2019,TE,QB_TEAM_ENVIRONMENT,1.0,1,1,HIGH_LOCKED_LAGGED_PBP,development
00-0027985,2019,TE,QB_TEAM_ENVIRONMENT,1.0,1,1,HIGH_LOCKED_LAGGED_PBP,development
00-0028042,2019,TE,QB_TEAM_ENVIRONMENT,1.0,1,1,HIGH_LOCKED_LAGGED_PBP,development
00-0028112,2019,TE,QB_TEAM_ENVIRONMENT,1.0,1,1,HIGH_LOCKED_LAGGED_PBP,development
00-0028903,2019,TE,QB_TEAM_ENVIRONMENT,1.0,1,1,HIGH_LOCKED_LAGGED_PBP,development
00-0029119,2019,TE,QB_TEAM_ENVIRONMENT,1.0,1,1,HIGH_LOCKED_LAGGED_PBP,development
00-0029587,2019,TE,QB_TEAM_ENVIRONMENT,1.0,1,1,HIGH_LOCKED_LAGGED_PBP,development
00-0030181,2019,TE,QB_TEAM_ENVIRONMENT,1.0,1,1,HIGH_LOCKED_LAGGED_PBP,development
00-0030443,2019,TE,QB_TEAM_ENVIRONMENT,1.0,1,1,HIGH_LOCKED_LAGGED_PBP,development
00-0030470,2019,TE,QB_TEAM_ENVIRONMENT,1.0,1,1,HIGH_LOCKED_LAGGED_PBP,development
00-0030549,2019,TE,QB_TEAM_ENVIRONMENT,1.0,1,1,HIGH_LOCKED_LAGGED_PBP,development
00-0030710,2019,TE,QB_TEAM_ENVIRONMENT,1.0,1,1,HIGH_LOCKED_LAGGED_PBP,development
00-0031035,2019,TE,QB_TEAM_ENVIRONMENT,1.0,1,1,HIGH_LOCKED_LAGGED_PBP,development
00-0031167,2019,TE,QB_TEAM_ENVIRONMENT,1.0,1,1,HIGH_LOCKED_LAGGED_PBP,development
00-0031260,2019,TE,QB_TEAM_ENVIRONMENT,1.0,1,1,HIGH_LOCKED_LAGGED_PBP,development
00-0031273,2019,TE,QB_TEAM_ENVIRONMENT,1.0,1,1,HIGH_LOCKED_LAGGED_PBP,development
00-0031484,2019,TE,QB_TEAM_ENVIRONMENT,1.0,1,1,HIGH_LOCKED_LAGGED_PBP,development
00-0031610,2019,TE,QB_TEAM_ENVIRONMENT,1.0,1,1,HIGH_LOCKED_LAGGED_PBP,development
00-0031690,2019,TE,QB_TEAM_ENVIRONMENT,1.0,1,1,HIGH_LOCKED_LAGGED_PBP,development
00-0031744,2019,TE,QB_TEAM_ENVIRONMENT,1.0,1,1,HIGH_LOCKED_LAGGED_PBP,development
00-0031951,2019,TE,QB_TEAM_ENVIRONMENT,1.0,1,1,HIGH_LOCKED_LAGGED_PBP,development
00-0032098,2019,TE,QB_TEAM_ENVIRONMENT,0.0,0,0,HIGH_LOCKED_LAGGED_PBP,development
00-0032117,2019,TE,QB_TEAM_ENVIRONMENT,1.0,1,1,HIGH_LOCKED_LAGGED_PBP,development
00-0032134,2019,TE,QB_TEAM_ENVIRONMENT,1.0,1,1,HIGH_LOCKED_LAGGED_PBP,development
00-0032135,2019,TE,QB_TEAM_ENVIRONMENT,1.0,1,1,HIGH_LOCKED_LAGGED_PBP,development
00-0032141,2019,TE,QB_TEAM_ENVIRONMENT,1.0,1,1,HIGH_LOCKED_LAGGED_PBP,development
00-0032227,2019,TE,QB_TEAM_ENVIRONMENT,1.0,1,1,HIGH_LOCKED_LAGGED_PBP,development
00-0032392,2019,TE,QB_TEAM_ENVIRONMENT,1.0,1,1,HIGH_LOCKED_LAGGED_PBP,development
00-0032599,2019,TE,QB_TEAM_ENVIRONMENT,1.0,1,1,HIGH_LOCKED_LAGGED_PBP,development
00-0033080,2019,TE,QB_TEAM_ENVIRONMENT,1.0,1,1,HIGH_LOCKED_LAGGED_PBP,development
00-0033117,2019,TE,QB_TEAM_ENVIRONMENT,0.0,0,0,HIGH_LOCKED_LAGGED_PBP,development
00-0033258,2019,TE,QB_TEAM_ENVIRONMENT,1.0,1,1,HIGH_LOCKED_LAGGED_PBP,development
00-0033421,2019,TE,QB_TEAM_ENVIRONMENT,1.0,1,1,HIGH_LOCKED_LAGGED_PBP,development
00-0033528,2019,TE,QB_TEAM_ENVIRONMENT,1.0,1,1,HIGH_LOCKED_LAGGED_PBP,development
00-0033576,2019,TE,QB_TEAM_ENVIRONMENT,1.0,1,1,HIGH_LOCKED_LAGGED_PBP,development
00-0033611,2019,TE,QB_TEAM_ENVIRONMENT,1.0,1,1,HIGH_LOCKED_LAGGED_PBP,development
00-0033696,2019,TE,QB_TEAM_ENVIRONMENT,1.0,1,1,HIGH_LOCKED_LAGGED_PBP,development
00-0033742,2019,TE,QB_TEAM_ENVIRONMENT,1.0,1,1,HIGH_LOCKED_LAGGED_PBP,development
00-0033879,2019,TE,QB_TEAM_ENVIRONMENT,1.0,1,1,HIGH_LOCKED_LAGGED_PBP,development
00-0033881,2019,TE,QB_TEAM_ENVIRONMENT,1.0,1,1,HIGH_LOCKED_LAGGED_PBP,development
00-0033885,2019,TE,QB_TEAM_ENVIRONMENT,1.0,1,1,HIGH_LOCKED_LAGGED_PBP,development
00-0034073,2019,TE,QB_TEAM_ENVIRONMENT,1.0,1,1,HIGH_LOCKED_LAGGED_PBP,development
00-0034159,2019,TE,QB_TEAM_ENVIRONMENT,1.0,1,1,HIGH_LOCKED_LAGGED_PBP,development
00-0034365,2019,TE,QB_TEAM_ENVIRONMENT,1.0,1,1,HIGH_LOCKED_LAGGED_PBP,development
00-0034766,2019,TE,QB_TEAM_ENVIRONMENT,1.0,1,1,HIGH_LOCKED_LAGGED_PBP,development
00-0034798,2019,TE,QB_TEAM_ENVIRONMENT,1.0,1,1,HIGH_LOCKED_LAGGED_PBP,development
00-0034829,2019,TE,QB_TEAM_ENVIRONMENT,1.0,1,1,HIGH_LOCKED_LAGGED_PBP,development
00-0022787,2020,QB,QB_TEAM_ENVIRONMENT,1.0,1,1,HIGH_LOCKED_LAGGED_PBP,development
00-0023682,2020,QB,QB_TEAM_ENVIRONMENT,1.0,1,1,HIGH_LOCKED_LAGGED_PBP,development
00-0026143,2020,QB,QB_TEAM_ENVIRONMENT,1.0,1,1,HIGH_LOCKED_LAGGED_PBP,development
00-0026158,2020,QB,QB_TEAM_ENVIRONMENT,1.0,1,1,HIGH_LOCKED_LAGGED_PBP,development
00-0026498,2020,QB,QB_TEAM_ENVIRONMENT,1.0,1,1,HIGH_LOCKED_LAGGED_PBP,development
00-0026544,2020,QB,QB_TEAM_ENVIRONMENT,1.0,1,1,HIGH_LOCKED_LAGGED_PBP,development
00-0026625,2020,QB,QB_TEAM_ENVIRONMENT,1.0,1,1,HIGH_LOCKED_LAGGED_PBP,development
00-0027688,2020,QB,QB_TEAM_ENVIRONMENT,1.0,1,1,HIGH_LOCKED_LAGGED_PBP,development
00-0027939,2020,QB,QB_TEAM_ENVIRONMENT,1.0,1,1,HIGH_LOCKED_LAGGED_PBP,development
00-0027973,2020,QB,QB_TEAM_ENVIRONMENT,1.0,1,1,HIGH_LOCKED_LAGGED_PBP,development
00-0028118,2020,QB,QB_TEAM_ENVIRONMENT,1.0,1,1,HIGH_LOCKED_LAGGED_PBP,development
00-0028986,2020,QB,QB_TEAM_ENVIRONMENT,1.0,1,1,HIGH_LOCKED_LAGGED_PBP,development
00-0029567,2020,QB,QB_TEAM_ENVIRONMENT,1.0,1,1,HIGH_LOCKED_LAGGED_PBP,development
00-0029665,2020,QB,QB_TEAM_ENVIRONMENT,1.0,1,1,HIGH_LOCKED_LAGGED_PBP,development
00-0030520,2020,QB,QB_TEAM_ENVIRONMENT,1.0,1,1,HIGH_LOCKED_LAGGED_PBP,development
00-0030533,2020,QB,QB_TEAM_ENVIRONMENT,1.0,1,1,HIGH_LOCKED_LAGGED_PBP,development
00-0031237,2020,QB,QB_TEAM_ENVIRONMENT,1.0,1,1,HIGH_LOCKED_LAGGED_PBP,development
00-0031280,2020,QB,QB_TEAM_ENVIRONMENT,1.0,1,1,HIGH_LOCKED_LAGGED_PBP,development
00-0031288,2020,QB,QB_TEAM_ENVIRONMENT,1.0,1,1,HIGH_LOCKED_LAGGED_PBP,development
00-0031395,2020,QB,QB_TEAM_ENVIRONMENT,1.0,1,1,HIGH_LOCKED_LAGGED_PBP,development
00-0032434,2020,QB,QB_TEAM_ENVIRONMENT,1.0,1,1,HIGH_LOCKED_LAGGED_PBP,development
00-0032436,2020,QB,QB_TEAM_ENVIRONMENT,1.0,1,1,HIGH_LOCKED_LAGGED_PBP,development
00-0033077,2020,QB,QB_TEAM_ENVIRONMENT,1.0,1,1,HIGH_LOCKED_LAGGED_PBP,development
00-0033319,2020,QB,QB_TEAM_ENVIRONMENT,0.0,0,0,HIGH_LOCKED_LAGGED_PBP,development
00-0034177,2020,QB,QB_TEAM_ENVIRONMENT,1.0,1,1,HIGH_LOCKED_LAGGED_PBP,development
00-0034577,2020,QB,QB_TEAM_ENVIRONMENT,1.0,1,1,HIGH_LOCKED_LAGGED_PBP,development
00-0034771,2020,QB,QB_TEAM_ENVIRONMENT,1.0,1,1,HIGH_LOCKED_LAGGED_PBP,development
00-0034869,2020,QB,QB_TEAM_ENVIRONMENT,1.0,1,1,HIGH_LOCKED_LAGGED_PBP,development
00-0035040,2020,QB,QB_TEAM_ENVIRONMENT,1.0,1,1,HIGH_LOCKED_LAGGED_PBP,development
00-0035146,2020,QB,QB_TEAM_ENVIRONMENT,0.9166666666666666,1,1,HIGH_LOCKED_LAGGED_PBP,development
00-0035228,2020,QB,QB_TEAM_ENVIRONMENT,1.0,1,1,HIGH_LOCKED_LAGGED_PBP,development
00-0035232,2020,QB,QB_TEAM_ENVIRONMENT,1.0,1,1,HIGH_LOCKED_LAGGED_PBP,development
00-0035264,2020,QB,QB_TEAM_ENVIRONMENT,1.0,1,1,HIGH_LOCKED_LAGGED_PBP,development
00-0035289,2020,QB,QB_TEAM_ENVIRONMENT,1.0,1,1,HIGH_LOCKED_LAGGED_PBP,development
00-0035652,2020,QB,QB_TEAM_ENVIRONMENT,1.0,1,1,HIGH_LOCKED_LAGGED_PBP,development
00-0035704,2020,QB,QB_TEAM_ENVIRONMENT,1.0,1,1,HIGH_LOCKED_LAGGED_PBP,development
00-0035710,2020,QB,QB_TEAM_ENVIRONMENT,1.0,1,1,HIGH_LOCKED_LAGGED_PBP,development
00-0025394,2020,RB,QB_TEAM_ENVIRONMENT,1.0,1,1,HIGH_LOCKED_LAGGED_PBP,development
00-0027029,2020,RB,QB_TEAM_ENVIRONMENT,1.0,1,1,HIGH_LOCKED_LAGGED_PBP,development
00-0029141,2020,RB,QB_TEAM_ENVIRONMENT,1.0,1,1,HIGH_LOCKED_LAGGED_PBP,development
00-0030404,2020,RB,QB_TEAM_ENVIRONMENT,1.0,1,1,HIGH_LOCKED_LAGGED_PBP,development
00-0030456,2020,RB,QB_TEAM_ENVIRONMENT,1.0,1,1,HIGH_LOCKED_LAGGED_PBP,development
00-0030465,2020,RB,QB_TEAM_ENVIRONMENT,1.0,1,1,HIGH_LOCKED_LAGGED_PBP,development
00-0031209,2020,RB,QB_TEAM_ENVIRONMENT,1.0,1,1,HIGH_LOCKED_LAGGED_PBP,development
00-0031285,2020,RB,QB_TEAM_ENVIRONMENT,1.0,1,1,HIGH_LOCKED_LAGGED_PBP,development
00-0032063,2020,RB,QB_TEAM_ENVIRONMENT,1.0,1,1,HIGH_LOCKED_LAGGED_PBP,development
00-0032144,2020,RB,QB_TEAM_ENVIRONMENT,1.0,1,1,HIGH_LOCKED_LAGGED_PBP,development
00-0032187,2020,RB,QB_TEAM_ENVIRONMENT,1.0,1,1,HIGH_LOCKED_LAGGED_PBP,development
00-0032241,2020,RB,QB_TEAM_ENVIRONMENT,1.0,1,1,HIGH_LOCKED_LAGGED_PBP,development
00-0032393,2020,RB,QB_TEAM_ENVIRONMENT,1.0,1,1,HIGH_LOCKED_LAGGED_PBP,development
00-0032577,2020,RB,QB_TEAM_ENVIRONMENT,0.0,0,0,HIGH_LOCKED_LAGGED_PBP,development
00-0032780,2020,RB,QB_TEAM_ENVIRONMENT,1.0,1,1,HIGH_LOCKED_LAGGED_PBP,development
00-0032940,2020,RB,QB_TEAM_ENVIRONMENT,1.0,1,1,HIGH_LOCKED_LAGGED_PBP,development
00-0032972,2020,RB,QB_TEAM_ENVIRONMENT,1.0,1,1,HIGH_LOCKED_LAGGED_PBP,development
00-0032975,2020,RB,QB_TEAM_ENVIRONMENT,1.0,1,1,HIGH_LOCKED_LAGGED_PBP,development
00-0033025,2020,RB,QB_TEAM_ENVIRONMENT,1.0,1,1,HIGH_LOCKED_LAGGED_PBP,development
00-0033045,2020,RB,QB_TEAM_ENVIRONMENT,1.0,1,1,HIGH_LOCKED_LAGGED_PBP,development
00-0033118,2020,RB,QB_TEAM_ENVIRONMENT,1.0,1,1,HIGH_LOCKED_LAGGED_PBP,development
00-0033164,2020,RB,QB_TEAM_ENVIRONMENT,1.0,1,1,HIGH_LOCKED_LAGGED_PBP,development
00-0033280,2020,RB,QB_TEAM_ENVIRONMENT,1.0,1,1,HIGH_LOCKED_LAGGED_PBP,development
00-0033296,2020,RB,QB_TEAM_ENVIRONMENT,1.0,1,1,HIGH_LOCKED_LAGGED_PBP,development
00-0033526,2020,RB,QB_TEAM_ENVIRONMENT,1.0,1,1,HIGH_LOCKED_LAGGED_PBP,development
00-0033556,2020,RB,QB_TEAM_ENVIRONMENT,1.0,1,1,HIGH_LOCKED_LAGGED_PBP,development
00-0033567,2020,RB,QB_TEAM_ENVIRONMENT,1.0,1,1,HIGH_LOCKED_LAGGED_PBP,development
00-0033699,2020,RB,QB_TEAM_ENVIRONMENT,1.0,1,1,HIGH_LOCKED_LAGGED_PBP,development
00-0033725,2020,RB,QB_TEAM_ENVIRONMENT,0.0,0,0,HIGH_LOCKED_LAGGED_PBP,development
00-0033838,2020,RB,QB_TEAM_ENVIRONMENT,1.0,1,1,HIGH_LOCKED_LAGGED_PBP,development
00-0033854,2020,RB,QB_TEAM_ENVIRONMENT,1.0,1,1,HIGH_LOCKED_LAGGED_PBP,development
00-0033897,2020,RB,QB_TEAM_ENVIRONMENT,1.0,1,1,HIGH_LOCKED_LAGGED_PBP,development
00-0033950,2020,RB,QB_TEAM_ENVIRONMENT,1.0,1,1,HIGH_LOCKED_LAGGED_PBP,development
00-0033951,2020,RB,QB_TEAM_ENVIRONMENT,1.0,1,1,HIGH_LOCKED_LAGGED_PBP,development
00-0034109,2020,RB,QB_TEAM_ENVIRONMENT,1.0,1,1,HIGH_LOCKED_LAGGED_PBP,development
00-0034164,2020,RB,QB_TEAM_ENVIRONMENT,0.0,0,0,HIGH_LOCKED_LAGGED_PBP,development
00-0034253,2020,RB,QB_TEAM_ENVIRONMENT,1.0,1,1,HIGH_LOCKED_LAGGED_PBP,development
00-0034331,2020,RB,QB_TEAM_ENVIRONMENT,1.0,1,1,HIGH_LOCKED_LAGGED_PBP,development
00-0034349,2020,RB,QB_TEAM_ENVIRONMENT,1.0,1,1,HIGH_LOCKED_LAGGED_PBP,development
00-0034378,2020,RB,QB_TEAM_ENVIRONMENT,1.0,1,1,HIGH_LOCKED_LAGGED_PBP,development
00-0034400,2020,RB,QB_TEAM_ENVIRONMENT,1.0,1,1,HIGH_LOCKED_LAGGED_PBP,development
00-0034432,2020,RB,QB_TEAM_ENVIRONMENT,1.0,1,1,HIGH_LOCKED_LAGGED_PBP,development
00-0034440,2020,RB,QB_TEAM_ENVIRONMENT,1.0,1,1,HIGH_LOCKED_LAGGED_PBP,development
00-0034457,2020,RB,QB_TEAM_ENVIRONMENT,1.0,1,1,HIGH_LOCKED_LAGGED_PBP,development
00-0034578,2020,RB,QB_TEAM_ENVIRONMENT,1.0,1,1,HIGH_LOCKED_LAGGED_PBP,development
00-0034681,2020,RB,QB_TEAM_ENVIRONMENT,1.0,1,1,HIGH_LOCKED_LAGGED_PBP,development
00-0034750,2020,RB,QB_TEAM_ENVIRONMENT,1.0,1,1,HIGH_LOCKED_LAGGED_PBP,development
00-0034799,2020,RB,QB_TEAM_ENVIRONMENT,1.0,1,1,HIGH_LOCKED_LAGGED_PBP,development
00-0034838,2020,RB,QB_TEAM_ENVIRONMENT,1.0,1,1,HIGH_LOCKED_LAGGED_PBP,development
00-0034844,2020,RB,QB_TEAM_ENVIRONMENT,1.0,1,1,HIGH_LOCKED_LAGGED_PBP,development
00-0034995,2020,RB,QB_TEAM_ENVIRONMENT,1.0,1,1,HIGH_LOCKED_LAGGED_PBP,development
00-0035184,2020,RB,QB_TEAM_ENVIRONMENT,1.0,1,1,HIGH_LOCKED_LAGGED_PBP,development
00-0035261,2020,RB,QB_TEAM_ENVIRONMENT,1.0,1,1,HIGH_LOCKED_LAGGED_PBP,development
00-0035273,2020,RB,QB_TEAM_ENVIRONMENT,1.0,1,1,HIGH_LOCKED_LAGGED_PBP,development
00-0035311,2020,RB,QB_TEAM_ENVIRONMENT,1.0,1,1,HIGH_LOCKED_LAGGED_PBP,development
00-0035342,2020,RB,QB_TEAM_ENVIRONMENT,1.0,1,1,HIGH_LOCKED_LAGGED_PBP,development
00-0035537,2020,RB,QB_TEAM_ENVIRONMENT,1.0,1,1,HIGH_LOCKED_LAGGED_PBP,development
00-0035551,2020,RB,QB_TEAM_ENVIRONMENT,1.0,1,1,HIGH_LOCKED_LAGGED_PBP,development
00-0035657,2020,RB,QB_TEAM_ENVIRONMENT,1.0,1,1,HIGH_LOCKED_LAGGED_PBP,development
00-0035664,2020,RB,QB_TEAM_ENVIRONMENT,1.0,1,1,HIGH_LOCKED_LAGGED_PBP,development
00-0035700,2020,RB,QB_TEAM_ENVIRONMENT,1.0,1,1,HIGH_LOCKED_LAGGED_PBP,development
00-0035726,2020,RB,QB_TEAM_ENVIRONMENT,1.0,1,1,HIGH_LOCKED_LAGGED_PBP,development
00-0022921,2020,WR,QB_TEAM_ENVIRONMENT,1.0,1,1,HIGH_LOCKED_LAGGED_PBP,development
00-0026035,2020,WR,QB_TEAM_ENVIRONMENT,1.0,1,1,HIGH_LOCKED_LAGGED_PBP,development
00-0026189,2020,WR,QB_TEAM_ENVIRONMENT,1.0,1,1,HIGH_LOCKED_LAGGED_PBP,development
00-0027891,2020,WR,QB_TEAM_ENVIRONMENT,1.0,1,1,HIGH_LOCKED_LAGGED_PBP,development
00-0027944,2020,WR,QB_TEAM_ENVIRONMENT,1.0,1,1,HIGH_LOCKED_LAGGED_PBP,development
00-0028002,2020,WR,QB_TEAM_ENVIRONMENT,1.0,1,1,HIGH_LOCKED_LAGGED_PBP,development
00-0028114,2020,WR,QB_TEAM_ENVIRONMENT,1.0,1,1,HIGH_LOCKED_LAGGED_PBP,development
00-0028237,2020,WR,QB_TEAM_ENVIRONMENT,1.0,1,1,HIGH_LOCKED_LAGGED_PBP,development
00-0028411,2020,WR,QB_TEAM_ENVIRONMENT,1.0,1,1,HIGH_LOCKED_LAGGED_PBP,development
00-0029137,2020,WR,QB_TEAM_ENVIRONMENT,1.0,1,1,HIGH_LOCKED_LAGGED_PBP,development
00-0029293,2020,WR,QB_TEAM_ENVIRONMENT,1.0,1,1,HIGH_LOCKED_LAGGED_PBP,development
00-0030279,2020,WR,QB_TEAM_ENVIRONMENT,1.0,1,1,HIGH_LOCKED_LAGGED_PBP,development
00-0030670,2020,WR,QB_TEAM_ENVIRONMENT,1.0,1,1,HIGH_LOCKED_LAGGED_PBP,development
00-0031235,2020,WR,QB_TEAM_ENVIRONMENT,1.0,1,1,HIGH_LOCKED_LAGGED_PBP,development
00-0031236,2020,WR,QB_TEAM_ENVIRONMENT,1.0,1,1,HIGH_LOCKED_LAGGED_PBP,development
00-0031319,2020,WR,QB_TEAM_ENVIRONMENT,1.0,1,1,HIGH_LOCKED_LAGGED_PBP,development
00-0031339,2020,WR,QB_TEAM_ENVIRONMENT,1.0,1,1,HIGH_LOCKED_LAGGED_PBP,development
00-0031544,2020,WR,QB_TEAM_ENVIRONMENT,1.0,1,1,HIGH_LOCKED_LAGGED_PBP,development
00-0031547,2020,WR,QB_TEAM_ENVIRONMENT,1.0,1,1,HIGH_LOCKED_LAGGED_PBP,development
00-0031549,2020,WR,QB_TEAM_ENVIRONMENT,1.0,1,1,HIGH_LOCKED_LAGGED_PBP,development
00-0031868,2020,WR,QB_TEAM_ENVIRONMENT,1.0,1,1,HIGH_LOCKED_LAGGED_PBP,development
00-0031941,2020,WR,QB_TEAM_ENVIRONMENT,1.0,1,1,HIGH_LOCKED_LAGGED_PBP,development
00-0032054,2020,WR,QB_TEAM_ENVIRONMENT,1.0,1,1,HIGH_LOCKED_LAGGED_PBP,development
00-0032128,2020,WR,QB_TEAM_ENVIRONMENT,1.0,1,1,HIGH_LOCKED_LAGGED_PBP,development
00-0032385,2020,WR,QB_TEAM_ENVIRONMENT,1.0,1,1,HIGH_LOCKED_LAGGED_PBP,development
00-0032543,2020,WR,QB_TEAM_ENVIRONMENT,1.0,1,1,HIGH_LOCKED_LAGGED_PBP,development
00-0032688,2020,WR,QB_TEAM_ENVIRONMENT,1.0,1,1,HIGH_LOCKED_LAGGED_PBP,development
00-0032791,2020,WR,QB_TEAM_ENVIRONMENT,1.0,1,1,HIGH_LOCKED_LAGGED_PBP,development
00-0032951,2020,WR,QB_TEAM_ENVIRONMENT,1.0,1,1,HIGH_LOCKED_LAGGED_PBP,development
00-0032980,2020,WR,QB_TEAM_ENVIRONMENT,1.0,1,1,HIGH_LOCKED_LAGGED_PBP,development
00-0033009,2020,WR,QB_TEAM_ENVIRONMENT,1.0,1,1,HIGH_LOCKED_LAGGED_PBP,development
00-0033094,2020,WR,QB_TEAM_ENVIRONMENT,1.0,1,1,HIGH_LOCKED_LAGGED_PBP,development
00-0033111,2020,WR,QB_TEAM_ENVIRONMENT,1.0,1,1,HIGH_LOCKED_LAGGED_PBP,development
00-0033114,2020,WR,QB_TEAM_ENVIRONMENT,1.0,1,1,HIGH_LOCKED_LAGGED_PBP,development
00-0033215,2020,WR,QB_TEAM_ENVIRONMENT,1.0,1,1,HIGH_LOCKED_LAGGED_PBP,development
00-0033266,2020,WR,QB_TEAM_ENVIRONMENT,0.0,0,0,HIGH_LOCKED_LAGGED_PBP,development
00-0033282,2020,WR,QB_TEAM_ENVIRONMENT,1.0,1,1,HIGH_LOCKED_LAGGED_PBP,development
00-0033367,2020,WR,QB_TEAM_ENVIRONMENT,1.0,1,1,HIGH_LOCKED_LAGGED_PBP,development
00-0033375,2020,WR,QB_TEAM_ENVIRONMENT,1.0,1,1,HIGH_LOCKED_LAGGED_PBP,development
00-0033382,2020,WR,QB_TEAM_ENVIRONMENT,1.0,1,1,HIGH_LOCKED_LAGGED_PBP,development
00-0033386,2020,WR,QB_TEAM_ENVIRONMENT,1.0,1,1,HIGH_LOCKED_LAGGED_PBP,development
00-0033460,2020,WR,QB_TEAM_ENVIRONMENT,1.0,1,1,HIGH_LOCKED_LAGGED_PBP,development
00-0033471,2020,WR,QB_TEAM_ENVIRONMENT,1.0,1,1,HIGH_LOCKED_LAGGED_PBP,development
00-0033474,2020,WR,QB_TEAM_ENVIRONMENT,0.0,0,0,HIGH_LOCKED_LAGGED_PBP,development
00-0033536,2020,WR,QB_TEAM_ENVIRONMENT,1.0,1,1,HIGH_LOCKED_LAGGED_PBP,development
00-0033555,2020,WR,QB_TEAM_ENVIRONMENT,1.0,1,1,HIGH_LOCKED_LAGGED_PBP,development
00-0033572,2020,WR,QB_TEAM_ENVIRONMENT,1.0,1,1,HIGH_LOCKED_LAGGED_PBP,development
00-0033681,2020,WR,QB_TEAM_ENVIRONMENT,1.0,1,1,HIGH_LOCKED_LAGGED_PBP,development
00-0033839,2020,WR,QB_TEAM_ENVIRONMENT,1.0,1,1,HIGH_LOCKED_LAGGED_PBP,development
00-0033891,2020,WR,QB_TEAM_ENVIRONMENT,1.0,1,1,HIGH_LOCKED_LAGGED_PBP,development
00-0033911,2020,WR,QB_TEAM_ENVIRONMENT,1.0,1,1,HIGH_LOCKED_LAGGED_PBP,development
00-0033932,2020,WR,QB_TEAM_ENVIRONMENT,1.0,1,1,HIGH_LOCKED_LAGGED_PBP,development
00-0034052,2020,WR,QB_TEAM_ENVIRONMENT,1.0,1,1,HIGH_LOCKED_LAGGED_PBP,development
00-0034081,2020,WR,QB_TEAM_ENVIRONMENT,1.0,1,1,HIGH_LOCKED_LAGGED_PBP,development
00-0034132,2020,WR,QB_TEAM_ENVIRONMENT,1.0,1,1,HIGH_LOCKED_LAGGED_PBP,development
00-0034267,2020,WR,QB_TEAM_ENVIRONMENT,1.0,1,1,HIGH_LOCKED_LAGGED_PBP,development
00-0034273,2020,WR,QB_TEAM_ENVIRONMENT,1.0,1,1,HIGH_LOCKED_LAGGED_PBP,development
00-0034309,2020,WR,QB_TEAM_ENVIRONMENT,1.0,1,1,HIGH_LOCKED_LAGGED_PBP,development
00-0034339,2020,WR,QB_TEAM_ENVIRONMENT,1.0,1,1,HIGH_LOCKED_LAGGED_PBP,development
00-0034348,2020,WR,QB_TEAM_ENVIRONMENT,1.0,1,1,HIGH_LOCKED_LAGGED_PBP,development
00-0034366,2020,WR,QB_TEAM_ENVIRONMENT,1.0,1,1,HIGH_LOCKED_LAGGED_PBP,development
00-0034370,2020,WR,QB_TEAM_ENVIRONMENT,1.0,1,1,HIGH_LOCKED_LAGGED_PBP,development
00-0034411,2020,WR,QB_TEAM_ENVIRONMENT,1.0,1,1,HIGH_LOCKED_LAGGED_PBP,development
00-0034418,2020,WR,QB_TEAM_ENVIRONMENT,1.0,1,1,HIGH_LOCKED_LAGGED_PBP,development
00-0034419,2020,WR,QB_TEAM_ENVIRONMENT,1.0,1,1,HIGH_LOCKED_LAGGED_PBP,development
00-0034487,2020,WR,QB_TEAM_ENVIRONMENT,1.0,1,1,HIGH_LOCKED_LAGGED_PBP,development
00-0034510,2020,WR,QB_TEAM_ENVIRONMENT,1.0,1,1,HIGH_LOCKED_LAGGED_PBP,development
00-0034631,2020,WR,QB_TEAM_ENVIRONMENT,1.0,1,1,HIGH_LOCKED_LAGGED_PBP,development
00-0034660,2020,WR,QB_TEAM_ENVIRONMENT,1.0,1,1,HIGH_LOCKED_LAGGED_PBP,development
00-0034686,2020,WR,QB_TEAM_ENVIRONMENT,1.0,1,1,HIGH_LOCKED_LAGGED_PBP,development
00-0034764,2020,WR,QB_TEAM_ENVIRONMENT,1.0,1,1,HIGH_LOCKED_LAGGED_PBP,development
00-0034772,2020,WR,QB_TEAM_ENVIRONMENT,1.0,1,1,HIGH_LOCKED_LAGGED_PBP,development
00-0034775,2020,WR,QB_TEAM_ENVIRONMENT,1.0,1,1,HIGH_LOCKED_LAGGED_PBP,development
00-0034777,2020,WR,QB_TEAM_ENVIRONMENT,1.0,1,1,HIGH_LOCKED_LAGGED_PBP,development
00-0034827,2020,WR,QB_TEAM_ENVIRONMENT,1.0,1,1,HIGH_LOCKED_LAGGED_PBP,development
00-0034837,2020,WR,QB_TEAM_ENVIRONMENT,1.0,1,1,HIGH_LOCKED_LAGGED_PBP,development
00-0034854,2020,WR,QB_TEAM_ENVIRONMENT,1.0,1,1,HIGH_LOCKED_LAGGED_PBP,development
00-0034860,2020,WR,QB_TEAM_ENVIRONMENT,1.0,1,1,HIGH_LOCKED_LAGGED_PBP,development
00-0034960,2020,WR,QB_TEAM_ENVIRONMENT,1.0,1,1,HIGH_LOCKED_LAGGED_PBP,development
00-0034983,2020,WR,QB_TEAM_ENVIRONMENT,1.0,1,1,HIGH_LOCKED_LAGGED_PBP,development
00-0035021,2020,WR,QB_TEAM_ENVIRONMENT,1.0,1,1,HIGH_LOCKED_LAGGED_PBP,development
00-0035181,2020,WR,QB_TEAM_ENVIRONMENT,1.0,1,1,HIGH_LOCKED_LAGGED_PBP,development
00-0035208,2020,WR,QB_TEAM_ENVIRONMENT,1.0,1,1,HIGH_LOCKED_LAGGED_PBP,development
00-0035246,2020,WR,QB_TEAM_ENVIRONMENT,1.0,1,1,HIGH_LOCKED_LAGGED_PBP,development
00-0035287,2020,WR,QB_TEAM_ENVIRONMENT,1.0,1,1,HIGH_LOCKED_LAGGED_PBP,development
00-0035350,2020,WR,QB_TEAM_ENVIRONMENT,1.0,1,1,HIGH_LOCKED_LAGGED_PBP,development
00-0035399,2020,WR,QB_TEAM_ENVIRONMENT,1.0,1,1,HIGH_LOCKED_LAGGED_PBP,development
00-0035414,2020,WR,QB_TEAM_ENVIRONMENT,1.0,1,1,HIGH_LOCKED_LAGGED_PBP,development
00-0035510,2020,WR,QB_TEAM_ENVIRONMENT,1.0,1,1,HIGH_LOCKED_LAGGED_PBP,development
00-0035527,2020,WR,QB_TEAM_ENVIRONMENT,1.0,1,1,HIGH_LOCKED_LAGGED_PBP,development
00-0035535,2020,WR,QB_TEAM_ENVIRONMENT,1.0,1,1,HIGH_LOCKED_LAGGED_PBP,development
00-0035592,2020,WR,QB_TEAM_ENVIRONMENT,1.0,1,1,HIGH_LOCKED_LAGGED_PBP,development
00-0035639,2020,WR,QB_TEAM_ENVIRONMENT,1.0,1,1,HIGH_LOCKED_LAGGED_PBP,development
00-0035645,2020,WR,QB_TEAM_ENVIRONMENT,1.0,1,1,HIGH_LOCKED_LAGGED_PBP,development
00-0022127,2020,TE,QB_TEAM_ENVIRONMENT,1.0,1,1,HIGH_LOCKED_LAGGED_PBP,development
00-0025418,2020,TE,QB_TEAM_ENVIRONMENT,1.0,1,1,HIGH_LOCKED_LAGGED_PBP,development
00-0028042,2020,TE,QB_TEAM_ENVIRONMENT,1.0,1,1,HIGH_LOCKED_LAGGED_PBP,development
00-0028142,2020,TE,QB_TEAM_ENVIRONMENT,1.0,1,1,HIGH_LOCKED_LAGGED_PBP,development
00-0029119,2020,TE,QB_TEAM_ENVIRONMENT,1.0,1,1,HIGH_LOCKED_LAGGED_PBP,development
00-0030108,2020,TE,QB_TEAM_ENVIRONMENT,1.0,1,1,HIGH_LOCKED_LAGGED_PBP,development
00-0030443,2020,TE,QB_TEAM_ENVIRONMENT,1.0,1,1,HIGH_LOCKED_LAGGED_PBP,development
00-0030549,2020,TE,QB_TEAM_ENVIRONMENT,1.0,1,1,HIGH_LOCKED_LAGGED_PBP,development
00-0031484,2020,TE,QB_TEAM_ENVIRONMENT,1.0,1,1,HIGH_LOCKED_LAGGED_PBP,development
00-0031558,2020,TE,QB_TEAM_ENVIRONMENT,1.0,1,1,HIGH_LOCKED_LAGGED_PBP,development
00-0031610,2020,TE,QB_TEAM_ENVIRONMENT,1.0,1,1,HIGH_LOCKED_LAGGED_PBP,development
00-0031690,2020,TE,QB_TEAM_ENVIRONMENT,1.0,1,1,HIGH_LOCKED_LAGGED_PBP,development
00-0031951,2020,TE,QB_TEAM_ENVIRONMENT,1.0,1,1,HIGH_LOCKED_LAGGED_PBP,development
00-0032098,2020,TE,QB_TEAM_ENVIRONMENT,1.0,1,1,HIGH_LOCKED_LAGGED_PBP,development
00-0032134,2020,TE,QB_TEAM_ENVIRONMENT,1.0,1,1,HIGH_LOCKED_LAGGED_PBP,development
00-0032135,2020,TE,QB_TEAM_ENVIRONMENT,1.0,1,1,HIGH_LOCKED_LAGGED_PBP,development
00-0032394,2020,TE,QB_TEAM_ENVIRONMENT,1.0,1,1,HIGH_LOCKED_LAGGED_PBP,development
00-0032986,2020,TE,QB_TEAM_ENVIRONMENT,1.0,1,1,HIGH_LOCKED_LAGGED_PBP,development
00-0033080,2020,TE,QB_TEAM_ENVIRONMENT,1.0,1,1,HIGH_LOCKED_LAGGED_PBP,development
00-0033090,2020,TE,QB_TEAM_ENVIRONMENT,1.0,1,1,HIGH_LOCKED_LAGGED_PBP,development
00-0033258,2020,TE,QB_TEAM_ENVIRONMENT,1.0,1,1,HIGH_LOCKED_LAGGED_PBP,development
00-0033338,2020,TE,QB_TEAM_ENVIRONMENT,1.0,1,1,HIGH_LOCKED_LAGGED_PBP,development
00-0033421,2020,TE,QB_TEAM_ENVIRONMENT,1.0,1,1,HIGH_LOCKED_LAGGED_PBP,development
00-0033439,2020,TE,QB_TEAM_ENVIRONMENT,1.0,1,1,HIGH_LOCKED_LAGGED_PBP,development
00-0033576,2020,TE,QB_TEAM_ENVIRONMENT,1.0,1,1,HIGH_LOCKED_LAGGED_PBP,development
00-0033658,2020,TE,QB_TEAM_ENVIRONMENT,1.0,1,1,HIGH_LOCKED_LAGGED_PBP,development
00-0033879,2020,TE,QB_TEAM_ENVIRONMENT,1.0,1,1,HIGH_LOCKED_LAGGED_PBP,development
00-0033881,2020,TE,QB_TEAM_ENVIRONMENT,1.0,1,1,HIGH_LOCKED_LAGGED_PBP,development
00-0033896,2020,TE,QB_TEAM_ENVIRONMENT,1.0,1,1,HIGH_LOCKED_LAGGED_PBP,development
00-0034011,2020,TE,QB_TEAM_ENVIRONMENT,1.0,1,1,HIGH_LOCKED_LAGGED_PBP,development
00-0034073,2020,TE,QB_TEAM_ENVIRONMENT,1.0,1,1,HIGH_LOCKED_LAGGED_PBP,development
00-0034364,2020,TE,QB_TEAM_ENVIRONMENT,1.0,1,1,HIGH_LOCKED_LAGGED_PBP,development
00-0034365,2020,TE,QB_TEAM_ENVIRONMENT,1.0,1,1,HIGH_LOCKED_LAGGED_PBP,development
00-0034383,2020,TE,QB_TEAM_ENVIRONMENT,1.0,1,1,HIGH_LOCKED_LAGGED_PBP,development
00-0034393,2020,TE,QB_TEAM_ENVIRONMENT,1.0,1,1,HIGH_LOCKED_LAGGED_PBP,development
00-0034439,2020,TE,QB_TEAM_ENVIRONMENT,1.0,1,1,HIGH_LOCKED_LAGGED_PBP,development
00-0034766,2020,TE,QB_TEAM_ENVIRONMENT,1.0,1,1,HIGH_LOCKED_LAGGED_PBP,development
00-0034788,2020,TE,QB_TEAM_ENVIRONMENT,1.0,1,1,HIGH_LOCKED_LAGGED_PBP,development
00-0034798,2020,TE,QB_TEAM_ENVIRONMENT,1.0,1,1,HIGH_LOCKED_LAGGED_PBP,development
00-0034829,2020,TE,QB_TEAM_ENVIRONMENT,1.0,1,1,HIGH_LOCKED_LAGGED_PBP,development
00-0034981,2020,TE,QB_TEAM_ENVIRONMENT,1.0,1,1,HIGH_LOCKED_LAGGED_PBP,development
00-0034988,2020,TE,QB_TEAM_ENVIRONMENT,1.0,1,1,HIGH_LOCKED_LAGGED_PBP,development
00-0035039,2020,TE,QB_TEAM_ENVIRONMENT,1.0,1,1,HIGH_LOCKED_LAGGED_PBP,development
00-0035229,2020,TE,QB_TEAM_ENVIRONMENT,1.0,1,1,HIGH_LOCKED_LAGGED_PBP,development
00-0035259,2020,TE,QB_TEAM_ENVIRONMENT,1.0,1,1,HIGH_LOCKED_LAGGED_PBP,development
00-0035539,2020,TE,QB_TEAM_ENVIRONMENT,1.0,1,1,HIGH_LOCKED_LAGGED_PBP,development
00-0035631,2020,TE,QB_TEAM_ENVIRONMENT,1.0,1,1,HIGH_LOCKED_LAGGED_PBP,development
00-0035644,2020,TE,QB_TEAM_ENVIRONMENT,1.0,1,1,HIGH_LOCKED_LAGGED_PBP,development
00-0023682,2021,QB,QB_TEAM_ENVIRONMENT,1.0,1,1,HIGH_LOCKED_LAGGED_PBP,development
00-0026143,2021,QB,QB_TEAM_ENVIRONMENT,1.0,1,1,HIGH_LOCKED_LAGGED_PBP,development
00-0026158,2021,QB,QB_TEAM_ENVIRONMENT,1.0,1,1,HIGH_LOCKED_LAGGED_PBP,development
00-0026544,2021,QB,QB_TEAM_ENVIRONMENT,1.0,1,1,HIGH_LOCKED_LAGGED_PBP,development
00-0026625,2021,QB,QB_TEAM_ENVIRONMENT,1.0,1,1,HIGH_LOCKED_LAGGED_PBP,development
00-0027688,2021,QB,QB_TEAM_ENVIRONMENT,1.0,1,1,HIGH_LOCKED_LAGGED_PBP,development
00-0027939,2021,QB,QB_TEAM_ENVIRONMENT,1.0,1,1,HIGH_LOCKED_LAGGED_PBP,development
00-0027948,2021,QB,QB_TEAM_ENVIRONMENT,1.0,1,1,HIGH_LOCKED_LAGGED_PBP,development
00-0027973,2021,QB,QB_TEAM_ENVIRONMENT,1.0,1,1,HIGH_LOCKED_LAGGED_PBP,development
00-0028118,2021,QB,QB_TEAM_ENVIRONMENT,1.0,1,1,HIGH_LOCKED_LAGGED_PBP,development
00-0028986,2021,QB,QB_TEAM_ENVIRONMENT,1.0,1,1,HIGH_LOCKED_LAGGED_PBP,development
00-0029567,2021,QB,QB_TEAM_ENVIRONMENT,1.0,1,1,HIGH_LOCKED_LAGGED_PBP,development
00-0029604,2021,QB,QB_TEAM_ENVIRONMENT,1.0,1,1,HIGH_LOCKED_LAGGED_PBP,development
00-0030520,2021,QB,QB_TEAM_ENVIRONMENT,1.0,1,1,HIGH_LOCKED_LAGGED_PBP,development
00-0030565,2021,QB,QB_TEAM_ENVIRONMENT,1.0,1,1,HIGH_LOCKED_LAGGED_PBP,development
00-0031237,2021,QB,QB_TEAM_ENVIRONMENT,1.0,1,1,HIGH_LOCKED_LAGGED_PBP,development
00-0031395,2021,QB,QB_TEAM_ENVIRONMENT,1.0,1,1,HIGH_LOCKED_LAGGED_PBP,development
00-0032268,2021,QB,QB_TEAM_ENVIRONMENT,1.0,1,1,HIGH_LOCKED_LAGGED_PBP,development
00-0032434,2021,QB,QB_TEAM_ENVIRONMENT,1.0,1,1,HIGH_LOCKED_LAGGED_PBP,development
00-0032950,2021,QB,QB_TEAM_ENVIRONMENT,1.0,1,1,HIGH_LOCKED_LAGGED_PBP,development
00-0033275,2021,QB,QB_TEAM_ENVIRONMENT,1.0,1,1,HIGH_LOCKED_LAGGED_PBP,development
00-0033319,2021,QB,QB_TEAM_ENVIRONMENT,1.0,1,1,HIGH_LOCKED_LAGGED_PBP,development
00-0033936,2021,QB,QB_TEAM_ENVIRONMENT,1.0,1,1,HIGH_LOCKED_LAGGED_PBP,development
00-0033958,2021,QB,QB_TEAM_ENVIRONMENT,1.0,1,1,HIGH_LOCKED_LAGGED_PBP,development
00-0034177,2021,QB,QB_TEAM_ENVIRONMENT,1.0,1,1,HIGH_LOCKED_LAGGED_PBP,development
00-0034438,2021,QB,QB_TEAM_ENVIRONMENT,1.0,1,1,HIGH_LOCKED_LAGGED_PBP,development
00-0034577,2021,QB,QB_TEAM_ENVIRONMENT,1.0,1,1,HIGH_LOCKED_LAGGED_PBP,development
00-0034771,2021,QB,QB_TEAM_ENVIRONMENT,1.0,1,1,HIGH_LOCKED_LAGGED_PBP,development
00-0034869,2021,QB,QB_TEAM_ENVIRONMENT,1.0,1,1,HIGH_LOCKED_LAGGED_PBP,development
00-0034955,2021,QB,QB_TEAM_ENVIRONMENT,1.0,1,1,HIGH_LOCKED_LAGGED_PBP,development
00-0035040,2021,QB,QB_TEAM_ENVIRONMENT,1.0,1,1,HIGH_LOCKED_LAGGED_PBP,development
00-0035289,2021,QB,QB_TEAM_ENVIRONMENT,1.0,1,1,HIGH_LOCKED_LAGGED_PBP,development
00-0035704,2021,QB,QB_TEAM_ENVIRONMENT,1.0,1,1,HIGH_LOCKED_LAGGED_PBP,development
00-0035710,2021,QB,QB_TEAM_ENVIRONMENT,1.0,1,1,HIGH_LOCKED_LAGGED_PBP,development
00-0035752,2021,QB,QB_TEAM_ENVIRONMENT,1.0,1,1,HIGH_LOCKED_LAGGED_PBP,development
00-0036212,2021,QB,QB_TEAM_ENVIRONMENT,1.0,1,1,HIGH_LOCKED_LAGGED_PBP,development
00-0036355,2021,QB,QB_TEAM_ENVIRONMENT,1.0,1,1,HIGH_LOCKED_LAGGED_PBP,development
00-0025394,2021,RB,QB_TEAM_ENVIRONMENT,1.0,1,1,HIGH_LOCKED_LAGGED_PBP,development
00-0027966,2021,RB,QB_TEAM_ENVIRONMENT,1.0,1,1,HIGH_LOCKED_LAGGED_PBP,development
00-0030288,2021,RB,QB_TEAM_ENVIRONMENT,1.0,1,1,HIGH_LOCKED_LAGGED_PBP,development
00-0030465,2021,RB,QB_TEAM_ENVIRONMENT,1.0,1,1,HIGH_LOCKED_LAGGED_PBP,development
00-0031062,2021,RB,QB_TEAM_ENVIRONMENT,1.0,1,1,HIGH_LOCKED_LAGGED_PBP,development
00-0031285,2021,RB,QB_TEAM_ENVIRONMENT,1.0,1,1,HIGH_LOCKED_LAGGED_PBP,development
00-0031687,2021,RB,QB_TEAM_ENVIRONMENT,1.0,1,1,HIGH_LOCKED_LAGGED_PBP,development
00-0032058,2021,RB,QB_TEAM_ENVIRONMENT,1.0,1,1,HIGH_LOCKED_LAGGED_PBP,development
00-0032063,2021,RB,QB_TEAM_ENVIRONMENT,1.0,1,1,HIGH_LOCKED_LAGGED_PBP,development
00-0032104,2021,RB,QB_TEAM_ENVIRONMENT,1.0,1,1,HIGH_LOCKED_LAGGED_PBP,development
00-0032144,2021,RB,QB_TEAM_ENVIRONMENT,1.0,1,1,HIGH_LOCKED_LAGGED_PBP,development
00-0032187,2021,RB,QB_TEAM_ENVIRONMENT,1.0,1,1,HIGH_LOCKED_LAGGED_PBP,development
00-0032257,2021,RB,QB_TEAM_ENVIRONMENT,1.0,1,1,HIGH_LOCKED_LAGGED_PBP,development
00-0032426,2021,RB,QB_TEAM_ENVIRONMENT,1.0,1,1,HIGH_LOCKED_LAGGED_PBP,development
00-0032972,2021,RB,QB_TEAM_ENVIRONMENT,1.0,1,1,HIGH_LOCKED_LAGGED_PBP,development
00-0032975,2021,RB,QB_TEAM_ENVIRONMENT,1.0,1,1,HIGH_LOCKED_LAGGED_PBP,development
00-0033118,2021,RB,QB_TEAM_ENVIRONMENT,1.0,1,1,HIGH_LOCKED_LAGGED_PBP,development
00-0033280,2021,RB,QB_TEAM_ENVIRONMENT,1.0,1,1,HIGH_LOCKED_LAGGED_PBP,development
00-0033296,2021,RB,QB_TEAM_ENVIRONMENT,1.0,1,1,HIGH_LOCKED_LAGGED_PBP,development
00-0033308,2021,RB,QB_TEAM_ENVIRONMENT,1.0,1,1,HIGH_LOCKED_LAGGED_PBP,development
00-0033567,2021,RB,QB_TEAM_ENVIRONMENT,1.0,1,1,HIGH_LOCKED_LAGGED_PBP,development
00-0033699,2021,RB,QB_TEAM_ENVIRONMENT,1.0,1,1,HIGH_LOCKED_LAGGED_PBP,development
00-0033725,2021,RB,QB_TEAM_ENVIRONMENT,1.0,1,1,HIGH_LOCKED_LAGGED_PBP,development
00-0033854,2021,RB,QB_TEAM_ENVIRONMENT,1.0,1,1,HIGH_LOCKED_LAGGED_PBP,development
00-0033893,2021,RB,QB_TEAM_ENVIRONMENT,1.0,1,1,HIGH_LOCKED_LAGGED_PBP,development
00-0033950,2021,RB,QB_TEAM_ENVIRONMENT,1.0,1,1,HIGH_LOCKED_LAGGED_PBP,development
00-0033951,2021,RB,QB_TEAM_ENVIRONMENT,1.0,1,1,HIGH_LOCKED_LAGGED_PBP,development
00-0034109,2021,RB,QB_TEAM_ENVIRONMENT,1.0,1,1,HIGH_LOCKED_LAGGED_PBP,development
00-0034115,2021,RB,QB_TEAM_ENVIRONMENT,1.0,1,1,HIGH_LOCKED_LAGGED_PBP,development
00-0034164,2021,RB,QB_TEAM_ENVIRONMENT,1.0,1,1,HIGH_LOCKED_LAGGED_PBP,development
00-0034208,2021,RB,QB_TEAM_ENVIRONMENT,1.0,1,1,HIGH_LOCKED_LAGGED_PBP,development
00-0034331,2021,RB,QB_TEAM_ENVIRONMENT,1.0,1,1,HIGH_LOCKED_LAGGED_PBP,development
00-0034378,2021,RB,QB_TEAM_ENVIRONMENT,1.0,1,1,HIGH_LOCKED_LAGGED_PBP,development
00-0034400,2021,RB,QB_TEAM_ENVIRONMENT,1.0,1,1,HIGH_LOCKED_LAGGED_PBP,development
00-0034440,2021,RB,QB_TEAM_ENVIRONMENT,1.0,1,1,HIGH_LOCKED_LAGGED_PBP,development
00-0034578,2021,RB,QB_TEAM_ENVIRONMENT,1.0,1,1,HIGH_LOCKED_LAGGED_PBP,development
00-0034750,2021,RB,QB_TEAM_ENVIRONMENT,1.0,1,1,HIGH_LOCKED_LAGGED_PBP,development
00-0034838,2021,RB,QB_TEAM_ENVIRONMENT,1.0,1,1,HIGH_LOCKED_LAGGED_PBP,development
00-0034844,2021,RB,QB_TEAM_ENVIRONMENT,1.0,1,1,HIGH_LOCKED_LAGGED_PBP,development
00-0034972,2021,RB,QB_TEAM_ENVIRONMENT,1.0,1,1,HIGH_LOCKED_LAGGED_PBP,development
00-0035184,2021,RB,QB_TEAM_ENVIRONMENT,1.0,1,1,HIGH_LOCKED_LAGGED_PBP,development
00-0035187,2021,RB,QB_TEAM_ENVIRONMENT,1.0,1,1,HIGH_LOCKED_LAGGED_PBP,development
00-0035273,2021,RB,QB_TEAM_ENVIRONMENT,1.0,1,1,HIGH_LOCKED_LAGGED_PBP,development
00-0035291,2021,RB,QB_TEAM_ENVIRONMENT,1.0,1,1,HIGH_LOCKED_LAGGED_PBP,development
00-0035304,2021,RB,QB_TEAM_ENVIRONMENT,1.0,1,1,HIGH_LOCKED_LAGGED_PBP,development
00-0035311,2021,RB,QB_TEAM_ENVIRONMENT,1.0,1,1,HIGH_LOCKED_LAGGED_PBP,development
00-0035342,2021,RB,QB_TEAM_ENVIRONMENT,1.0,1,1,HIGH_LOCKED_LAGGED_PBP,development
00-0035537,2021,RB,QB_TEAM_ENVIRONMENT,1.0,1,1,HIGH_LOCKED_LAGGED_PBP,development
00-0035567,2021,RB,QB_TEAM_ENVIRONMENT,1.0,1,1,HIGH_LOCKED_LAGGED_PBP,development
00-0035594,2021,RB,QB_TEAM_ENVIRONMENT,1.0,1,1,HIGH_LOCKED_LAGGED_PBP,development
00-0035831,2021,RB,QB_TEAM_ENVIRONMENT,1.0,1,1,HIGH_LOCKED_LAGGED_PBP,development
00-0035835,2021,RB,QB_TEAM_ENVIRONMENT,0.0,0,0,HIGH_LOCKED_LAGGED_PBP,development
00-0035860,2021,RB,QB_TEAM_ENVIRONMENT,1.0,1,1,HIGH_LOCKED_LAGGED_PBP,development
00-0035924,2021,RB,QB_TEAM_ENVIRONMENT,1.0,1,1,HIGH_LOCKED_LAGGED_PBP,development
00-0035957,2021,RB,QB_TEAM_ENVIRONMENT,1.0,1,1,HIGH_LOCKED_LAGGED_PBP,development
00-0036020,2021,RB,QB_TEAM_ENVIRONMENT,1.0,1,1,HIGH_LOCKED_LAGGED_PBP,development
00-0036069,2021,RB,QB_TEAM_ENVIRONMENT,1.0,1,1,HIGH_LOCKED_LAGGED_PBP,development
00-0036096,2021,RB,QB_TEAM_ENVIRONMENT,1.0,1,1,HIGH_LOCKED_LAGGED_PBP,development
00-0036208,2021,RB,QB_TEAM_ENVIRONMENT,1.0,1,1,HIGH_LOCKED_LAGGED_PBP,development
00-0036269,2021,RB,QB_TEAM_ENVIRONMENT,1.0,1,1,HIGH_LOCKED_LAGGED_PBP,development
00-0036275,2021,RB,QB_TEAM_ENVIRONMENT,1.0,1,1,HIGH_LOCKED_LAGGED_PBP,development
00-0036278,2021,RB,QB_TEAM_ENVIRONMENT,1.0,1,1,HIGH_LOCKED_LAGGED_PBP,development
00-0036336,2021,RB,QB_TEAM_ENVIRONMENT,1.0,1,1,HIGH_LOCKED_LAGGED_PBP,development
00-0036370,2021,RB,QB_TEAM_ENVIRONMENT,1.0,1,1,HIGH_LOCKED_LAGGED_PBP,development
00-0036425,2021,RB,QB_TEAM_ENVIRONMENT,1.0,1,1,HIGH_LOCKED_LAGGED_PBP,development
00-0026035,2021,WR,QB_TEAM_ENVIRONMENT,1.0,1,1,HIGH_LOCKED_LAGGED_PBP,development
00-0028237,2021,WR,QB_TEAM_ENVIRONMENT,1.0,1,1,HIGH_LOCKED_LAGGED_PBP,development
00-0029293,2021,WR,QB_TEAM_ENVIRONMENT,1.0,1,1,HIGH_LOCKED_LAGGED_PBP,development
00-0029632,2021,WR,QB_TEAM_ENVIRONMENT,1.0,1,1,HIGH_LOCKED_LAGGED_PBP,development
00-0030035,2021,WR,QB_TEAM_ENVIRONMENT,1.0,1,1,HIGH_LOCKED_LAGGED_PBP,development
00-0030085,2021,WR,QB_TEAM_ENVIRONMENT,1.0,1,1,HIGH_LOCKED_LAGGED_PBP,development
00-0030279,2021,WR,QB_TEAM_ENVIRONMENT,1.0,1,1,HIGH_LOCKED_LAGGED_PBP,development
00-0030564,2021,WR,QB_TEAM_ENVIRONMENT,1.0,1,1,HIGH_LOCKED_LAGGED_PBP,development
00-0031236,2021,WR,QB_TEAM_ENVIRONMENT,1.0,1,1,HIGH_LOCKED_LAGGED_PBP,development
00-0031319,2021,WR,QB_TEAM_ENVIRONMENT,1.0,1,1,HIGH_LOCKED_LAGGED_PBP,development
00-0031545,2021,WR,QB_TEAM_ENVIRONMENT,0.0,0,0,HIGH_LOCKED_LAGGED_PBP,development
00-0031547,2021,WR,QB_TEAM_ENVIRONMENT,1.0,1,1,HIGH_LOCKED_LAGGED_PBP,development
00-0031868,2021,WR,QB_TEAM_ENVIRONMENT,1.0,1,1,HIGH_LOCKED_LAGGED_PBP,development
00-0031941,2021,WR,QB_TEAM_ENVIRONMENT,1.0,1,1,HIGH_LOCKED_LAGGED_PBP,development
00-0032009,2021,WR,QB_TEAM_ENVIRONMENT,1.0,1,1,HIGH_LOCKED_LAGGED_PBP,development
00-0032128,2021,WR,QB_TEAM_ENVIRONMENT,1.0,1,1,HIGH_LOCKED_LAGGED_PBP,development
00-0032385,2021,WR,QB_TEAM_ENVIRONMENT,1.0,1,1,HIGH_LOCKED_LAGGED_PBP,development
00-0032398,2021,WR,QB_TEAM_ENVIRONMENT,0.0,0,0,HIGH_LOCKED_LAGGED_PBP,development
00-0032543,2021,WR,QB_TEAM_ENVIRONMENT,1.0,1,1,HIGH_LOCKED_LAGGED_PBP,development
00-0032688,2021,WR,QB_TEAM_ENVIRONMENT,1.0,1,1,HIGH_LOCKED_LAGGED_PBP,development
00-0032778,2021,WR,QB_TEAM_ENVIRONMENT,1.0,1,1,HIGH_LOCKED_LAGGED_PBP,development
00-0032791,2021,WR,QB_TEAM_ENVIRONMENT,1.0,1,1,HIGH_LOCKED_LAGGED_PBP,development
00-0032881,2021,WR,QB_TEAM_ENVIRONMENT,1.0,1,1,HIGH_LOCKED_LAGGED_PBP,development
00-0032951,2021,WR,QB_TEAM_ENVIRONMENT,1.0,1,1,HIGH_LOCKED_LAGGED_PBP,development
00-0032980,2021,WR,QB_TEAM_ENVIRONMENT,1.0,1,1,HIGH_LOCKED_LAGGED_PBP,development
00-0033094,2021,WR,QB_TEAM_ENVIRONMENT,1.0,1,1,HIGH_LOCKED_LAGGED_PBP,development
00-0033111,2021,WR,QB_TEAM_ENVIRONMENT,1.0,1,1,HIGH_LOCKED_LAGGED_PBP,development
00-0033127,2021,WR,QB_TEAM_ENVIRONMENT,1.0,1,1,HIGH_LOCKED_LAGGED_PBP,development
00-0033215,2021,WR,QB_TEAM_ENVIRONMENT,1.0,1,1,HIGH_LOCKED_LAGGED_PBP,development
00-0033266,2021,WR,QB_TEAM_ENVIRONMENT,1.0,1,1,HIGH_LOCKED_LAGGED_PBP,development
00-0033282,2021,WR,QB_TEAM_ENVIRONMENT,1.0,1,1,HIGH_LOCKED_LAGGED_PBP,development
00-0033367,2021,WR,QB_TEAM_ENVIRONMENT,1.0,1,1,HIGH_LOCKED_LAGGED_PBP,development
00-0033375,2021,WR,QB_TEAM_ENVIRONMENT,1.0,1,1,HIGH_LOCKED_LAGGED_PBP,development
00-0033386,2021,WR,QB_TEAM_ENVIRONMENT,1.0,1,1,HIGH_LOCKED_LAGGED_PBP,development
00-0033460,2021,WR,QB_TEAM_ENVIRONMENT,1.0,1,1,HIGH_LOCKED_LAGGED_PBP,development
00-0033471,2021,WR,QB_TEAM_ENVIRONMENT,1.0,1,1,HIGH_LOCKED_LAGGED_PBP,development
00-0033536,2021,WR,QB_TEAM_ENVIRONMENT,1.0,1,1,HIGH_LOCKED_LAGGED_PBP,development
00-0033555,2021,WR,QB_TEAM_ENVIRONMENT,1.0,1,1,HIGH_LOCKED_LAGGED_PBP,development
00-0033572,2021,WR,QB_TEAM_ENVIRONMENT,1.0,1,1,HIGH_LOCKED_LAGGED_PBP,development
00-0033591,2021,WR,QB_TEAM_ENVIRONMENT,1.0,1,1,HIGH_LOCKED_LAGGED_PBP,development
00-0033681,2021,WR,QB_TEAM_ENVIRONMENT,1.0,1,1,HIGH_LOCKED_LAGGED_PBP,development
00-0033733,2021,WR,QB_TEAM_ENVIRONMENT,1.0,1,1,HIGH_LOCKED_LAGGED_PBP,development
00-0033839,2021,WR,QB_TEAM_ENVIRONMENT,1.0,1,1,HIGH_LOCKED_LAGGED_PBP,development
00-0033932,2021,WR,QB_TEAM_ENVIRONMENT,1.0,1,1,HIGH_LOCKED_LAGGED_PBP,development
00-0034052,2021,WR,QB_TEAM_ENVIRONMENT,1.0,1,1,HIGH_LOCKED_LAGGED_PBP,development
00-0034054,2021,WR,QB_TEAM_ENVIRONMENT,1.0,1,1,HIGH_LOCKED_LAGGED_PBP,development
00-0034132,2021,WR,QB_TEAM_ENVIRONMENT,1.0,1,1,HIGH_LOCKED_LAGGED_PBP,development
00-0034317,2021,WR,QB_TEAM_ENVIRONMENT,1.0,1,1,HIGH_LOCKED_LAGGED_PBP,development
00-0034348,2021,WR,QB_TEAM_ENVIRONMENT,1.0,1,1,HIGH_LOCKED_LAGGED_PBP,development
00-0034366,2021,WR,QB_TEAM_ENVIRONMENT,1.0,1,1,HIGH_LOCKED_LAGGED_PBP,development
00-0034411,2021,WR,QB_TEAM_ENVIRONMENT,1.0,1,1,HIGH_LOCKED_LAGGED_PBP,development
00-0034419,2021,WR,QB_TEAM_ENVIRONMENT,1.0,1,1,HIGH_LOCKED_LAGGED_PBP,development
00-0034631,2021,WR,QB_TEAM_ENVIRONMENT,1.0,1,1,HIGH_LOCKED_LAGGED_PBP,development
00-0034686,2021,WR,QB_TEAM_ENVIRONMENT,1.0,1,1,HIGH_LOCKED_LAGGED_PBP,development
00-0034764,2021,WR,QB_TEAM_ENVIRONMENT,1.0,1,1,HIGH_LOCKED_LAGGED_PBP,development
00-0034777,2021,WR,QB_TEAM_ENVIRONMENT,1.0,1,1,HIGH_LOCKED_LAGGED_PBP,development
00-0034827,2021,WR,QB_TEAM_ENVIRONMENT,1.0,1,1,HIGH_LOCKED_LAGGED_PBP,development
00-0034837,2021,WR,QB_TEAM_ENVIRONMENT,1.0,1,1,HIGH_LOCKED_LAGGED_PBP,development
00-0034854,2021,WR,QB_TEAM_ENVIRONMENT,1.0,1,1,HIGH_LOCKED_LAGGED_PBP,development
00-0034860,2021,WR,QB_TEAM_ENVIRONMENT,1.0,1,1,HIGH_LOCKED_LAGGED_PBP,development
00-0035021,2021,WR,QB_TEAM_ENVIRONMENT,1.0,1,1,HIGH_LOCKED_LAGGED_PBP,development
00-0035022,2021,WR,QB_TEAM_ENVIRONMENT,1.0,1,1,HIGH_LOCKED_LAGGED_PBP,development
00-0035208,2021,WR,QB_TEAM_ENVIRONMENT,1.0,1,1,HIGH_LOCKED_LAGGED_PBP,development
00-0035246,2021,WR,QB_TEAM_ENVIRONMENT,1.0,1,1,HIGH_LOCKED_LAGGED_PBP,development
00-0035341,2021,WR,QB_TEAM_ENVIRONMENT,1.0,1,1,HIGH_LOCKED_LAGGED_PBP,development
00-0035350,2021,WR,QB_TEAM_ENVIRONMENT,1.0,1,1,HIGH_LOCKED_LAGGED_PBP,development
00-0035399,2021,WR,QB_TEAM_ENVIRONMENT,0.0,0,0,HIGH_LOCKED_LAGGED_PBP,development
00-0035414,2021,WR,QB_TEAM_ENVIRONMENT,1.0,1,1,HIGH_LOCKED_LAGGED_PBP,development
00-0035510,2021,WR,QB_TEAM_ENVIRONMENT,1.0,1,1,HIGH_LOCKED_LAGGED_PBP,development
00-0035527,2021,WR,QB_TEAM_ENVIRONMENT,1.0,1,1,HIGH_LOCKED_LAGGED_PBP,development
00-0035535,2021,WR,QB_TEAM_ENVIRONMENT,1.0,1,1,HIGH_LOCKED_LAGGED_PBP,development
00-0035639,2021,WR,QB_TEAM_ENVIRONMENT,1.0,1,1,HIGH_LOCKED_LAGGED_PBP,development
00-0035838,2021,WR,QB_TEAM_ENVIRONMENT,0.0,0,0,HIGH_LOCKED_LAGGED_PBP,development
00-0035864,2021,WR,QB_TEAM_ENVIRONMENT,1.0,1,1,HIGH_LOCKED_LAGGED_PBP,development
00-0035976,2021,WR,QB_TEAM_ENVIRONMENT,0.0,0,0,HIGH_LOCKED_LAGGED_PBP,development
00-0036110,2021,WR,QB_TEAM_ENVIRONMENT,1.0,1,1,HIGH_LOCKED_LAGGED_PBP,development
00-0036133,2021,WR,QB_TEAM_ENVIRONMENT,1.0,1,1,HIGH_LOCKED_LAGGED_PBP,development
00-0036254,2021,WR,QB_TEAM_ENVIRONMENT,1.0,1,1,HIGH_LOCKED_LAGGED_PBP,development
00-0036255,2021,WR,QB_TEAM_ENVIRONMENT,1.0,1,1,HIGH_LOCKED_LAGGED_PBP,development
00-0036268,2021,WR,QB_TEAM_ENVIRONMENT,1.0,1,1,HIGH_LOCKED_LAGGED_PBP,development
00-0036277,2021,WR,QB_TEAM_ENVIRONMENT,1.0,1,1,HIGH_LOCKED_LAGGED_PBP,development
00-0036309,2021,WR,QB_TEAM_ENVIRONMENT,1.0,1,1,HIGH_LOCKED_LAGGED_PBP,development
00-0036322,2021,WR,QB_TEAM_ENVIRONMENT,1.0,1,1,HIGH_LOCKED_LAGGED_PBP,development
00-0036340,2021,WR,QB_TEAM_ENVIRONMENT,1.0,1,1,HIGH_LOCKED_LAGGED_PBP,development
00-0036345,2021,WR,QB_TEAM_ENVIRONMENT,0.0,0,0,HIGH_LOCKED_LAGGED_PBP,development
00-0036357,2021,WR,QB_TEAM_ENVIRONMENT,1.0,1,1,HIGH_LOCKED_LAGGED_PBP,development
00-0036382,2021,WR,QB_TEAM_ENVIRONMENT,1.0,1,1,HIGH_LOCKED_LAGGED_PBP,development
00-0036398,2021,WR,QB_TEAM_ENVIRONMENT,1.0,1,1,HIGH_LOCKED_LAGGED_PBP,development
00-0036407,2021,WR,QB_TEAM_ENVIRONMENT,1.0,1,1,HIGH_LOCKED_LAGGED_PBP,development
00-0036412,2021,WR,QB_TEAM_ENVIRONMENT,1.0,1,1,HIGH_LOCKED_LAGGED_PBP,development
00-0036439,2021,WR,QB_TEAM_ENVIRONMENT,1.0,1,1,HIGH_LOCKED_LAGGED_PBP,development
00-0027981,2021,TE,QB_TEAM_ENVIRONMENT,1.0,1,1,HIGH_LOCKED_LAGGED_PBP,development
00-0028042,2021,TE,QB_TEAM_ENVIRONMENT,1.0,1,1,HIGH_LOCKED_LAGGED_PBP,development
00-0028097,2021,TE,QB_TEAM_ENVIRONMENT,1.0,1,1,HIGH_LOCKED_LAGGED_PBP,development
00-0029119,2021,TE,QB_TEAM_ENVIRONMENT,1.0,1,1,HIGH_LOCKED_LAGGED_PBP,development
00-0029738,2021,TE,QB_TEAM_ENVIRONMENT,1.0,1,1,HIGH_LOCKED_LAGGED_PBP,development
00-0030108,2021,TE,QB_TEAM_ENVIRONMENT,1.0,1,1,HIGH_LOCKED_LAGGED_PBP,development
00-0031384,2021,TE,QB_TEAM_ENVIRONMENT,1.0,1,1,HIGH_LOCKED_LAGGED_PBP,development
00-0031484,2021,TE,QB_TEAM_ENVIRONMENT,1.0,1,1,HIGH_LOCKED_LAGGED_PBP,development
00-0031558,2021,TE,QB_TEAM_ENVIRONMENT,1.0,1,1,HIGH_LOCKED_LAGGED_PBP,development
00-0031585,2021,TE,QB_TEAM_ENVIRONMENT,1.0,1,1,HIGH_LOCKED_LAGGED_PBP,development
00-0031598,2021,TE,QB_TEAM_ENVIRONMENT,1.0,1,1,HIGH_LOCKED_LAGGED_PBP,development
00-0031690,2021,TE,QB_TEAM_ENVIRONMENT,1.0,1,1,HIGH_LOCKED_LAGGED_PBP,development
00-0031951,2021,TE,QB_TEAM_ENVIRONMENT,1.0,1,1,HIGH_LOCKED_LAGGED_PBP,development
00-0032098,2021,TE,QB_TEAM_ENVIRONMENT,1.0,1,1,HIGH_LOCKED_LAGGED_PBP,development
00-0032135,2021,TE,QB_TEAM_ENVIRONMENT,1.0,1,1,HIGH_LOCKED_LAGGED_PBP,development
00-0032214,2021,TE,QB_TEAM_ENVIRONMENT,1.0,1,1,HIGH_LOCKED_LAGGED_PBP,development
00-0032394,2021,TE,QB_TEAM_ENVIRONMENT,1.0,1,1,HIGH_LOCKED_LAGGED_PBP,development
00-0032725,2021,TE,QB_TEAM_ENVIRONMENT,1.0,1,1,HIGH_LOCKED_LAGGED_PBP,development
00-0032986,2021,TE,QB_TEAM_ENVIRONMENT,1.0,1,1,HIGH_LOCKED_LAGGED_PBP,development
00-0033338,2021,TE,QB_TEAM_ENVIRONMENT,1.0,1,1,HIGH_LOCKED_LAGGED_PBP,development
00-0033421,2021,TE,QB_TEAM_ENVIRONMENT,1.0,1,1,HIGH_LOCKED_LAGGED_PBP,development
00-0033439,2021,TE,QB_TEAM_ENVIRONMENT,1.0,1,1,HIGH_LOCKED_LAGGED_PBP,development
00-0033576,2021,TE,QB_TEAM_ENVIRONMENT,1.0,1,1,HIGH_LOCKED_LAGGED_PBP,development
00-0033720,2021,TE,QB_TEAM_ENVIRONMENT,1.0,1,1,HIGH_LOCKED_LAGGED_PBP,development
00-0033881,2021,TE,QB_TEAM_ENVIRONMENT,1.0,1,1,HIGH_LOCKED_LAGGED_PBP,development
00-0033896,2021,TE,QB_TEAM_ENVIRONMENT,1.0,1,1,HIGH_LOCKED_LAGGED_PBP,development
00-0034011,2021,TE,QB_TEAM_ENVIRONMENT,1.0,1,1,HIGH_LOCKED_LAGGED_PBP,development
00-0034073,2021,TE,QB_TEAM_ENVIRONMENT,1.0,1,1,HIGH_LOCKED_LAGGED_PBP,development
00-0034193,2021,TE,QB_TEAM_ENVIRONMENT,1.0,1,1,HIGH_LOCKED_LAGGED_PBP,development
00-0034270,2021,TE,QB_TEAM_ENVIRONMENT,1.0,1,1,HIGH_LOCKED_LAGGED_PBP,development
00-0034319,2021,TE,QB_TEAM_ENVIRONMENT,1.0,1,1,HIGH_LOCKED_LAGGED_PBP,development
00-0034364,2021,TE,QB_TEAM_ENVIRONMENT,1.0,1,1,HIGH_LOCKED_LAGGED_PBP,development
00-0034365,2021,TE,QB_TEAM_ENVIRONMENT,1.0,1,1,HIGH_LOCKED_LAGGED_PBP,development
00-0034766,2021,TE,QB_TEAM_ENVIRONMENT,1.0,1,1,HIGH_LOCKED_LAGGED_PBP,development
00-0034798,2021,TE,QB_TEAM_ENVIRONMENT,1.0,1,1,HIGH_LOCKED_LAGGED_PBP,development
00-0034829,2021,TE,QB_TEAM_ENVIRONMENT,1.0,1,1,HIGH_LOCKED_LAGGED_PBP,development
00-0034830,2021,TE,QB_TEAM_ENVIRONMENT,1.0,1,1,HIGH_LOCKED_LAGGED_PBP,development
00-0034988,2021,TE,QB_TEAM_ENVIRONMENT,1.0,1,1,HIGH_LOCKED_LAGGED_PBP,development
00-0035229,2021,TE,QB_TEAM_ENVIRONMENT,1.0,1,1,HIGH_LOCKED_LAGGED_PBP,development
00-0035259,2021,TE,QB_TEAM_ENVIRONMENT,1.0,1,1,HIGH_LOCKED_LAGGED_PBP,development
00-0035329,2021,TE,QB_TEAM_ENVIRONMENT,1.0,1,1,HIGH_LOCKED_LAGGED_PBP,development
00-0035624,2021,TE,QB_TEAM_ENVIRONMENT,1.0,1,1,HIGH_LOCKED_LAGGED_PBP,development
00-0035644,2021,TE,QB_TEAM_ENVIRONMENT,1.0,1,1,HIGH_LOCKED_LAGGED_PBP,development
00-0035823,2021,TE,QB_TEAM_ENVIRONMENT,1.0,1,1,HIGH_LOCKED_LAGGED_PBP,development
00-0036005,2021,TE,QB_TEAM_ENVIRONMENT,1.0,1,1,HIGH_LOCKED_LAGGED_PBP,development
00-0036032,2021,TE,QB_TEAM_ENVIRONMENT,0.0,0,0,HIGH_LOCKED_LAGGED_PBP,development
00-0036040,2021,TE,QB_TEAM_ENVIRONMENT,1.0,1,1,HIGH_LOCKED_LAGGED_PBP,development
00-0036244,2021,TE,QB_TEAM_ENVIRONMENT,1.0,1,1,HIGH_LOCKED_LAGGED_PBP,development
00-0036250,2021,TE,QB_TEAM_ENVIRONMENT,1.0,1,1,HIGH_LOCKED_LAGGED_PBP,development
00-0036423,2021,TE,QB_TEAM_ENVIRONMENT,1.0,1,1,HIGH_LOCKED_LAGGED_PBP,development
00-0036438,2021,TE,QB_TEAM_ENVIRONMENT,0.0,0,0,HIGH_LOCKED_LAGGED_PBP,development
00-0021206,2018,QB,OL_ENVIRONMENT,1.0,1,1,HIGH_LOCKED_LAGGED_PBP,development
00-0022803,2018,QB,OL_ENVIRONMENT,1.0,1,1,HIGH_LOCKED_LAGGED_PBP,development
00-0023459,2018,QB,OL_ENVIRONMENT,1.0,1,1,HIGH_LOCKED_LAGGED_PBP,development
00-0023662,2018,QB,OL_ENVIRONMENT,1.0,1,1,HIGH_LOCKED_LAGGED_PBP,development
00-0023682,2018,QB,OL_ENVIRONMENT,1.0,1,1,HIGH_LOCKED_LAGGED_PBP,development
00-0026158,2018,QB,OL_ENVIRONMENT,1.0,1,1,HIGH_LOCKED_LAGGED_PBP,development
00-0026197,2018,QB,OL_ENVIRONMENT,1.0,1,1,HIGH_LOCKED_LAGGED_PBP,development
00-0026498,2018,QB,OL_ENVIRONMENT,1.0,1,1,HIGH_LOCKED_LAGGED_PBP,development
00-0026544,2018,QB,OL_ENVIRONMENT,0.0,0,0,HIGH_LOCKED_LAGGED_PBP,development
00-0027796,2018,QB,OL_ENVIRONMENT,1.0,1,1,HIGH_LOCKED_LAGGED_PBP,development
00-0027854,2018,QB,OL_ENVIRONMENT,1.0,1,1,HIGH_LOCKED_LAGGED_PBP,development
00-0027948,2018,QB,OL_ENVIRONMENT,1.0,1,1,HIGH_LOCKED_LAGGED_PBP,development
00-0027973,2018,QB,OL_ENVIRONMENT,1.0,1,1,HIGH_LOCKED_LAGGED_PBP,development
00-0029604,2018,QB,OL_ENVIRONMENT,1.0,1,1,HIGH_LOCKED_LAGGED_PBP,development
00-0029682,2018,QB,OL_ENVIRONMENT,1.0,1,1,HIGH_LOCKED_LAGGED_PBP,development
00-0030520,2018,QB,OL_ENVIRONMENT,1.0,1,1,HIGH_LOCKED_LAGGED_PBP,development
00-0030565,2018,QB,OL_ENVIRONMENT,1.0,1,1,HIGH_LOCKED_LAGGED_PBP,development
00-0031237,2018,QB,OL_ENVIRONMENT,1.0,1,1,HIGH_LOCKED_LAGGED_PBP,development
00-0031280,2018,QB,OL_ENVIRONMENT,1.0,1,1,HIGH_LOCKED_LAGGED_PBP,development
00-0031288,2018,QB,OL_ENVIRONMENT,1.0,1,1,HIGH_LOCKED_LAGGED_PBP,development
00-0031345,2018,QB,OL_ENVIRONMENT,1.0,1,1,HIGH_LOCKED_LAGGED_PBP,development
00-0031503,2018,QB,OL_ENVIRONMENT,1.0,1,1,HIGH_LOCKED_LAGGED_PBP,development
00-0031800,2018,QB,OL_ENVIRONMENT,1.0,1,1,HIGH_LOCKED_LAGGED_PBP,development
00-0032245,2018,QB,OL_ENVIRONMENT,1.0,1,1,HIGH_LOCKED_LAGGED_PBP,development
00-0032950,2018,QB,OL_ENVIRONMENT,1.0,1,1,HIGH_LOCKED_LAGGED_PBP,development
00-0033104,2018,QB,OL_ENVIRONMENT,1.0,1,1,HIGH_LOCKED_LAGGED_PBP,development
00-0033119,2018,QB,OL_ENVIRONMENT,1.0,1,1,HIGH_LOCKED_LAGGED_PBP,development
00-0033899,2018,QB,OL_ENVIRONMENT,1.0,1,1,HIGH_LOCKED_LAGGED_PBP,development
00-0033936,2018,QB,OL_ENVIRONMENT,1.0,1,1,HIGH_LOCKED_LAGGED_PBP,development
00-0023500,2018,RB,OL_ENVIRONMENT,1.0,1,1,HIGH_LOCKED_LAGGED_PBP,development
00-0025394,2018,RB,OL_ENVIRONMENT,1.0,1,1,HIGH_LOCKED_LAGGED_PBP,development
00-0025399,2018,RB,OL_ENVIRONMENT,1.0,1,1,HIGH_LOCKED_LAGGED_PBP,development
00-0026213,2018,RB,OL_ENVIRONMENT,1.0,1,1,HIGH_LOCKED_LAGGED_PBP,development
00-0028011,2018,RB,OL_ENVIRONMENT,1.0,1,1,HIGH_LOCKED_LAGGED_PBP,development
00-0028063,2018,RB,OL_ENVIRONMENT,1.0,1,1,HIGH_LOCKED_LAGGED_PBP,development
00-0028064,2018,RB,OL_ENVIRONMENT,1.0,1,1,HIGH_LOCKED_LAGGED_PBP,development
00-0028083,2018,RB,OL_ENVIRONMENT,1.0,1,1,HIGH_LOCKED_LAGGED_PBP,development
00-0029141,2018,RB,OL_ENVIRONMENT,1.0,1,1,HIGH_LOCKED_LAGGED_PBP,development
00-0029205,2018,RB,OL_ENVIRONMENT,1.0,1,1,HIGH_LOCKED_LAGGED_PBP,development
00-0029273,2018,RB,OL_ENVIRONMENT,1.0,1,1,HIGH_LOCKED_LAGGED_PBP,development
00-0029492,2018,RB,OL_ENVIRONMENT,1.0,1,1,HIGH_LOCKED_LAGGED_PBP,development
00-0029613,2018,RB,OL_ENVIRONMENT,1.0,1,1,HIGH_LOCKED_LAGGED_PBP,development
00-0030107,2018,RB,OL_ENVIRONMENT,1.0,1,1,HIGH_LOCKED_LAGGED_PBP,development
00-0030404,2018,RB,OL_ENVIRONMENT,1.0,1,1,HIGH_LOCKED_LAGGED_PBP,development
00-0030433,2018,RB,OL_ENVIRONMENT,1.0,1,1,HIGH_LOCKED_LAGGED_PBP,development
00-0030456,2018,RB,OL_ENVIRONMENT,1.0,1,1,HIGH_LOCKED_LAGGED_PBP,development
00-0030656,2018,RB,OL_ENVIRONMENT,1.0,1,1,HIGH_LOCKED_LAGGED_PBP,development
00-0031045,2018,RB,OL_ENVIRONMENT,1.0,1,1,HIGH_LOCKED_LAGGED_PBP,development
00-0031102,2018,RB,OL_ENVIRONMENT,1.0,1,1,HIGH_LOCKED_LAGGED_PBP,development
00-0031209,2018,RB,OL_ENVIRONMENT,1.0,1,1,HIGH_LOCKED_LAGGED_PBP,development
00-0031301,2018,RB,OL_ENVIRONMENT,1.0,1,1,HIGH_LOCKED_LAGGED_PBP,development
00-0031577,2018,RB,OL_ENVIRONMENT,1.0,1,1,HIGH_LOCKED_LAGGED_PBP,development
00-0031599,2018,RB,OL_ENVIRONMENT,1.0,1,1,HIGH_LOCKED_LAGGED_PBP,development
00-0031665,2018,RB,OL_ENVIRONMENT,1.0,1,1,HIGH_LOCKED_LAGGED_PBP,development
00-0031687,2018,RB,OL_ENVIRONMENT,1.0,1,1,HIGH_LOCKED_LAGGED_PBP,development
00-0031959,2018,RB,OL_ENVIRONMENT,1.0,1,1,HIGH_LOCKED_LAGGED_PBP,development
00-0032104,2018,RB,OL_ENVIRONMENT,1.0,1,1,HIGH_LOCKED_LAGGED_PBP,development
00-0032187,2018,RB,OL_ENVIRONMENT,1.0,1,1,HIGH_LOCKED_LAGGED_PBP,development
00-0032257,2018,RB,OL_ENVIRONMENT,1.0,1,1,HIGH_LOCKED_LAGGED_PBP,development
00-0032371,2018,RB,OL_ENVIRONMENT,1.0,1,1,HIGH_LOCKED_LAGGED_PBP,development
00-0032393,2018,RB,OL_ENVIRONMENT,1.0,1,1,HIGH_LOCKED_LAGGED_PBP,development
00-0032404,2018,RB,OL_ENVIRONMENT,1.0,1,1,HIGH_LOCKED_LAGGED_PBP,development
00-0032426,2018,RB,OL_ENVIRONMENT,1.0,1,1,HIGH_LOCKED_LAGGED_PBP,development
00-0032450,2018,RB,OL_ENVIRONMENT,1.0,1,1,HIGH_LOCKED_LAGGED_PBP,development
00-0032741,2018,RB,OL_ENVIRONMENT,1.0,1,1,HIGH_LOCKED_LAGGED_PBP,development
00-0032794,2018,RB,OL_ENVIRONMENT,1.0,1,1,HIGH_LOCKED_LAGGED_PBP,development
00-0032940,2018,RB,OL_ENVIRONMENT,1.0,1,1,HIGH_LOCKED_LAGGED_PBP,development
00-0032964,2018,RB,OL_ENVIRONMENT,1.0,1,1,HIGH_LOCKED_LAGGED_PBP,development
00-0032972,2018,RB,OL_ENVIRONMENT,1.0,1,1,HIGH_LOCKED_LAGGED_PBP,development
00-0033025,2018,RB,OL_ENVIRONMENT,1.0,1,1,HIGH_LOCKED_LAGGED_PBP,development
00-0033118,2018,RB,OL_ENVIRONMENT,1.0,1,1,HIGH_LOCKED_LAGGED_PBP,development
00-0033293,2018,RB,OL_ENVIRONMENT,1.0,1,1,HIGH_LOCKED_LAGGED_PBP,development
00-0033295,2018,RB,OL_ENVIRONMENT,1.0,1,1,HIGH_LOCKED_LAGGED_PBP,development
00-0033296,2018,RB,OL_ENVIRONMENT,0.0,0,0,HIGH_LOCKED_LAGGED_PBP,development
00-0033308,2018,RB,OL_ENVIRONMENT,1.0,1,1,HIGH_LOCKED_LAGGED_PBP,development
00-0033376,2018,RB,OL_ENVIRONMENT,1.0,1,1,HIGH_LOCKED_LAGGED_PBP,development
00-0033526,2018,RB,OL_ENVIRONMENT,1.0,1,1,HIGH_LOCKED_LAGGED_PBP,development
00-0033553,2018,RB,OL_ENVIRONMENT,1.0,1,1,HIGH_LOCKED_LAGGED_PBP,development
00-0033567,2018,RB,OL_ENVIRONMENT,1.0,1,1,HIGH_LOCKED_LAGGED_PBP,development
00-0033581,2018,RB,OL_ENVIRONMENT,1.0,1,1,HIGH_LOCKED_LAGGED_PBP,development
00-0033596,2018,RB,OL_ENVIRONMENT,1.0,1,1,HIGH_LOCKED_LAGGED_PBP,development
00-0033760,2018,RB,OL_ENVIRONMENT,1.0,1,1,HIGH_LOCKED_LAGGED_PBP,development
00-0033893,2018,RB,OL_ENVIRONMENT,1.0,1,1,HIGH_LOCKED_LAGGED_PBP,development
00-0033897,2018,RB,OL_ENVIRONMENT,1.0,1,1,HIGH_LOCKED_LAGGED_PBP,development
00-0033948,2018,RB,OL_ENVIRONMENT,1.0,1,1,HIGH_LOCKED_LAGGED_PBP,development
00-0033950,2018,RB,OL_ENVIRONMENT,1.0,1,1,HIGH_LOCKED_LAGGED_PBP,development
00-0033955,2018,RB,OL_ENVIRONMENT,0.0,0,0,HIGH_LOCKED_LAGGED_PBP,development
00-0022921,2018,WR,OL_ENVIRONMENT,1.0,1,1,HIGH_LOCKED_LAGGED_PBP,development
00-0024334,2018,WR,OL_ENVIRONMENT,1.0,1,1,HIGH_LOCKED_LAGGED_PBP,development
00-0026176,2018,WR,OL_ENVIRONMENT,1.0,1,1,HIGH_LOCKED_LAGGED_PBP,development
00-0026189,2018,WR,OL_ENVIRONMENT,1.0,1,1,HIGH_LOCKED_LAGGED_PBP,development
00-0026345,2018,WR,OL_ENVIRONMENT,1.0,1,1,HIGH_LOCKED_LAGGED_PBP,development
00-0026901,2018,WR,OL_ENVIRONMENT,1.0,1,1,HIGH_LOCKED_LAGGED_PBP,development
00-0027681,2018,WR,OL_ENVIRONMENT,1.0,1,1,HIGH_LOCKED_LAGGED_PBP,development
00-0027685,2018,WR,OL_ENVIRONMENT,1.0,1,1,HIGH_LOCKED_LAGGED_PBP,development
00-0027874,2018,WR,OL_ENVIRONMENT,1.0,1,1,HIGH_LOCKED_LAGGED_PBP,development
00-0027942,2018,WR,OL_ENVIRONMENT,1.0,1,1,HIGH_LOCKED_LAGGED_PBP,development
00-0028002,2018,WR,OL_ENVIRONMENT,1.0,1,1,HIGH_LOCKED_LAGGED_PBP,development
00-0028091,2018,WR,OL_ENVIRONMENT,1.0,1,1,HIGH_LOCKED_LAGGED_PBP,development
00-0028114,2018,WR,OL_ENVIRONMENT,0.0,0,0,HIGH_LOCKED_LAGGED_PBP,development
00-0028116,2018,WR,OL_ENVIRONMENT,1.0,1,1,HIGH_LOCKED_LAGGED_PBP,development
00-0028263,2018,WR,OL_ENVIRONMENT,1.0,1,1,HIGH_LOCKED_LAGGED_PBP,development
00-0028497,2018,WR,OL_ENVIRONMENT,1.0,1,1,HIGH_LOCKED_LAGGED_PBP,development
00-0028825,2018,WR,OL_ENVIRONMENT,1.0,1,1,HIGH_LOCKED_LAGGED_PBP,development
00-0029159,2018,WR,OL_ENVIRONMENT,1.0,1,1,HIGH_LOCKED_LAGGED_PBP,development
00-0029293,2018,WR,OL_ENVIRONMENT,1.0,1,1,HIGH_LOCKED_LAGGED_PBP,development
00-0029640,2018,WR,OL_ENVIRONMENT,1.0,1,1,HIGH_LOCKED_LAGGED_PBP,development
00-0029664,2018,WR,OL_ENVIRONMENT,1.0,1,1,HIGH_LOCKED_LAGGED_PBP,development
00-0030068,2018,WR,OL_ENVIRONMENT,1.0,1,1,HIGH_LOCKED_LAGGED_PBP,development
00-0030085,2018,WR,OL_ENVIRONMENT,1.0,1,1,HIGH_LOCKED_LAGGED_PBP,development
00-0030300,2018,WR,OL_ENVIRONMENT,1.0,1,1,HIGH_LOCKED_LAGGED_PBP,development
00-0030516,2018,WR,OL_ENVIRONMENT,1.0,1,1,HIGH_LOCKED_LAGGED_PBP,development
00-0030521,2018,WR,OL_ENVIRONMENT,1.0,1,1,HIGH_LOCKED_LAGGED_PBP,development
00-0030542,2018,WR,OL_ENVIRONMENT,1.0,1,1,HIGH_LOCKED_LAGGED_PBP,development
00-0030670,2018,WR,OL_ENVIRONMENT,1.0,1,1,HIGH_LOCKED_LAGGED_PBP,development
00-0030737,2018,WR,OL_ENVIRONMENT,1.0,1,1,HIGH_LOCKED_LAGGED_PBP,development
00-0031060,2018,WR,OL_ENVIRONMENT,1.0,1,1,HIGH_LOCKED_LAGGED_PBP,development
00-0031068,2018,WR,OL_ENVIRONMENT,1.0,1,1,HIGH_LOCKED_LAGGED_PBP,development
00-0031166,2018,WR,OL_ENVIRONMENT,1.0,1,1,HIGH_LOCKED_LAGGED_PBP,development
00-0031189,2018,WR,OL_ENVIRONMENT,1.0,1,1,HIGH_LOCKED_LAGGED_PBP,development
00-0031235,2018,WR,OL_ENVIRONMENT,1.0,1,1,HIGH_LOCKED_LAGGED_PBP,development
00-0031257,2018,WR,OL_ENVIRONMENT,1.0,1,1,HIGH_LOCKED_LAGGED_PBP,development
00-0031326,2018,WR,OL_ENVIRONMENT,1.0,1,1,HIGH_LOCKED_LAGGED_PBP,development
00-0031339,2018,WR,OL_ENVIRONMENT,1.0,1,1,HIGH_LOCKED_LAGGED_PBP,development
00-0031344,2018,WR,OL_ENVIRONMENT,1.0,1,1,HIGH_LOCKED_LAGGED_PBP,development
00-0031381,2018,WR,OL_ENVIRONMENT,1.0,1,1,HIGH_LOCKED_LAGGED_PBP,development
00-0031382,2018,WR,OL_ENVIRONMENT,1.0,1,1,HIGH_LOCKED_LAGGED_PBP,development
00-0031408,2018,WR,OL_ENVIRONMENT,1.0,1,1,HIGH_LOCKED_LAGGED_PBP,development
00-0031545,2018,WR,OL_ENVIRONMENT,1.0,1,1,HIGH_LOCKED_LAGGED_PBP,development
00-0031547,2018,WR,OL_ENVIRONMENT,1.0,1,1,HIGH_LOCKED_LAGGED_PBP,development
00-0031868,2018,WR,OL_ENVIRONMENT,1.0,1,1,HIGH_LOCKED_LAGGED_PBP,development
00-0031941,2018,WR,OL_ENVIRONMENT,1.0,1,1,HIGH_LOCKED_LAGGED_PBP,development
00-0032009,2018,WR,OL_ENVIRONMENT,1.0,1,1,HIGH_LOCKED_LAGGED_PBP,development
00-0032054,2018,WR,OL_ENVIRONMENT,1.0,1,1,HIGH_LOCKED_LAGGED_PBP,development
00-0032112,2018,WR,OL_ENVIRONMENT,1.0,1,1,HIGH_LOCKED_LAGGED_PBP,development
00-0032166,2018,WR,OL_ENVIRONMENT,1.0,1,1,HIGH_LOCKED_LAGGED_PBP,development
00-0032362,2018,WR,OL_ENVIRONMENT,1.0,1,1,HIGH_LOCKED_LAGGED_PBP,development
00-0032385,2018,WR,OL_ENVIRONMENT,1.0,1,1,HIGH_LOCKED_LAGGED_PBP,development
00-0032423,2018,WR,OL_ENVIRONMENT,1.0,1,1,HIGH_LOCKED_LAGGED_PBP,development
00-0032475,2018,WR,OL_ENVIRONMENT,1.0,1,1,HIGH_LOCKED_LAGGED_PBP,development
00-0032543,2018,WR,OL_ENVIRONMENT,1.0,1,1,HIGH_LOCKED_LAGGED_PBP,development
00-0032626,2018,WR,OL_ENVIRONMENT,1.0,1,1,HIGH_LOCKED_LAGGED_PBP,development
00-0032688,2018,WR,OL_ENVIRONMENT,1.0,1,1,HIGH_LOCKED_LAGGED_PBP,development
00-0032707,2018,WR,OL_ENVIRONMENT,0.0,0,0,HIGH_LOCKED_LAGGED_PBP,development
00-0032760,2018,WR,OL_ENVIRONMENT,1.0,1,1,HIGH_LOCKED_LAGGED_PBP,development
00-0032791,2018,WR,OL_ENVIRONMENT,1.0,1,1,HIGH_LOCKED_LAGGED_PBP,development
00-0032795,2018,WR,OL_ENVIRONMENT,1.0,1,1,HIGH_LOCKED_LAGGED_PBP,development
00-0032935,2018,WR,OL_ENVIRONMENT,1.0,1,1,HIGH_LOCKED_LAGGED_PBP,development
00-0032959,2018,WR,OL_ENVIRONMENT,1.0,1,1,HIGH_LOCKED_LAGGED_PBP,development
00-0032966,2018,WR,OL_ENVIRONMENT,1.0,1,1,HIGH_LOCKED_LAGGED_PBP,development
00-0032977,2018,WR,OL_ENVIRONMENT,1.0,1,1,HIGH_LOCKED_LAGGED_PBP,development
00-0032980,2018,WR,OL_ENVIRONMENT,1.0,1,1,HIGH_LOCKED_LAGGED_PBP,development
00-0033009,2018,WR,OL_ENVIRONMENT,1.0,1,1,HIGH_LOCKED_LAGGED_PBP,development
00-0033060,2018,WR,OL_ENVIRONMENT,1.0,1,1,HIGH_LOCKED_LAGGED_PBP,development
00-0033094,2018,WR,OL_ENVIRONMENT,1.0,1,1,HIGH_LOCKED_LAGGED_PBP,development
00-0033127,2018,WR,OL_ENVIRONMENT,1.0,1,1,HIGH_LOCKED_LAGGED_PBP,development
00-0033282,2018,WR,OL_ENVIRONMENT,1.0,1,1,HIGH_LOCKED_LAGGED_PBP,development
00-0033292,2018,WR,OL_ENVIRONMENT,1.0,1,1,HIGH_LOCKED_LAGGED_PBP,development
00-0033306,2018,WR,OL_ENVIRONMENT,0.0,0,0,HIGH_LOCKED_LAGGED_PBP,development
00-0033307,2018,WR,OL_ENVIRONMENT,1.0,1,1,HIGH_LOCKED_LAGGED_PBP,development
00-0033434,2018,WR,OL_ENVIRONMENT,1.0,1,1,HIGH_LOCKED_LAGGED_PBP,development
00-0033460,2018,WR,OL_ENVIRONMENT,1.0,1,1,HIGH_LOCKED_LAGGED_PBP,development
00-0033466,2018,WR,OL_ENVIRONMENT,1.0,1,1,HIGH_LOCKED_LAGGED_PBP,development
00-0033552,2018,WR,OL_ENVIRONMENT,0.0,0,0,HIGH_LOCKED_LAGGED_PBP,development
00-0033562,2018,WR,OL_ENVIRONMENT,1.0,1,1,HIGH_LOCKED_LAGGED_PBP,development
00-0033572,2018,WR,OL_ENVIRONMENT,1.0,1,1,HIGH_LOCKED_LAGGED_PBP,development
00-0033859,2018,WR,OL_ENVIRONMENT,1.0,1,1,HIGH_LOCKED_LAGGED_PBP,development
00-0033921,2018,WR,OL_ENVIRONMENT,1.0,1,1,HIGH_LOCKED_LAGGED_PBP,development
00-0033932,2018,WR,OL_ENVIRONMENT,1.0,1,1,HIGH_LOCKED_LAGGED_PBP,development
00-0033933,2018,WR,OL_ENVIRONMENT,1.0,1,1,HIGH_LOCKED_LAGGED_PBP,development
00-0033968,2018,WR,OL_ENVIRONMENT,1.0,1,1,HIGH_LOCKED_LAGGED_PBP,development
00-0024221,2018,TE,OL_ENVIRONMENT,1.0,1,1,HIGH_LOCKED_LAGGED_PBP,development
00-0027061,2018,TE,OL_ENVIRONMENT,1.0,1,1,HIGH_LOCKED_LAGGED_PBP,development
00-0027139,2018,TE,OL_ENVIRONMENT,0.0,0,0,HIGH_LOCKED_LAGGED_PBP,development
00-0027215,2018,TE,OL_ENVIRONMENT,1.0,1,1,HIGH_LOCKED_LAGGED_PBP,development
00-0027696,2018,TE,OL_ENVIRONMENT,1.0,1,1,HIGH_LOCKED_LAGGED_PBP,development
00-0027873,2018,TE,OL_ENVIRONMENT,1.0,1,1,HIGH_LOCKED_LAGGED_PBP,development
00-0027985,2018,TE,OL_ENVIRONMENT,1.0,1,1,HIGH_LOCKED_LAGGED_PBP,development
00-0028042,2018,TE,OL_ENVIRONMENT,1.0,1,1,HIGH_LOCKED_LAGGED_PBP,development
00-0028093,2018,TE,OL_ENVIRONMENT,1.0,1,1,HIGH_LOCKED_LAGGED_PBP,development
00-0028097,2018,TE,OL_ENVIRONMENT,1.0,1,1,HIGH_LOCKED_LAGGED_PBP,development
00-0028903,2018,TE,OL_ENVIRONMENT,1.0,1,1,HIGH_LOCKED_LAGGED_PBP,development
00-0029091,2018,TE,OL_ENVIRONMENT,0.0,0,0,HIGH_LOCKED_LAGGED_PBP,development
00-0029119,2018,TE,OL_ENVIRONMENT,1.0,1,1,HIGH_LOCKED_LAGGED_PBP,development
00-0029587,2018,TE,OL_ENVIRONMENT,1.0,1,1,HIGH_LOCKED_LAGGED_PBP,development
00-0029689,2018,TE,OL_ENVIRONMENT,1.0,1,1,HIGH_LOCKED_LAGGED_PBP,development
00-0029738,2018,TE,OL_ENVIRONMENT,1.0,1,1,HIGH_LOCKED_LAGGED_PBP,development
00-0030089,2018,TE,OL_ENVIRONMENT,1.0,1,1,HIGH_LOCKED_LAGGED_PBP,development
00-0030181,2018,TE,OL_ENVIRONMENT,1.0,1,1,HIGH_LOCKED_LAGGED_PBP,development
00-0030422,2018,TE,OL_ENVIRONMENT,1.0,1,1,HIGH_LOCKED_LAGGED_PBP,development
00-0030472,2018,TE,OL_ENVIRONMENT,1.0,1,1,HIGH_LOCKED_LAGGED_PBP,development
00-0030549,2018,TE,OL_ENVIRONMENT,1.0,1,1,HIGH_LOCKED_LAGGED_PBP,development
00-0031273,2018,TE,OL_ENVIRONMENT,1.0,1,1,HIGH_LOCKED_LAGGED_PBP,development
00-0031384,2018,TE,OL_ENVIRONMENT,1.0,1,1,HIGH_LOCKED_LAGGED_PBP,development
00-0031418,2018,TE,OL_ENVIRONMENT,1.0,1,1,HIGH_LOCKED_LAGGED_PBP,development
00-0031484,2018,TE,OL_ENVIRONMENT,1.0,1,1,HIGH_LOCKED_LAGGED_PBP,development
00-0031598,2018,TE,OL_ENVIRONMENT,1.0,1,1,HIGH_LOCKED_LAGGED_PBP,development
00-0031609,2018,TE,OL_ENVIRONMENT,1.0,1,1,HIGH_LOCKED_LAGGED_PBP,development
00-0031690,2018,TE,OL_ENVIRONMENT,1.0,1,1,HIGH_LOCKED_LAGGED_PBP,development
00-0031744,2018,TE,OL_ENVIRONMENT,1.0,1,1,HIGH_LOCKED_LAGGED_PBP,development
00-0031884,2018,TE,OL_ENVIRONMENT,1.0,1,1,HIGH_LOCKED_LAGGED_PBP,development
00-0032062,2018,TE,OL_ENVIRONMENT,1.0,1,1,HIGH_LOCKED_LAGGED_PBP,development
00-0032098,2018,TE,OL_ENVIRONMENT,1.0,1,1,HIGH_LOCKED_LAGGED_PBP,development
00-0032120,2018,TE,OL_ENVIRONMENT,1.0,1,1,HIGH_LOCKED_LAGGED_PBP,development
00-0032134,2018,TE,OL_ENVIRONMENT,1.0,1,1,HIGH_LOCKED_LAGGED_PBP,development
00-0032141,2018,TE,OL_ENVIRONMENT,1.0,1,1,HIGH_LOCKED_LAGGED_PBP,development
00-0032214,2018,TE,OL_ENVIRONMENT,1.0,1,1,HIGH_LOCKED_LAGGED_PBP,development
00-0032227,2018,TE,OL_ENVIRONMENT,1.0,1,1,HIGH_LOCKED_LAGGED_PBP,development
00-0032430,2018,TE,OL_ENVIRONMENT,1.0,1,1,HIGH_LOCKED_LAGGED_PBP,development
00-0032745,2018,TE,OL_ENVIRONMENT,1.0,1,1,HIGH_LOCKED_LAGGED_PBP,development
00-0033080,2018,TE,OL_ENVIRONMENT,1.0,1,1,HIGH_LOCKED_LAGGED_PBP,development
00-0033117,2018,TE,OL_ENVIRONMENT,0.0,0,0,HIGH_LOCKED_LAGGED_PBP,development
00-0033258,2018,TE,OL_ENVIRONMENT,1.0,1,1,HIGH_LOCKED_LAGGED_PBP,development
00-0033288,2018,TE,OL_ENVIRONMENT,1.0,1,1,HIGH_LOCKED_LAGGED_PBP,development
00-0033421,2018,TE,OL_ENVIRONMENT,1.0,1,1,HIGH_LOCKED_LAGGED_PBP,development
00-0033528,2018,TE,OL_ENVIRONMENT,1.0,1,1,HIGH_LOCKED_LAGGED_PBP,development
00-0033559,2018,TE,OL_ENVIRONMENT,1.0,1,1,HIGH_LOCKED_LAGGED_PBP,development
00-0033576,2018,TE,OL_ENVIRONMENT,0.0,0,0,HIGH_LOCKED_LAGGED_PBP,development
00-0033611,2018,TE,OL_ENVIRONMENT,1.0,1,1,HIGH_LOCKED_LAGGED_PBP,development
00-0033879,2018,TE,OL_ENVIRONMENT,1.0,1,1,HIGH_LOCKED_LAGGED_PBP,development
00-0033881,2018,TE,OL_ENVIRONMENT,1.0,1,1,HIGH_LOCKED_LAGGED_PBP,development
00-0033885,2018,TE,OL_ENVIRONMENT,1.0,1,1,HIGH_LOCKED_LAGGED_PBP,development
00-0022787,2019,QB,OL_ENVIRONMENT,1.0,1,1,HIGH_LOCKED_LAGGED_PBP,development
00-0022803,2019,QB,OL_ENVIRONMENT,1.0,1,1,HIGH_LOCKED_LAGGED_PBP,development
00-0022924,2019,QB,OL_ENVIRONMENT,1.0,1,1,HIGH_LOCKED_LAGGED_PBP,development
00-0023682,2019,QB,OL_ENVIRONMENT,1.0,1,1,HIGH_LOCKED_LAGGED_PBP,development
00-0026143,2019,QB,OL_ENVIRONMENT,1.0,1,1,HIGH_LOCKED_LAGGED_PBP,development
00-0026158,2019,QB,OL_ENVIRONMENT,1.0,1,1,HIGH_LOCKED_LAGGED_PBP,development
00-0026498,2019,QB,OL_ENVIRONMENT,1.0,1,1,HIGH_LOCKED_LAGGED_PBP,development
00-0026544,2019,QB,OL_ENVIRONMENT,1.0,1,1,HIGH_LOCKED_LAGGED_PBP,development
00-0026625,2019,QB,OL_ENVIRONMENT,1.0,1,1,HIGH_LOCKED_LAGGED_PBP,development
00-0027688,2019,QB,OL_ENVIRONMENT,1.0,1,1,HIGH_LOCKED_LAGGED_PBP,development
00-0027939,2019,QB,OL_ENVIRONMENT,1.0,1,1,HIGH_LOCKED_LAGGED_PBP,development
00-0027973,2019,QB,OL_ENVIRONMENT,1.0,1,1,HIGH_LOCKED_LAGGED_PBP,development
00-0028118,2019,QB,OL_ENVIRONMENT,1.0,1,1,HIGH_LOCKED_LAGGED_PBP,development
00-0028986,2019,QB,OL_ENVIRONMENT,1.0,1,1,HIGH_LOCKED_LAGGED_PBP,development
00-0029665,2019,QB,OL_ENVIRONMENT,1.0,1,1,HIGH_LOCKED_LAGGED_PBP,development
00-0030520,2019,QB,OL_ENVIRONMENT,1.0,1,1,HIGH_LOCKED_LAGGED_PBP,development
00-0030533,2019,QB,OL_ENVIRONMENT,1.0,1,1,HIGH_LOCKED_LAGGED_PBP,development
00-0031237,2019,QB,OL_ENVIRONMENT,1.0,1,1,HIGH_LOCKED_LAGGED_PBP,development
00-0031280,2019,QB,OL_ENVIRONMENT,1.0,1,1,HIGH_LOCKED_LAGGED_PBP,development
00-0031288,2019,QB,OL_ENVIRONMENT,1.0,1,1,HIGH_LOCKED_LAGGED_PBP,development
00-0031395,2019,QB,OL_ENVIRONMENT,1.0,1,1,HIGH_LOCKED_LAGGED_PBP,development
00-0031407,2019,QB,OL_ENVIRONMENT,1.0,1,1,HIGH_LOCKED_LAGGED_PBP,development
00-0031503,2019,QB,OL_ENVIRONMENT,1.0,1,1,HIGH_LOCKED_LAGGED_PBP,development
00-0032245,2019,QB,OL_ENVIRONMENT,1.0,1,1,HIGH_LOCKED_LAGGED_PBP,development
00-0032436,2019,QB,OL_ENVIRONMENT,1.0,1,1,HIGH_LOCKED_LAGGED_PBP,development
00-0033119,2019,QB,OL_ENVIRONMENT,1.0,1,1,HIGH_LOCKED_LAGGED_PBP,development
00-0033319,2019,QB,OL_ENVIRONMENT,1.0,1,1,HIGH_LOCKED_LAGGED_PBP,development
00-0034343,2019,QB,OL_ENVIRONMENT,1.0,1,1,HIGH_LOCKED_LAGGED_PBP,development
00-0034577,2019,QB,OL_ENVIRONMENT,1.0,1,1,HIGH_LOCKED_LAGGED_PBP,development
00-0034855,2019,QB,OL_ENVIRONMENT,1.0,1,1,HIGH_LOCKED_LAGGED_PBP,development
00-0034869,2019,QB,OL_ENVIRONMENT,1.0,1,1,HIGH_LOCKED_LAGGED_PBP,development
00-0025394,2019,RB,OL_ENVIRONMENT,1.0,1,1,HIGH_LOCKED_LAGGED_PBP,development
00-0027029,2019,RB,OL_ENVIRONMENT,1.0,1,1,HIGH_LOCKED_LAGGED_PBP,development
00-0028064,2019,RB,OL_ENVIRONMENT,1.0,1,1,HIGH_LOCKED_LAGGED_PBP,development
00-0029141,2019,RB,OL_ENVIRONMENT,1.0,1,1,HIGH_LOCKED_LAGGED_PBP,development
00-0029239,2019,RB,OL_ENVIRONMENT,1.0,1,1,HIGH_LOCKED_LAGGED_PBP,development
00-0029492,2019,RB,OL_ENVIRONMENT,1.0,1,1,HIGH_LOCKED_LAGGED_PBP,development
00-0030404,2019,RB,OL_ENVIRONMENT,1.0,1,1,HIGH_LOCKED_LAGGED_PBP,development
00-0030456,2019,RB,OL_ENVIRONMENT,1.0,1,1,HIGH_LOCKED_LAGGED_PBP,development
00-0030465,2019,RB,OL_ENVIRONMENT,1.0,1,1,HIGH_LOCKED_LAGGED_PBP,development
00-0030711,2019,RB,OL_ENVIRONMENT,1.0,1,1,HIGH_LOCKED_LAGGED_PBP,development
00-0031209,2019,RB,OL_ENVIRONMENT,0.0,0,0,HIGH_LOCKED_LAGGED_PBP,development
00-0031285,2019,RB,OL_ENVIRONMENT,1.0,1,1,HIGH_LOCKED_LAGGED_PBP,development
00-0031577,2019,RB,OL_ENVIRONMENT,1.0,1,1,HIGH_LOCKED_LAGGED_PBP,development
00-0031590,2019,RB,OL_ENVIRONMENT,1.0,1,1,HIGH_LOCKED_LAGGED_PBP,development
00-0031665,2019,RB,OL_ENVIRONMENT,1.0,1,1,HIGH_LOCKED_LAGGED_PBP,development
00-0031806,2019,RB,OL_ENVIRONMENT,1.0,1,1,HIGH_LOCKED_LAGGED_PBP,development
00-0032187,2019,RB,OL_ENVIRONMENT,1.0,1,1,HIGH_LOCKED_LAGGED_PBP,development
00-0032209,2019,RB,OL_ENVIRONMENT,1.0,1,1,HIGH_LOCKED_LAGGED_PBP,development
00-0032393,2019,RB,OL_ENVIRONMENT,1.0,1,1,HIGH_LOCKED_LAGGED_PBP,development
00-0032450,2019,RB,OL_ENVIRONMENT,1.0,1,1,HIGH_LOCKED_LAGGED_PBP,development
00-0032540,2019,RB,OL_ENVIRONMENT,0.0,0,0,HIGH_LOCKED_LAGGED_PBP,development
00-0032741,2019,RB,OL_ENVIRONMENT,1.0,1,1,HIGH_LOCKED_LAGGED_PBP,development
00-0032794,2019,RB,OL_ENVIRONMENT,1.0,1,1,HIGH_LOCKED_LAGGED_PBP,development
00-0032940,2019,RB,OL_ENVIRONMENT,1.0,1,1,HIGH_LOCKED_LAGGED_PBP,development
00-0032972,2019,RB,OL_ENVIRONMENT,1.0,1,1,HIGH_LOCKED_LAGGED_PBP,development
00-0032975,2019,RB,OL_ENVIRONMENT,1.0,1,1,HIGH_LOCKED_LAGGED_PBP,development
00-0033025,2019,RB,OL_ENVIRONMENT,1.0,1,1,HIGH_LOCKED_LAGGED_PBP,development
00-0033118,2019,RB,OL_ENVIRONMENT,1.0,1,1,HIGH_LOCKED_LAGGED_PBP,development
00-0033280,2019,RB,OL_ENVIRONMENT,1.0,1,1,HIGH_LOCKED_LAGGED_PBP,development
00-0033296,2019,RB,OL_ENVIRONMENT,1.0,1,1,HIGH_LOCKED_LAGGED_PBP,development
00-0033376,2019,RB,OL_ENVIRONMENT,0.0,0,0,HIGH_LOCKED_LAGGED_PBP,development
00-0033526,2019,RB,OL_ENVIRONMENT,1.0,1,1,HIGH_LOCKED_LAGGED_PBP,development
00-0033553,2019,RB,OL_ENVIRONMENT,1.0,1,1,HIGH_LOCKED_LAGGED_PBP,development
00-0033567,2019,RB,OL_ENVIRONMENT,1.0,1,1,HIGH_LOCKED_LAGGED_PBP,development
00-0033725,2019,RB,OL_ENVIRONMENT,1.0,1,1,HIGH_LOCKED_LAGGED_PBP,development
00-0033789,2019,RB,OL_ENVIRONMENT,1.0,1,1,HIGH_LOCKED_LAGGED_PBP,development
00-0033854,2019,RB,OL_ENVIRONMENT,0.0,0,0,HIGH_LOCKED_LAGGED_PBP,development
00-0033856,2019,RB,OL_ENVIRONMENT,1.0,1,1,HIGH_LOCKED_LAGGED_PBP,development
00-0033897,2019,RB,OL_ENVIRONMENT,1.0,1,1,HIGH_LOCKED_LAGGED_PBP,development
00-0033923,2019,RB,OL_ENVIRONMENT,1.0,1,1,HIGH_LOCKED_LAGGED_PBP,development
00-0033950,2019,RB,OL_ENVIRONMENT,1.0,1,1,HIGH_LOCKED_LAGGED_PBP,development
00-0034109,2019,RB,OL_ENVIRONMENT,1.0,1,1,HIGH_LOCKED_LAGGED_PBP,development
00-0034164,2019,RB,OL_ENVIRONMENT,1.0,1,1,HIGH_LOCKED_LAGGED_PBP,development
00-0034201,2019,RB,OL_ENVIRONMENT,1.0,1,1,HIGH_LOCKED_LAGGED_PBP,development
00-0034253,2019,RB,OL_ENVIRONMENT,1.0,1,1,HIGH_LOCKED_LAGGED_PBP,development
00-0034331,2019,RB,OL_ENVIRONMENT,1.0,1,1,HIGH_LOCKED_LAGGED_PBP,development
00-0034349,2019,RB,OL_ENVIRONMENT,1.0,1,1,HIGH_LOCKED_LAGGED_PBP,development
00-0034378,2019,RB,OL_ENVIRONMENT,1.0,1,1,HIGH_LOCKED_LAGGED_PBP,development
00-0034679,2019,RB,OL_ENVIRONMENT,1.0,1,1,HIGH_LOCKED_LAGGED_PBP,development
00-0034681,2019,RB,OL_ENVIRONMENT,1.0,1,1,HIGH_LOCKED_LAGGED_PBP,development
00-0034791,2019,RB,OL_ENVIRONMENT,1.0,1,1,HIGH_LOCKED_LAGGED_PBP,development
00-0034799,2019,RB,OL_ENVIRONMENT,1.0,1,1,HIGH_LOCKED_LAGGED_PBP,development
00-0034816,2019,RB,OL_ENVIRONMENT,1.0,1,1,HIGH_LOCKED_LAGGED_PBP,development
00-0034838,2019,RB,OL_ENVIRONMENT,1.0,1,1,HIGH_LOCKED_LAGGED_PBP,development
00-0034844,2019,RB,OL_ENVIRONMENT,1.0,1,1,HIGH_LOCKED_LAGGED_PBP,development
00-0022921,2019,WR,OL_ENVIRONMENT,1.0,1,1,HIGH_LOCKED_LAGGED_PBP,development
00-0026035,2019,WR,OL_ENVIRONMENT,1.0,1,1,HIGH_LOCKED_LAGGED_PBP,development
00-0026189,2019,WR,OL_ENVIRONMENT,1.0,1,1,HIGH_LOCKED_LAGGED_PBP,development
00-0027793,2019,WR,OL_ENVIRONMENT,1.0,1,1,HIGH_LOCKED_LAGGED_PBP,development
00-0027874,2019,WR,OL_ENVIRONMENT,1.0,1,1,HIGH_LOCKED_LAGGED_PBP,development
00-0027944,2019,WR,OL_ENVIRONMENT,1.0,1,1,HIGH_LOCKED_LAGGED_PBP,development
00-0028002,2019,WR,OL_ENVIRONMENT,1.0,1,1,HIGH_LOCKED_LAGGED_PBP,development
00-0028114,2019,WR,OL_ENVIRONMENT,1.0,1,1,HIGH_LOCKED_LAGGED_PBP,development
00-0029293,2019,WR,OL_ENVIRONMENT,1.0,1,1,HIGH_LOCKED_LAGGED_PBP,development
00-0029572,2019,WR,OL_ENVIRONMENT,1.0,1,1,HIGH_LOCKED_LAGGED_PBP,development
00-0029664,2019,WR,OL_ENVIRONMENT,1.0,1,1,HIGH_LOCKED_LAGGED_PBP,development
00-0030068,2019,WR,OL_ENVIRONMENT,1.0,1,1,HIGH_LOCKED_LAGGED_PBP,development
00-0030147,2019,WR,OL_ENVIRONMENT,1.0,1,1,HIGH_LOCKED_LAGGED_PBP,development
00-0030669,2019,WR,OL_ENVIRONMENT,1.0,1,1,HIGH_LOCKED_LAGGED_PBP,development
00-0030670,2019,WR,OL_ENVIRONMENT,1.0,1,1,HIGH_LOCKED_LAGGED_PBP,development
00-0031023,2019,WR,OL_ENVIRONMENT,1.0,1,1,HIGH_LOCKED_LAGGED_PBP,development
00-0031068,2019,WR,OL_ENVIRONMENT,1.0,1,1,HIGH_LOCKED_LAGGED_PBP,development
00-0031189,2019,WR,OL_ENVIRONMENT,1.0,1,1,HIGH_LOCKED_LAGGED_PBP,development
00-0031235,2019,WR,OL_ENVIRONMENT,1.0,1,1,HIGH_LOCKED_LAGGED_PBP,development
00-0031257,2019,WR,OL_ENVIRONMENT,1.0,1,1,HIGH_LOCKED_LAGGED_PBP,development
00-0031339,2019,WR,OL_ENVIRONMENT,1.0,1,1,HIGH_LOCKED_LAGGED_PBP,development
00-0031344,2019,WR,OL_ENVIRONMENT,1.0,1,1,HIGH_LOCKED_LAGGED_PBP,development
00-0031382,2019,WR,OL_ENVIRONMENT,1.0,1,1,HIGH_LOCKED_LAGGED_PBP,development
00-0031408,2019,WR,OL_ENVIRONMENT,1.0,1,1,HIGH_LOCKED_LAGGED_PBP,development
00-0031547,2019,WR,OL_ENVIRONMENT,1.0,1,1,HIGH_LOCKED_LAGGED_PBP,development
00-0031570,2019,WR,OL_ENVIRONMENT,1.0,1,1,HIGH_LOCKED_LAGGED_PBP,development
00-0031868,2019,WR,OL_ENVIRONMENT,1.0,1,1,HIGH_LOCKED_LAGGED_PBP,development
00-0031941,2019,WR,OL_ENVIRONMENT,1.0,1,1,HIGH_LOCKED_LAGGED_PBP,development
00-0032054,2019,WR,OL_ENVIRONMENT,1.0,1,1,HIGH_LOCKED_LAGGED_PBP,development
00-0032055,2019,WR,OL_ENVIRONMENT,1.0,1,1,HIGH_LOCKED_LAGGED_PBP,development
00-0032112,2019,WR,OL_ENVIRONMENT,1.0,1,1,HIGH_LOCKED_LAGGED_PBP,development
00-0032385,2019,WR,OL_ENVIRONMENT,1.0,1,1,HIGH_LOCKED_LAGGED_PBP,development
00-0032423,2019,WR,OL_ENVIRONMENT,0.0,0,0,HIGH_LOCKED_LAGGED_PBP,development
00-0032543,2019,WR,OL_ENVIRONMENT,1.0,1,1,HIGH_LOCKED_LAGGED_PBP,development
00-0032688,2019,WR,OL_ENVIRONMENT,1.0,1,1,HIGH_LOCKED_LAGGED_PBP,development
00-0032791,2019,WR,OL_ENVIRONMENT,1.0,1,1,HIGH_LOCKED_LAGGED_PBP,development
00-0032795,2019,WR,OL_ENVIRONMENT,1.0,1,1,HIGH_LOCKED_LAGGED_PBP,development
00-0032935,2019,WR,OL_ENVIRONMENT,1.0,1,1,HIGH_LOCKED_LAGGED_PBP,development
00-0032951,2019,WR,OL_ENVIRONMENT,1.0,1,1,HIGH_LOCKED_LAGGED_PBP,development
00-0032977,2019,WR,OL_ENVIRONMENT,1.0,1,1,HIGH_LOCKED_LAGGED_PBP,development
00-0032980,2019,WR,OL_ENVIRONMENT,1.0,1,1,HIGH_LOCKED_LAGGED_PBP,development
00-0033006,2019,WR,OL_ENVIRONMENT,0.0,0,0,HIGH_LOCKED_LAGGED_PBP,development
00-0033009,2019,WR,OL_ENVIRONMENT,1.0,1,1,HIGH_LOCKED_LAGGED_PBP,development
00-0033094,2019,WR,OL_ENVIRONMENT,1.0,1,1,HIGH_LOCKED_LAGGED_PBP,development
00-0033111,2019,WR,OL_ENVIRONMENT,1.0,1,1,HIGH_LOCKED_LAGGED_PBP,development
00-0033282,2019,WR,OL_ENVIRONMENT,1.0,1,1,HIGH_LOCKED_LAGGED_PBP,development
00-0033375,2019,WR,OL_ENVIRONMENT,1.0,1,1,HIGH_LOCKED_LAGGED_PBP,development
00-0033434,2019,WR,OL_ENVIRONMENT,1.0,1,1,HIGH_LOCKED_LAGGED_PBP,development
00-0033460,2019,WR,OL_ENVIRONMENT,1.0,1,1,HIGH_LOCKED_LAGGED_PBP,development
00-0033471,2019,WR,OL_ENVIRONMENT,1.0,1,1,HIGH_LOCKED_LAGGED_PBP,development
00-0033562,2019,WR,OL_ENVIRONMENT,1.0,1,1,HIGH_LOCKED_LAGGED_PBP,development
00-0033572,2019,WR,OL_ENVIRONMENT,1.0,1,1,HIGH_LOCKED_LAGGED_PBP,development
00-0033681,2019,WR,OL_ENVIRONMENT,1.0,1,1,HIGH_LOCKED_LAGGED_PBP,development
00-0033839,2019,WR,OL_ENVIRONMENT,1.0,1,1,HIGH_LOCKED_LAGGED_PBP,development
00-0033857,2019,WR,OL_ENVIRONMENT,1.0,1,1,HIGH_LOCKED_LAGGED_PBP,development
00-0033891,2019,WR,OL_ENVIRONMENT,1.0,1,1,HIGH_LOCKED_LAGGED_PBP,development
00-0033908,2019,WR,OL_ENVIRONMENT,1.0,1,1,HIGH_LOCKED_LAGGED_PBP,development
00-0033911,2019,WR,OL_ENVIRONMENT,1.0,1,1,HIGH_LOCKED_LAGGED_PBP,development
00-0033921,2019,WR,OL_ENVIRONMENT,1.0,1,1,HIGH_LOCKED_LAGGED_PBP,development
00-0033932,2019,WR,OL_ENVIRONMENT,1.0,1,1,HIGH_LOCKED_LAGGED_PBP,development
00-0033933,2019,WR,OL_ENVIRONMENT,1.0,1,1,HIGH_LOCKED_LAGGED_PBP,development
00-0034052,2019,WR,OL_ENVIRONMENT,1.0,1,1,HIGH_LOCKED_LAGGED_PBP,development
00-0034256,2019,WR,OL_ENVIRONMENT,0.0,0,0,HIGH_LOCKED_LAGGED_PBP,development
00-0034273,2019,WR,OL_ENVIRONMENT,1.0,1,1,HIGH_LOCKED_LAGGED_PBP,development
00-0034309,2019,WR,OL_ENVIRONMENT,1.0,1,1,HIGH_LOCKED_LAGGED_PBP,development
00-0034339,2019,WR,OL_ENVIRONMENT,1.0,1,1,HIGH_LOCKED_LAGGED_PBP,development
00-0034348,2019,WR,OL_ENVIRONMENT,1.0,1,1,HIGH_LOCKED_LAGGED_PBP,development
00-0034370,2019,WR,OL_ENVIRONMENT,1.0,1,1,HIGH_LOCKED_LAGGED_PBP,development
00-0034386,2019,WR,OL_ENVIRONMENT,1.0,1,1,HIGH_LOCKED_LAGGED_PBP,development
00-0034407,2019,WR,OL_ENVIRONMENT,1.0,1,1,HIGH_LOCKED_LAGGED_PBP,development
00-0034411,2019,WR,OL_ENVIRONMENT,1.0,1,1,HIGH_LOCKED_LAGGED_PBP,development
00-0034426,2019,WR,OL_ENVIRONMENT,1.0,1,1,HIGH_LOCKED_LAGGED_PBP,development
00-0034487,2019,WR,OL_ENVIRONMENT,1.0,1,1,HIGH_LOCKED_LAGGED_PBP,development
00-0034510,2019,WR,OL_ENVIRONMENT,1.0,1,1,HIGH_LOCKED_LAGGED_PBP,development
00-0034593,2019,WR,OL_ENVIRONMENT,1.0,1,1,HIGH_LOCKED_LAGGED_PBP,development
00-0034676,2019,WR,OL_ENVIRONMENT,1.0,1,1,HIGH_LOCKED_LAGGED_PBP,development
00-0034686,2019,WR,OL_ENVIRONMENT,1.0,1,1,HIGH_LOCKED_LAGGED_PBP,development
00-0034710,2019,WR,OL_ENVIRONMENT,1.0,1,1,HIGH_LOCKED_LAGGED_PBP,development
00-0034747,2019,WR,OL_ENVIRONMENT,1.0,1,1,HIGH_LOCKED_LAGGED_PBP,development
00-0034772,2019,WR,OL_ENVIRONMENT,1.0,1,1,HIGH_LOCKED_LAGGED_PBP,development
00-0034775,2019,WR,OL_ENVIRONMENT,1.0,1,1,HIGH_LOCKED_LAGGED_PBP,development
00-0034777,2019,WR,OL_ENVIRONMENT,1.0,1,1,HIGH_LOCKED_LAGGED_PBP,development
00-0034827,2019,WR,OL_ENVIRONMENT,1.0,1,1,HIGH_LOCKED_LAGGED_PBP,development
00-0034837,2019,WR,OL_ENVIRONMENT,1.0,1,1,HIGH_LOCKED_LAGGED_PBP,development
00-0034860,2019,WR,OL_ENVIRONMENT,1.0,1,1,HIGH_LOCKED_LAGGED_PBP,development
00-0024221,2019,TE,OL_ENVIRONMENT,1.0,1,1,HIGH_LOCKED_LAGGED_PBP,development
00-0024389,2019,TE,OL_ENVIRONMENT,1.0,1,1,HIGH_LOCKED_LAGGED_PBP,development
00-0025418,2019,TE,OL_ENVIRONMENT,1.0,1,1,HIGH_LOCKED_LAGGED_PBP,development
00-0027985,2019,TE,OL_ENVIRONMENT,1.0,1,1,HIGH_LOCKED_LAGGED_PBP,development
00-0028042,2019,TE,OL_ENVIRONMENT,1.0,1,1,HIGH_LOCKED_LAGGED_PBP,development
00-0028112,2019,TE,OL_ENVIRONMENT,1.0,1,1,HIGH_LOCKED_LAGGED_PBP,development
00-0028903,2019,TE,OL_ENVIRONMENT,1.0,1,1,HIGH_LOCKED_LAGGED_PBP,development
00-0029119,2019,TE,OL_ENVIRONMENT,1.0,1,1,HIGH_LOCKED_LAGGED_PBP,development
00-0029587,2019,TE,OL_ENVIRONMENT,1.0,1,1,HIGH_LOCKED_LAGGED_PBP,development
00-0030181,2019,TE,OL_ENVIRONMENT,1.0,1,1,HIGH_LOCKED_LAGGED_PBP,development
00-0030443,2019,TE,OL_ENVIRONMENT,1.0,1,1,HIGH_LOCKED_LAGGED_PBP,development
00-0030470,2019,TE,OL_ENVIRONMENT,1.0,1,1,HIGH_LOCKED_LAGGED_PBP,development
00-0030549,2019,TE,OL_ENVIRONMENT,1.0,1,1,HIGH_LOCKED_LAGGED_PBP,development
00-0030710,2019,TE,OL_ENVIRONMENT,1.0,1,1,HIGH_LOCKED_LAGGED_PBP,development
00-0031035,2019,TE,OL_ENVIRONMENT,1.0,1,1,HIGH_LOCKED_LAGGED_PBP,development
00-0031167,2019,TE,OL_ENVIRONMENT,1.0,1,1,HIGH_LOCKED_LAGGED_PBP,development
00-0031260,2019,TE,OL_ENVIRONMENT,1.0,1,1,HIGH_LOCKED_LAGGED_PBP,development
00-0031273,2019,TE,OL_ENVIRONMENT,1.0,1,1,HIGH_LOCKED_LAGGED_PBP,development
00-0031484,2019,TE,OL_ENVIRONMENT,1.0,1,1,HIGH_LOCKED_LAGGED_PBP,development
00-0031610,2019,TE,OL_ENVIRONMENT,1.0,1,1,HIGH_LOCKED_LAGGED_PBP,development
00-0031690,2019,TE,OL_ENVIRONMENT,1.0,1,1,HIGH_LOCKED_LAGGED_PBP,development
00-0031744,2019,TE,OL_ENVIRONMENT,1.0,1,1,HIGH_LOCKED_LAGGED_PBP,development
00-0031951,2019,TE,OL_ENVIRONMENT,1.0,1,1,HIGH_LOCKED_LAGGED_PBP,development
00-0032098,2019,TE,OL_ENVIRONMENT,0.0,0,0,HIGH_LOCKED_LAGGED_PBP,development
00-0032117,2019,TE,OL_ENVIRONMENT,1.0,1,1,HIGH_LOCKED_LAGGED_PBP,development
00-0032134,2019,TE,OL_ENVIRONMENT,1.0,1,1,HIGH_LOCKED_LAGGED_PBP,development
00-0032135,2019,TE,OL_ENVIRONMENT,1.0,1,1,HIGH_LOCKED_LAGGED_PBP,development
00-0032141,2019,TE,OL_ENVIRONMENT,1.0,1,1,HIGH_LOCKED_LAGGED_PBP,development
00-0032227,2019,TE,OL_ENVIRONMENT,1.0,1,1,HIGH_LOCKED_LAGGED_PBP,development
00-0032392,2019,TE,OL_ENVIRONMENT,1.0,1,1,HIGH_LOCKED_LAGGED_PBP,development
00-0032599,2019,TE,OL_ENVIRONMENT,1.0,1,1,HIGH_LOCKED_LAGGED_PBP,development
00-0033080,2019,TE,OL_ENVIRONMENT,1.0,1,1,HIGH_LOCKED_LAGGED_PBP,development
00-0033117,2019,TE,OL_ENVIRONMENT,0.0,0,0,HIGH_LOCKED_LAGGED_PBP,development
00-0033258,2019,TE,OL_ENVIRONMENT,1.0,1,1,HIGH_LOCKED_LAGGED_PBP,development
00-0033421,2019,TE,OL_ENVIRONMENT,1.0,1,1,HIGH_LOCKED_LAGGED_PBP,development
00-0033528,2019,TE,OL_ENVIRONMENT,1.0,1,1,HIGH_LOCKED_LAGGED_PBP,development
00-0033576,2019,TE,OL_ENVIRONMENT,1.0,1,1,HIGH_LOCKED_LAGGED_PBP,development
00-0033611,2019,TE,OL_ENVIRONMENT,1.0,1,1,HIGH_LOCKED_LAGGED_PBP,development
00-0033696,2019,TE,OL_ENVIRONMENT,1.0,1,1,HIGH_LOCKED_LAGGED_PBP,development
00-0033742,2019,TE,OL_ENVIRONMENT,1.0,1,1,HIGH_LOCKED_LAGGED_PBP,development
00-0033879,2019,TE,OL_ENVIRONMENT,1.0,1,1,HIGH_LOCKED_LAGGED_PBP,development
00-0033881,2019,TE,OL_ENVIRONMENT,1.0,1,1,HIGH_LOCKED_LAGGED_PBP,development
00-0033885,2019,TE,OL_ENVIRONMENT,1.0,1,1,HIGH_LOCKED_LAGGED_PBP,development
00-0034073,2019,TE,OL_ENVIRONMENT,1.0,1,1,HIGH_LOCKED_LAGGED_PBP,development
00-0034159,2019,TE,OL_ENVIRONMENT,1.0,1,1,HIGH_LOCKED_LAGGED_PBP,development
00-0034365,2019,TE,OL_ENVIRONMENT,1.0,1,1,HIGH_LOCKED_LAGGED_PBP,development
00-0034766,2019,TE,OL_ENVIRONMENT,1.0,1,1,HIGH_LOCKED_LAGGED_PBP,development
00-0034798,2019,TE,OL_ENVIRONMENT,1.0,1,1,HIGH_LOCKED_LAGGED_PBP,development
00-0034829,2019,TE,OL_ENVIRONMENT,1.0,1,1,HIGH_LOCKED_LAGGED_PBP,development
00-0022787,2020,QB,OL_ENVIRONMENT,1.0,1,1,HIGH_LOCKED_LAGGED_PBP,development
00-0023682,2020,QB,OL_ENVIRONMENT,1.0,1,1,HIGH_LOCKED_LAGGED_PBP,development
00-0026143,2020,QB,OL_ENVIRONMENT,1.0,1,1,HIGH_LOCKED_LAGGED_PBP,development
00-0026158,2020,QB,OL_ENVIRONMENT,1.0,1,1,HIGH_LOCKED_LAGGED_PBP,development
00-0026498,2020,QB,OL_ENVIRONMENT,1.0,1,1,HIGH_LOCKED_LAGGED_PBP,development
00-0026544,2020,QB,OL_ENVIRONMENT,1.0,1,1,HIGH_LOCKED_LAGGED_PBP,development
00-0026625,2020,QB,OL_ENVIRONMENT,1.0,1,1,HIGH_LOCKED_LAGGED_PBP,development
00-0027688,2020,QB,OL_ENVIRONMENT,1.0,1,1,HIGH_LOCKED_LAGGED_PBP,development
00-0027939,2020,QB,OL_ENVIRONMENT,1.0,1,1,HIGH_LOCKED_LAGGED_PBP,development
00-0027973,2020,QB,OL_ENVIRONMENT,1.0,1,1,HIGH_LOCKED_LAGGED_PBP,development
00-0028118,2020,QB,OL_ENVIRONMENT,1.0,1,1,HIGH_LOCKED_LAGGED_PBP,development
00-0028986,2020,QB,OL_ENVIRONMENT,1.0,1,1,HIGH_LOCKED_LAGGED_PBP,development
00-0029567,2020,QB,OL_ENVIRONMENT,1.0,1,1,HIGH_LOCKED_LAGGED_PBP,development
00-0029665,2020,QB,OL_ENVIRONMENT,1.0,1,1,HIGH_LOCKED_LAGGED_PBP,development
00-0030520,2020,QB,OL_ENVIRONMENT,1.0,1,1,HIGH_LOCKED_LAGGED_PBP,development
00-0030533,2020,QB,OL_ENVIRONMENT,1.0,1,1,HIGH_LOCKED_LAGGED_PBP,development
00-0031237,2020,QB,OL_ENVIRONMENT,1.0,1,1,HIGH_LOCKED_LAGGED_PBP,development
00-0031280,2020,QB,OL_ENVIRONMENT,1.0,1,1,HIGH_LOCKED_LAGGED_PBP,development
00-0031288,2020,QB,OL_ENVIRONMENT,1.0,1,1,HIGH_LOCKED_LAGGED_PBP,development
00-0031395,2020,QB,OL_ENVIRONMENT,1.0,1,1,HIGH_LOCKED_LAGGED_PBP,development
00-0032434,2020,QB,OL_ENVIRONMENT,1.0,1,1,HIGH_LOCKED_LAGGED_PBP,development
00-0032436,2020,QB,OL_ENVIRONMENT,1.0,1,1,HIGH_LOCKED_LAGGED_PBP,development
00-0033077,2020,QB,OL_ENVIRONMENT,1.0,1,1,HIGH_LOCKED_LAGGED_PBP,development
00-0033319,2020,QB,OL_ENVIRONMENT,0.0,0,0,HIGH_LOCKED_LAGGED_PBP,development
00-0034177,2020,QB,OL_ENVIRONMENT,1.0,1,1,HIGH_LOCKED_LAGGED_PBP,development
00-0034577,2020,QB,OL_ENVIRONMENT,1.0,1,1,HIGH_LOCKED_LAGGED_PBP,development
00-0034771,2020,QB,OL_ENVIRONMENT,1.0,1,1,HIGH_LOCKED_LAGGED_PBP,development
00-0034869,2020,QB,OL_ENVIRONMENT,1.0,1,1,HIGH_LOCKED_LAGGED_PBP,development
00-0035040,2020,QB,OL_ENVIRONMENT,1.0,1,1,HIGH_LOCKED_LAGGED_PBP,development
00-0035146,2020,QB,OL_ENVIRONMENT,1.0,1,1,HIGH_LOCKED_LAGGED_PBP,development
00-0035228,2020,QB,OL_ENVIRONMENT,1.0,1,1,HIGH_LOCKED_LAGGED_PBP,development
00-0035232,2020,QB,OL_ENVIRONMENT,1.0,1,1,HIGH_LOCKED_LAGGED_PBP,development
00-0035264,2020,QB,OL_ENVIRONMENT,1.0,1,1,HIGH_LOCKED_LAGGED_PBP,development
00-0035289,2020,QB,OL_ENVIRONMENT,1.0,1,1,HIGH_LOCKED_LAGGED_PBP,development
00-0035652,2020,QB,OL_ENVIRONMENT,1.0,1,1,HIGH_LOCKED_LAGGED_PBP,development
00-0035704,2020,QB,OL_ENVIRONMENT,1.0,1,1,HIGH_LOCKED_LAGGED_PBP,development
00-0035710,2020,QB,OL_ENVIRONMENT,1.0,1,1,HIGH_LOCKED_LAGGED_PBP,development
00-0025394,2020,RB,OL_ENVIRONMENT,1.0,1,1,HIGH_LOCKED_LAGGED_PBP,development
00-0027029,2020,RB,OL_ENVIRONMENT,1.0,1,1,HIGH_LOCKED_LAGGED_PBP,development
00-0029141,2020,RB,OL_ENVIRONMENT,1.0,1,1,HIGH_LOCKED_LAGGED_PBP,development
00-0030404,2020,RB,OL_ENVIRONMENT,1.0,1,1,HIGH_LOCKED_LAGGED_PBP,development
00-0030456,2020,RB,OL_ENVIRONMENT,1.0,1,1,HIGH_LOCKED_LAGGED_PBP,development
00-0030465,2020,RB,OL_ENVIRONMENT,1.0,1,1,HIGH_LOCKED_LAGGED_PBP,development
00-0031209,2020,RB,OL_ENVIRONMENT,1.0,1,1,HIGH_LOCKED_LAGGED_PBP,development
00-0031285,2020,RB,OL_ENVIRONMENT,1.0,1,1,HIGH_LOCKED_LAGGED_PBP,development
00-0032063,2020,RB,OL_ENVIRONMENT,1.0,1,1,HIGH_LOCKED_LAGGED_PBP,development
00-0032144,2020,RB,OL_ENVIRONMENT,1.0,1,1,HIGH_LOCKED_LAGGED_PBP,development
00-0032187,2020,RB,OL_ENVIRONMENT,1.0,1,1,HIGH_LOCKED_LAGGED_PBP,development
00-0032241,2020,RB,OL_ENVIRONMENT,1.0,1,1,HIGH_LOCKED_LAGGED_PBP,development
00-0032393,2020,RB,OL_ENVIRONMENT,1.0,1,1,HIGH_LOCKED_LAGGED_PBP,development
00-0032577,2020,RB,OL_ENVIRONMENT,0.0,0,0,HIGH_LOCKED_LAGGED_PBP,development
00-0032780,2020,RB,OL_ENVIRONMENT,1.0,1,1,HIGH_LOCKED_LAGGED_PBP,development
00-0032940,2020,RB,OL_ENVIRONMENT,1.0,1,1,HIGH_LOCKED_LAGGED_PBP,development
00-0032972,2020,RB,OL_ENVIRONMENT,1.0,1,1,HIGH_LOCKED_LAGGED_PBP,development
00-0032975,2020,RB,OL_ENVIRONMENT,1.0,1,1,HIGH_LOCKED_LAGGED_PBP,development
00-0033025,2020,RB,OL_ENVIRONMENT,1.0,1,1,HIGH_LOCKED_LAGGED_PBP,development
00-0033045,2020,RB,OL_ENVIRONMENT,1.0,1,1,HIGH_LOCKED_LAGGED_PBP,development
00-0033118,2020,RB,OL_ENVIRONMENT,1.0,1,1,HIGH_LOCKED_LAGGED_PBP,development
00-0033164,2020,RB,OL_ENVIRONMENT,1.0,1,1,HIGH_LOCKED_LAGGED_PBP,development
00-0033280,2020,RB,OL_ENVIRONMENT,1.0,1,1,HIGH_LOCKED_LAGGED_PBP,development
00-0033296,2020,RB,OL_ENVIRONMENT,1.0,1,1,HIGH_LOCKED_LAGGED_PBP,development
00-0033526,2020,RB,OL_ENVIRONMENT,1.0,1,1,HIGH_LOCKED_LAGGED_PBP,development
00-0033556,2020,RB,OL_ENVIRONMENT,1.0,1,1,HIGH_LOCKED_LAGGED_PBP,development
00-0033567,2020,RB,OL_ENVIRONMENT,1.0,1,1,HIGH_LOCKED_LAGGED_PBP,development
00-0033699,2020,RB,OL_ENVIRONMENT,1.0,1,1,HIGH_LOCKED_LAGGED_PBP,development
00-0033725,2020,RB,OL_ENVIRONMENT,0.0,0,0,HIGH_LOCKED_LAGGED_PBP,development
00-0033838,2020,RB,OL_ENVIRONMENT,1.0,1,1,HIGH_LOCKED_LAGGED_PBP,development
00-0033854,2020,RB,OL_ENVIRONMENT,1.0,1,1,HIGH_LOCKED_LAGGED_PBP,development
00-0033897,2020,RB,OL_ENVIRONMENT,1.0,1,1,HIGH_LOCKED_LAGGED_PBP,development
00-0033950,2020,RB,OL_ENVIRONMENT,1.0,1,1,HIGH_LOCKED_LAGGED_PBP,development
00-0033951,2020,RB,OL_ENVIRONMENT,1.0,1,1,HIGH_LOCKED_LAGGED_PBP,development
00-0034109,2020,RB,OL_ENVIRONMENT,1.0,1,1,HIGH_LOCKED_LAGGED_PBP,development
00-0034164,2020,RB,OL_ENVIRONMENT,0.0,0,0,HIGH_LOCKED_LAGGED_PBP,development
00-0034253,2020,RB,OL_ENVIRONMENT,1.0,1,1,HIGH_LOCKED_LAGGED_PBP,development
00-0034331,2020,RB,OL_ENVIRONMENT,1.0,1,1,HIGH_LOCKED_LAGGED_PBP,development
00-0034349,2020,RB,OL_ENVIRONMENT,1.0,1,1,HIGH_LOCKED_LAGGED_PBP,development
00-0034378,2020,RB,OL_ENVIRONMENT,1.0,1,1,HIGH_LOCKED_LAGGED_PBP,development
00-0034400,2020,RB,OL_ENVIRONMENT,1.0,1,1,HIGH_LOCKED_LAGGED_PBP,development
00-0034432,2020,RB,OL_ENVIRONMENT,1.0,1,1,HIGH_LOCKED_LAGGED_PBP,development
00-0034440,2020,RB,OL_ENVIRONMENT,1.0,1,1,HIGH_LOCKED_LAGGED_PBP,development
00-0034457,2020,RB,OL_ENVIRONMENT,1.0,1,1,HIGH_LOCKED_LAGGED_PBP,development
00-0034578,2020,RB,OL_ENVIRONMENT,1.0,1,1,HIGH_LOCKED_LAGGED_PBP,development
00-0034681,2020,RB,OL_ENVIRONMENT,1.0,1,1,HIGH_LOCKED_LAGGED_PBP,development
00-0034750,2020,RB,OL_ENVIRONMENT,1.0,1,1,HIGH_LOCKED_LAGGED_PBP,development
00-0034799,2020,RB,OL_ENVIRONMENT,1.0,1,1,HIGH_LOCKED_LAGGED_PBP,development
00-0034838,2020,RB,OL_ENVIRONMENT,1.0,1,1,HIGH_LOCKED_LAGGED_PBP,development
00-0034844,2020,RB,OL_ENVIRONMENT,1.0,1,1,HIGH_LOCKED_LAGGED_PBP,development
00-0034995,2020,RB,OL_ENVIRONMENT,1.0,1,1,HIGH_LOCKED_LAGGED_PBP,development
00-0035184,2020,RB,OL_ENVIRONMENT,1.0,1,1,HIGH_LOCKED_LAGGED_PBP,development
00-0035261,2020,RB,OL_ENVIRONMENT,1.0,1,1,HIGH_LOCKED_LAGGED_PBP,development
00-0035273,2020,RB,OL_ENVIRONMENT,1.0,1,1,HIGH_LOCKED_LAGGED_PBP,development
00-0035311,2020,RB,OL_ENVIRONMENT,1.0,1,1,HIGH_LOCKED_LAGGED_PBP,development
00-0035342,2020,RB,OL_ENVIRONMENT,1.0,1,1,HIGH_LOCKED_LAGGED_PBP,development
00-0035537,2020,RB,OL_ENVIRONMENT,1.0,1,1,HIGH_LOCKED_LAGGED_PBP,development
00-0035551,2020,RB,OL_ENVIRONMENT,1.0,1,1,HIGH_LOCKED_LAGGED_PBP,development
00-0035657,2020,RB,OL_ENVIRONMENT,1.0,1,1,HIGH_LOCKED_LAGGED_PBP,development
00-0035664,2020,RB,OL_ENVIRONMENT,1.0,1,1,HIGH_LOCKED_LAGGED_PBP,development
00-0035700,2020,RB,OL_ENVIRONMENT,1.0,1,1,HIGH_LOCKED_LAGGED_PBP,development
00-0035726,2020,RB,OL_ENVIRONMENT,1.0,1,1,HIGH_LOCKED_LAGGED_PBP,development
00-0022921,2020,WR,OL_ENVIRONMENT,1.0,1,1,HIGH_LOCKED_LAGGED_PBP,development
00-0026035,2020,WR,OL_ENVIRONMENT,1.0,1,1,HIGH_LOCKED_LAGGED_PBP,development
00-0026189,2020,WR,OL_ENVIRONMENT,1.0,1,1,HIGH_LOCKED_LAGGED_PBP,development
00-0027891,2020,WR,OL_ENVIRONMENT,1.0,1,1,HIGH_LOCKED_LAGGED_PBP,development
00-0027944,2020,WR,OL_ENVIRONMENT,1.0,1,1,HIGH_LOCKED_LAGGED_PBP,development
00-0028002,2020,WR,OL_ENVIRONMENT,1.0,1,1,HIGH_LOCKED_LAGGED_PBP,development
00-0028114,2020,WR,OL_ENVIRONMENT,1.0,1,1,HIGH_LOCKED_LAGGED_PBP,development
00-0028237,2020,WR,OL_ENVIRONMENT,1.0,1,1,HIGH_LOCKED_LAGGED_PBP,development
00-0028411,2020,WR,OL_ENVIRONMENT,1.0,1,1,HIGH_LOCKED_LAGGED_PBP,development
00-0029137,2020,WR,OL_ENVIRONMENT,1.0,1,1,HIGH_LOCKED_LAGGED_PBP,development
00-0029293,2020,WR,OL_ENVIRONMENT,1.0,1,1,HIGH_LOCKED_LAGGED_PBP,development
00-0030279,2020,WR,OL_ENVIRONMENT,1.0,1,1,HIGH_LOCKED_LAGGED_PBP,development
00-0030670,2020,WR,OL_ENVIRONMENT,1.0,1,1,HIGH_LOCKED_LAGGED_PBP,development
00-0031235,2020,WR,OL_ENVIRONMENT,1.0,1,1,HIGH_LOCKED_LAGGED_PBP,development
00-0031236,2020,WR,OL_ENVIRONMENT,1.0,1,1,HIGH_LOCKED_LAGGED_PBP,development
00-0031319,2020,WR,OL_ENVIRONMENT,1.0,1,1,HIGH_LOCKED_LAGGED_PBP,development
00-0031339,2020,WR,OL_ENVIRONMENT,1.0,1,1,HIGH_LOCKED_LAGGED_PBP,development
00-0031544,2020,WR,OL_ENVIRONMENT,1.0,1,1,HIGH_LOCKED_LAGGED_PBP,development
00-0031547,2020,WR,OL_ENVIRONMENT,1.0,1,1,HIGH_LOCKED_LAGGED_PBP,development
00-0031549,2020,WR,OL_ENVIRONMENT,1.0,1,1,HIGH_LOCKED_LAGGED_PBP,development
00-0031868,2020,WR,OL_ENVIRONMENT,1.0,1,1,HIGH_LOCKED_LAGGED_PBP,development
00-0031941,2020,WR,OL_ENVIRONMENT,1.0,1,1,HIGH_LOCKED_LAGGED_PBP,development
00-0032054,2020,WR,OL_ENVIRONMENT,1.0,1,1,HIGH_LOCKED_LAGGED_PBP,development
00-0032128,2020,WR,OL_ENVIRONMENT,1.0,1,1,HIGH_LOCKED_LAGGED_PBP,development
00-0032385,2020,WR,OL_ENVIRONMENT,1.0,1,1,HIGH_LOCKED_LAGGED_PBP,development
00-0032543,2020,WR,OL_ENVIRONMENT,1.0,1,1,HIGH_LOCKED_LAGGED_PBP,development
00-0032688,2020,WR,OL_ENVIRONMENT,1.0,1,1,HIGH_LOCKED_LAGGED_PBP,development
00-0032791,2020,WR,OL_ENVIRONMENT,1.0,1,1,HIGH_LOCKED_LAGGED_PBP,development
00-0032951,2020,WR,OL_ENVIRONMENT,1.0,1,1,HIGH_LOCKED_LAGGED_PBP,development
00-0032980,2020,WR,OL_ENVIRONMENT,1.0,1,1,HIGH_LOCKED_LAGGED_PBP,development
00-0033009,2020,WR,OL_ENVIRONMENT,1.0,1,1,HIGH_LOCKED_LAGGED_PBP,development
00-0033094,2020,WR,OL_ENVIRONMENT,1.0,1,1,HIGH_LOCKED_LAGGED_PBP,development
00-0033111,2020,WR,OL_ENVIRONMENT,1.0,1,1,HIGH_LOCKED_LAGGED_PBP,development
00-0033114,2020,WR,OL_ENVIRONMENT,1.0,1,1,HIGH_LOCKED_LAGGED_PBP,development
00-0033215,2020,WR,OL_ENVIRONMENT,1.0,1,1,HIGH_LOCKED_LAGGED_PBP,development
00-0033266,2020,WR,OL_ENVIRONMENT,0.0,0,0,HIGH_LOCKED_LAGGED_PBP,development
00-0033282,2020,WR,OL_ENVIRONMENT,1.0,1,1,HIGH_LOCKED_LAGGED_PBP,development
00-0033367,2020,WR,OL_ENVIRONMENT,1.0,1,1,HIGH_LOCKED_LAGGED_PBP,development
00-0033375,2020,WR,OL_ENVIRONMENT,1.0,1,1,HIGH_LOCKED_LAGGED_PBP,development
00-0033382,2020,WR,OL_ENVIRONMENT,1.0,1,1,HIGH_LOCKED_LAGGED_PBP,development
00-0033386,2020,WR,OL_ENVIRONMENT,1.0,1,1,HIGH_LOCKED_LAGGED_PBP,development
00-0033460,2020,WR,OL_ENVIRONMENT,1.0,1,1,HIGH_LOCKED_LAGGED_PBP,development
00-0033471,2020,WR,OL_ENVIRONMENT,1.0,1,1,HIGH_LOCKED_LAGGED_PBP,development
00-0033474,2020,WR,OL_ENVIRONMENT,0.0,0,0,HIGH_LOCKED_LAGGED_PBP,development
00-0033536,2020,WR,OL_ENVIRONMENT,1.0,1,1,HIGH_LOCKED_LAGGED_PBP,development
00-0033555,2020,WR,OL_ENVIRONMENT,1.0,1,1,HIGH_LOCKED_LAGGED_PBP,development
00-0033572,2020,WR,OL_ENVIRONMENT,1.0,1,1,HIGH_LOCKED_LAGGED_PBP,development
00-0033681,2020,WR,OL_ENVIRONMENT,1.0,1,1,HIGH_LOCKED_LAGGED_PBP,development
00-0033839,2020,WR,OL_ENVIRONMENT,1.0,1,1,HIGH_LOCKED_LAGGED_PBP,development
00-0033891,2020,WR,OL_ENVIRONMENT,1.0,1,1,HIGH_LOCKED_LAGGED_PBP,development
00-0033911,2020,WR,OL_ENVIRONMENT,1.0,1,1,HIGH_LOCKED_LAGGED_PBP,development
00-0033932,2020,WR,OL_ENVIRONMENT,1.0,1,1,HIGH_LOCKED_LAGGED_PBP,development
00-0034052,2020,WR,OL_ENVIRONMENT,1.0,1,1,HIGH_LOCKED_LAGGED_PBP,development
00-0034081,2020,WR,OL_ENVIRONMENT,1.0,1,1,HIGH_LOCKED_LAGGED_PBP,development
00-0034132,2020,WR,OL_ENVIRONMENT,1.0,1,1,HIGH_LOCKED_LAGGED_PBP,development
00-0034267,2020,WR,OL_ENVIRONMENT,1.0,1,1,HIGH_LOCKED_LAGGED_PBP,development
00-0034273,2020,WR,OL_ENVIRONMENT,1.0,1,1,HIGH_LOCKED_LAGGED_PBP,development
00-0034309,2020,WR,OL_ENVIRONMENT,1.0,1,1,HIGH_LOCKED_LAGGED_PBP,development
00-0034339,2020,WR,OL_ENVIRONMENT,1.0,1,1,HIGH_LOCKED_LAGGED_PBP,development
00-0034348,2020,WR,OL_ENVIRONMENT,1.0,1,1,HIGH_LOCKED_LAGGED_PBP,development
00-0034366,2020,WR,OL_ENVIRONMENT,1.0,1,1,HIGH_LOCKED_LAGGED_PBP,development
00-0034370,2020,WR,OL_ENVIRONMENT,1.0,1,1,HIGH_LOCKED_LAGGED_PBP,development
00-0034411,2020,WR,OL_ENVIRONMENT,1.0,1,1,HIGH_LOCKED_LAGGED_PBP,development
00-0034418,2020,WR,OL_ENVIRONMENT,1.0,1,1,HIGH_LOCKED_LAGGED_PBP,development
00-0034419,2020,WR,OL_ENVIRONMENT,1.0,1,1,HIGH_LOCKED_LAGGED_PBP,development
00-0034487,2020,WR,OL_ENVIRONMENT,1.0,1,1,HIGH_LOCKED_LAGGED_PBP,development
00-0034510,2020,WR,OL_ENVIRONMENT,1.0,1,1,HIGH_LOCKED_LAGGED_PBP,development
00-0034631,2020,WR,OL_ENVIRONMENT,1.0,1,1,HIGH_LOCKED_LAGGED_PBP,development
00-0034660,2020,WR,OL_ENVIRONMENT,1.0,1,1,HIGH_LOCKED_LAGGED_PBP,development
00-0034686,2020,WR,OL_ENVIRONMENT,1.0,1,1,HIGH_LOCKED_LAGGED_PBP,development
00-0034764,2020,WR,OL_ENVIRONMENT,1.0,1,1,HIGH_LOCKED_LAGGED_PBP,development
00-0034772,2020,WR,OL_ENVIRONMENT,1.0,1,1,HIGH_LOCKED_LAGGED_PBP,development
00-0034775,2020,WR,OL_ENVIRONMENT,1.0,1,1,HIGH_LOCKED_LAGGED_PBP,development
00-0034777,2020,WR,OL_ENVIRONMENT,1.0,1,1,HIGH_LOCKED_LAGGED_PBP,development
00-0034827,2020,WR,OL_ENVIRONMENT,1.0,1,1,HIGH_LOCKED_LAGGED_PBP,development
00-0034837,2020,WR,OL_ENVIRONMENT,1.0,1,1,HIGH_LOCKED_LAGGED_PBP,development
00-0034854,2020,WR,OL_ENVIRONMENT,1.0,1,1,HIGH_LOCKED_LAGGED_PBP,development
00-0034860,2020,WR,OL_ENVIRONMENT,1.0,1,1,HIGH_LOCKED_LAGGED_PBP,development
00-0034960,2020,WR,OL_ENVIRONMENT,1.0,1,1,HIGH_LOCKED_LAGGED_PBP,development
00-0034983,2020,WR,OL_ENVIRONMENT,1.0,1,1,HIGH_LOCKED_LAGGED_PBP,development
00-0035021,2020,WR,OL_ENVIRONMENT,1.0,1,1,HIGH_LOCKED_LAGGED_PBP,development
00-0035181,2020,WR,OL_ENVIRONMENT,1.0,1,1,HIGH_LOCKED_LAGGED_PBP,development
00-0035208,2020,WR,OL_ENVIRONMENT,1.0,1,1,HIGH_LOCKED_LAGGED_PBP,development
00-0035246,2020,WR,OL_ENVIRONMENT,1.0,1,1,HIGH_LOCKED_LAGGED_PBP,development
00-0035287,2020,WR,OL_ENVIRONMENT,1.0,1,1,HIGH_LOCKED_LAGGED_PBP,development
00-0035350,2020,WR,OL_ENVIRONMENT,1.0,1,1,HIGH_LOCKED_LAGGED_PBP,development
00-0035399,2020,WR,OL_ENVIRONMENT,1.0,1,1,HIGH_LOCKED_LAGGED_PBP,development
00-0035414,2020,WR,OL_ENVIRONMENT,1.0,1,1,HIGH_LOCKED_LAGGED_PBP,development
00-0035510,2020,WR,OL_ENVIRONMENT,1.0,1,1,HIGH_LOCKED_LAGGED_PBP,development
00-0035527,2020,WR,OL_ENVIRONMENT,1.0,1,1,HIGH_LOCKED_LAGGED_PBP,development
00-0035535,2020,WR,OL_ENVIRONMENT,1.0,1,1,HIGH_LOCKED_LAGGED_PBP,development
00-0035592,2020,WR,OL_ENVIRONMENT,1.0,1,1,HIGH_LOCKED_LAGGED_PBP,development
00-0035639,2020,WR,OL_ENVIRONMENT,1.0,1,1,HIGH_LOCKED_LAGGED_PBP,development
00-0035645,2020,WR,OL_ENVIRONMENT,1.0,1,1,HIGH_LOCKED_LAGGED_PBP,development
00-0022127,2020,TE,OL_ENVIRONMENT,1.0,1,1,HIGH_LOCKED_LAGGED_PBP,development
00-0025418,2020,TE,OL_ENVIRONMENT,1.0,1,1,HIGH_LOCKED_LAGGED_PBP,development
00-0028042,2020,TE,OL_ENVIRONMENT,1.0,1,1,HIGH_LOCKED_LAGGED_PBP,development
00-0028142,2020,TE,OL_ENVIRONMENT,1.0,1,1,HIGH_LOCKED_LAGGED_PBP,development
00-0029119,2020,TE,OL_ENVIRONMENT,1.0,1,1,HIGH_LOCKED_LAGGED_PBP,development
00-0030108,2020,TE,OL_ENVIRONMENT,1.0,1,1,HIGH_LOCKED_LAGGED_PBP,development
00-0030443,2020,TE,OL_ENVIRONMENT,1.0,1,1,HIGH_LOCKED_LAGGED_PBP,development
00-0030549,2020,TE,OL_ENVIRONMENT,1.0,1,1,HIGH_LOCKED_LAGGED_PBP,development
00-0031484,2020,TE,OL_ENVIRONMENT,1.0,1,1,HIGH_LOCKED_LAGGED_PBP,development
00-0031558,2020,TE,OL_ENVIRONMENT,1.0,1,1,HIGH_LOCKED_LAGGED_PBP,development
00-0031610,2020,TE,OL_ENVIRONMENT,1.0,1,1,HIGH_LOCKED_LAGGED_PBP,development
00-0031690,2020,TE,OL_ENVIRONMENT,1.0,1,1,HIGH_LOCKED_LAGGED_PBP,development
00-0031951,2020,TE,OL_ENVIRONMENT,1.0,1,1,HIGH_LOCKED_LAGGED_PBP,development
00-0032098,2020,TE,OL_ENVIRONMENT,1.0,1,1,HIGH_LOCKED_LAGGED_PBP,development
00-0032134,2020,TE,OL_ENVIRONMENT,1.0,1,1,HIGH_LOCKED_LAGGED_PBP,development
00-0032135,2020,TE,OL_ENVIRONMENT,1.0,1,1,HIGH_LOCKED_LAGGED_PBP,development
00-0032394,2020,TE,OL_ENVIRONMENT,1.0,1,1,HIGH_LOCKED_LAGGED_PBP,development
00-0032986,2020,TE,OL_ENVIRONMENT,1.0,1,1,HIGH_LOCKED_LAGGED_PBP,development
00-0033080,2020,TE,OL_ENVIRONMENT,1.0,1,1,HIGH_LOCKED_LAGGED_PBP,development
00-0033090,2020,TE,OL_ENVIRONMENT,1.0,1,1,HIGH_LOCKED_LAGGED_PBP,development
00-0033258,2020,TE,OL_ENVIRONMENT,1.0,1,1,HIGH_LOCKED_LAGGED_PBP,development
00-0033338,2020,TE,OL_ENVIRONMENT,1.0,1,1,HIGH_LOCKED_LAGGED_PBP,development
00-0033421,2020,TE,OL_ENVIRONMENT,1.0,1,1,HIGH_LOCKED_LAGGED_PBP,development
00-0033439,2020,TE,OL_ENVIRONMENT,1.0,1,1,HIGH_LOCKED_LAGGED_PBP,development
00-0033576,2020,TE,OL_ENVIRONMENT,1.0,1,1,HIGH_LOCKED_LAGGED_PBP,development
00-0033658,2020,TE,OL_ENVIRONMENT,1.0,1,1,HIGH_LOCKED_LAGGED_PBP,development
00-0033879,2020,TE,OL_ENVIRONMENT,1.0,1,1,HIGH_LOCKED_LAGGED_PBP,development
00-0033881,2020,TE,OL_ENVIRONMENT,1.0,1,1,HIGH_LOCKED_LAGGED_PBP,development
00-0033896,2020,TE,OL_ENVIRONMENT,1.0,1,1,HIGH_LOCKED_LAGGED_PBP,development
00-0034011,2020,TE,OL_ENVIRONMENT,1.0,1,1,HIGH_LOCKED_LAGGED_PBP,development
00-0034073,2020,TE,OL_ENVIRONMENT,1.0,1,1,HIGH_LOCKED_LAGGED_PBP,development
00-0034364,2020,TE,OL_ENVIRONMENT,1.0,1,1,HIGH_LOCKED_LAGGED_PBP,development
00-0034365,2020,TE,OL_ENVIRONMENT,1.0,1,1,HIGH_LOCKED_LAGGED_PBP,development
00-0034383,2020,TE,OL_ENVIRONMENT,1.0,1,1,HIGH_LOCKED_LAGGED_PBP,development
00-0034393,2020,TE,OL_ENVIRONMENT,1.0,1,1,HIGH_LOCKED_LAGGED_PBP,development
00-0034439,2020,TE,OL_ENVIRONMENT,1.0,1,1,HIGH_LOCKED_LAGGED_PBP,development
00-0034766,2020,TE,OL_ENVIRONMENT,1.0,1,1,HIGH_LOCKED_LAGGED_PBP,development
00-0034788,2020,TE,OL_ENVIRONMENT,1.0,1,1,HIGH_LOCKED_LAGGED_PBP,development
00-0034798,2020,TE,OL_ENVIRONMENT,1.0,1,1,HIGH_LOCKED_LAGGED_PBP,development
00-0034829,2020,TE,OL_ENVIRONMENT,1.0,1,1,HIGH_LOCKED_LAGGED_PBP,development
00-0034981,2020,TE,OL_ENVIRONMENT,1.0,1,1,HIGH_LOCKED_LAGGED_PBP,development
00-0034988,2020,TE,OL_ENVIRONMENT,1.0,1,1,HIGH_LOCKED_LAGGED_PBP,development
00-0035039,2020,TE,OL_ENVIRONMENT,1.0,1,1,HIGH_LOCKED_LAGGED_PBP,development
00-0035229,2020,TE,OL_ENVIRONMENT,1.0,1,1,HIGH_LOCKED_LAGGED_PBP,development
00-0035259,2020,TE,OL_ENVIRONMENT,1.0,1,1,HIGH_LOCKED_LAGGED_PBP,development
00-0035539,2020,TE,OL_ENVIRONMENT,1.0,1,1,HIGH_LOCKED_LAGGED_PBP,development
00-0035631,2020,TE,OL_ENVIRONMENT,1.0,1,1,HIGH_LOCKED_LAGGED_PBP,development
00-0035644,2020,TE,OL_ENVIRONMENT,1.0,1,1,HIGH_LOCKED_LAGGED_PBP,development
00-0023682,2021,QB,OL_ENVIRONMENT,1.0,1,1,HIGH_LOCKED_LAGGED_PBP,development
00-0026143,2021,QB,OL_ENVIRONMENT,1.0,1,1,HIGH_LOCKED_LAGGED_PBP,development
00-0026158,2021,QB,OL_ENVIRONMENT,1.0,1,1,HIGH_LOCKED_LAGGED_PBP,development
00-0026544,2021,QB,OL_ENVIRONMENT,1.0,1,1,HIGH_LOCKED_LAGGED_PBP,development
00-0026625,2021,QB,OL_ENVIRONMENT,1.0,1,1,HIGH_LOCKED_LAGGED_PBP,development
00-0027688,2021,QB,OL_ENVIRONMENT,1.0,1,1,HIGH_LOCKED_LAGGED_PBP,development
00-0027939,2021,QB,OL_ENVIRONMENT,1.0,1,1,HIGH_LOCKED_LAGGED_PBP,development
00-0027948,2021,QB,OL_ENVIRONMENT,1.0,1,1,HIGH_LOCKED_LAGGED_PBP,development
00-0027973,2021,QB,OL_ENVIRONMENT,1.0,1,1,HIGH_LOCKED_LAGGED_PBP,development
00-0028118,2021,QB,OL_ENVIRONMENT,1.0,1,1,HIGH_LOCKED_LAGGED_PBP,development
00-0028986,2021,QB,OL_ENVIRONMENT,1.0,1,1,HIGH_LOCKED_LAGGED_PBP,development
00-0029567,2021,QB,OL_ENVIRONMENT,1.0,1,1,HIGH_LOCKED_LAGGED_PBP,development
00-0029604,2021,QB,OL_ENVIRONMENT,1.0,1,1,HIGH_LOCKED_LAGGED_PBP,development
00-0030520,2021,QB,OL_ENVIRONMENT,1.0,1,1,HIGH_LOCKED_LAGGED_PBP,development
00-0030565,2021,QB,OL_ENVIRONMENT,1.0,1,1,HIGH_LOCKED_LAGGED_PBP,development
00-0031237,2021,QB,OL_ENVIRONMENT,1.0,1,1,HIGH_LOCKED_LAGGED_PBP,development
00-0031395,2021,QB,OL_ENVIRONMENT,1.0,1,1,HIGH_LOCKED_LAGGED_PBP,development
00-0032268,2021,QB,OL_ENVIRONMENT,1.0,1,1,HIGH_LOCKED_LAGGED_PBP,development
00-0032434,2021,QB,OL_ENVIRONMENT,1.0,1,1,HIGH_LOCKED_LAGGED_PBP,development
00-0032950,2021,QB,OL_ENVIRONMENT,1.0,1,1,HIGH_LOCKED_LAGGED_PBP,development
00-0033275,2021,QB,OL_ENVIRONMENT,1.0,1,1,HIGH_LOCKED_LAGGED_PBP,development
00-0033319,2021,QB,OL_ENVIRONMENT,1.0,1,1,HIGH_LOCKED_LAGGED_PBP,development
00-0033936,2021,QB,OL_ENVIRONMENT,1.0,1,1,HIGH_LOCKED_LAGGED_PBP,development
00-0033958,2021,QB,OL_ENVIRONMENT,1.0,1,1,HIGH_LOCKED_LAGGED_PBP,development
00-0034177,2021,QB,OL_ENVIRONMENT,1.0,1,1,HIGH_LOCKED_LAGGED_PBP,development
00-0034438,2021,QB,OL_ENVIRONMENT,1.0,1,1,HIGH_LOCKED_LAGGED_PBP,development
00-0034577,2021,QB,OL_ENVIRONMENT,1.0,1,1,HIGH_LOCKED_LAGGED_PBP,development
00-0034771,2021,QB,OL_ENVIRONMENT,1.0,1,1,HIGH_LOCKED_LAGGED_PBP,development
00-0034869,2021,QB,OL_ENVIRONMENT,1.0,1,1,HIGH_LOCKED_LAGGED_PBP,development
00-0034955,2021,QB,OL_ENVIRONMENT,1.0,1,1,HIGH_LOCKED_LAGGED_PBP,development
00-0035040,2021,QB,OL_ENVIRONMENT,1.0,1,1,HIGH_LOCKED_LAGGED_PBP,development
00-0035289,2021,QB,OL_ENVIRONMENT,1.0,1,1,HIGH_LOCKED_LAGGED_PBP,development
00-0035704,2021,QB,OL_ENVIRONMENT,1.0,1,1,HIGH_LOCKED_LAGGED_PBP,development
00-0035710,2021,QB,OL_ENVIRONMENT,1.0,1,1,HIGH_LOCKED_LAGGED_PBP,development
00-0035752,2021,QB,OL_ENVIRONMENT,1.0,1,1,HIGH_LOCKED_LAGGED_PBP,development
00-0036212,2021,QB,OL_ENVIRONMENT,1.0,1,1,HIGH_LOCKED_LAGGED_PBP,development
00-0036355,2021,QB,OL_ENVIRONMENT,1.0,1,1,HIGH_LOCKED_LAGGED_PBP,development
00-0025394,2021,RB,OL_ENVIRONMENT,1.0,1,1,HIGH_LOCKED_LAGGED_PBP,development
00-0027966,2021,RB,OL_ENVIRONMENT,1.0,1,1,HIGH_LOCKED_LAGGED_PBP,development
00-0030288,2021,RB,OL_ENVIRONMENT,1.0,1,1,HIGH_LOCKED_LAGGED_PBP,development
00-0030465,2021,RB,OL_ENVIRONMENT,1.0,1,1,HIGH_LOCKED_LAGGED_PBP,development
00-0031062,2021,RB,OL_ENVIRONMENT,1.0,1,1,HIGH_LOCKED_LAGGED_PBP,development
00-0031285,2021,RB,OL_ENVIRONMENT,1.0,1,1,HIGH_LOCKED_LAGGED_PBP,development
00-0031687,2021,RB,OL_ENVIRONMENT,1.0,1,1,HIGH_LOCKED_LAGGED_PBP,development
00-0032058,2021,RB,OL_ENVIRONMENT,1.0,1,1,HIGH_LOCKED_LAGGED_PBP,development
00-0032063,2021,RB,OL_ENVIRONMENT,1.0,1,1,HIGH_LOCKED_LAGGED_PBP,development
00-0032104,2021,RB,OL_ENVIRONMENT,1.0,1,1,HIGH_LOCKED_LAGGED_PBP,development
00-0032144,2021,RB,OL_ENVIRONMENT,1.0,1,1,HIGH_LOCKED_LAGGED_PBP,development
00-0032187,2021,RB,OL_ENVIRONMENT,1.0,1,1,HIGH_LOCKED_LAGGED_PBP,development
00-0032257,2021,RB,OL_ENVIRONMENT,1.0,1,1,HIGH_LOCKED_LAGGED_PBP,development
00-0032426,2021,RB,OL_ENVIRONMENT,1.0,1,1,HIGH_LOCKED_LAGGED_PBP,development
00-0032972,2021,RB,OL_ENVIRONMENT,1.0,1,1,HIGH_LOCKED_LAGGED_PBP,development
00-0032975,2021,RB,OL_ENVIRONMENT,1.0,1,1,HIGH_LOCKED_LAGGED_PBP,development
00-0033118,2021,RB,OL_ENVIRONMENT,1.0,1,1,HIGH_LOCKED_LAGGED_PBP,development
00-0033280,2021,RB,OL_ENVIRONMENT,1.0,1,1,HIGH_LOCKED_LAGGED_PBP,development
00-0033296,2021,RB,OL_ENVIRONMENT,1.0,1,1,HIGH_LOCKED_LAGGED_PBP,development
00-0033308,2021,RB,OL_ENVIRONMENT,1.0,1,1,HIGH_LOCKED_LAGGED_PBP,development
00-0033567,2021,RB,OL_ENVIRONMENT,1.0,1,1,HIGH_LOCKED_LAGGED_PBP,development
00-0033699,2021,RB,OL_ENVIRONMENT,1.0,1,1,HIGH_LOCKED_LAGGED_PBP,development
00-0033725,2021,RB,OL_ENVIRONMENT,1.0,1,1,HIGH_LOCKED_LAGGED_PBP,development
00-0033854,2021,RB,OL_ENVIRONMENT,1.0,1,1,HIGH_LOCKED_LAGGED_PBP,development
00-0033893,2021,RB,OL_ENVIRONMENT,1.0,1,1,HIGH_LOCKED_LAGGED_PBP,development
00-0033950,2021,RB,OL_ENVIRONMENT,1.0,1,1,HIGH_LOCKED_LAGGED_PBP,development
00-0033951,2021,RB,OL_ENVIRONMENT,1.0,1,1,HIGH_LOCKED_LAGGED_PBP,development
00-0034109,2021,RB,OL_ENVIRONMENT,1.0,1,1,HIGH_LOCKED_LAGGED_PBP,development
00-0034115,2021,RB,OL_ENVIRONMENT,1.0,1,1,HIGH_LOCKED_LAGGED_PBP,development
00-0034164,2021,RB,OL_ENVIRONMENT,1.0,1,1,HIGH_LOCKED_LAGGED_PBP,development
00-0034208,2021,RB,OL_ENVIRONMENT,1.0,1,1,HIGH_LOCKED_LAGGED_PBP,development
00-0034331,2021,RB,OL_ENVIRONMENT,1.0,1,1,HIGH_LOCKED_LAGGED_PBP,development
00-0034378,2021,RB,OL_ENVIRONMENT,1.0,1,1,HIGH_LOCKED_LAGGED_PBP,development
00-0034400,2021,RB,OL_ENVIRONMENT,1.0,1,1,HIGH_LOCKED_LAGGED_PBP,development
00-0034440,2021,RB,OL_ENVIRONMENT,1.0,1,1,HIGH_LOCKED_LAGGED_PBP,development
00-0034578,2021,RB,OL_ENVIRONMENT,1.0,1,1,HIGH_LOCKED_LAGGED_PBP,development
00-0034750,2021,RB,OL_ENVIRONMENT,1.0,1,1,HIGH_LOCKED_LAGGED_PBP,development
00-0034838,2021,RB,OL_ENVIRONMENT,1.0,1,1,HIGH_LOCKED_LAGGED_PBP,development
00-0034844,2021,RB,OL_ENVIRONMENT,1.0,1,1,HIGH_LOCKED_LAGGED_PBP,development
00-0034972,2021,RB,OL_ENVIRONMENT,1.0,1,1,HIGH_LOCKED_LAGGED_PBP,development
00-0035184,2021,RB,OL_ENVIRONMENT,1.0,1,1,HIGH_LOCKED_LAGGED_PBP,development
00-0035187,2021,RB,OL_ENVIRONMENT,1.0,1,1,HIGH_LOCKED_LAGGED_PBP,development
00-0035273,2021,RB,OL_ENVIRONMENT,1.0,1,1,HIGH_LOCKED_LAGGED_PBP,development
00-0035291,2021,RB,OL_ENVIRONMENT,1.0,1,1,HIGH_LOCKED_LAGGED_PBP,development
00-0035304,2021,RB,OL_ENVIRONMENT,1.0,1,1,HIGH_LOCKED_LAGGED_PBP,development
00-0035311,2021,RB,OL_ENVIRONMENT,1.0,1,1,HIGH_LOCKED_LAGGED_PBP,development
00-0035342,2021,RB,OL_ENVIRONMENT,1.0,1,1,HIGH_LOCKED_LAGGED_PBP,development
00-0035537,2021,RB,OL_ENVIRONMENT,1.0,1,1,HIGH_LOCKED_LAGGED_PBP,development
00-0035567,2021,RB,OL_ENVIRONMENT,1.0,1,1,HIGH_LOCKED_LAGGED_PBP,development
00-0035594,2021,RB,OL_ENVIRONMENT,1.0,1,1,HIGH_LOCKED_LAGGED_PBP,development
00-0035831,2021,RB,OL_ENVIRONMENT,1.0,1,1,HIGH_LOCKED_LAGGED_PBP,development
00-0035835,2021,RB,OL_ENVIRONMENT,0.0,0,0,HIGH_LOCKED_LAGGED_PBP,development
00-0035860,2021,RB,OL_ENVIRONMENT,1.0,1,1,HIGH_LOCKED_LAGGED_PBP,development
00-0035924,2021,RB,OL_ENVIRONMENT,1.0,1,1,HIGH_LOCKED_LAGGED_PBP,development
00-0035957,2021,RB,OL_ENVIRONMENT,1.0,1,1,HIGH_LOCKED_LAGGED_PBP,development
00-0036020,2021,RB,OL_ENVIRONMENT,1.0,1,1,HIGH_LOCKED_LAGGED_PBP,development
00-0036069,2021,RB,OL_ENVIRONMENT,1.0,1,1,HIGH_LOCKED_LAGGED_PBP,development
00-0036096,2021,RB,OL_ENVIRONMENT,1.0,1,1,HIGH_LOCKED_LAGGED_PBP,development
00-0036208,2021,RB,OL_ENVIRONMENT,1.0,1,1,HIGH_LOCKED_LAGGED_PBP,development
00-0036269,2021,RB,OL_ENVIRONMENT,1.0,1,1,HIGH_LOCKED_LAGGED_PBP,development
00-0036275,2021,RB,OL_ENVIRONMENT,1.0,1,1,HIGH_LOCKED_LAGGED_PBP,development
00-0036278,2021,RB,OL_ENVIRONMENT,1.0,1,1,HIGH_LOCKED_LAGGED_PBP,development
00-0036336,2021,RB,OL_ENVIRONMENT,1.0,1,1,HIGH_LOCKED_LAGGED_PBP,development
00-0036370,2021,RB,OL_ENVIRONMENT,1.0,1,1,HIGH_LOCKED_LAGGED_PBP,development
00-0036425,2021,RB,OL_ENVIRONMENT,1.0,1,1,HIGH_LOCKED_LAGGED_PBP,development
00-0026035,2021,WR,OL_ENVIRONMENT,1.0,1,1,HIGH_LOCKED_LAGGED_PBP,development
00-0028237,2021,WR,OL_ENVIRONMENT,1.0,1,1,HIGH_LOCKED_LAGGED_PBP,development
00-0029293,2021,WR,OL_ENVIRONMENT,1.0,1,1,HIGH_LOCKED_LAGGED_PBP,development
00-0029632,2021,WR,OL_ENVIRONMENT,1.0,1,1,HIGH_LOCKED_LAGGED_PBP,development
00-0030035,2021,WR,OL_ENVIRONMENT,1.0,1,1,HIGH_LOCKED_LAGGED_PBP,development
00-0030085,2021,WR,OL_ENVIRONMENT,1.0,1,1,HIGH_LOCKED_LAGGED_PBP,development
00-0030279,2021,WR,OL_ENVIRONMENT,1.0,1,1,HIGH_LOCKED_LAGGED_PBP,development
00-0030564,2021,WR,OL_ENVIRONMENT,1.0,1,1,HIGH_LOCKED_LAGGED_PBP,development
00-0031236,2021,WR,OL_ENVIRONMENT,1.0,1,1,HIGH_LOCKED_LAGGED_PBP,development
00-0031319,2021,WR,OL_ENVIRONMENT,1.0,1,1,HIGH_LOCKED_LAGGED_PBP,development
00-0031545,2021,WR,OL_ENVIRONMENT,0.0,0,0,HIGH_LOCKED_LAGGED_PBP,development
00-0031547,2021,WR,OL_ENVIRONMENT,1.0,1,1,HIGH_LOCKED_LAGGED_PBP,development
00-0031868,2021,WR,OL_ENVIRONMENT,1.0,1,1,HIGH_LOCKED_LAGGED_PBP,development
00-0031941,2021,WR,OL_ENVIRONMENT,1.0,1,1,HIGH_LOCKED_LAGGED_PBP,development
00-0032009,2021,WR,OL_ENVIRONMENT,1.0,1,1,HIGH_LOCKED_LAGGED_PBP,development
00-0032128,2021,WR,OL_ENVIRONMENT,1.0,1,1,HIGH_LOCKED_LAGGED_PBP,development
00-0032385,2021,WR,OL_ENVIRONMENT,1.0,1,1,HIGH_LOCKED_LAGGED_PBP,development
00-0032398,2021,WR,OL_ENVIRONMENT,0.0,0,0,HIGH_LOCKED_LAGGED_PBP,development
00-0032543,2021,WR,OL_ENVIRONMENT,1.0,1,1,HIGH_LOCKED_LAGGED_PBP,development
00-0032688,2021,WR,OL_ENVIRONMENT,1.0,1,1,HIGH_LOCKED_LAGGED_PBP,development
00-0032778,2021,WR,OL_ENVIRONMENT,1.0,1,1,HIGH_LOCKED_LAGGED_PBP,development
00-0032791,2021,WR,OL_ENVIRONMENT,1.0,1,1,HIGH_LOCKED_LAGGED_PBP,development
00-0032881,2021,WR,OL_ENVIRONMENT,1.0,1,1,HIGH_LOCKED_LAGGED_PBP,development
00-0032951,2021,WR,OL_ENVIRONMENT,1.0,1,1,HIGH_LOCKED_LAGGED_PBP,development
00-0032980,2021,WR,OL_ENVIRONMENT,1.0,1,1,HIGH_LOCKED_LAGGED_PBP,development
00-0033094,2021,WR,OL_ENVIRONMENT,1.0,1,1,HIGH_LOCKED_LAGGED_PBP,development
00-0033111,2021,WR,OL_ENVIRONMENT,1.0,1,1,HIGH_LOCKED_LAGGED_PBP,development
00-0033127,2021,WR,OL_ENVIRONMENT,1.0,1,1,HIGH_LOCKED_LAGGED_PBP,development
00-0033215,2021,WR,OL_ENVIRONMENT,1.0,1,1,HIGH_LOCKED_LAGGED_PBP,development
00-0033266,2021,WR,OL_ENVIRONMENT,1.0,1,1,HIGH_LOCKED_LAGGED_PBP,development
00-0033282,2021,WR,OL_ENVIRONMENT,1.0,1,1,HIGH_LOCKED_LAGGED_PBP,development
00-0033367,2021,WR,OL_ENVIRONMENT,1.0,1,1,HIGH_LOCKED_LAGGED_PBP,development
00-0033375,2021,WR,OL_ENVIRONMENT,1.0,1,1,HIGH_LOCKED_LAGGED_PBP,development
00-0033386,2021,WR,OL_ENVIRONMENT,1.0,1,1,HIGH_LOCKED_LAGGED_PBP,development
00-0033460,2021,WR,OL_ENVIRONMENT,1.0,1,1,HIGH_LOCKED_LAGGED_PBP,development
00-0033471,2021,WR,OL_ENVIRONMENT,1.0,1,1,HIGH_LOCKED_LAGGED_PBP,development
00-0033536,2021,WR,OL_ENVIRONMENT,1.0,1,1,HIGH_LOCKED_LAGGED_PBP,development
00-0033555,2021,WR,OL_ENVIRONMENT,1.0,1,1,HIGH_LOCKED_LAGGED_PBP,development
00-0033572,2021,WR,OL_ENVIRONMENT,1.0,1,1,HIGH_LOCKED_LAGGED_PBP,development
00-0033591,2021,WR,OL_ENVIRONMENT,1.0,1,1,HIGH_LOCKED_LAGGED_PBP,development
00-0033681,2021,WR,OL_ENVIRONMENT,1.0,1,1,HIGH_LOCKED_LAGGED_PBP,development
00-0033733,2021,WR,OL_ENVIRONMENT,1.0,1,1,HIGH_LOCKED_LAGGED_PBP,development
00-0033839,2021,WR,OL_ENVIRONMENT,1.0,1,1,HIGH_LOCKED_LAGGED_PBP,development
00-0033932,2021,WR,OL_ENVIRONMENT,1.0,1,1,HIGH_LOCKED_LAGGED_PBP,development
00-0034052,2021,WR,OL_ENVIRONMENT,1.0,1,1,HIGH_LOCKED_LAGGED_PBP,development
00-0034054,2021,WR,OL_ENVIRONMENT,1.0,1,1,HIGH_LOCKED_LAGGED_PBP,development
00-0034132,2021,WR,OL_ENVIRONMENT,1.0,1,1,HIGH_LOCKED_LAGGED_PBP,development
00-0034317,2021,WR,OL_ENVIRONMENT,1.0,1,1,HIGH_LOCKED_LAGGED_PBP,development
00-0034348,2021,WR,OL_ENVIRONMENT,1.0,1,1,HIGH_LOCKED_LAGGED_PBP,development
00-0034366,2021,WR,OL_ENVIRONMENT,1.0,1,1,HIGH_LOCKED_LAGGED_PBP,development
00-0034411,2021,WR,OL_ENVIRONMENT,1.0,1,1,HIGH_LOCKED_LAGGED_PBP,development
00-0034419,2021,WR,OL_ENVIRONMENT,1.0,1,1,HIGH_LOCKED_LAGGED_PBP,development
00-0034631,2021,WR,OL_ENVIRONMENT,1.0,1,1,HIGH_LOCKED_LAGGED_PBP,development
00-0034686,2021,WR,OL_ENVIRONMENT,1.0,1,1,HIGH_LOCKED_LAGGED_PBP,development
00-0034764,2021,WR,OL_ENVIRONMENT,1.0,1,1,HIGH_LOCKED_LAGGED_PBP,development
00-0034777,2021,WR,OL_ENVIRONMENT,1.0,1,1,HIGH_LOCKED_LAGGED_PBP,development
00-0034827,2021,WR,OL_ENVIRONMENT,1.0,1,1,HIGH_LOCKED_LAGGED_PBP,development
00-0034837,2021,WR,OL_ENVIRONMENT,1.0,1,1,HIGH_LOCKED_LAGGED_PBP,development
00-0034854,2021,WR,OL_ENVIRONMENT,1.0,1,1,HIGH_LOCKED_LAGGED_PBP,development
00-0034860,2021,WR,OL_ENVIRONMENT,1.0,1,1,HIGH_LOCKED_LAGGED_PBP,development
00-0035021,2021,WR,OL_ENVIRONMENT,1.0,1,1,HIGH_LOCKED_LAGGED_PBP,development
00-0035022,2021,WR,OL_ENVIRONMENT,1.0,1,1,HIGH_LOCKED_LAGGED_PBP,development
00-0035208,2021,WR,OL_ENVIRONMENT,1.0,1,1,HIGH_LOCKED_LAGGED_PBP,development
00-0035246,2021,WR,OL_ENVIRONMENT,1.0,1,1,HIGH_LOCKED_LAGGED_PBP,development
00-0035341,2021,WR,OL_ENVIRONMENT,1.0,1,1,HIGH_LOCKED_LAGGED_PBP,development
00-0035350,2021,WR,OL_ENVIRONMENT,1.0,1,1,HIGH_LOCKED_LAGGED_PBP,development
00-0035399,2021,WR,OL_ENVIRONMENT,0.0,0,0,HIGH_LOCKED_LAGGED_PBP,development
00-0035414,2021,WR,OL_ENVIRONMENT,1.0,1,1,HIGH_LOCKED_LAGGED_PBP,development
00-0035510,2021,WR,OL_ENVIRONMENT,1.0,1,1,HIGH_LOCKED_LAGGED_PBP,development
00-0035527,2021,WR,OL_ENVIRONMENT,1.0,1,1,HIGH_LOCKED_LAGGED_PBP,development
00-0035535,2021,WR,OL_ENVIRONMENT,1.0,1,1,HIGH_LOCKED_LAGGED_PBP,development
00-0035639,2021,WR,OL_ENVIRONMENT,1.0,1,1,HIGH_LOCKED_LAGGED_PBP,development
00-0035838,2021,WR,OL_ENVIRONMENT,0.0,0,0,HIGH_LOCKED_LAGGED_PBP,development
00-0035864,2021,WR,OL_ENVIRONMENT,1.0,1,1,HIGH_LOCKED_LAGGED_PBP,development
00-0035976,2021,WR,OL_ENVIRONMENT,0.0,0,0,HIGH_LOCKED_LAGGED_PBP,development
00-0036110,2021,WR,OL_ENVIRONMENT,1.0,1,1,HIGH_LOCKED_LAGGED_PBP,development
00-0036133,2021,WR,OL_ENVIRONMENT,1.0,1,1,HIGH_LOCKED_LAGGED_PBP,development
00-0036254,2021,WR,OL_ENVIRONMENT,1.0,1,1,HIGH_LOCKED_LAGGED_PBP,development
00-0036255,2021,WR,OL_ENVIRONMENT,1.0,1,1,HIGH_LOCKED_LAGGED_PBP,development
00-0036268,2021,WR,OL_ENVIRONMENT,1.0,1,1,HIGH_LOCKED_LAGGED_PBP,development
00-0036277,2021,WR,OL_ENVIRONMENT,1.0,1,1,HIGH_LOCKED_LAGGED_PBP,development
00-0036309,2021,WR,OL_ENVIRONMENT,1.0,1,1,HIGH_LOCKED_LAGGED_PBP,development
00-0036322,2021,WR,OL_ENVIRONMENT,1.0,1,1,HIGH_LOCKED_LAGGED_PBP,development
00-0036340,2021,WR,OL_ENVIRONMENT,1.0,1,1,HIGH_LOCKED_LAGGED_PBP,development
00-0036345,2021,WR,OL_ENVIRONMENT,0.0,0,0,HIGH_LOCKED_LAGGED_PBP,development
00-0036357,2021,WR,OL_ENVIRONMENT,1.0,1,1,HIGH_LOCKED_LAGGED_PBP,development
00-0036382,2021,WR,OL_ENVIRONMENT,1.0,1,1,HIGH_LOCKED_LAGGED_PBP,development
00-0036398,2021,WR,OL_ENVIRONMENT,1.0,1,1,HIGH_LOCKED_LAGGED_PBP,development
00-0036407,2021,WR,OL_ENVIRONMENT,1.0,1,1,HIGH_LOCKED_LAGGED_PBP,development
00-0036412,2021,WR,OL_ENVIRONMENT,1.0,1,1,HIGH_LOCKED_LAGGED_PBP,development
00-0036439,2021,WR,OL_ENVIRONMENT,1.0,1,1,HIGH_LOCKED_LAGGED_PBP,development
00-0027981,2021,TE,OL_ENVIRONMENT,1.0,1,1,HIGH_LOCKED_LAGGED_PBP,development
00-0028042,2021,TE,OL_ENVIRONMENT,1.0,1,1,HIGH_LOCKED_LAGGED_PBP,development
00-0028097,2021,TE,OL_ENVIRONMENT,1.0,1,1,HIGH_LOCKED_LAGGED_PBP,development
00-0029119,2021,TE,OL_ENVIRONMENT,1.0,1,1,HIGH_LOCKED_LAGGED_PBP,development
00-0029738,2021,TE,OL_ENVIRONMENT,1.0,1,1,HIGH_LOCKED_LAGGED_PBP,development
00-0030108,2021,TE,OL_ENVIRONMENT,1.0,1,1,HIGH_LOCKED_LAGGED_PBP,development
00-0031384,2021,TE,OL_ENVIRONMENT,1.0,1,1,HIGH_LOCKED_LAGGED_PBP,development
00-0031484,2021,TE,OL_ENVIRONMENT,1.0,1,1,HIGH_LOCKED_LAGGED_PBP,development
00-0031558,2021,TE,OL_ENVIRONMENT,1.0,1,1,HIGH_LOCKED_LAGGED_PBP,development
00-0031585,2021,TE,OL_ENVIRONMENT,1.0,1,1,HIGH_LOCKED_LAGGED_PBP,development
00-0031598,2021,TE,OL_ENVIRONMENT,1.0,1,1,HIGH_LOCKED_LAGGED_PBP,development
00-0031690,2021,TE,OL_ENVIRONMENT,1.0,1,1,HIGH_LOCKED_LAGGED_PBP,development
00-0031951,2021,TE,OL_ENVIRONMENT,1.0,1,1,HIGH_LOCKED_LAGGED_PBP,development
00-0032098,2021,TE,OL_ENVIRONMENT,1.0,1,1,HIGH_LOCKED_LAGGED_PBP,development
00-0032135,2021,TE,OL_ENVIRONMENT,1.0,1,1,HIGH_LOCKED_LAGGED_PBP,development
00-0032214,2021,TE,OL_ENVIRONMENT,1.0,1,1,HIGH_LOCKED_LAGGED_PBP,development
00-0032394,2021,TE,OL_ENVIRONMENT,1.0,1,1,HIGH_LOCKED_LAGGED_PBP,development
00-0032725,2021,TE,OL_ENVIRONMENT,1.0,1,1,HIGH_LOCKED_LAGGED_PBP,development
00-0032986,2021,TE,OL_ENVIRONMENT,1.0,1,1,HIGH_LOCKED_LAGGED_PBP,development
00-0033338,2021,TE,OL_ENVIRONMENT,1.0,1,1,HIGH_LOCKED_LAGGED_PBP,development
00-0033421,2021,TE,OL_ENVIRONMENT,1.0,1,1,HIGH_LOCKED_LAGGED_PBP,development
00-0033439,2021,TE,OL_ENVIRONMENT,1.0,1,1,HIGH_LOCKED_LAGGED_PBP,development
00-0033576,2021,TE,OL_ENVIRONMENT,1.0,1,1,HIGH_LOCKED_LAGGED_PBP,development
00-0033720,2021,TE,OL_ENVIRONMENT,1.0,1,1,HIGH_LOCKED_LAGGED_PBP,development
00-0033881,2021,TE,OL_ENVIRONMENT,1.0,1,1,HIGH_LOCKED_LAGGED_PBP,development
00-0033896,2021,TE,OL_ENVIRONMENT,1.0,1,1,HIGH_LOCKED_LAGGED_PBP,development
00-0034011,2021,TE,OL_ENVIRONMENT,1.0,1,1,HIGH_LOCKED_LAGGED_PBP,development
00-0034073,2021,TE,OL_ENVIRONMENT,1.0,1,1,HIGH_LOCKED_LAGGED_PBP,development
00-0034193,2021,TE,OL_ENVIRONMENT,1.0,1,1,HIGH_LOCKED_LAGGED_PBP,development
00-0034270,2021,TE,OL_ENVIRONMENT,1.0,1,1,HIGH_LOCKED_LAGGED_PBP,development
00-0034319,2021,TE,OL_ENVIRONMENT,1.0,1,1,HIGH_LOCKED_LAGGED_PBP,development
00-0034364,2021,TE,OL_ENVIRONMENT,1.0,1,1,HIGH_LOCKED_LAGGED_PBP,development
00-0034365,2021,TE,OL_ENVIRONMENT,1.0,1,1,HIGH_LOCKED_LAGGED_PBP,development
00-0034766,2021,TE,OL_ENVIRONMENT,1.0,1,1,HIGH_LOCKED_LAGGED_PBP,development
00-0034798,2021,TE,OL_ENVIRONMENT,1.0,1,1,HIGH_LOCKED_LAGGED_PBP,development
00-0034829,2021,TE,OL_ENVIRONMENT,1.0,1,1,HIGH_LOCKED_LAGGED_PBP,development
00-0034830,2021,TE,OL_ENVIRONMENT,1.0,1,1,HIGH_LOCKED_LAGGED_PBP,development
00-0034988,2021,TE,OL_ENVIRONMENT,1.0,1,1,HIGH_LOCKED_LAGGED_PBP,development
00-0035229,2021,TE,OL_ENVIRONMENT,1.0,1,1,HIGH_LOCKED_LAGGED_PBP,development
00-0035259,2021,TE,OL_ENVIRONMENT,1.0,1,1,HIGH_LOCKED_LAGGED_PBP,development
00-0035329,2021,TE,OL_ENVIRONMENT,1.0,1,1,HIGH_LOCKED_LAGGED_PBP,development
00-0035624,2021,TE,OL_ENVIRONMENT,1.0,1,1,HIGH_LOCKED_LAGGED_PBP,development
00-0035644,2021,TE,OL_ENVIRONMENT,1.0,1,1,HIGH_LOCKED_LAGGED_PBP,development
00-0035823,2021,TE,OL_ENVIRONMENT,1.0,1,1,HIGH_LOCKED_LAGGED_PBP,development
00-0036005,2021,TE,OL_ENVIRONMENT,1.0,1,1,HIGH_LOCKED_LAGGED_PBP,development
00-0036032,2021,TE,OL_ENVIRONMENT,0.0,0,0,HIGH_LOCKED_LAGGED_PBP,development
00-0036040,2021,TE,OL_ENVIRONMENT,1.0,1,1,HIGH_LOCKED_LAGGED_PBP,development
00-0036244,2021,TE,OL_ENVIRONMENT,1.0,1,1,HIGH_LOCKED_LAGGED_PBP,development
00-0036250,2021,TE,OL_ENVIRONMENT,1.0,1,1,HIGH_LOCKED_LAGGED_PBP,development
00-0036423,2021,TE,OL_ENVIRONMENT,1.0,1,1,HIGH_LOCKED_LAGGED_PBP,development
00-0036438,2021,TE,OL_ENVIRONMENT,0.0,0,0,HIGH_LOCKED_LAGGED_PBP,development
00-0021206,2018,QB,AGE_DRAFT_INTERACTIONS,1.0,1,1,HIGH_LOCKED_LAGGED_PBP,development
00-0022803,2018,QB,AGE_DRAFT_INTERACTIONS,1.0,1,1,HIGH_LOCKED_LAGGED_PBP,development
00-0023459,2018,QB,AGE_DRAFT_INTERACTIONS,1.0,1,1,HIGH_LOCKED_LAGGED_PBP,development
00-0023662,2018,QB,AGE_DRAFT_INTERACTIONS,1.0,1,1,HIGH_LOCKED_LAGGED_PBP,development
00-0023682,2018,QB,AGE_DRAFT_INTERACTIONS,1.0,1,1,HIGH_LOCKED_LAGGED_PBP,development
00-0026158,2018,QB,AGE_DRAFT_INTERACTIONS,1.0,1,1,HIGH_LOCKED_LAGGED_PBP,development
00-0026197,2018,QB,AGE_DRAFT_INTERACTIONS,1.0,1,1,HIGH_LOCKED_LAGGED_PBP,development
00-0026498,2018,QB,AGE_DRAFT_INTERACTIONS,1.0,1,1,HIGH_LOCKED_LAGGED_PBP,development
00-0026544,2018,QB,AGE_DRAFT_INTERACTIONS,1.0,1,0,HIGH_LOCKED_LAGGED_PBP,development
00-0027796,2018,QB,AGE_DRAFT_INTERACTIONS,1.0,1,1,HIGH_LOCKED_LAGGED_PBP,development
00-0027854,2018,QB,AGE_DRAFT_INTERACTIONS,1.0,1,1,HIGH_LOCKED_LAGGED_PBP,development
00-0027948,2018,QB,AGE_DRAFT_INTERACTIONS,1.0,1,1,HIGH_LOCKED_LAGGED_PBP,development
00-0027973,2018,QB,AGE_DRAFT_INTERACTIONS,1.0,1,1,HIGH_LOCKED_LAGGED_PBP,development
00-0029604,2018,QB,AGE_DRAFT_INTERACTIONS,1.0,1,1,HIGH_LOCKED_LAGGED_PBP,development
00-0029682,2018,QB,AGE_DRAFT_INTERACTIONS,1.0,1,1,HIGH_LOCKED_LAGGED_PBP,development
00-0030520,2018,QB,AGE_DRAFT_INTERACTIONS,1.0,1,1,HIGH_LOCKED_LAGGED_PBP,development
00-0030565,2018,QB,AGE_DRAFT_INTERACTIONS,1.0,1,1,HIGH_LOCKED_LAGGED_PBP,development
00-0031237,2018,QB,AGE_DRAFT_INTERACTIONS,1.0,1,1,HIGH_LOCKED_LAGGED_PBP,development
00-0031280,2018,QB,AGE_DRAFT_INTERACTIONS,1.0,1,1,HIGH_LOCKED_LAGGED_PBP,development
00-0031288,2018,QB,AGE_DRAFT_INTERACTIONS,1.0,1,1,HIGH_LOCKED_LAGGED_PBP,development
00-0031345,2018,QB,AGE_DRAFT_INTERACTIONS,1.0,1,1,HIGH_LOCKED_LAGGED_PBP,development
00-0031503,2018,QB,AGE_DRAFT_INTERACTIONS,1.0,1,1,HIGH_LOCKED_LAGGED_PBP,development
00-0031800,2018,QB,AGE_DRAFT_INTERACTIONS,1.0,1,1,HIGH_LOCKED_LAGGED_PBP,development
00-0032245,2018,QB,AGE_DRAFT_INTERACTIONS,1.0,1,1,HIGH_LOCKED_LAGGED_PBP,development
00-0032950,2018,QB,AGE_DRAFT_INTERACTIONS,1.0,1,1,HIGH_LOCKED_LAGGED_PBP,development
00-0033104,2018,QB,AGE_DRAFT_INTERACTIONS,1.0,1,1,HIGH_LOCKED_LAGGED_PBP,development
00-0033119,2018,QB,AGE_DRAFT_INTERACTIONS,1.0,1,1,HIGH_LOCKED_LAGGED_PBP,development
00-0033899,2018,QB,AGE_DRAFT_INTERACTIONS,1.0,1,1,HIGH_LOCKED_LAGGED_PBP,development
00-0033936,2018,QB,AGE_DRAFT_INTERACTIONS,1.0,1,1,HIGH_LOCKED_LAGGED_PBP,development
00-0023500,2018,RB,AGE_DRAFT_INTERACTIONS,1.0,1,1,HIGH_LOCKED_LAGGED_PBP,development
00-0025394,2018,RB,AGE_DRAFT_INTERACTIONS,1.0,1,1,HIGH_LOCKED_LAGGED_PBP,development
00-0025399,2018,RB,AGE_DRAFT_INTERACTIONS,1.0,1,1,HIGH_LOCKED_LAGGED_PBP,development
00-0026213,2018,RB,AGE_DRAFT_INTERACTIONS,1.0,1,1,HIGH_LOCKED_LAGGED_PBP,development
00-0028011,2018,RB,AGE_DRAFT_INTERACTIONS,1.0,1,1,HIGH_LOCKED_LAGGED_PBP,development
00-0028063,2018,RB,AGE_DRAFT_INTERACTIONS,1.0,1,1,HIGH_LOCKED_LAGGED_PBP,development
00-0028064,2018,RB,AGE_DRAFT_INTERACTIONS,1.0,1,1,HIGH_LOCKED_LAGGED_PBP,development
00-0028083,2018,RB,AGE_DRAFT_INTERACTIONS,1.0,1,1,HIGH_LOCKED_LAGGED_PBP,development
00-0029141,2018,RB,AGE_DRAFT_INTERACTIONS,1.0,1,1,HIGH_LOCKED_LAGGED_PBP,development
00-0029205,2018,RB,AGE_DRAFT_INTERACTIONS,1.0,1,1,HIGH_LOCKED_LAGGED_PBP,development
00-0029273,2018,RB,AGE_DRAFT_INTERACTIONS,1.0,1,1,HIGH_LOCKED_LAGGED_PBP,development
00-0029492,2018,RB,AGE_DRAFT_INTERACTIONS,1.0,1,1,HIGH_LOCKED_LAGGED_PBP,development
00-0029613,2018,RB,AGE_DRAFT_INTERACTIONS,1.0,1,1,HIGH_LOCKED_LAGGED_PBP,development
00-0030107,2018,RB,AGE_DRAFT_INTERACTIONS,1.0,1,1,HIGH_LOCKED_LAGGED_PBP,development
00-0030404,2018,RB,AGE_DRAFT_INTERACTIONS,1.0,1,1,HIGH_LOCKED_LAGGED_PBP,development
00-0030433,2018,RB,AGE_DRAFT_INTERACTIONS,1.0,1,1,HIGH_LOCKED_LAGGED_PBP,development
00-0030456,2018,RB,AGE_DRAFT_INTERACTIONS,1.0,1,1,HIGH_LOCKED_LAGGED_PBP,development
00-0030656,2018,RB,AGE_DRAFT_INTERACTIONS,1.0,1,1,HIGH_LOCKED_LAGGED_PBP,development
00-0031045,2018,RB,AGE_DRAFT_INTERACTIONS,1.0,1,1,HIGH_LOCKED_LAGGED_PBP,development
00-0031102,2018,RB,AGE_DRAFT_INTERACTIONS,1.0,1,1,HIGH_LOCKED_LAGGED_PBP,development
00-0031209,2018,RB,AGE_DRAFT_INTERACTIONS,1.0,1,1,HIGH_LOCKED_LAGGED_PBP,development
00-0031301,2018,RB,AGE_DRAFT_INTERACTIONS,1.0,1,1,HIGH_LOCKED_LAGGED_PBP,development
00-0031577,2018,RB,AGE_DRAFT_INTERACTIONS,1.0,1,1,HIGH_LOCKED_LAGGED_PBP,development
00-0031599,2018,RB,AGE_DRAFT_INTERACTIONS,1.0,1,1,HIGH_LOCKED_LAGGED_PBP,development
00-0031665,2018,RB,AGE_DRAFT_INTERACTIONS,1.0,1,1,HIGH_LOCKED_LAGGED_PBP,development
00-0031687,2018,RB,AGE_DRAFT_INTERACTIONS,1.0,1,1,HIGH_LOCKED_LAGGED_PBP,development
00-0031959,2018,RB,AGE_DRAFT_INTERACTIONS,1.0,1,1,HIGH_LOCKED_LAGGED_PBP,development
00-0032104,2018,RB,AGE_DRAFT_INTERACTIONS,1.0,1,1,HIGH_LOCKED_LAGGED_PBP,development
00-0032187,2018,RB,AGE_DRAFT_INTERACTIONS,1.0,1,1,HIGH_LOCKED_LAGGED_PBP,development
00-0032257,2018,RB,AGE_DRAFT_INTERACTIONS,1.0,1,1,HIGH_LOCKED_LAGGED_PBP,development
00-0032371,2018,RB,AGE_DRAFT_INTERACTIONS,1.0,1,1,HIGH_LOCKED_LAGGED_PBP,development
00-0032393,2018,RB,AGE_DRAFT_INTERACTIONS,1.0,1,1,HIGH_LOCKED_LAGGED_PBP,development
00-0032404,2018,RB,AGE_DRAFT_INTERACTIONS,1.0,1,1,HIGH_LOCKED_LAGGED_PBP,development
00-0032426,2018,RB,AGE_DRAFT_INTERACTIONS,1.0,1,1,HIGH_LOCKED_LAGGED_PBP,development
00-0032450,2018,RB,AGE_DRAFT_INTERACTIONS,1.0,1,1,HIGH_LOCKED_LAGGED_PBP,development
00-0032741,2018,RB,AGE_DRAFT_INTERACTIONS,1.0,1,1,HIGH_LOCKED_LAGGED_PBP,development
00-0032794,2018,RB,AGE_DRAFT_INTERACTIONS,1.0,1,1,HIGH_LOCKED_LAGGED_PBP,development
00-0032940,2018,RB,AGE_DRAFT_INTERACTIONS,1.0,1,1,HIGH_LOCKED_LAGGED_PBP,development
00-0032964,2018,RB,AGE_DRAFT_INTERACTIONS,1.0,1,1,HIGH_LOCKED_LAGGED_PBP,development
00-0032972,2018,RB,AGE_DRAFT_INTERACTIONS,1.0,1,1,HIGH_LOCKED_LAGGED_PBP,development
00-0033025,2018,RB,AGE_DRAFT_INTERACTIONS,1.0,1,1,HIGH_LOCKED_LAGGED_PBP,development
00-0033118,2018,RB,AGE_DRAFT_INTERACTIONS,1.0,1,1,HIGH_LOCKED_LAGGED_PBP,development
00-0033293,2018,RB,AGE_DRAFT_INTERACTIONS,1.0,1,1,HIGH_LOCKED_LAGGED_PBP,development
00-0033295,2018,RB,AGE_DRAFT_INTERACTIONS,1.0,1,1,HIGH_LOCKED_LAGGED_PBP,development
00-0033296,2018,RB,AGE_DRAFT_INTERACTIONS,1.0,1,0,HIGH_LOCKED_LAGGED_PBP,development
00-0033308,2018,RB,AGE_DRAFT_INTERACTIONS,1.0,1,1,HIGH_LOCKED_LAGGED_PBP,development
00-0033376,2018,RB,AGE_DRAFT_INTERACTIONS,1.0,1,1,HIGH_LOCKED_LAGGED_PBP,development
00-0033526,2018,RB,AGE_DRAFT_INTERACTIONS,1.0,1,1,HIGH_LOCKED_LAGGED_PBP,development
00-0033553,2018,RB,AGE_DRAFT_INTERACTIONS,1.0,1,1,HIGH_LOCKED_LAGGED_PBP,development
00-0033567,2018,RB,AGE_DRAFT_INTERACTIONS,1.0,1,1,HIGH_LOCKED_LAGGED_PBP,development
00-0033581,2018,RB,AGE_DRAFT_INTERACTIONS,1.0,1,1,HIGH_LOCKED_LAGGED_PBP,development
00-0033596,2018,RB,AGE_DRAFT_INTERACTIONS,1.0,1,1,HIGH_LOCKED_LAGGED_PBP,development
00-0033760,2018,RB,AGE_DRAFT_INTERACTIONS,1.0,1,1,HIGH_LOCKED_LAGGED_PBP,development
00-0033893,2018,RB,AGE_DRAFT_INTERACTIONS,1.0,1,1,HIGH_LOCKED_LAGGED_PBP,development
00-0033897,2018,RB,AGE_DRAFT_INTERACTIONS,1.0,1,1,HIGH_LOCKED_LAGGED_PBP,development
00-0033948,2018,RB,AGE_DRAFT_INTERACTIONS,1.0,1,1,HIGH_LOCKED_LAGGED_PBP,development
00-0033950,2018,RB,AGE_DRAFT_INTERACTIONS,1.0,1,1,HIGH_LOCKED_LAGGED_PBP,development
00-0033955,2018,RB,AGE_DRAFT_INTERACTIONS,1.0,1,0,HIGH_LOCKED_LAGGED_PBP,development
00-0022921,2018,WR,AGE_DRAFT_INTERACTIONS,1.0,1,1,HIGH_LOCKED_LAGGED_PBP,development
00-0024334,2018,WR,AGE_DRAFT_INTERACTIONS,1.0,1,1,HIGH_LOCKED_LAGGED_PBP,development
00-0026176,2018,WR,AGE_DRAFT_INTERACTIONS,1.0,1,1,HIGH_LOCKED_LAGGED_PBP,development
00-0026189,2018,WR,AGE_DRAFT_INTERACTIONS,1.0,1,1,HIGH_LOCKED_LAGGED_PBP,development
00-0026345,2018,WR,AGE_DRAFT_INTERACTIONS,1.0,1,1,HIGH_LOCKED_LAGGED_PBP,development
00-0026901,2018,WR,AGE_DRAFT_INTERACTIONS,1.0,1,1,HIGH_LOCKED_LAGGED_PBP,development
00-0027681,2018,WR,AGE_DRAFT_INTERACTIONS,1.0,1,1,HIGH_LOCKED_LAGGED_PBP,development
00-0027685,2018,WR,AGE_DRAFT_INTERACTIONS,1.0,1,1,HIGH_LOCKED_LAGGED_PBP,development
00-0027874,2018,WR,AGE_DRAFT_INTERACTIONS,1.0,1,1,HIGH_LOCKED_LAGGED_PBP,development
00-0027942,2018,WR,AGE_DRAFT_INTERACTIONS,1.0,1,1,HIGH_LOCKED_LAGGED_PBP,development
00-0028002,2018,WR,AGE_DRAFT_INTERACTIONS,1.0,1,1,HIGH_LOCKED_LAGGED_PBP,development
00-0028091,2018,WR,AGE_DRAFT_INTERACTIONS,1.0,1,1,HIGH_LOCKED_LAGGED_PBP,development
00-0028114,2018,WR,AGE_DRAFT_INTERACTIONS,1.0,1,0,HIGH_LOCKED_LAGGED_PBP,development
00-0028116,2018,WR,AGE_DRAFT_INTERACTIONS,1.0,1,1,HIGH_LOCKED_LAGGED_PBP,development
00-0028263,2018,WR,AGE_DRAFT_INTERACTIONS,1.0,1,1,HIGH_LOCKED_LAGGED_PBP,development
00-0028497,2018,WR,AGE_DRAFT_INTERACTIONS,1.0,1,1,HIGH_LOCKED_LAGGED_PBP,development
00-0028825,2018,WR,AGE_DRAFT_INTERACTIONS,1.0,1,1,HIGH_LOCKED_LAGGED_PBP,development
00-0029159,2018,WR,AGE_DRAFT_INTERACTIONS,1.0,1,1,HIGH_LOCKED_LAGGED_PBP,development
00-0029293,2018,WR,AGE_DRAFT_INTERACTIONS,1.0,1,1,HIGH_LOCKED_LAGGED_PBP,development
00-0029640,2018,WR,AGE_DRAFT_INTERACTIONS,1.0,1,1,HIGH_LOCKED_LAGGED_PBP,development
00-0029664,2018,WR,AGE_DRAFT_INTERACTIONS,1.0,1,1,HIGH_LOCKED_LAGGED_PBP,development
00-0030068,2018,WR,AGE_DRAFT_INTERACTIONS,1.0,1,1,HIGH_LOCKED_LAGGED_PBP,development
00-0030085,2018,WR,AGE_DRAFT_INTERACTIONS,1.0,1,1,HIGH_LOCKED_LAGGED_PBP,development
00-0030300,2018,WR,AGE_DRAFT_INTERACTIONS,1.0,1,1,HIGH_LOCKED_LAGGED_PBP,development
00-0030516,2018,WR,AGE_DRAFT_INTERACTIONS,1.0,1,1,HIGH_LOCKED_LAGGED_PBP,development
00-0030521,2018,WR,AGE_DRAFT_INTERACTIONS,1.0,1,1,HIGH_LOCKED_LAGGED_PBP,development
00-0030542,2018,WR,AGE_DRAFT_INTERACTIONS,1.0,1,1,HIGH_LOCKED_LAGGED_PBP,development
00-0030670,2018,WR,AGE_DRAFT_INTERACTIONS,1.0,1,1,HIGH_LOCKED_LAGGED_PBP,development
00-0030737,2018,WR,AGE_DRAFT_INTERACTIONS,1.0,1,1,HIGH_LOCKED_LAGGED_PBP,development
00-0031060,2018,WR,AGE_DRAFT_INTERACTIONS,1.0,1,1,HIGH_LOCKED_LAGGED_PBP,development
00-0031068,2018,WR,AGE_DRAFT_INTERACTIONS,1.0,1,1,HIGH_LOCKED_LAGGED_PBP,development
00-0031166,2018,WR,AGE_DRAFT_INTERACTIONS,1.0,1,1,HIGH_LOCKED_LAGGED_PBP,development
00-0031189,2018,WR,AGE_DRAFT_INTERACTIONS,1.0,1,1,HIGH_LOCKED_LAGGED_PBP,development
00-0031235,2018,WR,AGE_DRAFT_INTERACTIONS,1.0,1,1,HIGH_LOCKED_LAGGED_PBP,development
00-0031257,2018,WR,AGE_DRAFT_INTERACTIONS,1.0,1,1,HIGH_LOCKED_LAGGED_PBP,development
00-0031326,2018,WR,AGE_DRAFT_INTERACTIONS,1.0,1,1,HIGH_LOCKED_LAGGED_PBP,development
00-0031339,2018,WR,AGE_DRAFT_INTERACTIONS,1.0,1,1,HIGH_LOCKED_LAGGED_PBP,development
00-0031344,2018,WR,AGE_DRAFT_INTERACTIONS,1.0,1,1,HIGH_LOCKED_LAGGED_PBP,development
00-0031381,2018,WR,AGE_DRAFT_INTERACTIONS,1.0,1,1,HIGH_LOCKED_LAGGED_PBP,development
00-0031382,2018,WR,AGE_DRAFT_INTERACTIONS,1.0,1,1,HIGH_LOCKED_LAGGED_PBP,development
00-0031408,2018,WR,AGE_DRAFT_INTERACTIONS,1.0,1,1,HIGH_LOCKED_LAGGED_PBP,development
00-0031545,2018,WR,AGE_DRAFT_INTERACTIONS,1.0,1,1,HIGH_LOCKED_LAGGED_PBP,development
00-0031547,2018,WR,AGE_DRAFT_INTERACTIONS,1.0,1,1,HIGH_LOCKED_LAGGED_PBP,development
00-0031868,2018,WR,AGE_DRAFT_INTERACTIONS,1.0,1,1,HIGH_LOCKED_LAGGED_PBP,development
00-0031941,2018,WR,AGE_DRAFT_INTERACTIONS,1.0,1,1,HIGH_LOCKED_LAGGED_PBP,development
00-0032009,2018,WR,AGE_DRAFT_INTERACTIONS,1.0,1,1,HIGH_LOCKED_LAGGED_PBP,development
00-0032054,2018,WR,AGE_DRAFT_INTERACTIONS,1.0,1,1,HIGH_LOCKED_LAGGED_PBP,development
00-0032112,2018,WR,AGE_DRAFT_INTERACTIONS,1.0,1,1,HIGH_LOCKED_LAGGED_PBP,development
00-0032166,2018,WR,AGE_DRAFT_INTERACTIONS,1.0,1,1,HIGH_LOCKED_LAGGED_PBP,development
00-0032362,2018,WR,AGE_DRAFT_INTERACTIONS,1.0,1,1,HIGH_LOCKED_LAGGED_PBP,development
00-0032385,2018,WR,AGE_DRAFT_INTERACTIONS,1.0,1,1,HIGH_LOCKED_LAGGED_PBP,development
00-0032423,2018,WR,AGE_DRAFT_INTERACTIONS,1.0,1,1,HIGH_LOCKED_LAGGED_PBP,development
00-0032475,2018,WR,AGE_DRAFT_INTERACTIONS,1.0,1,1,HIGH_LOCKED_LAGGED_PBP,development
00-0032543,2018,WR,AGE_DRAFT_INTERACTIONS,1.0,1,1,HIGH_LOCKED_LAGGED_PBP,development
00-0032626,2018,WR,AGE_DRAFT_INTERACTIONS,1.0,1,1,HIGH_LOCKED_LAGGED_PBP,development
00-0032688,2018,WR,AGE_DRAFT_INTERACTIONS,1.0,1,1,HIGH_LOCKED_LAGGED_PBP,development
00-0032707,2018,WR,AGE_DRAFT_INTERACTIONS,1.0,1,0,HIGH_LOCKED_LAGGED_PBP,development
00-0032760,2018,WR,AGE_DRAFT_INTERACTIONS,1.0,1,1,HIGH_LOCKED_LAGGED_PBP,development
00-0032791,2018,WR,AGE_DRAFT_INTERACTIONS,1.0,1,1,HIGH_LOCKED_LAGGED_PBP,development
00-0032795,2018,WR,AGE_DRAFT_INTERACTIONS,1.0,1,1,HIGH_LOCKED_LAGGED_PBP,development
00-0032935,2018,WR,AGE_DRAFT_INTERACTIONS,1.0,1,1,HIGH_LOCKED_LAGGED_PBP,development
00-0032959,2018,WR,AGE_DRAFT_INTERACTIONS,1.0,1,1,HIGH_LOCKED_LAGGED_PBP,development
00-0032966,2018,WR,AGE_DRAFT_INTERACTIONS,1.0,1,1,HIGH_LOCKED_LAGGED_PBP,development
00-0032977,2018,WR,AGE_DRAFT_INTERACTIONS,1.0,1,1,HIGH_LOCKED_LAGGED_PBP,development
00-0032980,2018,WR,AGE_DRAFT_INTERACTIONS,1.0,1,1,HIGH_LOCKED_LAGGED_PBP,development
00-0033009,2018,WR,AGE_DRAFT_INTERACTIONS,1.0,1,1,HIGH_LOCKED_LAGGED_PBP,development
00-0033060,2018,WR,AGE_DRAFT_INTERACTIONS,1.0,1,1,HIGH_LOCKED_LAGGED_PBP,development
00-0033094,2018,WR,AGE_DRAFT_INTERACTIONS,1.0,1,1,HIGH_LOCKED_LAGGED_PBP,development
00-0033127,2018,WR,AGE_DRAFT_INTERACTIONS,1.0,1,1,HIGH_LOCKED_LAGGED_PBP,development
00-0033282,2018,WR,AGE_DRAFT_INTERACTIONS,1.0,1,1,HIGH_LOCKED_LAGGED_PBP,development
00-0033292,2018,WR,AGE_DRAFT_INTERACTIONS,1.0,1,1,HIGH_LOCKED_LAGGED_PBP,development
00-0033306,2018,WR,AGE_DRAFT_INTERACTIONS,1.0,1,0,HIGH_LOCKED_LAGGED_PBP,development
00-0033307,2018,WR,AGE_DRAFT_INTERACTIONS,1.0,1,1,HIGH_LOCKED_LAGGED_PBP,development
00-0033434,2018,WR,AGE_DRAFT_INTERACTIONS,1.0,1,1,HIGH_LOCKED_LAGGED_PBP,development
00-0033460,2018,WR,AGE_DRAFT_INTERACTIONS,1.0,1,1,HIGH_LOCKED_LAGGED_PBP,development
00-0033466,2018,WR,AGE_DRAFT_INTERACTIONS,1.0,1,1,HIGH_LOCKED_LAGGED_PBP,development
00-0033552,2018,WR,AGE_DRAFT_INTERACTIONS,1.0,1,0,HIGH_LOCKED_LAGGED_PBP,development
00-0033562,2018,WR,AGE_DRAFT_INTERACTIONS,1.0,1,1,HIGH_LOCKED_LAGGED_PBP,development
00-0033572,2018,WR,AGE_DRAFT_INTERACTIONS,1.0,1,1,HIGH_LOCKED_LAGGED_PBP,development
00-0033859,2018,WR,AGE_DRAFT_INTERACTIONS,1.0,1,1,HIGH_LOCKED_LAGGED_PBP,development
00-0033921,2018,WR,AGE_DRAFT_INTERACTIONS,1.0,1,1,HIGH_LOCKED_LAGGED_PBP,development
00-0033932,2018,WR,AGE_DRAFT_INTERACTIONS,1.0,1,1,HIGH_LOCKED_LAGGED_PBP,development
00-0033933,2018,WR,AGE_DRAFT_INTERACTIONS,1.0,1,1,HIGH_LOCKED_LAGGED_PBP,development
00-0033968,2018,WR,AGE_DRAFT_INTERACTIONS,1.0,1,1,HIGH_LOCKED_LAGGED_PBP,development
00-0024221,2018,TE,AGE_DRAFT_INTERACTIONS,1.0,1,1,HIGH_LOCKED_LAGGED_PBP,development
00-0027061,2018,TE,AGE_DRAFT_INTERACTIONS,1.0,1,1,HIGH_LOCKED_LAGGED_PBP,development
00-0027139,2018,TE,AGE_DRAFT_INTERACTIONS,1.0,1,0,HIGH_LOCKED_LAGGED_PBP,development
00-0027215,2018,TE,AGE_DRAFT_INTERACTIONS,1.0,1,1,HIGH_LOCKED_LAGGED_PBP,development
00-0027696,2018,TE,AGE_DRAFT_INTERACTIONS,1.0,1,1,HIGH_LOCKED_LAGGED_PBP,development
00-0027873,2018,TE,AGE_DRAFT_INTERACTIONS,1.0,1,1,HIGH_LOCKED_LAGGED_PBP,development
00-0027985,2018,TE,AGE_DRAFT_INTERACTIONS,1.0,1,1,HIGH_LOCKED_LAGGED_PBP,development
00-0028042,2018,TE,AGE_DRAFT_INTERACTIONS,1.0,1,1,HIGH_LOCKED_LAGGED_PBP,development
00-0028093,2018,TE,AGE_DRAFT_INTERACTIONS,1.0,1,1,HIGH_LOCKED_LAGGED_PBP,development
00-0028097,2018,TE,AGE_DRAFT_INTERACTIONS,1.0,1,1,HIGH_LOCKED_LAGGED_PBP,development
00-0028903,2018,TE,AGE_DRAFT_INTERACTIONS,1.0,1,1,HIGH_LOCKED_LAGGED_PBP,development
00-0029091,2018,TE,AGE_DRAFT_INTERACTIONS,1.0,1,0,HIGH_LOCKED_LAGGED_PBP,development
00-0029119,2018,TE,AGE_DRAFT_INTERACTIONS,1.0,1,1,HIGH_LOCKED_LAGGED_PBP,development
00-0029587,2018,TE,AGE_DRAFT_INTERACTIONS,1.0,1,1,HIGH_LOCKED_LAGGED_PBP,development
00-0029689,2018,TE,AGE_DRAFT_INTERACTIONS,1.0,1,1,HIGH_LOCKED_LAGGED_PBP,development
00-0029738,2018,TE,AGE_DRAFT_INTERACTIONS,1.0,1,1,HIGH_LOCKED_LAGGED_PBP,development
00-0030089,2018,TE,AGE_DRAFT_INTERACTIONS,1.0,1,1,HIGH_LOCKED_LAGGED_PBP,development
00-0030181,2018,TE,AGE_DRAFT_INTERACTIONS,1.0,1,1,HIGH_LOCKED_LAGGED_PBP,development
00-0030422,2018,TE,AGE_DRAFT_INTERACTIONS,1.0,1,1,HIGH_LOCKED_LAGGED_PBP,development
00-0030472,2018,TE,AGE_DRAFT_INTERACTIONS,1.0,1,1,HIGH_LOCKED_LAGGED_PBP,development
00-0030549,2018,TE,AGE_DRAFT_INTERACTIONS,1.0,1,1,HIGH_LOCKED_LAGGED_PBP,development
00-0031273,2018,TE,AGE_DRAFT_INTERACTIONS,1.0,1,1,HIGH_LOCKED_LAGGED_PBP,development
00-0031384,2018,TE,AGE_DRAFT_INTERACTIONS,1.0,1,1,HIGH_LOCKED_LAGGED_PBP,development
00-0031418,2018,TE,AGE_DRAFT_INTERACTIONS,1.0,1,1,HIGH_LOCKED_LAGGED_PBP,development
00-0031484,2018,TE,AGE_DRAFT_INTERACTIONS,1.0,1,1,HIGH_LOCKED_LAGGED_PBP,development
00-0031598,2018,TE,AGE_DRAFT_INTERACTIONS,1.0,1,1,HIGH_LOCKED_LAGGED_PBP,development
00-0031609,2018,TE,AGE_DRAFT_INTERACTIONS,1.0,1,1,HIGH_LOCKED_LAGGED_PBP,development
00-0031690,2018,TE,AGE_DRAFT_INTERACTIONS,1.0,1,1,HIGH_LOCKED_LAGGED_PBP,development
00-0031744,2018,TE,AGE_DRAFT_INTERACTIONS,1.0,1,1,HIGH_LOCKED_LAGGED_PBP,development
00-0031884,2018,TE,AGE_DRAFT_INTERACTIONS,1.0,1,1,HIGH_LOCKED_LAGGED_PBP,development
00-0032062,2018,TE,AGE_DRAFT_INTERACTIONS,1.0,1,1,HIGH_LOCKED_LAGGED_PBP,development
00-0032098,2018,TE,AGE_DRAFT_INTERACTIONS,1.0,1,1,HIGH_LOCKED_LAGGED_PBP,development
00-0032120,2018,TE,AGE_DRAFT_INTERACTIONS,1.0,1,1,HIGH_LOCKED_LAGGED_PBP,development
00-0032134,2018,TE,AGE_DRAFT_INTERACTIONS,1.0,1,1,HIGH_LOCKED_LAGGED_PBP,development
00-0032141,2018,TE,AGE_DRAFT_INTERACTIONS,1.0,1,1,HIGH_LOCKED_LAGGED_PBP,development
00-0032214,2018,TE,AGE_DRAFT_INTERACTIONS,1.0,1,1,HIGH_LOCKED_LAGGED_PBP,development
00-0032227,2018,TE,AGE_DRAFT_INTERACTIONS,1.0,1,1,HIGH_LOCKED_LAGGED_PBP,development
00-0032430,2018,TE,AGE_DRAFT_INTERACTIONS,1.0,1,1,HIGH_LOCKED_LAGGED_PBP,development
00-0032745,2018,TE,AGE_DRAFT_INTERACTIONS,1.0,1,1,HIGH_LOCKED_LAGGED_PBP,development
00-0033080,2018,TE,AGE_DRAFT_INTERACTIONS,1.0,1,1,HIGH_LOCKED_LAGGED_PBP,development
00-0033117,2018,TE,AGE_DRAFT_INTERACTIONS,1.0,1,0,HIGH_LOCKED_LAGGED_PBP,development
00-0033258,2018,TE,AGE_DRAFT_INTERACTIONS,1.0,1,1,HIGH_LOCKED_LAGGED_PBP,development
00-0033288,2018,TE,AGE_DRAFT_INTERACTIONS,1.0,1,1,HIGH_LOCKED_LAGGED_PBP,development
00-0033421,2018,TE,AGE_DRAFT_INTERACTIONS,1.0,1,1,HIGH_LOCKED_LAGGED_PBP,development
00-0033528,2018,TE,AGE_DRAFT_INTERACTIONS,1.0,1,1,HIGH_LOCKED_LAGGED_PBP,development
00-0033559,2018,TE,AGE_DRAFT_INTERACTIONS,1.0,1,1,HIGH_LOCKED_LAGGED_PBP,development
00-0033576,2018,TE,AGE_DRAFT_INTERACTIONS,1.0,1,0,HIGH_LOCKED_LAGGED_PBP,development
00-0033611,2018,TE,AGE_DRAFT_INTERACTIONS,1.0,1,1,HIGH_LOCKED_LAGGED_PBP,development
00-0033879,2018,TE,AGE_DRAFT_INTERACTIONS,1.0,1,1,HIGH_LOCKED_LAGGED_PBP,development
00-0033881,2018,TE,AGE_DRAFT_INTERACTIONS,1.0,1,1,HIGH_LOCKED_LAGGED_PBP,development
00-0033885,2018,TE,AGE_DRAFT_INTERACTIONS,1.0,1,1,HIGH_LOCKED_LAGGED_PBP,development
00-0022787,2019,QB,AGE_DRAFT_INTERACTIONS,1.0,1,1,HIGH_LOCKED_LAGGED_PBP,development
00-0022803,2019,QB,AGE_DRAFT_INTERACTIONS,1.0,1,1,HIGH_LOCKED_LAGGED_PBP,development
00-0022924,2019,QB,AGE_DRAFT_INTERACTIONS,1.0,1,1,HIGH_LOCKED_LAGGED_PBP,development
00-0023682,2019,QB,AGE_DRAFT_INTERACTIONS,1.0,1,1,HIGH_LOCKED_LAGGED_PBP,development
00-0026143,2019,QB,AGE_DRAFT_INTERACTIONS,1.0,1,1,HIGH_LOCKED_LAGGED_PBP,development
00-0026158,2019,QB,AGE_DRAFT_INTERACTIONS,1.0,1,1,HIGH_LOCKED_LAGGED_PBP,development
00-0026498,2019,QB,AGE_DRAFT_INTERACTIONS,1.0,1,1,HIGH_LOCKED_LAGGED_PBP,development
00-0026544,2019,QB,AGE_DRAFT_INTERACTIONS,1.0,1,1,HIGH_LOCKED_LAGGED_PBP,development
00-0026625,2019,QB,AGE_DRAFT_INTERACTIONS,1.0,1,1,HIGH_LOCKED_LAGGED_PBP,development
00-0027688,2019,QB,AGE_DRAFT_INTERACTIONS,1.0,1,1,HIGH_LOCKED_LAGGED_PBP,development
00-0027939,2019,QB,AGE_DRAFT_INTERACTIONS,1.0,1,1,HIGH_LOCKED_LAGGED_PBP,development
00-0027973,2019,QB,AGE_DRAFT_INTERACTIONS,1.0,1,1,HIGH_LOCKED_LAGGED_PBP,development
00-0028118,2019,QB,AGE_DRAFT_INTERACTIONS,1.0,1,1,HIGH_LOCKED_LAGGED_PBP,development
00-0028986,2019,QB,AGE_DRAFT_INTERACTIONS,1.0,1,1,HIGH_LOCKED_LAGGED_PBP,development
00-0029665,2019,QB,AGE_DRAFT_INTERACTIONS,1.0,1,1,HIGH_LOCKED_LAGGED_PBP,development
00-0030520,2019,QB,AGE_DRAFT_INTERACTIONS,1.0,1,1,HIGH_LOCKED_LAGGED_PBP,development
00-0030533,2019,QB,AGE_DRAFT_INTERACTIONS,1.0,1,1,HIGH_LOCKED_LAGGED_PBP,development
00-0031237,2019,QB,AGE_DRAFT_INTERACTIONS,1.0,1,1,HIGH_LOCKED_LAGGED_PBP,development
00-0031280,2019,QB,AGE_DRAFT_INTERACTIONS,1.0,1,1,HIGH_LOCKED_LAGGED_PBP,development
00-0031288,2019,QB,AGE_DRAFT_INTERACTIONS,1.0,1,1,HIGH_LOCKED_LAGGED_PBP,development
00-0031395,2019,QB,AGE_DRAFT_INTERACTIONS,1.0,1,1,HIGH_LOCKED_LAGGED_PBP,development
00-0031407,2019,QB,AGE_DRAFT_INTERACTIONS,1.0,1,1,HIGH_LOCKED_LAGGED_PBP,development
00-0031503,2019,QB,AGE_DRAFT_INTERACTIONS,1.0,1,1,HIGH_LOCKED_LAGGED_PBP,development
00-0032245,2019,QB,AGE_DRAFT_INTERACTIONS,1.0,1,1,HIGH_LOCKED_LAGGED_PBP,development
00-0032436,2019,QB,AGE_DRAFT_INTERACTIONS,1.0,1,1,HIGH_LOCKED_LAGGED_PBP,development
00-0033119,2019,QB,AGE_DRAFT_INTERACTIONS,1.0,1,1,HIGH_LOCKED_LAGGED_PBP,development
00-0033319,2019,QB,AGE_DRAFT_INTERACTIONS,1.0,1,1,HIGH_LOCKED_LAGGED_PBP,development
00-0034343,2019,QB,AGE_DRAFT_INTERACTIONS,1.0,1,1,HIGH_LOCKED_LAGGED_PBP,development
00-0034577,2019,QB,AGE_DRAFT_INTERACTIONS,1.0,1,1,HIGH_LOCKED_LAGGED_PBP,development
00-0034855,2019,QB,AGE_DRAFT_INTERACTIONS,1.0,1,1,HIGH_LOCKED_LAGGED_PBP,development
00-0034869,2019,QB,AGE_DRAFT_INTERACTIONS,1.0,1,1,HIGH_LOCKED_LAGGED_PBP,development
00-0025394,2019,RB,AGE_DRAFT_INTERACTIONS,1.0,1,1,HIGH_LOCKED_LAGGED_PBP,development
00-0027029,2019,RB,AGE_DRAFT_INTERACTIONS,1.0,1,1,HIGH_LOCKED_LAGGED_PBP,development
00-0028064,2019,RB,AGE_DRAFT_INTERACTIONS,1.0,1,1,HIGH_LOCKED_LAGGED_PBP,development
00-0029141,2019,RB,AGE_DRAFT_INTERACTIONS,1.0,1,1,HIGH_LOCKED_LAGGED_PBP,development
00-0029239,2019,RB,AGE_DRAFT_INTERACTIONS,1.0,1,1,HIGH_LOCKED_LAGGED_PBP,development
00-0029492,2019,RB,AGE_DRAFT_INTERACTIONS,1.0,1,1,HIGH_LOCKED_LAGGED_PBP,development
00-0030404,2019,RB,AGE_DRAFT_INTERACTIONS,1.0,1,1,HIGH_LOCKED_LAGGED_PBP,development
00-0030456,2019,RB,AGE_DRAFT_INTERACTIONS,1.0,1,1,HIGH_LOCKED_LAGGED_PBP,development
00-0030465,2019,RB,AGE_DRAFT_INTERACTIONS,1.0,1,1,HIGH_LOCKED_LAGGED_PBP,development
00-0030711,2019,RB,AGE_DRAFT_INTERACTIONS,1.0,1,1,HIGH_LOCKED_LAGGED_PBP,development
00-0031209,2019,RB,AGE_DRAFT_INTERACTIONS,1.0,1,0,HIGH_LOCKED_LAGGED_PBP,development
00-0031285,2019,RB,AGE_DRAFT_INTERACTIONS,1.0,1,1,HIGH_LOCKED_LAGGED_PBP,development
00-0031577,2019,RB,AGE_DRAFT_INTERACTIONS,1.0,1,1,HIGH_LOCKED_LAGGED_PBP,development
00-0031590,2019,RB,AGE_DRAFT_INTERACTIONS,1.0,1,1,HIGH_LOCKED_LAGGED_PBP,development
00-0031665,2019,RB,AGE_DRAFT_INTERACTIONS,1.0,1,1,HIGH_LOCKED_LAGGED_PBP,development
00-0031806,2019,RB,AGE_DRAFT_INTERACTIONS,1.0,1,1,HIGH_LOCKED_LAGGED_PBP,development
00-0032187,2019,RB,AGE_DRAFT_INTERACTIONS,1.0,1,1,HIGH_LOCKED_LAGGED_PBP,development
00-0032209,2019,RB,AGE_DRAFT_INTERACTIONS,1.0,1,1,HIGH_LOCKED_LAGGED_PBP,development
00-0032393,2019,RB,AGE_DRAFT_INTERACTIONS,1.0,1,1,HIGH_LOCKED_LAGGED_PBP,development
00-0032450,2019,RB,AGE_DRAFT_INTERACTIONS,1.0,1,1,HIGH_LOCKED_LAGGED_PBP,development
00-0032540,2019,RB,AGE_DRAFT_INTERACTIONS,1.0,1,0,HIGH_LOCKED_LAGGED_PBP,development
00-0032741,2019,RB,AGE_DRAFT_INTERACTIONS,1.0,1,1,HIGH_LOCKED_LAGGED_PBP,development
00-0032794,2019,RB,AGE_DRAFT_INTERACTIONS,1.0,1,1,HIGH_LOCKED_LAGGED_PBP,development
00-0032940,2019,RB,AGE_DRAFT_INTERACTIONS,1.0,1,1,HIGH_LOCKED_LAGGED_PBP,development
00-0032972,2019,RB,AGE_DRAFT_INTERACTIONS,1.0,1,1,HIGH_LOCKED_LAGGED_PBP,development
00-0032975,2019,RB,AGE_DRAFT_INTERACTIONS,1.0,1,1,HIGH_LOCKED_LAGGED_PBP,development
00-0033025,2019,RB,AGE_DRAFT_INTERACTIONS,1.0,1,1,HIGH_LOCKED_LAGGED_PBP,development
00-0033118,2019,RB,AGE_DRAFT_INTERACTIONS,1.0,1,1,HIGH_LOCKED_LAGGED_PBP,development
00-0033280,2019,RB,AGE_DRAFT_INTERACTIONS,1.0,1,1,HIGH_LOCKED_LAGGED_PBP,development
00-0033296,2019,RB,AGE_DRAFT_INTERACTIONS,1.0,1,1,HIGH_LOCKED_LAGGED_PBP,development
00-0033376,2019,RB,AGE_DRAFT_INTERACTIONS,1.0,1,0,HIGH_LOCKED_LAGGED_PBP,development
00-0033526,2019,RB,AGE_DRAFT_INTERACTIONS,1.0,1,1,HIGH_LOCKED_LAGGED_PBP,development
00-0033553,2019,RB,AGE_DRAFT_INTERACTIONS,1.0,1,1,HIGH_LOCKED_LAGGED_PBP,development
00-0033567,2019,RB,AGE_DRAFT_INTERACTIONS,1.0,1,1,HIGH_LOCKED_LAGGED_PBP,development
00-0033725,2019,RB,AGE_DRAFT_INTERACTIONS,1.0,1,1,HIGH_LOCKED_LAGGED_PBP,development
00-0033789,2019,RB,AGE_DRAFT_INTERACTIONS,1.0,1,1,HIGH_LOCKED_LAGGED_PBP,development
00-0033854,2019,RB,AGE_DRAFT_INTERACTIONS,1.0,1,0,HIGH_LOCKED_LAGGED_PBP,development
00-0033856,2019,RB,AGE_DRAFT_INTERACTIONS,1.0,1,1,HIGH_LOCKED_LAGGED_PBP,development
00-0033897,2019,RB,AGE_DRAFT_INTERACTIONS,1.0,1,1,HIGH_LOCKED_LAGGED_PBP,development
00-0033923,2019,RB,AGE_DRAFT_INTERACTIONS,1.0,1,1,HIGH_LOCKED_LAGGED_PBP,development
00-0033950,2019,RB,AGE_DRAFT_INTERACTIONS,1.0,1,1,HIGH_LOCKED_LAGGED_PBP,development
00-0034109,2019,RB,AGE_DRAFT_INTERACTIONS,1.0,1,1,HIGH_LOCKED_LAGGED_PBP,development
00-0034164,2019,RB,AGE_DRAFT_INTERACTIONS,1.0,1,1,HIGH_LOCKED_LAGGED_PBP,development
00-0034201,2019,RB,AGE_DRAFT_INTERACTIONS,1.0,1,1,HIGH_LOCKED_LAGGED_PBP,development
00-0034253,2019,RB,AGE_DRAFT_INTERACTIONS,1.0,1,1,HIGH_LOCKED_LAGGED_PBP,development
00-0034331,2019,RB,AGE_DRAFT_INTERACTIONS,1.0,1,1,HIGH_LOCKED_LAGGED_PBP,development
00-0034349,2019,RB,AGE_DRAFT_INTERACTIONS,1.0,1,1,HIGH_LOCKED_LAGGED_PBP,development
00-0034378,2019,RB,AGE_DRAFT_INTERACTIONS,1.0,1,1,HIGH_LOCKED_LAGGED_PBP,development
00-0034679,2019,RB,AGE_DRAFT_INTERACTIONS,1.0,1,1,HIGH_LOCKED_LAGGED_PBP,development
00-0034681,2019,RB,AGE_DRAFT_INTERACTIONS,1.0,1,1,HIGH_LOCKED_LAGGED_PBP,development
00-0034791,2019,RB,AGE_DRAFT_INTERACTIONS,1.0,1,1,HIGH_LOCKED_LAGGED_PBP,development
00-0034799,2019,RB,AGE_DRAFT_INTERACTIONS,1.0,1,1,HIGH_LOCKED_LAGGED_PBP,development
00-0034816,2019,RB,AGE_DRAFT_INTERACTIONS,1.0,1,1,HIGH_LOCKED_LAGGED_PBP,development
00-0034838,2019,RB,AGE_DRAFT_INTERACTIONS,1.0,1,1,HIGH_LOCKED_LAGGED_PBP,development
00-0034844,2019,RB,AGE_DRAFT_INTERACTIONS,1.0,1,1,HIGH_LOCKED_LAGGED_PBP,development
00-0022921,2019,WR,AGE_DRAFT_INTERACTIONS,1.0,1,1,HIGH_LOCKED_LAGGED_PBP,development
00-0026035,2019,WR,AGE_DRAFT_INTERACTIONS,1.0,1,1,HIGH_LOCKED_LAGGED_PBP,development
00-0026189,2019,WR,AGE_DRAFT_INTERACTIONS,1.0,1,1,HIGH_LOCKED_LAGGED_PBP,development
00-0027793,2019,WR,AGE_DRAFT_INTERACTIONS,1.0,1,1,HIGH_LOCKED_LAGGED_PBP,development
00-0027874,2019,WR,AGE_DRAFT_INTERACTIONS,1.0,1,1,HIGH_LOCKED_LAGGED_PBP,development
00-0027944,2019,WR,AGE_DRAFT_INTERACTIONS,1.0,1,1,HIGH_LOCKED_LAGGED_PBP,development
00-0028002,2019,WR,AGE_DRAFT_INTERACTIONS,1.0,1,1,HIGH_LOCKED_LAGGED_PBP,development
00-0028114,2019,WR,AGE_DRAFT_INTERACTIONS,1.0,1,1,HIGH_LOCKED_LAGGED_PBP,development
00-0029293,2019,WR,AGE_DRAFT_INTERACTIONS,1.0,1,1,HIGH_LOCKED_LAGGED_PBP,development
00-0029572,2019,WR,AGE_DRAFT_INTERACTIONS,1.0,1,1,HIGH_LOCKED_LAGGED_PBP,development
00-0029664,2019,WR,AGE_DRAFT_INTERACTIONS,1.0,1,1,HIGH_LOCKED_LAGGED_PBP,development
00-0030068,2019,WR,AGE_DRAFT_INTERACTIONS,1.0,1,1,HIGH_LOCKED_LAGGED_PBP,development
00-0030147,2019,WR,AGE_DRAFT_INTERACTIONS,1.0,1,1,HIGH_LOCKED_LAGGED_PBP,development
00-0030669,2019,WR,AGE_DRAFT_INTERACTIONS,1.0,1,1,HIGH_LOCKED_LAGGED_PBP,development
00-0030670,2019,WR,AGE_DRAFT_INTERACTIONS,1.0,1,1,HIGH_LOCKED_LAGGED_PBP,development
00-0031023,2019,WR,AGE_DRAFT_INTERACTIONS,1.0,1,1,HIGH_LOCKED_LAGGED_PBP,development
00-0031068,2019,WR,AGE_DRAFT_INTERACTIONS,1.0,1,1,HIGH_LOCKED_LAGGED_PBP,development
00-0031189,2019,WR,AGE_DRAFT_INTERACTIONS,1.0,1,1,HIGH_LOCKED_LAGGED_PBP,development
00-0031235,2019,WR,AGE_DRAFT_INTERACTIONS,1.0,1,1,HIGH_LOCKED_LAGGED_PBP,development
00-0031257,2019,WR,AGE_DRAFT_INTERACTIONS,1.0,1,1,HIGH_LOCKED_LAGGED_PBP,development
00-0031339,2019,WR,AGE_DRAFT_INTERACTIONS,1.0,1,1,HIGH_LOCKED_LAGGED_PBP,development
00-0031344,2019,WR,AGE_DRAFT_INTERACTIONS,1.0,1,1,HIGH_LOCKED_LAGGED_PBP,development
00-0031382,2019,WR,AGE_DRAFT_INTERACTIONS,1.0,1,1,HIGH_LOCKED_LAGGED_PBP,development
00-0031408,2019,WR,AGE_DRAFT_INTERACTIONS,1.0,1,1,HIGH_LOCKED_LAGGED_PBP,development
00-0031547,2019,WR,AGE_DRAFT_INTERACTIONS,1.0,1,1,HIGH_LOCKED_LAGGED_PBP,development
00-0031570,2019,WR,AGE_DRAFT_INTERACTIONS,1.0,1,1,HIGH_LOCKED_LAGGED_PBP,development
00-0031868,2019,WR,AGE_DRAFT_INTERACTIONS,1.0,1,1,HIGH_LOCKED_LAGGED_PBP,development
00-0031941,2019,WR,AGE_DRAFT_INTERACTIONS,1.0,1,1,HIGH_LOCKED_LAGGED_PBP,development
00-0032054,2019,WR,AGE_DRAFT_INTERACTIONS,1.0,1,1,HIGH_LOCKED_LAGGED_PBP,development
00-0032055,2019,WR,AGE_DRAFT_INTERACTIONS,1.0,1,1,HIGH_LOCKED_LAGGED_PBP,development
00-0032112,2019,WR,AGE_DRAFT_INTERACTIONS,1.0,1,1,HIGH_LOCKED_LAGGED_PBP,development
00-0032385,2019,WR,AGE_DRAFT_INTERACTIONS,1.0,1,1,HIGH_LOCKED_LAGGED_PBP,development
00-0032423,2019,WR,AGE_DRAFT_INTERACTIONS,1.0,1,0,HIGH_LOCKED_LAGGED_PBP,development
00-0032543,2019,WR,AGE_DRAFT_INTERACTIONS,1.0,1,1,HIGH_LOCKED_LAGGED_PBP,development
00-0032688,2019,WR,AGE_DRAFT_INTERACTIONS,1.0,1,1,HIGH_LOCKED_LAGGED_PBP,development
00-0032791,2019,WR,AGE_DRAFT_INTERACTIONS,1.0,1,1,HIGH_LOCKED_LAGGED_PBP,development
00-0032795,2019,WR,AGE_DRAFT_INTERACTIONS,1.0,1,1,HIGH_LOCKED_LAGGED_PBP,development
00-0032935,2019,WR,AGE_DRAFT_INTERACTIONS,1.0,1,1,HIGH_LOCKED_LAGGED_PBP,development
00-0032951,2019,WR,AGE_DRAFT_INTERACTIONS,1.0,1,1,HIGH_LOCKED_LAGGED_PBP,development
00-0032977,2019,WR,AGE_DRAFT_INTERACTIONS,1.0,1,1,HIGH_LOCKED_LAGGED_PBP,development
00-0032980,2019,WR,AGE_DRAFT_INTERACTIONS,1.0,1,1,HIGH_LOCKED_LAGGED_PBP,development
00-0033006,2019,WR,AGE_DRAFT_INTERACTIONS,1.0,1,0,HIGH_LOCKED_LAGGED_PBP,development
00-0033009,2019,WR,AGE_DRAFT_INTERACTIONS,1.0,1,1,HIGH_LOCKED_LAGGED_PBP,development
00-0033094,2019,WR,AGE_DRAFT_INTERACTIONS,1.0,1,1,HIGH_LOCKED_LAGGED_PBP,development
00-0033111,2019,WR,AGE_DRAFT_INTERACTIONS,1.0,1,1,HIGH_LOCKED_LAGGED_PBP,development
00-0033282,2019,WR,AGE_DRAFT_INTERACTIONS,1.0,1,1,HIGH_LOCKED_LAGGED_PBP,development
00-0033375,2019,WR,AGE_DRAFT_INTERACTIONS,1.0,1,1,HIGH_LOCKED_LAGGED_PBP,development
00-0033434,2019,WR,AGE_DRAFT_INTERACTIONS,1.0,1,1,HIGH_LOCKED_LAGGED_PBP,development
00-0033460,2019,WR,AGE_DRAFT_INTERACTIONS,1.0,1,1,HIGH_LOCKED_LAGGED_PBP,development
00-0033471,2019,WR,AGE_DRAFT_INTERACTIONS,1.0,1,1,HIGH_LOCKED_LAGGED_PBP,development
00-0033562,2019,WR,AGE_DRAFT_INTERACTIONS,1.0,1,1,HIGH_LOCKED_LAGGED_PBP,development
00-0033572,2019,WR,AGE_DRAFT_INTERACTIONS,1.0,1,1,HIGH_LOCKED_LAGGED_PBP,development
00-0033681,2019,WR,AGE_DRAFT_INTERACTIONS,1.0,1,1,HIGH_LOCKED_LAGGED_PBP,development
00-0033839,2019,WR,AGE_DRAFT_INTERACTIONS,1.0,1,1,HIGH_LOCKED_LAGGED_PBP,development
00-0033857,2019,WR,AGE_DRAFT_INTERACTIONS,1.0,1,1,HIGH_LOCKED_LAGGED_PBP,development
00-0033891,2019,WR,AGE_DRAFT_INTERACTIONS,1.0,1,1,HIGH_LOCKED_LAGGED_PBP,development
00-0033908,2019,WR,AGE_DRAFT_INTERACTIONS,1.0,1,1,HIGH_LOCKED_LAGGED_PBP,development
00-0033911,2019,WR,AGE_DRAFT_INTERACTIONS,1.0,1,1,HIGH_LOCKED_LAGGED_PBP,development
00-0033921,2019,WR,AGE_DRAFT_INTERACTIONS,1.0,1,1,HIGH_LOCKED_LAGGED_PBP,development
00-0033932,2019,WR,AGE_DRAFT_INTERACTIONS,1.0,1,1,HIGH_LOCKED_LAGGED_PBP,development
00-0033933,2019,WR,AGE_DRAFT_INTERACTIONS,1.0,1,1,HIGH_LOCKED_LAGGED_PBP,development
00-0034052,2019,WR,AGE_DRAFT_INTERACTIONS,1.0,1,1,HIGH_LOCKED_LAGGED_PBP,development
00-0034256,2019,WR,AGE_DRAFT_INTERACTIONS,1.0,1,0,HIGH_LOCKED_LAGGED_PBP,development
00-0034273,2019,WR,AGE_DRAFT_INTERACTIONS,1.0,1,1,HIGH_LOCKED_LAGGED_PBP,development
00-0034309,2019,WR,AGE_DRAFT_INTERACTIONS,1.0,1,1,HIGH_LOCKED_LAGGED_PBP,development
00-0034339,2019,WR,AGE_DRAFT_INTERACTIONS,1.0,1,1,HIGH_LOCKED_LAGGED_PBP,development
00-0034348,2019,WR,AGE_DRAFT_INTERACTIONS,1.0,1,1,HIGH_LOCKED_LAGGED_PBP,development
00-0034370,2019,WR,AGE_DRAFT_INTERACTIONS,1.0,1,1,HIGH_LOCKED_LAGGED_PBP,development
00-0034386,2019,WR,AGE_DRAFT_INTERACTIONS,1.0,1,1,HIGH_LOCKED_LAGGED_PBP,development
00-0034407,2019,WR,AGE_DRAFT_INTERACTIONS,1.0,1,1,HIGH_LOCKED_LAGGED_PBP,development
00-0034411,2019,WR,AGE_DRAFT_INTERACTIONS,1.0,1,1,HIGH_LOCKED_LAGGED_PBP,development
00-0034426,2019,WR,AGE_DRAFT_INTERACTIONS,1.0,1,1,HIGH_LOCKED_LAGGED_PBP,development
00-0034487,2019,WR,AGE_DRAFT_INTERACTIONS,1.0,1,1,HIGH_LOCKED_LAGGED_PBP,development
00-0034510,2019,WR,AGE_DRAFT_INTERACTIONS,1.0,1,1,HIGH_LOCKED_LAGGED_PBP,development
00-0034593,2019,WR,AGE_DRAFT_INTERACTIONS,1.0,1,1,HIGH_LOCKED_LAGGED_PBP,development
00-0034676,2019,WR,AGE_DRAFT_INTERACTIONS,1.0,1,1,HIGH_LOCKED_LAGGED_PBP,development
00-0034686,2019,WR,AGE_DRAFT_INTERACTIONS,1.0,1,1,HIGH_LOCKED_LAGGED_PBP,development
00-0034710,2019,WR,AGE_DRAFT_INTERACTIONS,1.0,1,1,HIGH_LOCKED_LAGGED_PBP,development
00-0034747,2019,WR,AGE_DRAFT_INTERACTIONS,1.0,1,1,HIGH_LOCKED_LAGGED_PBP,development
00-0034772,2019,WR,AGE_DRAFT_INTERACTIONS,1.0,1,1,HIGH_LOCKED_LAGGED_PBP,development
00-0034775,2019,WR,AGE_DRAFT_INTERACTIONS,1.0,1,1,HIGH_LOCKED_LAGGED_PBP,development
00-0034777,2019,WR,AGE_DRAFT_INTERACTIONS,1.0,1,1,HIGH_LOCKED_LAGGED_PBP,development
00-0034827,2019,WR,AGE_DRAFT_INTERACTIONS,1.0,1,1,HIGH_LOCKED_LAGGED_PBP,development
00-0034837,2019,WR,AGE_DRAFT_INTERACTIONS,1.0,1,1,HIGH_LOCKED_LAGGED_PBP,development
00-0034860,2019,WR,AGE_DRAFT_INTERACTIONS,1.0,1,1,HIGH_LOCKED_LAGGED_PBP,development
00-0024221,2019,TE,AGE_DRAFT_INTERACTIONS,1.0,1,1,HIGH_LOCKED_LAGGED_PBP,development
00-0024389,2019,TE,AGE_DRAFT_INTERACTIONS,1.0,1,1,HIGH_LOCKED_LAGGED_PBP,development
00-0025418,2019,TE,AGE_DRAFT_INTERACTIONS,1.0,1,1,HIGH_LOCKED_LAGGED_PBP,development
00-0027985,2019,TE,AGE_DRAFT_INTERACTIONS,1.0,1,1,HIGH_LOCKED_LAGGED_PBP,development
00-0028042,2019,TE,AGE_DRAFT_INTERACTIONS,1.0,1,1,HIGH_LOCKED_LAGGED_PBP,development
00-0028112,2019,TE,AGE_DRAFT_INTERACTIONS,1.0,1,1,HIGH_LOCKED_LAGGED_PBP,development
00-0028903,2019,TE,AGE_DRAFT_INTERACTIONS,1.0,1,1,HIGH_LOCKED_LAGGED_PBP,development
00-0029119,2019,TE,AGE_DRAFT_INTERACTIONS,1.0,1,1,HIGH_LOCKED_LAGGED_PBP,development
00-0029587,2019,TE,AGE_DRAFT_INTERACTIONS,1.0,1,1,HIGH_LOCKED_LAGGED_PBP,development
00-0030181,2019,TE,AGE_DRAFT_INTERACTIONS,1.0,1,1,HIGH_LOCKED_LAGGED_PBP,development
00-0030443,2019,TE,AGE_DRAFT_INTERACTIONS,1.0,1,1,HIGH_LOCKED_LAGGED_PBP,development
00-0030470,2019,TE,AGE_DRAFT_INTERACTIONS,1.0,1,1,HIGH_LOCKED_LAGGED_PBP,development
00-0030549,2019,TE,AGE_DRAFT_INTERACTIONS,1.0,1,1,HIGH_LOCKED_LAGGED_PBP,development
00-0030710,2019,TE,AGE_DRAFT_INTERACTIONS,1.0,1,1,HIGH_LOCKED_LAGGED_PBP,development
00-0031035,2019,TE,AGE_DRAFT_INTERACTIONS,1.0,1,1,HIGH_LOCKED_LAGGED_PBP,development
00-0031167,2019,TE,AGE_DRAFT_INTERACTIONS,1.0,1,1,HIGH_LOCKED_LAGGED_PBP,development
00-0031260,2019,TE,AGE_DRAFT_INTERACTIONS,1.0,1,1,HIGH_LOCKED_LAGGED_PBP,development
00-0031273,2019,TE,AGE_DRAFT_INTERACTIONS,1.0,1,1,HIGH_LOCKED_LAGGED_PBP,development
00-0031484,2019,TE,AGE_DRAFT_INTERACTIONS,1.0,1,1,HIGH_LOCKED_LAGGED_PBP,development
00-0031610,2019,TE,AGE_DRAFT_INTERACTIONS,1.0,1,1,HIGH_LOCKED_LAGGED_PBP,development
00-0031690,2019,TE,AGE_DRAFT_INTERACTIONS,1.0,1,1,HIGH_LOCKED_LAGGED_PBP,development
00-0031744,2019,TE,AGE_DRAFT_INTERACTIONS,1.0,1,1,HIGH_LOCKED_LAGGED_PBP,development
00-0031951,2019,TE,AGE_DRAFT_INTERACTIONS,1.0,1,1,HIGH_LOCKED_LAGGED_PBP,development
00-0032098,2019,TE,AGE_DRAFT_INTERACTIONS,1.0,1,0,HIGH_LOCKED_LAGGED_PBP,development
00-0032117,2019,TE,AGE_DRAFT_INTERACTIONS,1.0,1,1,HIGH_LOCKED_LAGGED_PBP,development
00-0032134,2019,TE,AGE_DRAFT_INTERACTIONS,1.0,1,1,HIGH_LOCKED_LAGGED_PBP,development
00-0032135,2019,TE,AGE_DRAFT_INTERACTIONS,1.0,1,1,HIGH_LOCKED_LAGGED_PBP,development
00-0032141,2019,TE,AGE_DRAFT_INTERACTIONS,1.0,1,1,HIGH_LOCKED_LAGGED_PBP,development
00-0032227,2019,TE,AGE_DRAFT_INTERACTIONS,1.0,1,1,HIGH_LOCKED_LAGGED_PBP,development
00-0032392,2019,TE,AGE_DRAFT_INTERACTIONS,1.0,1,1,HIGH_LOCKED_LAGGED_PBP,development
00-0032599,2019,TE,AGE_DRAFT_INTERACTIONS,1.0,1,1,HIGH_LOCKED_LAGGED_PBP,development
00-0033080,2019,TE,AGE_DRAFT_INTERACTIONS,1.0,1,1,HIGH_LOCKED_LAGGED_PBP,development
00-0033117,2019,TE,AGE_DRAFT_INTERACTIONS,1.0,1,0,HIGH_LOCKED_LAGGED_PBP,development
00-0033258,2019,TE,AGE_DRAFT_INTERACTIONS,1.0,1,1,HIGH_LOCKED_LAGGED_PBP,development
00-0033421,2019,TE,AGE_DRAFT_INTERACTIONS,1.0,1,1,HIGH_LOCKED_LAGGED_PBP,development
00-0033528,2019,TE,AGE_DRAFT_INTERACTIONS,1.0,1,1,HIGH_LOCKED_LAGGED_PBP,development
00-0033576,2019,TE,AGE_DRAFT_INTERACTIONS,1.0,1,1,HIGH_LOCKED_LAGGED_PBP,development
00-0033611,2019,TE,AGE_DRAFT_INTERACTIONS,1.0,1,1,HIGH_LOCKED_LAGGED_PBP,development
00-0033696,2019,TE,AGE_DRAFT_INTERACTIONS,1.0,1,1,HIGH_LOCKED_LAGGED_PBP,development
00-0033742,2019,TE,AGE_DRAFT_INTERACTIONS,1.0,1,1,HIGH_LOCKED_LAGGED_PBP,development
00-0033879,2019,TE,AGE_DRAFT_INTERACTIONS,1.0,1,1,HIGH_LOCKED_LAGGED_PBP,development
00-0033881,2019,TE,AGE_DRAFT_INTERACTIONS,1.0,1,1,HIGH_LOCKED_LAGGED_PBP,development
00-0033885,2019,TE,AGE_DRAFT_INTERACTIONS,1.0,1,1,HIGH_LOCKED_LAGGED_PBP,development
00-0034073,2019,TE,AGE_DRAFT_INTERACTIONS,1.0,1,1,HIGH_LOCKED_LAGGED_PBP,development
00-0034159,2019,TE,AGE_DRAFT_INTERACTIONS,1.0,1,1,HIGH_LOCKED_LAGGED_PBP,development
00-0034365,2019,TE,AGE_DRAFT_INTERACTIONS,1.0,1,1,HIGH_LOCKED_LAGGED_PBP,development
00-0034766,2019,TE,AGE_DRAFT_INTERACTIONS,1.0,1,1,HIGH_LOCKED_LAGGED_PBP,development
00-0034798,2019,TE,AGE_DRAFT_INTERACTIONS,1.0,1,1,HIGH_LOCKED_LAGGED_PBP,development
00-0034829,2019,TE,AGE_DRAFT_INTERACTIONS,1.0,1,1,HIGH_LOCKED_LAGGED_PBP,development
00-0022787,2020,QB,AGE_DRAFT_INTERACTIONS,1.0,1,1,HIGH_LOCKED_LAGGED_PBP,development
00-0023682,2020,QB,AGE_DRAFT_INTERACTIONS,1.0,1,1,HIGH_LOCKED_LAGGED_PBP,development
00-0026143,2020,QB,AGE_DRAFT_INTERACTIONS,1.0,1,1,HIGH_LOCKED_LAGGED_PBP,development
00-0026158,2020,QB,AGE_DRAFT_INTERACTIONS,1.0,1,1,HIGH_LOCKED_LAGGED_PBP,development
00-0026498,2020,QB,AGE_DRAFT_INTERACTIONS,1.0,1,1,HIGH_LOCKED_LAGGED_PBP,development
00-0026544,2020,QB,AGE_DRAFT_INTERACTIONS,1.0,1,1,HIGH_LOCKED_LAGGED_PBP,development
00-0026625,2020,QB,AGE_DRAFT_INTERACTIONS,1.0,1,1,HIGH_LOCKED_LAGGED_PBP,development
00-0027688,2020,QB,AGE_DRAFT_INTERACTIONS,1.0,1,1,HIGH_LOCKED_LAGGED_PBP,development
00-0027939,2020,QB,AGE_DRAFT_INTERACTIONS,1.0,1,1,HIGH_LOCKED_LAGGED_PBP,development
00-0027973,2020,QB,AGE_DRAFT_INTERACTIONS,1.0,1,1,HIGH_LOCKED_LAGGED_PBP,development
00-0028118,2020,QB,AGE_DRAFT_INTERACTIONS,1.0,1,1,HIGH_LOCKED_LAGGED_PBP,development
00-0028986,2020,QB,AGE_DRAFT_INTERACTIONS,1.0,1,1,HIGH_LOCKED_LAGGED_PBP,development
00-0029567,2020,QB,AGE_DRAFT_INTERACTIONS,1.0,1,1,HIGH_LOCKED_LAGGED_PBP,development
00-0029665,2020,QB,AGE_DRAFT_INTERACTIONS,1.0,1,1,HIGH_LOCKED_LAGGED_PBP,development
00-0030520,2020,QB,AGE_DRAFT_INTERACTIONS,1.0,1,1,HIGH_LOCKED_LAGGED_PBP,development
00-0030533,2020,QB,AGE_DRAFT_INTERACTIONS,1.0,1,1,HIGH_LOCKED_LAGGED_PBP,development
00-0031237,2020,QB,AGE_DRAFT_INTERACTIONS,1.0,1,1,HIGH_LOCKED_LAGGED_PBP,development
00-0031280,2020,QB,AGE_DRAFT_INTERACTIONS,1.0,1,1,HIGH_LOCKED_LAGGED_PBP,development
00-0031288,2020,QB,AGE_DRAFT_INTERACTIONS,1.0,1,1,HIGH_LOCKED_LAGGED_PBP,development
00-0031395,2020,QB,AGE_DRAFT_INTERACTIONS,1.0,1,1,HIGH_LOCKED_LAGGED_PBP,development
00-0032434,2020,QB,AGE_DRAFT_INTERACTIONS,1.0,1,1,HIGH_LOCKED_LAGGED_PBP,development
00-0032436,2020,QB,AGE_DRAFT_INTERACTIONS,1.0,1,1,HIGH_LOCKED_LAGGED_PBP,development
00-0033077,2020,QB,AGE_DRAFT_INTERACTIONS,1.0,1,1,HIGH_LOCKED_LAGGED_PBP,development
00-0033319,2020,QB,AGE_DRAFT_INTERACTIONS,1.0,1,0,HIGH_LOCKED_LAGGED_PBP,development
00-0034177,2020,QB,AGE_DRAFT_INTERACTIONS,1.0,1,1,HIGH_LOCKED_LAGGED_PBP,development
00-0034577,2020,QB,AGE_DRAFT_INTERACTIONS,1.0,1,1,HIGH_LOCKED_LAGGED_PBP,development
00-0034771,2020,QB,AGE_DRAFT_INTERACTIONS,1.0,1,1,HIGH_LOCKED_LAGGED_PBP,development
00-0034869,2020,QB,AGE_DRAFT_INTERACTIONS,1.0,1,1,HIGH_LOCKED_LAGGED_PBP,development
00-0035040,2020,QB,AGE_DRAFT_INTERACTIONS,1.0,1,1,HIGH_LOCKED_LAGGED_PBP,development
00-0035146,2020,QB,AGE_DRAFT_INTERACTIONS,1.0,1,1,HIGH_LOCKED_LAGGED_PBP,development
00-0035228,2020,QB,AGE_DRAFT_INTERACTIONS,1.0,1,1,HIGH_LOCKED_LAGGED_PBP,development
00-0035232,2020,QB,AGE_DRAFT_INTERACTIONS,1.0,1,1,HIGH_LOCKED_LAGGED_PBP,development
00-0035264,2020,QB,AGE_DRAFT_INTERACTIONS,1.0,1,1,HIGH_LOCKED_LAGGED_PBP,development
00-0035289,2020,QB,AGE_DRAFT_INTERACTIONS,1.0,1,1,HIGH_LOCKED_LAGGED_PBP,development
00-0035652,2020,QB,AGE_DRAFT_INTERACTIONS,1.0,1,1,HIGH_LOCKED_LAGGED_PBP,development
00-0035704,2020,QB,AGE_DRAFT_INTERACTIONS,1.0,1,1,HIGH_LOCKED_LAGGED_PBP,development
00-0035710,2020,QB,AGE_DRAFT_INTERACTIONS,1.0,1,1,HIGH_LOCKED_LAGGED_PBP,development
00-0025394,2020,RB,AGE_DRAFT_INTERACTIONS,1.0,1,1,HIGH_LOCKED_LAGGED_PBP,development
00-0027029,2020,RB,AGE_DRAFT_INTERACTIONS,1.0,1,1,HIGH_LOCKED_LAGGED_PBP,development
00-0029141,2020,RB,AGE_DRAFT_INTERACTIONS,1.0,1,1,HIGH_LOCKED_LAGGED_PBP,development
00-0030404,2020,RB,AGE_DRAFT_INTERACTIONS,1.0,1,1,HIGH_LOCKED_LAGGED_PBP,development
00-0030456,2020,RB,AGE_DRAFT_INTERACTIONS,1.0,1,1,HIGH_LOCKED_LAGGED_PBP,development
00-0030465,2020,RB,AGE_DRAFT_INTERACTIONS,1.0,1,1,HIGH_LOCKED_LAGGED_PBP,development
00-0031209,2020,RB,AGE_DRAFT_INTERACTIONS,1.0,1,1,HIGH_LOCKED_LAGGED_PBP,development
00-0031285,2020,RB,AGE_DRAFT_INTERACTIONS,1.0,1,1,HIGH_LOCKED_LAGGED_PBP,development
00-0032063,2020,RB,AGE_DRAFT_INTERACTIONS,1.0,1,1,HIGH_LOCKED_LAGGED_PBP,development
00-0032144,2020,RB,AGE_DRAFT_INTERACTIONS,1.0,1,1,HIGH_LOCKED_LAGGED_PBP,development
00-0032187,2020,RB,AGE_DRAFT_INTERACTIONS,1.0,1,1,HIGH_LOCKED_LAGGED_PBP,development
00-0032241,2020,RB,AGE_DRAFT_INTERACTIONS,1.0,1,1,HIGH_LOCKED_LAGGED_PBP,development
00-0032393,2020,RB,AGE_DRAFT_INTERACTIONS,1.0,1,1,HIGH_LOCKED_LAGGED_PBP,development
00-0032577,2020,RB,AGE_DRAFT_INTERACTIONS,1.0,1,0,HIGH_LOCKED_LAGGED_PBP,development
00-0032780,2020,RB,AGE_DRAFT_INTERACTIONS,1.0,1,1,HIGH_LOCKED_LAGGED_PBP,development
00-0032940,2020,RB,AGE_DRAFT_INTERACTIONS,1.0,1,1,HIGH_LOCKED_LAGGED_PBP,development
00-0032972,2020,RB,AGE_DRAFT_INTERACTIONS,1.0,1,1,HIGH_LOCKED_LAGGED_PBP,development
00-0032975,2020,RB,AGE_DRAFT_INTERACTIONS,1.0,1,1,HIGH_LOCKED_LAGGED_PBP,development
00-0033025,2020,RB,AGE_DRAFT_INTERACTIONS,1.0,1,1,HIGH_LOCKED_LAGGED_PBP,development
00-0033045,2020,RB,AGE_DRAFT_INTERACTIONS,1.0,1,1,HIGH_LOCKED_LAGGED_PBP,development
00-0033118,2020,RB,AGE_DRAFT_INTERACTIONS,1.0,1,1,HIGH_LOCKED_LAGGED_PBP,development
00-0033164,2020,RB,AGE_DRAFT_INTERACTIONS,1.0,1,1,HIGH_LOCKED_LAGGED_PBP,development
00-0033280,2020,RB,AGE_DRAFT_INTERACTIONS,1.0,1,1,HIGH_LOCKED_LAGGED_PBP,development
00-0033296,2020,RB,AGE_DRAFT_INTERACTIONS,1.0,1,1,HIGH_LOCKED_LAGGED_PBP,development
00-0033526,2020,RB,AGE_DRAFT_INTERACTIONS,1.0,1,1,HIGH_LOCKED_LAGGED_PBP,development
00-0033556,2020,RB,AGE_DRAFT_INTERACTIONS,1.0,1,1,HIGH_LOCKED_LAGGED_PBP,development
00-0033567,2020,RB,AGE_DRAFT_INTERACTIONS,1.0,1,1,HIGH_LOCKED_LAGGED_PBP,development
00-0033699,2020,RB,AGE_DRAFT_INTERACTIONS,1.0,1,1,HIGH_LOCKED_LAGGED_PBP,development
00-0033725,2020,RB,AGE_DRAFT_INTERACTIONS,1.0,1,0,HIGH_LOCKED_LAGGED_PBP,development
00-0033838,2020,RB,AGE_DRAFT_INTERACTIONS,1.0,1,1,HIGH_LOCKED_LAGGED_PBP,development
00-0033854,2020,RB,AGE_DRAFT_INTERACTIONS,1.0,1,1,HIGH_LOCKED_LAGGED_PBP,development
00-0033897,2020,RB,AGE_DRAFT_INTERACTIONS,1.0,1,1,HIGH_LOCKED_LAGGED_PBP,development
00-0033950,2020,RB,AGE_DRAFT_INTERACTIONS,1.0,1,1,HIGH_LOCKED_LAGGED_PBP,development
00-0033951,2020,RB,AGE_DRAFT_INTERACTIONS,1.0,1,1,HIGH_LOCKED_LAGGED_PBP,development
00-0034109,2020,RB,AGE_DRAFT_INTERACTIONS,1.0,1,1,HIGH_LOCKED_LAGGED_PBP,development
00-0034164,2020,RB,AGE_DRAFT_INTERACTIONS,1.0,1,0,HIGH_LOCKED_LAGGED_PBP,development
00-0034253,2020,RB,AGE_DRAFT_INTERACTIONS,1.0,1,1,HIGH_LOCKED_LAGGED_PBP,development
00-0034331,2020,RB,AGE_DRAFT_INTERACTIONS,1.0,1,1,HIGH_LOCKED_LAGGED_PBP,development
00-0034349,2020,RB,AGE_DRAFT_INTERACTIONS,1.0,1,1,HIGH_LOCKED_LAGGED_PBP,development
00-0034378,2020,RB,AGE_DRAFT_INTERACTIONS,1.0,1,1,HIGH_LOCKED_LAGGED_PBP,development
00-0034400,2020,RB,AGE_DRAFT_INTERACTIONS,1.0,1,1,HIGH_LOCKED_LAGGED_PBP,development
00-0034432,2020,RB,AGE_DRAFT_INTERACTIONS,1.0,1,1,HIGH_LOCKED_LAGGED_PBP,development
00-0034440,2020,RB,AGE_DRAFT_INTERACTIONS,1.0,1,1,HIGH_LOCKED_LAGGED_PBP,development
00-0034457,2020,RB,AGE_DRAFT_INTERACTIONS,1.0,1,1,HIGH_LOCKED_LAGGED_PBP,development
00-0034578,2020,RB,AGE_DRAFT_INTERACTIONS,1.0,1,1,HIGH_LOCKED_LAGGED_PBP,development
00-0034681,2020,RB,AGE_DRAFT_INTERACTIONS,1.0,1,1,HIGH_LOCKED_LAGGED_PBP,development
00-0034750,2020,RB,AGE_DRAFT_INTERACTIONS,1.0,1,1,HIGH_LOCKED_LAGGED_PBP,development
00-0034799,2020,RB,AGE_DRAFT_INTERACTIONS,1.0,1,1,HIGH_LOCKED_LAGGED_PBP,development
00-0034838,2020,RB,AGE_DRAFT_INTERACTIONS,1.0,1,1,HIGH_LOCKED_LAGGED_PBP,development
00-0034844,2020,RB,AGE_DRAFT_INTERACTIONS,1.0,1,1,HIGH_LOCKED_LAGGED_PBP,development
00-0034995,2020,RB,AGE_DRAFT_INTERACTIONS,1.0,1,1,HIGH_LOCKED_LAGGED_PBP,development
00-0035184,2020,RB,AGE_DRAFT_INTERACTIONS,1.0,1,1,HIGH_LOCKED_LAGGED_PBP,development
00-0035261,2020,RB,AGE_DRAFT_INTERACTIONS,1.0,1,1,HIGH_LOCKED_LAGGED_PBP,development
00-0035273,2020,RB,AGE_DRAFT_INTERACTIONS,1.0,1,1,HIGH_LOCKED_LAGGED_PBP,development
00-0035311,2020,RB,AGE_DRAFT_INTERACTIONS,1.0,1,1,HIGH_LOCKED_LAGGED_PBP,development
00-0035342,2020,RB,AGE_DRAFT_INTERACTIONS,1.0,1,1,HIGH_LOCKED_LAGGED_PBP,development
00-0035537,2020,RB,AGE_DRAFT_INTERACTIONS,1.0,1,1,HIGH_LOCKED_LAGGED_PBP,development
00-0035551,2020,RB,AGE_DRAFT_INTERACTIONS,1.0,1,1,HIGH_LOCKED_LAGGED_PBP,development
00-0035657,2020,RB,AGE_DRAFT_INTERACTIONS,1.0,1,1,HIGH_LOCKED_LAGGED_PBP,development
00-0035664,2020,RB,AGE_DRAFT_INTERACTIONS,1.0,1,1,HIGH_LOCKED_LAGGED_PBP,development
00-0035700,2020,RB,AGE_DRAFT_INTERACTIONS,1.0,1,1,HIGH_LOCKED_LAGGED_PBP,development
00-0035726,2020,RB,AGE_DRAFT_INTERACTIONS,1.0,1,1,HIGH_LOCKED_LAGGED_PBP,development
00-0022921,2020,WR,AGE_DRAFT_INTERACTIONS,1.0,1,1,HIGH_LOCKED_LAGGED_PBP,development
00-0026035,2020,WR,AGE_DRAFT_INTERACTIONS,1.0,1,1,HIGH_LOCKED_LAGGED_PBP,development
00-0026189,2020,WR,AGE_DRAFT_INTERACTIONS,1.0,1,1,HIGH_LOCKED_LAGGED_PBP,development
00-0027891,2020,WR,AGE_DRAFT_INTERACTIONS,1.0,1,1,HIGH_LOCKED_LAGGED_PBP,development
00-0027944,2020,WR,AGE_DRAFT_INTERACTIONS,1.0,1,1,HIGH_LOCKED_LAGGED_PBP,development
00-0028002,2020,WR,AGE_DRAFT_INTERACTIONS,1.0,1,1,HIGH_LOCKED_LAGGED_PBP,development
00-0028114,2020,WR,AGE_DRAFT_INTERACTIONS,1.0,1,1,HIGH_LOCKED_LAGGED_PBP,development
00-0028237,2020,WR,AGE_DRAFT_INTERACTIONS,1.0,1,1,HIGH_LOCKED_LAGGED_PBP,development
00-0028411,2020,WR,AGE_DRAFT_INTERACTIONS,1.0,1,1,HIGH_LOCKED_LAGGED_PBP,development
00-0029137,2020,WR,AGE_DRAFT_INTERACTIONS,1.0,1,1,HIGH_LOCKED_LAGGED_PBP,development
00-0029293,2020,WR,AGE_DRAFT_INTERACTIONS,1.0,1,1,HIGH_LOCKED_LAGGED_PBP,development
00-0030279,2020,WR,AGE_DRAFT_INTERACTIONS,1.0,1,1,HIGH_LOCKED_LAGGED_PBP,development
00-0030670,2020,WR,AGE_DRAFT_INTERACTIONS,1.0,1,1,HIGH_LOCKED_LAGGED_PBP,development
00-0031235,2020,WR,AGE_DRAFT_INTERACTIONS,1.0,1,1,HIGH_LOCKED_LAGGED_PBP,development
00-0031236,2020,WR,AGE_DRAFT_INTERACTIONS,1.0,1,1,HIGH_LOCKED_LAGGED_PBP,development
00-0031319,2020,WR,AGE_DRAFT_INTERACTIONS,1.0,1,1,HIGH_LOCKED_LAGGED_PBP,development
00-0031339,2020,WR,AGE_DRAFT_INTERACTIONS,1.0,1,1,HIGH_LOCKED_LAGGED_PBP,development
00-0031544,2020,WR,AGE_DRAFT_INTERACTIONS,1.0,1,1,HIGH_LOCKED_LAGGED_PBP,development
00-0031547,2020,WR,AGE_DRAFT_INTERACTIONS,1.0,1,1,HIGH_LOCKED_LAGGED_PBP,development
00-0031549,2020,WR,AGE_DRAFT_INTERACTIONS,1.0,1,1,HIGH_LOCKED_LAGGED_PBP,development
00-0031868,2020,WR,AGE_DRAFT_INTERACTIONS,1.0,1,1,HIGH_LOCKED_LAGGED_PBP,development
00-0031941,2020,WR,AGE_DRAFT_INTERACTIONS,1.0,1,1,HIGH_LOCKED_LAGGED_PBP,development
00-0032054,2020,WR,AGE_DRAFT_INTERACTIONS,1.0,1,1,HIGH_LOCKED_LAGGED_PBP,development
00-0032128,2020,WR,AGE_DRAFT_INTERACTIONS,1.0,1,1,HIGH_LOCKED_LAGGED_PBP,development
00-0032385,2020,WR,AGE_DRAFT_INTERACTIONS,1.0,1,1,HIGH_LOCKED_LAGGED_PBP,development
00-0032543,2020,WR,AGE_DRAFT_INTERACTIONS,1.0,1,1,HIGH_LOCKED_LAGGED_PBP,development
00-0032688,2020,WR,AGE_DRAFT_INTERACTIONS,1.0,1,1,HIGH_LOCKED_LAGGED_PBP,development
00-0032791,2020,WR,AGE_DRAFT_INTERACTIONS,1.0,1,1,HIGH_LOCKED_LAGGED_PBP,development
00-0032951,2020,WR,AGE_DRAFT_INTERACTIONS,1.0,1,1,HIGH_LOCKED_LAGGED_PBP,development
00-0032980,2020,WR,AGE_DRAFT_INTERACTIONS,1.0,1,1,HIGH_LOCKED_LAGGED_PBP,development
00-0033009,2020,WR,AGE_DRAFT_INTERACTIONS,1.0,1,1,HIGH_LOCKED_LAGGED_PBP,development
00-0033094,2020,WR,AGE_DRAFT_INTERACTIONS,1.0,1,1,HIGH_LOCKED_LAGGED_PBP,development
00-0033111,2020,WR,AGE_DRAFT_INTERACTIONS,1.0,1,1,HIGH_LOCKED_LAGGED_PBP,development
00-0033114,2020,WR,AGE_DRAFT_INTERACTIONS,1.0,1,1,HIGH_LOCKED_LAGGED_PBP,development
00-0033215,2020,WR,AGE_DRAFT_INTERACTIONS,1.0,1,1,HIGH_LOCKED_LAGGED_PBP,development
00-0033266,2020,WR,AGE_DRAFT_INTERACTIONS,1.0,1,0,HIGH_LOCKED_LAGGED_PBP,development
00-0033282,2020,WR,AGE_DRAFT_INTERACTIONS,1.0,1,1,HIGH_LOCKED_LAGGED_PBP,development
00-0033367,2020,WR,AGE_DRAFT_INTERACTIONS,1.0,1,1,HIGH_LOCKED_LAGGED_PBP,development
00-0033375,2020,WR,AGE_DRAFT_INTERACTIONS,1.0,1,1,HIGH_LOCKED_LAGGED_PBP,development
00-0033382,2020,WR,AGE_DRAFT_INTERACTIONS,1.0,1,1,HIGH_LOCKED_LAGGED_PBP,development
00-0033386,2020,WR,AGE_DRAFT_INTERACTIONS,1.0,1,1,HIGH_LOCKED_LAGGED_PBP,development
00-0033460,2020,WR,AGE_DRAFT_INTERACTIONS,1.0,1,1,HIGH_LOCKED_LAGGED_PBP,development
00-0033471,2020,WR,AGE_DRAFT_INTERACTIONS,1.0,1,1,HIGH_LOCKED_LAGGED_PBP,development
00-0033474,2020,WR,AGE_DRAFT_INTERACTIONS,1.0,1,0,HIGH_LOCKED_LAGGED_PBP,development
00-0033536,2020,WR,AGE_DRAFT_INTERACTIONS,1.0,1,1,HIGH_LOCKED_LAGGED_PBP,development
00-0033555,2020,WR,AGE_DRAFT_INTERACTIONS,1.0,1,1,HIGH_LOCKED_LAGGED_PBP,development
00-0033572,2020,WR,AGE_DRAFT_INTERACTIONS,1.0,1,1,HIGH_LOCKED_LAGGED_PBP,development
00-0033681,2020,WR,AGE_DRAFT_INTERACTIONS,1.0,1,1,HIGH_LOCKED_LAGGED_PBP,development
00-0033839,2020,WR,AGE_DRAFT_INTERACTIONS,1.0,1,1,HIGH_LOCKED_LAGGED_PBP,development
00-0033891,2020,WR,AGE_DRAFT_INTERACTIONS,1.0,1,1,HIGH_LOCKED_LAGGED_PBP,development
00-0033911,2020,WR,AGE_DRAFT_INTERACTIONS,1.0,1,1,HIGH_LOCKED_LAGGED_PBP,development
00-0033932,2020,WR,AGE_DRAFT_INTERACTIONS,1.0,1,1,HIGH_LOCKED_LAGGED_PBP,development
00-0034052,2020,WR,AGE_DRAFT_INTERACTIONS,1.0,1,1,HIGH_LOCKED_LAGGED_PBP,development
00-0034081,2020,WR,AGE_DRAFT_INTERACTIONS,1.0,1,1,HIGH_LOCKED_LAGGED_PBP,development
00-0034132,2020,WR,AGE_DRAFT_INTERACTIONS,1.0,1,1,HIGH_LOCKED_LAGGED_PBP,development
00-0034267,2020,WR,AGE_DRAFT_INTERACTIONS,1.0,1,1,HIGH_LOCKED_LAGGED_PBP,development
00-0034273,2020,WR,AGE_DRAFT_INTERACTIONS,1.0,1,1,HIGH_LOCKED_LAGGED_PBP,development
00-0034309,2020,WR,AGE_DRAFT_INTERACTIONS,1.0,1,1,HIGH_LOCKED_LAGGED_PBP,development
00-0034339,2020,WR,AGE_DRAFT_INTERACTIONS,1.0,1,1,HIGH_LOCKED_LAGGED_PBP,development
00-0034348,2020,WR,AGE_DRAFT_INTERACTIONS,1.0,1,1,HIGH_LOCKED_LAGGED_PBP,development
00-0034366,2020,WR,AGE_DRAFT_INTERACTIONS,1.0,1,1,HIGH_LOCKED_LAGGED_PBP,development
00-0034370,2020,WR,AGE_DRAFT_INTERACTIONS,1.0,1,1,HIGH_LOCKED_LAGGED_PBP,development
00-0034411,2020,WR,AGE_DRAFT_INTERACTIONS,1.0,1,1,HIGH_LOCKED_LAGGED_PBP,development
00-0034418,2020,WR,AGE_DRAFT_INTERACTIONS,1.0,1,1,HIGH_LOCKED_LAGGED_PBP,development
00-0034419,2020,WR,AGE_DRAFT_INTERACTIONS,1.0,1,1,HIGH_LOCKED_LAGGED_PBP,development
00-0034487,2020,WR,AGE_DRAFT_INTERACTIONS,1.0,1,1,HIGH_LOCKED_LAGGED_PBP,development
00-0034510,2020,WR,AGE_DRAFT_INTERACTIONS,1.0,1,1,HIGH_LOCKED_LAGGED_PBP,development
00-0034631,2020,WR,AGE_DRAFT_INTERACTIONS,1.0,1,1,HIGH_LOCKED_LAGGED_PBP,development
00-0034660,2020,WR,AGE_DRAFT_INTERACTIONS,1.0,1,1,HIGH_LOCKED_LAGGED_PBP,development
00-0034686,2020,WR,AGE_DRAFT_INTERACTIONS,1.0,1,1,HIGH_LOCKED_LAGGED_PBP,development
00-0034764,2020,WR,AGE_DRAFT_INTERACTIONS,1.0,1,1,HIGH_LOCKED_LAGGED_PBP,development
00-0034772,2020,WR,AGE_DRAFT_INTERACTIONS,1.0,1,1,HIGH_LOCKED_LAGGED_PBP,development
00-0034775,2020,WR,AGE_DRAFT_INTERACTIONS,1.0,1,1,HIGH_LOCKED_LAGGED_PBP,development
00-0034777,2020,WR,AGE_DRAFT_INTERACTIONS,1.0,1,1,HIGH_LOCKED_LAGGED_PBP,development
00-0034827,2020,WR,AGE_DRAFT_INTERACTIONS,1.0,1,1,HIGH_LOCKED_LAGGED_PBP,development
00-0034837,2020,WR,AGE_DRAFT_INTERACTIONS,1.0,1,1,HIGH_LOCKED_LAGGED_PBP,development
00-0034854,2020,WR,AGE_DRAFT_INTERACTIONS,1.0,1,1,HIGH_LOCKED_LAGGED_PBP,development
00-0034860,2020,WR,AGE_DRAFT_INTERACTIONS,1.0,1,1,HIGH_LOCKED_LAGGED_PBP,development
00-0034960,2020,WR,AGE_DRAFT_INTERACTIONS,1.0,1,1,HIGH_LOCKED_LAGGED_PBP,development
00-0034983,2020,WR,AGE_DRAFT_INTERACTIONS,1.0,1,1,HIGH_LOCKED_LAGGED_PBP,development
00-0035021,2020,WR,AGE_DRAFT_INTERACTIONS,1.0,1,1,HIGH_LOCKED_LAGGED_PBP,development
00-0035181,2020,WR,AGE_DRAFT_INTERACTIONS,1.0,1,1,HIGH_LOCKED_LAGGED_PBP,development
00-0035208,2020,WR,AGE_DRAFT_INTERACTIONS,1.0,1,1,HIGH_LOCKED_LAGGED_PBP,development
00-0035246,2020,WR,AGE_DRAFT_INTERACTIONS,1.0,1,1,HIGH_LOCKED_LAGGED_PBP,development
00-0035287,2020,WR,AGE_DRAFT_INTERACTIONS,1.0,1,1,HIGH_LOCKED_LAGGED_PBP,development
00-0035350,2020,WR,AGE_DRAFT_INTERACTIONS,1.0,1,1,HIGH_LOCKED_LAGGED_PBP,development
00-0035399,2020,WR,AGE_DRAFT_INTERACTIONS,1.0,1,1,HIGH_LOCKED_LAGGED_PBP,development
00-0035414,2020,WR,AGE_DRAFT_INTERACTIONS,1.0,1,1,HIGH_LOCKED_LAGGED_PBP,development
00-0035510,2020,WR,AGE_DRAFT_INTERACTIONS,1.0,1,1,HIGH_LOCKED_LAGGED_PBP,development
00-0035527,2020,WR,AGE_DRAFT_INTERACTIONS,1.0,1,1,HIGH_LOCKED_LAGGED_PBP,development
00-0035535,2020,WR,AGE_DRAFT_INTERACTIONS,1.0,1,1,HIGH_LOCKED_LAGGED_PBP,development
00-0035592,2020,WR,AGE_DRAFT_INTERACTIONS,1.0,1,1,HIGH_LOCKED_LAGGED_PBP,development
00-0035639,2020,WR,AGE_DRAFT_INTERACTIONS,1.0,1,1,HIGH_LOCKED_LAGGED_PBP,development
00-0035645,2020,WR,AGE_DRAFT_INTERACTIONS,1.0,1,1,HIGH_LOCKED_LAGGED_PBP,development
00-0022127,2020,TE,AGE_DRAFT_INTERACTIONS,1.0,1,1,HIGH_LOCKED_LAGGED_PBP,development
00-0025418,2020,TE,AGE_DRAFT_INTERACTIONS,1.0,1,1,HIGH_LOCKED_LAGGED_PBP,development
00-0028042,2020,TE,AGE_DRAFT_INTERACTIONS,1.0,1,1,HIGH_LOCKED_LAGGED_PBP,development
00-0028142,2020,TE,AGE_DRAFT_INTERACTIONS,1.0,1,1,HIGH_LOCKED_LAGGED_PBP,development
00-0029119,2020,TE,AGE_DRAFT_INTERACTIONS,1.0,1,1,HIGH_LOCKED_LAGGED_PBP,development
00-0030108,2020,TE,AGE_DRAFT_INTERACTIONS,1.0,1,1,HIGH_LOCKED_LAGGED_PBP,development
00-0030443,2020,TE,AGE_DRAFT_INTERACTIONS,1.0,1,1,HIGH_LOCKED_LAGGED_PBP,development
00-0030549,2020,TE,AGE_DRAFT_INTERACTIONS,1.0,1,1,HIGH_LOCKED_LAGGED_PBP,development
00-0031484,2020,TE,AGE_DRAFT_INTERACTIONS,1.0,1,1,HIGH_LOCKED_LAGGED_PBP,development
00-0031558,2020,TE,AGE_DRAFT_INTERACTIONS,1.0,1,1,HIGH_LOCKED_LAGGED_PBP,development
00-0031610,2020,TE,AGE_DRAFT_INTERACTIONS,1.0,1,1,HIGH_LOCKED_LAGGED_PBP,development
00-0031690,2020,TE,AGE_DRAFT_INTERACTIONS,1.0,1,1,HIGH_LOCKED_LAGGED_PBP,development
00-0031951,2020,TE,AGE_DRAFT_INTERACTIONS,1.0,1,1,HIGH_LOCKED_LAGGED_PBP,development
00-0032098,2020,TE,AGE_DRAFT_INTERACTIONS,1.0,1,1,HIGH_LOCKED_LAGGED_PBP,development
00-0032134,2020,TE,AGE_DRAFT_INTERACTIONS,1.0,1,1,HIGH_LOCKED_LAGGED_PBP,development
00-0032135,2020,TE,AGE_DRAFT_INTERACTIONS,1.0,1,1,HIGH_LOCKED_LAGGED_PBP,development
00-0032394,2020,TE,AGE_DRAFT_INTERACTIONS,1.0,1,1,HIGH_LOCKED_LAGGED_PBP,development
00-0032986,2020,TE,AGE_DRAFT_INTERACTIONS,1.0,1,1,HIGH_LOCKED_LAGGED_PBP,development
00-0033080,2020,TE,AGE_DRAFT_INTERACTIONS,1.0,1,1,HIGH_LOCKED_LAGGED_PBP,development
00-0033090,2020,TE,AGE_DRAFT_INTERACTIONS,1.0,1,1,HIGH_LOCKED_LAGGED_PBP,development
00-0033258,2020,TE,AGE_DRAFT_INTERACTIONS,1.0,1,1,HIGH_LOCKED_LAGGED_PBP,development
00-0033338,2020,TE,AGE_DRAFT_INTERACTIONS,1.0,1,1,HIGH_LOCKED_LAGGED_PBP,development
00-0033421,2020,TE,AGE_DRAFT_INTERACTIONS,1.0,1,1,HIGH_LOCKED_LAGGED_PBP,development
00-0033439,2020,TE,AGE_DRAFT_INTERACTIONS,1.0,1,1,HIGH_LOCKED_LAGGED_PBP,development
00-0033576,2020,TE,AGE_DRAFT_INTERACTIONS,1.0,1,1,HIGH_LOCKED_LAGGED_PBP,development
00-0033658,2020,TE,AGE_DRAFT_INTERACTIONS,1.0,1,1,HIGH_LOCKED_LAGGED_PBP,development
00-0033879,2020,TE,AGE_DRAFT_INTERACTIONS,1.0,1,1,HIGH_LOCKED_LAGGED_PBP,development
00-0033881,2020,TE,AGE_DRAFT_INTERACTIONS,1.0,1,1,HIGH_LOCKED_LAGGED_PBP,development
00-0033896,2020,TE,AGE_DRAFT_INTERACTIONS,1.0,1,1,HIGH_LOCKED_LAGGED_PBP,development
00-0034011,2020,TE,AGE_DRAFT_INTERACTIONS,1.0,1,1,HIGH_LOCKED_LAGGED_PBP,development
00-0034073,2020,TE,AGE_DRAFT_INTERACTIONS,1.0,1,1,HIGH_LOCKED_LAGGED_PBP,development
00-0034364,2020,TE,AGE_DRAFT_INTERACTIONS,1.0,1,1,HIGH_LOCKED_LAGGED_PBP,development
00-0034365,2020,TE,AGE_DRAFT_INTERACTIONS,1.0,1,1,HIGH_LOCKED_LAGGED_PBP,development
00-0034383,2020,TE,AGE_DRAFT_INTERACTIONS,1.0,1,1,HIGH_LOCKED_LAGGED_PBP,development
00-0034393,2020,TE,AGE_DRAFT_INTERACTIONS,1.0,1,1,HIGH_LOCKED_LAGGED_PBP,development
00-0034439,2020,TE,AGE_DRAFT_INTERACTIONS,1.0,1,1,HIGH_LOCKED_LAGGED_PBP,development
00-0034766,2020,TE,AGE_DRAFT_INTERACTIONS,1.0,1,1,HIGH_LOCKED_LAGGED_PBP,development
00-0034788,2020,TE,AGE_DRAFT_INTERACTIONS,1.0,1,1,HIGH_LOCKED_LAGGED_PBP,development
00-0034798,2020,TE,AGE_DRAFT_INTERACTIONS,1.0,1,1,HIGH_LOCKED_LAGGED_PBP,development
00-0034829,2020,TE,AGE_DRAFT_INTERACTIONS,1.0,1,1,HIGH_LOCKED_LAGGED_PBP,development
00-0034981,2020,TE,AGE_DRAFT_INTERACTIONS,1.0,1,1,HIGH_LOCKED_LAGGED_PBP,development
00-0034988,2020,TE,AGE_DRAFT_INTERACTIONS,1.0,1,1,HIGH_LOCKED_LAGGED_PBP,development
00-0035039,2020,TE,AGE_DRAFT_INTERACTIONS,1.0,1,1,HIGH_LOCKED_LAGGED_PBP,development
00-0035229,2020,TE,AGE_DRAFT_INTERACTIONS,1.0,1,1,HIGH_LOCKED_LAGGED_PBP,development
00-0035259,2020,TE,AGE_DRAFT_INTERACTIONS,1.0,1,1,HIGH_LOCKED_LAGGED_PBP,development
00-0035539,2020,TE,AGE_DRAFT_INTERACTIONS,1.0,1,1,HIGH_LOCKED_LAGGED_PBP,development
00-0035631,2020,TE,AGE_DRAFT_INTERACTIONS,1.0,1,1,HIGH_LOCKED_LAGGED_PBP,development
00-0035644,2020,TE,AGE_DRAFT_INTERACTIONS,1.0,1,1,HIGH_LOCKED_LAGGED_PBP,development
00-0023682,2021,QB,AGE_DRAFT_INTERACTIONS,1.0,1,1,HIGH_LOCKED_LAGGED_PBP,development
00-0026143,2021,QB,AGE_DRAFT_INTERACTIONS,1.0,1,1,HIGH_LOCKED_LAGGED_PBP,development
00-0026158,2021,QB,AGE_DRAFT_INTERACTIONS,1.0,1,1,HIGH_LOCKED_LAGGED_PBP,development
00-0026544,2021,QB,AGE_DRAFT_INTERACTIONS,1.0,1,1,HIGH_LOCKED_LAGGED_PBP,development
00-0026625,2021,QB,AGE_DRAFT_INTERACTIONS,1.0,1,1,HIGH_LOCKED_LAGGED_PBP,development
00-0027688,2021,QB,AGE_DRAFT_INTERACTIONS,1.0,1,1,HIGH_LOCKED_LAGGED_PBP,development
00-0027939,2021,QB,AGE_DRAFT_INTERACTIONS,1.0,1,1,HIGH_LOCKED_LAGGED_PBP,development
00-0027948,2021,QB,AGE_DRAFT_INTERACTIONS,1.0,1,1,HIGH_LOCKED_LAGGED_PBP,development
00-0027973,2021,QB,AGE_DRAFT_INTERACTIONS,1.0,1,1,HIGH_LOCKED_LAGGED_PBP,development
00-0028118,2021,QB,AGE_DRAFT_INTERACTIONS,1.0,1,1,HIGH_LOCKED_LAGGED_PBP,development
00-0028986,2021,QB,AGE_DRAFT_INTERACTIONS,1.0,1,1,HIGH_LOCKED_LAGGED_PBP,development
00-0029567,2021,QB,AGE_DRAFT_INTERACTIONS,1.0,1,1,HIGH_LOCKED_LAGGED_PBP,development
00-0029604,2021,QB,AGE_DRAFT_INTERACTIONS,1.0,1,1,HIGH_LOCKED_LAGGED_PBP,development
00-0030520,2021,QB,AGE_DRAFT_INTERACTIONS,1.0,1,1,HIGH_LOCKED_LAGGED_PBP,development
00-0030565,2021,QB,AGE_DRAFT_INTERACTIONS,1.0,1,1,HIGH_LOCKED_LAGGED_PBP,development
00-0031237,2021,QB,AGE_DRAFT_INTERACTIONS,1.0,1,1,HIGH_LOCKED_LAGGED_PBP,development
00-0031395,2021,QB,AGE_DRAFT_INTERACTIONS,1.0,1,1,HIGH_LOCKED_LAGGED_PBP,development
00-0032268,2021,QB,AGE_DRAFT_INTERACTIONS,1.0,1,1,HIGH_LOCKED_LAGGED_PBP,development
00-0032434,2021,QB,AGE_DRAFT_INTERACTIONS,1.0,1,1,HIGH_LOCKED_LAGGED_PBP,development
00-0032950,2021,QB,AGE_DRAFT_INTERACTIONS,1.0,1,1,HIGH_LOCKED_LAGGED_PBP,development
00-0033275,2021,QB,AGE_DRAFT_INTERACTIONS,1.0,1,1,HIGH_LOCKED_LAGGED_PBP,development
00-0033319,2021,QB,AGE_DRAFT_INTERACTIONS,1.0,1,1,HIGH_LOCKED_LAGGED_PBP,development
00-0033936,2021,QB,AGE_DRAFT_INTERACTIONS,1.0,1,1,HIGH_LOCKED_LAGGED_PBP,development
00-0033958,2021,QB,AGE_DRAFT_INTERACTIONS,1.0,1,1,HIGH_LOCKED_LAGGED_PBP,development
00-0034177,2021,QB,AGE_DRAFT_INTERACTIONS,1.0,1,1,HIGH_LOCKED_LAGGED_PBP,development
00-0034438,2021,QB,AGE_DRAFT_INTERACTIONS,1.0,1,1,HIGH_LOCKED_LAGGED_PBP,development
00-0034577,2021,QB,AGE_DRAFT_INTERACTIONS,1.0,1,1,HIGH_LOCKED_LAGGED_PBP,development
00-0034771,2021,QB,AGE_DRAFT_INTERACTIONS,1.0,1,1,HIGH_LOCKED_LAGGED_PBP,development
00-0034869,2021,QB,AGE_DRAFT_INTERACTIONS,1.0,1,1,HIGH_LOCKED_LAGGED_PBP,development
00-0034955,2021,QB,AGE_DRAFT_INTERACTIONS,1.0,1,1,HIGH_LOCKED_LAGGED_PBP,development
00-0035040,2021,QB,AGE_DRAFT_INTERACTIONS,1.0,1,1,HIGH_LOCKED_LAGGED_PBP,development
00-0035289,2021,QB,AGE_DRAFT_INTERACTIONS,1.0,1,1,HIGH_LOCKED_LAGGED_PBP,development
00-0035704,2021,QB,AGE_DRAFT_INTERACTIONS,1.0,1,1,HIGH_LOCKED_LAGGED_PBP,development
00-0035710,2021,QB,AGE_DRAFT_INTERACTIONS,1.0,1,1,HIGH_LOCKED_LAGGED_PBP,development
00-0035752,2021,QB,AGE_DRAFT_INTERACTIONS,1.0,1,1,HIGH_LOCKED_LAGGED_PBP,development
00-0036212,2021,QB,AGE_DRAFT_INTERACTIONS,1.0,1,1,HIGH_LOCKED_LAGGED_PBP,development
00-0036355,2021,QB,AGE_DRAFT_INTERACTIONS,1.0,1,1,HIGH_LOCKED_LAGGED_PBP,development
00-0025394,2021,RB,AGE_DRAFT_INTERACTIONS,1.0,1,1,HIGH_LOCKED_LAGGED_PBP,development
00-0027966,2021,RB,AGE_DRAFT_INTERACTIONS,1.0,1,1,HIGH_LOCKED_LAGGED_PBP,development
00-0030288,2021,RB,AGE_DRAFT_INTERACTIONS,1.0,1,1,HIGH_LOCKED_LAGGED_PBP,development
00-0030465,2021,RB,AGE_DRAFT_INTERACTIONS,1.0,1,1,HIGH_LOCKED_LAGGED_PBP,development
00-0031062,2021,RB,AGE_DRAFT_INTERACTIONS,1.0,1,1,HIGH_LOCKED_LAGGED_PBP,development
00-0031285,2021,RB,AGE_DRAFT_INTERACTIONS,1.0,1,1,HIGH_LOCKED_LAGGED_PBP,development
00-0031687,2021,RB,AGE_DRAFT_INTERACTIONS,1.0,1,1,HIGH_LOCKED_LAGGED_PBP,development
00-0032058,2021,RB,AGE_DRAFT_INTERACTIONS,1.0,1,1,HIGH_LOCKED_LAGGED_PBP,development
00-0032063,2021,RB,AGE_DRAFT_INTERACTIONS,1.0,1,1,HIGH_LOCKED_LAGGED_PBP,development
00-0032104,2021,RB,AGE_DRAFT_INTERACTIONS,1.0,1,1,HIGH_LOCKED_LAGGED_PBP,development
00-0032144,2021,RB,AGE_DRAFT_INTERACTIONS,1.0,1,1,HIGH_LOCKED_LAGGED_PBP,development
00-0032187,2021,RB,AGE_DRAFT_INTERACTIONS,1.0,1,1,HIGH_LOCKED_LAGGED_PBP,development
00-0032257,2021,RB,AGE_DRAFT_INTERACTIONS,1.0,1,1,HIGH_LOCKED_LAGGED_PBP,development
00-0032426,2021,RB,AGE_DRAFT_INTERACTIONS,1.0,1,1,HIGH_LOCKED_LAGGED_PBP,development
00-0032972,2021,RB,AGE_DRAFT_INTERACTIONS,1.0,1,1,HIGH_LOCKED_LAGGED_PBP,development
00-0032975,2021,RB,AGE_DRAFT_INTERACTIONS,1.0,1,1,HIGH_LOCKED_LAGGED_PBP,development
00-0033118,2021,RB,AGE_DRAFT_INTERACTIONS,1.0,1,1,HIGH_LOCKED_LAGGED_PBP,development
00-0033280,2021,RB,AGE_DRAFT_INTERACTIONS,1.0,1,1,HIGH_LOCKED_LAGGED_PBP,development
00-0033296,2021,RB,AGE_DRAFT_INTERACTIONS,1.0,1,1,HIGH_LOCKED_LAGGED_PBP,development
00-0033308,2021,RB,AGE_DRAFT_INTERACTIONS,1.0,1,1,HIGH_LOCKED_LAGGED_PBP,development
00-0033567,2021,RB,AGE_DRAFT_INTERACTIONS,1.0,1,1,HIGH_LOCKED_LAGGED_PBP,development
00-0033699,2021,RB,AGE_DRAFT_INTERACTIONS,1.0,1,1,HIGH_LOCKED_LAGGED_PBP,development
00-0033725,2021,RB,AGE_DRAFT_INTERACTIONS,1.0,1,1,HIGH_LOCKED_LAGGED_PBP,development
00-0033854,2021,RB,AGE_DRAFT_INTERACTIONS,1.0,1,1,HIGH_LOCKED_LAGGED_PBP,development
00-0033893,2021,RB,AGE_DRAFT_INTERACTIONS,1.0,1,1,HIGH_LOCKED_LAGGED_PBP,development
00-0033950,2021,RB,AGE_DRAFT_INTERACTIONS,1.0,1,1,HIGH_LOCKED_LAGGED_PBP,development
00-0033951,2021,RB,AGE_DRAFT_INTERACTIONS,1.0,1,1,HIGH_LOCKED_LAGGED_PBP,development
00-0034109,2021,RB,AGE_DRAFT_INTERACTIONS,1.0,1,1,HIGH_LOCKED_LAGGED_PBP,development
00-0034115,2021,RB,AGE_DRAFT_INTERACTIONS,1.0,1,1,HIGH_LOCKED_LAGGED_PBP,development
00-0034164,2021,RB,AGE_DRAFT_INTERACTIONS,1.0,1,1,HIGH_LOCKED_LAGGED_PBP,development
00-0034208,2021,RB,AGE_DRAFT_INTERACTIONS,1.0,1,1,HIGH_LOCKED_LAGGED_PBP,development
00-0034331,2021,RB,AGE_DRAFT_INTERACTIONS,1.0,1,1,HIGH_LOCKED_LAGGED_PBP,development
00-0034378,2021,RB,AGE_DRAFT_INTERACTIONS,1.0,1,1,HIGH_LOCKED_LAGGED_PBP,development
00-0034400,2021,RB,AGE_DRAFT_INTERACTIONS,1.0,1,1,HIGH_LOCKED_LAGGED_PBP,development
00-0034440,2021,RB,AGE_DRAFT_INTERACTIONS,1.0,1,1,HIGH_LOCKED_LAGGED_PBP,development
00-0034578,2021,RB,AGE_DRAFT_INTERACTIONS,1.0,1,1,HIGH_LOCKED_LAGGED_PBP,development
00-0034750,2021,RB,AGE_DRAFT_INTERACTIONS,1.0,1,1,HIGH_LOCKED_LAGGED_PBP,development
00-0034838,2021,RB,AGE_DRAFT_INTERACTIONS,1.0,1,1,HIGH_LOCKED_LAGGED_PBP,development
00-0034844,2021,RB,AGE_DRAFT_INTERACTIONS,1.0,1,1,HIGH_LOCKED_LAGGED_PBP,development
00-0034972,2021,RB,AGE_DRAFT_INTERACTIONS,1.0,1,1,HIGH_LOCKED_LAGGED_PBP,development
00-0035184,2021,RB,AGE_DRAFT_INTERACTIONS,1.0,1,1,HIGH_LOCKED_LAGGED_PBP,development
00-0035187,2021,RB,AGE_DRAFT_INTERACTIONS,1.0,1,1,HIGH_LOCKED_LAGGED_PBP,development
00-0035273,2021,RB,AGE_DRAFT_INTERACTIONS,1.0,1,1,HIGH_LOCKED_LAGGED_PBP,development
00-0035291,2021,RB,AGE_DRAFT_INTERACTIONS,1.0,1,1,HIGH_LOCKED_LAGGED_PBP,development
00-0035304,2021,RB,AGE_DRAFT_INTERACTIONS,1.0,1,1,HIGH_LOCKED_LAGGED_PBP,development
00-0035311,2021,RB,AGE_DRAFT_INTERACTIONS,1.0,1,1,HIGH_LOCKED_LAGGED_PBP,development
00-0035342,2021,RB,AGE_DRAFT_INTERACTIONS,1.0,1,1,HIGH_LOCKED_LAGGED_PBP,development
00-0035537,2021,RB,AGE_DRAFT_INTERACTIONS,1.0,1,1,HIGH_LOCKED_LAGGED_PBP,development
00-0035567,2021,RB,AGE_DRAFT_INTERACTIONS,1.0,1,1,HIGH_LOCKED_LAGGED_PBP,development
00-0035594,2021,RB,AGE_DRAFT_INTERACTIONS,1.0,1,1,HIGH_LOCKED_LAGGED_PBP,development
00-0035831,2021,RB,AGE_DRAFT_INTERACTIONS,1.0,1,1,HIGH_LOCKED_LAGGED_PBP,development
00-0035835,2021,RB,AGE_DRAFT_INTERACTIONS,1.0,1,0,HIGH_LOCKED_LAGGED_PBP,development
00-0035860,2021,RB,AGE_DRAFT_INTERACTIONS,1.0,1,1,HIGH_LOCKED_LAGGED_PBP,development
00-0035924,2021,RB,AGE_DRAFT_INTERACTIONS,1.0,1,1,HIGH_LOCKED_LAGGED_PBP,development
00-0035957,2021,RB,AGE_DRAFT_INTERACTIONS,1.0,1,1,HIGH_LOCKED_LAGGED_PBP,development
00-0036020,2021,RB,AGE_DRAFT_INTERACTIONS,1.0,1,1,HIGH_LOCKED_LAGGED_PBP,development
00-0036069,2021,RB,AGE_DRAFT_INTERACTIONS,1.0,1,1,HIGH_LOCKED_LAGGED_PBP,development
00-0036096,2021,RB,AGE_DRAFT_INTERACTIONS,1.0,1,1,HIGH_LOCKED_LAGGED_PBP,development
00-0036208,2021,RB,AGE_DRAFT_INTERACTIONS,1.0,1,1,HIGH_LOCKED_LAGGED_PBP,development
00-0036269,2021,RB,AGE_DRAFT_INTERACTIONS,1.0,1,1,HIGH_LOCKED_LAGGED_PBP,development
00-0036275,2021,RB,AGE_DRAFT_INTERACTIONS,1.0,1,1,HIGH_LOCKED_LAGGED_PBP,development
00-0036278,2021,RB,AGE_DRAFT_INTERACTIONS,1.0,1,1,HIGH_LOCKED_LAGGED_PBP,development
00-0036336,2021,RB,AGE_DRAFT_INTERACTIONS,1.0,1,1,HIGH_LOCKED_LAGGED_PBP,development
00-0036370,2021,RB,AGE_DRAFT_INTERACTIONS,1.0,1,1,HIGH_LOCKED_LAGGED_PBP,development
00-0036425,2021,RB,AGE_DRAFT_INTERACTIONS,1.0,1,1,HIGH_LOCKED_LAGGED_PBP,development
00-0026035,2021,WR,AGE_DRAFT_INTERACTIONS,1.0,1,1,HIGH_LOCKED_LAGGED_PBP,development
00-0028237,2021,WR,AGE_DRAFT_INTERACTIONS,1.0,1,1,HIGH_LOCKED_LAGGED_PBP,development
00-0029293,2021,WR,AGE_DRAFT_INTERACTIONS,1.0,1,1,HIGH_LOCKED_LAGGED_PBP,development
00-0029632,2021,WR,AGE_DRAFT_INTERACTIONS,1.0,1,1,HIGH_LOCKED_LAGGED_PBP,development
00-0030035,2021,WR,AGE_DRAFT_INTERACTIONS,1.0,1,1,HIGH_LOCKED_LAGGED_PBP,development
00-0030085,2021,WR,AGE_DRAFT_INTERACTIONS,1.0,1,1,HIGH_LOCKED_LAGGED_PBP,development
00-0030279,2021,WR,AGE_DRAFT_INTERACTIONS,1.0,1,1,HIGH_LOCKED_LAGGED_PBP,development
00-0030564,2021,WR,AGE_DRAFT_INTERACTIONS,1.0,1,1,HIGH_LOCKED_LAGGED_PBP,development
00-0031236,2021,WR,AGE_DRAFT_INTERACTIONS,1.0,1,1,HIGH_LOCKED_LAGGED_PBP,development
00-0031319,2021,WR,AGE_DRAFT_INTERACTIONS,1.0,1,1,HIGH_LOCKED_LAGGED_PBP,development
00-0031545,2021,WR,AGE_DRAFT_INTERACTIONS,1.0,1,0,HIGH_LOCKED_LAGGED_PBP,development
00-0031547,2021,WR,AGE_DRAFT_INTERACTIONS,1.0,1,1,HIGH_LOCKED_LAGGED_PBP,development
00-0031868,2021,WR,AGE_DRAFT_INTERACTIONS,1.0,1,1,HIGH_LOCKED_LAGGED_PBP,development
00-0031941,2021,WR,AGE_DRAFT_INTERACTIONS,1.0,1,1,HIGH_LOCKED_LAGGED_PBP,development
00-0032009,2021,WR,AGE_DRAFT_INTERACTIONS,1.0,1,1,HIGH_LOCKED_LAGGED_PBP,development
00-0032128,2021,WR,AGE_DRAFT_INTERACTIONS,1.0,1,1,HIGH_LOCKED_LAGGED_PBP,development
00-0032385,2021,WR,AGE_DRAFT_INTERACTIONS,1.0,1,1,HIGH_LOCKED_LAGGED_PBP,development
00-0032398,2021,WR,AGE_DRAFT_INTERACTIONS,1.0,1,0,HIGH_LOCKED_LAGGED_PBP,development
00-0032543,2021,WR,AGE_DRAFT_INTERACTIONS,1.0,1,1,HIGH_LOCKED_LAGGED_PBP,development
00-0032688,2021,WR,AGE_DRAFT_INTERACTIONS,1.0,1,1,HIGH_LOCKED_LAGGED_PBP,development
00-0032778,2021,WR,AGE_DRAFT_INTERACTIONS,1.0,1,1,HIGH_LOCKED_LAGGED_PBP,development
00-0032791,2021,WR,AGE_DRAFT_INTERACTIONS,1.0,1,1,HIGH_LOCKED_LAGGED_PBP,development
00-0032881,2021,WR,AGE_DRAFT_INTERACTIONS,1.0,1,1,HIGH_LOCKED_LAGGED_PBP,development
00-0032951,2021,WR,AGE_DRAFT_INTERACTIONS,1.0,1,1,HIGH_LOCKED_LAGGED_PBP,development
00-0032980,2021,WR,AGE_DRAFT_INTERACTIONS,1.0,1,1,HIGH_LOCKED_LAGGED_PBP,development
00-0033094,2021,WR,AGE_DRAFT_INTERACTIONS,1.0,1,1,HIGH_LOCKED_LAGGED_PBP,development
00-0033111,2021,WR,AGE_DRAFT_INTERACTIONS,1.0,1,1,HIGH_LOCKED_LAGGED_PBP,development
00-0033127,2021,WR,AGE_DRAFT_INTERACTIONS,1.0,1,1,HIGH_LOCKED_LAGGED_PBP,development
00-0033215,2021,WR,AGE_DRAFT_INTERACTIONS,1.0,1,1,HIGH_LOCKED_LAGGED_PBP,development
00-0033266,2021,WR,AGE_DRAFT_INTERACTIONS,1.0,1,1,HIGH_LOCKED_LAGGED_PBP,development
00-0033282,2021,WR,AGE_DRAFT_INTERACTIONS,1.0,1,1,HIGH_LOCKED_LAGGED_PBP,development
00-0033367,2021,WR,AGE_DRAFT_INTERACTIONS,1.0,1,1,HIGH_LOCKED_LAGGED_PBP,development
00-0033375,2021,WR,AGE_DRAFT_INTERACTIONS,1.0,1,1,HIGH_LOCKED_LAGGED_PBP,development
00-0033386,2021,WR,AGE_DRAFT_INTERACTIONS,1.0,1,1,HIGH_LOCKED_LAGGED_PBP,development
00-0033460,2021,WR,AGE_DRAFT_INTERACTIONS,1.0,1,1,HIGH_LOCKED_LAGGED_PBP,development
00-0033471,2021,WR,AGE_DRAFT_INTERACTIONS,1.0,1,1,HIGH_LOCKED_LAGGED_PBP,development
00-0033536,2021,WR,AGE_DRAFT_INTERACTIONS,1.0,1,1,HIGH_LOCKED_LAGGED_PBP,development
00-0033555,2021,WR,AGE_DRAFT_INTERACTIONS,1.0,1,1,HIGH_LOCKED_LAGGED_PBP,development
00-0033572,2021,WR,AGE_DRAFT_INTERACTIONS,1.0,1,1,HIGH_LOCKED_LAGGED_PBP,development
00-0033591,2021,WR,AGE_DRAFT_INTERACTIONS,1.0,1,1,HIGH_LOCKED_LAGGED_PBP,development
00-0033681,2021,WR,AGE_DRAFT_INTERACTIONS,1.0,1,1,HIGH_LOCKED_LAGGED_PBP,development
00-0033733,2021,WR,AGE_DRAFT_INTERACTIONS,1.0,1,1,HIGH_LOCKED_LAGGED_PBP,development
00-0033839,2021,WR,AGE_DRAFT_INTERACTIONS,1.0,1,1,HIGH_LOCKED_LAGGED_PBP,development
00-0033932,2021,WR,AGE_DRAFT_INTERACTIONS,1.0,1,1,HIGH_LOCKED_LAGGED_PBP,development
00-0034052,2021,WR,AGE_DRAFT_INTERACTIONS,1.0,1,1,HIGH_LOCKED_LAGGED_PBP,development
00-0034054,2021,WR,AGE_DRAFT_INTERACTIONS,1.0,1,1,HIGH_LOCKED_LAGGED_PBP,development
00-0034132,2021,WR,AGE_DRAFT_INTERACTIONS,1.0,1,1,HIGH_LOCKED_LAGGED_PBP,development
00-0034317,2021,WR,AGE_DRAFT_INTERACTIONS,1.0,1,1,HIGH_LOCKED_LAGGED_PBP,development
00-0034348,2021,WR,AGE_DRAFT_INTERACTIONS,1.0,1,1,HIGH_LOCKED_LAGGED_PBP,development
00-0034366,2021,WR,AGE_DRAFT_INTERACTIONS,1.0,1,1,HIGH_LOCKED_LAGGED_PBP,development
00-0034411,2021,WR,AGE_DRAFT_INTERACTIONS,1.0,1,1,HIGH_LOCKED_LAGGED_PBP,development
00-0034419,2021,WR,AGE_DRAFT_INTERACTIONS,1.0,1,1,HIGH_LOCKED_LAGGED_PBP,development
00-0034631,2021,WR,AGE_DRAFT_INTERACTIONS,1.0,1,1,HIGH_LOCKED_LAGGED_PBP,development
00-0034686,2021,WR,AGE_DRAFT_INTERACTIONS,1.0,1,1,HIGH_LOCKED_LAGGED_PBP,development
00-0034764,2021,WR,AGE_DRAFT_INTERACTIONS,1.0,1,1,HIGH_LOCKED_LAGGED_PBP,development
00-0034777,2021,WR,AGE_DRAFT_INTERACTIONS,1.0,1,1,HIGH_LOCKED_LAGGED_PBP,development
00-0034827,2021,WR,AGE_DRAFT_INTERACTIONS,1.0,1,1,HIGH_LOCKED_LAGGED_PBP,development
00-0034837,2021,WR,AGE_DRAFT_INTERACTIONS,1.0,1,1,HIGH_LOCKED_LAGGED_PBP,development
00-0034854,2021,WR,AGE_DRAFT_INTERACTIONS,1.0,1,1,HIGH_LOCKED_LAGGED_PBP,development
00-0034860,2021,WR,AGE_DRAFT_INTERACTIONS,1.0,1,1,HIGH_LOCKED_LAGGED_PBP,development
00-0035021,2021,WR,AGE_DRAFT_INTERACTIONS,1.0,1,1,HIGH_LOCKED_LAGGED_PBP,development
00-0035022,2021,WR,AGE_DRAFT_INTERACTIONS,1.0,1,1,HIGH_LOCKED_LAGGED_PBP,development
00-0035208,2021,WR,AGE_DRAFT_INTERACTIONS,1.0,1,1,HIGH_LOCKED_LAGGED_PBP,development
00-0035246,2021,WR,AGE_DRAFT_INTERACTIONS,1.0,1,1,HIGH_LOCKED_LAGGED_PBP,development
00-0035341,2021,WR,AGE_DRAFT_INTERACTIONS,1.0,1,1,HIGH_LOCKED_LAGGED_PBP,development
00-0035350,2021,WR,AGE_DRAFT_INTERACTIONS,1.0,1,1,HIGH_LOCKED_LAGGED_PBP,development
00-0035399,2021,WR,AGE_DRAFT_INTERACTIONS,1.0,1,0,HIGH_LOCKED_LAGGED_PBP,development
00-0035414,2021,WR,AGE_DRAFT_INTERACTIONS,1.0,1,1,HIGH_LOCKED_LAGGED_PBP,development
00-0035510,2021,WR,AGE_DRAFT_INTERACTIONS,1.0,1,1,HIGH_LOCKED_LAGGED_PBP,development
00-0035527,2021,WR,AGE_DRAFT_INTERACTIONS,1.0,1,1,HIGH_LOCKED_LAGGED_PBP,development
00-0035535,2021,WR,AGE_DRAFT_INTERACTIONS,1.0,1,1,HIGH_LOCKED_LAGGED_PBP,development
00-0035639,2021,WR,AGE_DRAFT_INTERACTIONS,1.0,1,1,HIGH_LOCKED_LAGGED_PBP,development
00-0035838,2021,WR,AGE_DRAFT_INTERACTIONS,1.0,1,0,HIGH_LOCKED_LAGGED_PBP,development
00-0035864,2021,WR,AGE_DRAFT_INTERACTIONS,1.0,1,1,HIGH_LOCKED_LAGGED_PBP,development
00-0035976,2021,WR,AGE_DRAFT_INTERACTIONS,1.0,1,0,HIGH_LOCKED_LAGGED_PBP,development
00-0036110,2021,WR,AGE_DRAFT_INTERACTIONS,1.0,1,1,HIGH_LOCKED_LAGGED_PBP,development
00-0036133,2021,WR,AGE_DRAFT_INTERACTIONS,1.0,1,1,HIGH_LOCKED_LAGGED_PBP,development
00-0036254,2021,WR,AGE_DRAFT_INTERACTIONS,1.0,1,1,HIGH_LOCKED_LAGGED_PBP,development
00-0036255,2021,WR,AGE_DRAFT_INTERACTIONS,1.0,1,1,HIGH_LOCKED_LAGGED_PBP,development
00-0036268,2021,WR,AGE_DRAFT_INTERACTIONS,1.0,1,1,HIGH_LOCKED_LAGGED_PBP,development
00-0036277,2021,WR,AGE_DRAFT_INTERACTIONS,1.0,1,1,HIGH_LOCKED_LAGGED_PBP,development
00-0036309,2021,WR,AGE_DRAFT_INTERACTIONS,1.0,1,1,HIGH_LOCKED_LAGGED_PBP,development
00-0036322,2021,WR,AGE_DRAFT_INTERACTIONS,1.0,1,1,HIGH_LOCKED_LAGGED_PBP,development
00-0036340,2021,WR,AGE_DRAFT_INTERACTIONS,1.0,1,1,HIGH_LOCKED_LAGGED_PBP,development
00-0036345,2021,WR,AGE_DRAFT_INTERACTIONS,1.0,1,0,HIGH_LOCKED_LAGGED_PBP,development
00-0036357,2021,WR,AGE_DRAFT_INTERACTIONS,1.0,1,1,HIGH_LOCKED_LAGGED_PBP,development
00-0036382,2021,WR,AGE_DRAFT_INTERACTIONS,1.0,1,1,HIGH_LOCKED_LAGGED_PBP,development
00-0036398,2021,WR,AGE_DRAFT_INTERACTIONS,1.0,1,1,HIGH_LOCKED_LAGGED_PBP,development
00-0036407,2021,WR,AGE_DRAFT_INTERACTIONS,1.0,1,1,HIGH_LOCKED_LAGGED_PBP,development
00-0036412,2021,WR,AGE_DRAFT_INTERACTIONS,1.0,1,1,HIGH_LOCKED_LAGGED_PBP,development
00-0036439,2021,WR,AGE_DRAFT_INTERACTIONS,1.0,1,1,HIGH_LOCKED_LAGGED_PBP,development
00-0027981,2021,TE,AGE_DRAFT_INTERACTIONS,1.0,1,1,HIGH_LOCKED_LAGGED_PBP,development
00-0028042,2021,TE,AGE_DRAFT_INTERACTIONS,1.0,1,1,HIGH_LOCKED_LAGGED_PBP,development
00-0028097,2021,TE,AGE_DRAFT_INTERACTIONS,1.0,1,1,HIGH_LOCKED_LAGGED_PBP,development
00-0029119,2021,TE,AGE_DRAFT_INTERACTIONS,1.0,1,1,HIGH_LOCKED_LAGGED_PBP,development
00-0029738,2021,TE,AGE_DRAFT_INTERACTIONS,1.0,1,1,HIGH_LOCKED_LAGGED_PBP,development
00-0030108,2021,TE,AGE_DRAFT_INTERACTIONS,1.0,1,1,HIGH_LOCKED_LAGGED_PBP,development
00-0031384,2021,TE,AGE_DRAFT_INTERACTIONS,1.0,1,1,HIGH_LOCKED_LAGGED_PBP,development
00-0031484,2021,TE,AGE_DRAFT_INTERACTIONS,1.0,1,1,HIGH_LOCKED_LAGGED_PBP,development
00-0031558,2021,TE,AGE_DRAFT_INTERACTIONS,1.0,1,1,HIGH_LOCKED_LAGGED_PBP,development
00-0031585,2021,TE,AGE_DRAFT_INTERACTIONS,1.0,1,1,HIGH_LOCKED_LAGGED_PBP,development
00-0031598,2021,TE,AGE_DRAFT_INTERACTIONS,1.0,1,1,HIGH_LOCKED_LAGGED_PBP,development
00-0031690,2021,TE,AGE_DRAFT_INTERACTIONS,1.0,1,1,HIGH_LOCKED_LAGGED_PBP,development
00-0031951,2021,TE,AGE_DRAFT_INTERACTIONS,1.0,1,1,HIGH_LOCKED_LAGGED_PBP,development
00-0032098,2021,TE,AGE_DRAFT_INTERACTIONS,1.0,1,1,HIGH_LOCKED_LAGGED_PBP,development
00-0032135,2021,TE,AGE_DRAFT_INTERACTIONS,1.0,1,1,HIGH_LOCKED_LAGGED_PBP,development
00-0032214,2021,TE,AGE_DRAFT_INTERACTIONS,1.0,1,1,HIGH_LOCKED_LAGGED_PBP,development
00-0032394,2021,TE,AGE_DRAFT_INTERACTIONS,1.0,1,1,HIGH_LOCKED_LAGGED_PBP,development
00-0032725,2021,TE,AGE_DRAFT_INTERACTIONS,1.0,1,1,HIGH_LOCKED_LAGGED_PBP,development
00-0032986,2021,TE,AGE_DRAFT_INTERACTIONS,1.0,1,1,HIGH_LOCKED_LAGGED_PBP,development
00-0033338,2021,TE,AGE_DRAFT_INTERACTIONS,1.0,1,1,HIGH_LOCKED_LAGGED_PBP,development
00-0033421,2021,TE,AGE_DRAFT_INTERACTIONS,1.0,1,1,HIGH_LOCKED_LAGGED_PBP,development
00-0033439,2021,TE,AGE_DRAFT_INTERACTIONS,1.0,1,1,HIGH_LOCKED_LAGGED_PBP,development
00-0033576,2021,TE,AGE_DRAFT_INTERACTIONS,1.0,1,1,HIGH_LOCKED_LAGGED_PBP,development
00-0033720,2021,TE,AGE_DRAFT_INTERACTIONS,1.0,1,1,HIGH_LOCKED_LAGGED_PBP,development
00-0033881,2021,TE,AGE_DRAFT_INTERACTIONS,1.0,1,1,HIGH_LOCKED_LAGGED_PBP,development
00-0033896,2021,TE,AGE_DRAFT_INTERACTIONS,1.0,1,1,HIGH_LOCKED_LAGGED_PBP,development
00-0034011,2021,TE,AGE_DRAFT_INTERACTIONS,1.0,1,1,HIGH_LOCKED_LAGGED_PBP,development
00-0034073,2021,TE,AGE_DRAFT_INTERACTIONS,1.0,1,1,HIGH_LOCKED_LAGGED_PBP,development
00-0034193,2021,TE,AGE_DRAFT_INTERACTIONS,1.0,1,1,HIGH_LOCKED_LAGGED_PBP,development
00-0034270,2021,TE,AGE_DRAFT_INTERACTIONS,1.0,1,1,HIGH_LOCKED_LAGGED_PBP,development
00-0034319,2021,TE,AGE_DRAFT_INTERACTIONS,1.0,1,1,HIGH_LOCKED_LAGGED_PBP,development
00-0034364,2021,TE,AGE_DRAFT_INTERACTIONS,1.0,1,1,HIGH_LOCKED_LAGGED_PBP,development
00-0034365,2021,TE,AGE_DRAFT_INTERACTIONS,1.0,1,1,HIGH_LOCKED_LAGGED_PBP,development
00-0034766,2021,TE,AGE_DRAFT_INTERACTIONS,1.0,1,1,HIGH_LOCKED_LAGGED_PBP,development
00-0034798,2021,TE,AGE_DRAFT_INTERACTIONS,1.0,1,1,HIGH_LOCKED_LAGGED_PBP,development
00-0034829,2021,TE,AGE_DRAFT_INTERACTIONS,1.0,1,1,HIGH_LOCKED_LAGGED_PBP,development
00-0034830,2021,TE,AGE_DRAFT_INTERACTIONS,1.0,1,1,HIGH_LOCKED_LAGGED_PBP,development
00-0034988,2021,TE,AGE_DRAFT_INTERACTIONS,1.0,1,1,HIGH_LOCKED_LAGGED_PBP,development
00-0035229,2021,TE,AGE_DRAFT_INTERACTIONS,1.0,1,1,HIGH_LOCKED_LAGGED_PBP,development
00-0035259,2021,TE,AGE_DRAFT_INTERACTIONS,1.0,1,1,HIGH_LOCKED_LAGGED_PBP,development
00-0035329,2021,TE,AGE_DRAFT_INTERACTIONS,1.0,1,1,HIGH_LOCKED_LAGGED_PBP,development
00-0035624,2021,TE,AGE_DRAFT_INTERACTIONS,1.0,1,1,HIGH_LOCKED_LAGGED_PBP,development
00-0035644,2021,TE,AGE_DRAFT_INTERACTIONS,1.0,1,1,HIGH_LOCKED_LAGGED_PBP,development
00-0035823,2021,TE,AGE_DRAFT_INTERACTIONS,1.0,1,1,HIGH_LOCKED_LAGGED_PBP,development
00-0036005,2021,TE,AGE_DRAFT_INTERACTIONS,1.0,1,1,HIGH_LOCKED_LAGGED_PBP,development
00-0036032,2021,TE,AGE_DRAFT_INTERACTIONS,1.0,1,0,HIGH_LOCKED_LAGGED_PBP,development
00-0036040,2021,TE,AGE_DRAFT_INTERACTIONS,1.0,1,1,HIGH_LOCKED_LAGGED_PBP,development
00-0036244,2021,TE,AGE_DRAFT_INTERACTIONS,1.0,1,1,HIGH_LOCKED_LAGGED_PBP,development
00-0036250,2021,TE,AGE_DRAFT_INTERACTIONS,1.0,1,1,HIGH_LOCKED_LAGGED_PBP,development
00-0036423,2021,TE,AGE_DRAFT_INTERACTIONS,1.0,1,1,HIGH_LOCKED_LAGGED_PBP,development
00-0036438,2021,TE,AGE_DRAFT_INTERACTIONS,1.0,1,0,HIGH_LOCKED_LAGGED_PBP,development
00-0026143,2022,QB,OPPORTUNITY_ROLE,1.0,1,1,HIGH_LOCKED_LAGGED_PBP,confirmation
00-0026158,2022,QB,OPPORTUNITY_ROLE,1.0,1,1,HIGH_LOCKED_LAGGED_PBP,confirmation
00-0026544,2022,QB,OPPORTUNITY_ROLE,0.0,0,0,HIGH_LOCKED_LAGGED_PBP,confirmation
00-0026625,2022,QB,OPPORTUNITY_ROLE,1.0,1,1,HIGH_LOCKED_LAGGED_PBP,confirmation
00-0027688,2022,QB,OPPORTUNITY_ROLE,1.0,1,1,HIGH_LOCKED_LAGGED_PBP,confirmation
00-0027948,2022,QB,OPPORTUNITY_ROLE,1.0,1,1,HIGH_LOCKED_LAGGED_PBP,confirmation
00-0027973,2022,QB,OPPORTUNITY_ROLE,1.0,1,1,HIGH_LOCKED_LAGGED_PBP,confirmation
00-0028118,2022,QB,OPPORTUNITY_ROLE,1.0,1,1,HIGH_LOCKED_LAGGED_PBP,confirmation
00-0028986,2022,QB,OPPORTUNITY_ROLE,1.0,1,1,HIGH_LOCKED_LAGGED_PBP,confirmation
00-0029263,2022,QB,OPPORTUNITY_ROLE,1.0,1,1,HIGH_LOCKED_LAGGED_PBP,confirmation
00-0029567,2022,QB,OPPORTUNITY_ROLE,1.0,1,1,HIGH_LOCKED_LAGGED_PBP,confirmation
00-0031237,2022,QB,OPPORTUNITY_ROLE,1.0,1,1,HIGH_LOCKED_LAGGED_PBP,confirmation
00-0031503,2022,QB,OPPORTUNITY_ROLE,1.0,1,1,HIGH_LOCKED_LAGGED_PBP,confirmation
00-0031800,2022,QB,OPPORTUNITY_ROLE,1.0,1,1,HIGH_LOCKED_LAGGED_PBP,confirmation
00-0032156,2022,QB,OPPORTUNITY_ROLE,1.0,1,1,HIGH_LOCKED_LAGGED_PBP,confirmation
00-0032268,2022,QB,OPPORTUNITY_ROLE,1.0,1,1,HIGH_LOCKED_LAGGED_PBP,confirmation
00-0032434,2022,QB,OPPORTUNITY_ROLE,1.0,1,1,HIGH_LOCKED_LAGGED_PBP,confirmation
00-0032950,2022,QB,OPPORTUNITY_ROLE,1.0,1,1,HIGH_LOCKED_LAGGED_PBP,confirmation
00-0033106,2022,QB,OPPORTUNITY_ROLE,1.0,1,1,HIGH_LOCKED_LAGGED_PBP,confirmation
00-0033119,2022,QB,OPPORTUNITY_ROLE,1.0,1,1,HIGH_LOCKED_LAGGED_PBP,confirmation
00-0033275,2022,QB,OPPORTUNITY_ROLE,1.0,1,1,HIGH_LOCKED_LAGGED_PBP,confirmation
00-0033319,2022,QB,OPPORTUNITY_ROLE,1.0,1,1,HIGH_LOCKED_LAGGED_PBP,confirmation
00-0033550,2022,QB,OPPORTUNITY_ROLE,0.0,0,0,HIGH_LOCKED_LAGGED_PBP,confirmation
00-0033662,2022,QB,OPPORTUNITY_ROLE,1.0,1,1,HIGH_LOCKED_LAGGED_PBP,confirmation
00-0033936,2022,QB,OPPORTUNITY_ROLE,1.0,1,1,HIGH_LOCKED_LAGGED_PBP,confirmation
00-0033958,2022,QB,OPPORTUNITY_ROLE,1.0,1,1,HIGH_LOCKED_LAGGED_PBP,confirmation
00-0034177,2022,QB,OPPORTUNITY_ROLE,1.0,1,1,HIGH_LOCKED_LAGGED_PBP,confirmation
00-0034401,2022,QB,OPPORTUNITY_ROLE,1.0,1,1,HIGH_LOCKED_LAGGED_PBP,confirmation
00-0034577,2022,QB,OPPORTUNITY_ROLE,1.0,1,1,HIGH_LOCKED_LAGGED_PBP,confirmation
00-0034796,2022,QB,OPPORTUNITY_ROLE,1.0,1,1,HIGH_LOCKED_LAGGED_PBP,confirmation
00-0034855,2022,QB,OPPORTUNITY_ROLE,1.0,1,1,HIGH_LOCKED_LAGGED_PBP,confirmation
00-0034869,2022,QB,OPPORTUNITY_ROLE,1.0,1,1,HIGH_LOCKED_LAGGED_PBP,confirmation
00-0034899,2022,QB,OPPORTUNITY_ROLE,1.0,1,1,HIGH_LOCKED_LAGGED_PBP,confirmation
00-0034955,2022,QB,OPPORTUNITY_ROLE,1.0,1,1,HIGH_LOCKED_LAGGED_PBP,confirmation
00-0035040,2022,QB,OPPORTUNITY_ROLE,1.0,1,1,HIGH_LOCKED_LAGGED_PBP,confirmation
00-0035752,2022,QB,OPPORTUNITY_ROLE,1.0,1,1,HIGH_LOCKED_LAGGED_PBP,confirmation
00-0036212,2022,QB,OPPORTUNITY_ROLE,1.0,1,1,HIGH_LOCKED_LAGGED_PBP,confirmation
00-0036226,2022,QB,OPPORTUNITY_ROLE,1.0,1,1,HIGH_LOCKED_LAGGED_PBP,confirmation
00-0036264,2022,QB,OPPORTUNITY_ROLE,1.0,1,1,HIGH_LOCKED_LAGGED_PBP,confirmation
00-0036879,2022,QB,OPPORTUNITY_ROLE,1.0,1,1,HIGH_LOCKED_LAGGED_PBP,confirmation
00-0036898,2022,QB,OPPORTUNITY_ROLE,1.0,1,1,HIGH_LOCKED_LAGGED_PBP,confirmation
00-0036945,2022,QB,OPPORTUNITY_ROLE,1.0,1,1,HIGH_LOCKED_LAGGED_PBP,confirmation
00-0037012,2022,QB,OPPORTUNITY_ROLE,1.0,1,1,HIGH_LOCKED_LAGGED_PBP,confirmation
00-0037013,2022,QB,OPPORTUNITY_ROLE,1.0,1,1,HIGH_LOCKED_LAGGED_PBP,confirmation
00-0027966,2022,RB,OPPORTUNITY_ROLE,1.0,1,1,HIGH_LOCKED_LAGGED_PBP,confirmation
00-0030288,2022,RB,OPPORTUNITY_ROLE,1.0,1,1,HIGH_LOCKED_LAGGED_PBP,confirmation
00-0030513,2022,RB,OPPORTUNITY_ROLE,1.0,1,1,HIGH_LOCKED_LAGGED_PBP,confirmation
00-0030578,2022,RB,OPPORTUNITY_ROLE,1.0,1,1,HIGH_LOCKED_LAGGED_PBP,confirmation
00-0030874,2022,RB,OPPORTUNITY_ROLE,1.0,1,1,HIGH_LOCKED_LAGGED_PBP,confirmation
00-0031687,2022,RB,OPPORTUNITY_ROLE,0.9411764705882353,1,1,HIGH_LOCKED_LAGGED_PBP,confirmation
00-0031806,2022,RB,OPPORTUNITY_ROLE,1.0,1,1,HIGH_LOCKED_LAGGED_PBP,confirmation
00-0032058,2022,RB,OPPORTUNITY_ROLE,1.0,1,1,HIGH_LOCKED_LAGGED_PBP,confirmation
00-0032063,2022,RB,OPPORTUNITY_ROLE,1.0,1,1,HIGH_LOCKED_LAGGED_PBP,confirmation
00-0032104,2022,RB,OPPORTUNITY_ROLE,1.0,1,1,HIGH_LOCKED_LAGGED_PBP,confirmation
00-0032144,2022,RB,OPPORTUNITY_ROLE,1.0,1,1,HIGH_LOCKED_LAGGED_PBP,confirmation
00-0032187,2022,RB,OPPORTUNITY_ROLE,1.0,1,1,HIGH_LOCKED_LAGGED_PBP,confirmation
00-0032257,2022,RB,OPPORTUNITY_ROLE,1.0,1,1,HIGH_LOCKED_LAGGED_PBP,confirmation
00-0032450,2022,RB,OPPORTUNITY_ROLE,1.0,1,1,HIGH_LOCKED_LAGGED_PBP,confirmation
00-0032602,2022,RB,OPPORTUNITY_ROLE,1.0,1,1,HIGH_LOCKED_LAGGED_PBP,confirmation
00-0032975,2022,RB,OPPORTUNITY_ROLE,1.0,1,1,HIGH_LOCKED_LAGGED_PBP,confirmation
00-0033118,2022,RB,OPPORTUNITY_ROLE,1.0,1,1,HIGH_LOCKED_LAGGED_PBP,confirmation
00-0033725,2022,RB,OPPORTUNITY_ROLE,1.0,1,1,HIGH_LOCKED_LAGGED_PBP,confirmation
00-0033854,2022,RB,OPPORTUNITY_ROLE,1.0,1,1,HIGH_LOCKED_LAGGED_PBP,confirmation
00-0033906,2022,RB,OPPORTUNITY_ROLE,1.0,1,1,HIGH_LOCKED_LAGGED_PBP,confirmation
00-0033923,2022,RB,OPPORTUNITY_ROLE,1.0,1,1,HIGH_LOCKED_LAGGED_PBP,confirmation
00-0033948,2022,RB,OPPORTUNITY_ROLE,1.0,1,1,HIGH_LOCKED_LAGGED_PBP,confirmation
00-0033951,2022,RB,OPPORTUNITY_ROLE,1.0,1,1,HIGH_LOCKED_LAGGED_PBP,confirmation
00-0034109,2022,RB,OPPORTUNITY_ROLE,1.0,1,1,HIGH_LOCKED_LAGGED_PBP,confirmation
00-0034164,2022,RB,OPPORTUNITY_ROLE,0.9411764705882353,1,1,HIGH_LOCKED_LAGGED_PBP,confirmation
00-0034208,2022,RB,OPPORTUNITY_ROLE,1.0,1,1,HIGH_LOCKED_LAGGED_PBP,confirmation
00-0034400,2022,RB,OPPORTUNITY_ROLE,0.0,0,0,HIGH_LOCKED_LAGGED_PBP,confirmation
00-0034440,2022,RB,OPPORTUNITY_ROLE,1.0,1,1,HIGH_LOCKED_LAGGED_PBP,confirmation
00-0034578,2022,RB,OPPORTUNITY_ROLE,1.0,1,1,HIGH_LOCKED_LAGGED_PBP,confirmation
00-0034750,2022,RB,OPPORTUNITY_ROLE,1.0,1,1,HIGH_LOCKED_LAGGED_PBP,confirmation
00-0034791,2022,RB,OPPORTUNITY_ROLE,1.0,1,1,HIGH_LOCKED_LAGGED_PBP,confirmation
00-0034838,2022,RB,OPPORTUNITY_ROLE,1.0,1,1,HIGH_LOCKED_LAGGED_PBP,confirmation
00-0035184,2022,RB,OPPORTUNITY_ROLE,1.0,1,1,HIGH_LOCKED_LAGGED_PBP,confirmation
00-0035273,2022,RB,OPPORTUNITY_ROLE,1.0,1,1,HIGH_LOCKED_LAGGED_PBP,confirmation
00-0035304,2022,RB,OPPORTUNITY_ROLE,0.0,0,0,HIGH_LOCKED_LAGGED_PBP,confirmation
00-0035311,2022,RB,OPPORTUNITY_ROLE,1.0,1,1,HIGH_LOCKED_LAGGED_PBP,confirmation
00-0035537,2022,RB,OPPORTUNITY_ROLE,1.0,1,1,HIGH_LOCKED_LAGGED_PBP,confirmation
00-0035567,2022,RB,OPPORTUNITY_ROLE,1.0,1,1,HIGH_LOCKED_LAGGED_PBP,confirmation
00-0035594,2022,RB,OPPORTUNITY_ROLE,1.0,1,1,HIGH_LOCKED_LAGGED_PBP,confirmation
00-0035628,2022,RB,OPPORTUNITY_ROLE,1.0,1,1,HIGH_LOCKED_LAGGED_PBP,confirmation
00-0035685,2022,RB,OPPORTUNITY_ROLE,1.0,1,1,HIGH_LOCKED_LAGGED_PBP,confirmation
00-0035831,2022,RB,OPPORTUNITY_ROLE,1.0,1,1,HIGH_LOCKED_LAGGED_PBP,confirmation
00-0035860,2022,RB,OPPORTUNITY_ROLE,1.0,1,1,HIGH_LOCKED_LAGGED_PBP,confirmation
00-0035924,2022,RB,OPPORTUNITY_ROLE,1.0,1,1,HIGH_LOCKED_LAGGED_PBP,confirmation
00-0035973,2022,RB,OPPORTUNITY_ROLE,1.0,1,1,HIGH_LOCKED_LAGGED_PBP,confirmation
00-0036096,2022,RB,OPPORTUNITY_ROLE,1.0,1,1,HIGH_LOCKED_LAGGED_PBP,confirmation
00-0036223,2022,RB,OPPORTUNITY_ROLE,1.0,1,1,HIGH_LOCKED_LAGGED_PBP,confirmation
00-0036275,2022,RB,OPPORTUNITY_ROLE,1.0,1,1,HIGH_LOCKED_LAGGED_PBP,confirmation
00-0036297,2022,RB,OPPORTUNITY_ROLE,1.0,1,1,HIGH_LOCKED_LAGGED_PBP,confirmation
00-0036328,2022,RB,OPPORTUNITY_ROLE,1.0,1,1,HIGH_LOCKED_LAGGED_PBP,confirmation
00-0036336,2022,RB,OPPORTUNITY_ROLE,1.0,1,1,HIGH_LOCKED_LAGGED_PBP,confirmation
00-0036457,2022,RB,OPPORTUNITY_ROLE,1.0,1,1,HIGH_LOCKED_LAGGED_PBP,confirmation
00-0036493,2022,RB,OPPORTUNITY_ROLE,0.9411764705882353,1,1,HIGH_LOCKED_LAGGED_PBP,confirmation
00-0036555,2022,RB,OPPORTUNITY_ROLE,1.0,1,1,HIGH_LOCKED_LAGGED_PBP,confirmation
00-0036650,2022,RB,OPPORTUNITY_ROLE,1.0,1,1,HIGH_LOCKED_LAGGED_PBP,confirmation
00-0036654,2022,RB,OPPORTUNITY_ROLE,1.0,1,1,HIGH_LOCKED_LAGGED_PBP,confirmation
00-0036669,2022,RB,OPPORTUNITY_ROLE,1.0,1,1,HIGH_LOCKED_LAGGED_PBP,confirmation
00-0036755,2022,RB,OPPORTUNITY_ROLE,1.0,1,1,HIGH_LOCKED_LAGGED_PBP,confirmation
00-0036906,2022,RB,OPPORTUNITY_ROLE,1.0,1,1,HIGH_LOCKED_LAGGED_PBP,confirmation
00-0036924,2022,RB,OPPORTUNITY_ROLE,1.0,1,1,HIGH_LOCKED_LAGGED_PBP,confirmation
00-0036950,2022,RB,OPPORTUNITY_ROLE,0.0,0,0,HIGH_LOCKED_LAGGED_PBP,confirmation
00-0036997,2022,RB,OPPORTUNITY_ROLE,1.0,1,1,HIGH_LOCKED_LAGGED_PBP,confirmation
00-0027691,2022,WR,OPPORTUNITY_ROLE,1.0,1,1,HIGH_LOCKED_LAGGED_PBP,confirmation
00-0029664,2022,WR,OPPORTUNITY_ROLE,1.0,1,1,HIGH_LOCKED_LAGGED_PBP,confirmation
00-0030068,2022,WR,OPPORTUNITY_ROLE,1.0,1,1,HIGH_LOCKED_LAGGED_PBP,confirmation
00-0030431,2022,WR,OPPORTUNITY_ROLE,1.0,1,1,HIGH_LOCKED_LAGGED_PBP,confirmation
00-0030564,2022,WR,OPPORTUNITY_ROLE,1.0,1,1,HIGH_LOCKED_LAGGED_PBP,confirmation
00-0031236,2022,WR,OPPORTUNITY_ROLE,1.0,1,1,HIGH_LOCKED_LAGGED_PBP,confirmation
00-0031382,2022,WR,OPPORTUNITY_ROLE,1.0,1,1,HIGH_LOCKED_LAGGED_PBP,confirmation
00-0031428,2022,WR,OPPORTUNITY_ROLE,1.0,1,1,HIGH_LOCKED_LAGGED_PBP,confirmation
00-0031545,2022,WR,OPPORTUNITY_ROLE,1.0,1,1,HIGH_LOCKED_LAGGED_PBP,confirmation
00-0031547,2022,WR,OPPORTUNITY_ROLE,1.0,1,1,HIGH_LOCKED_LAGGED_PBP,confirmation
00-0031868,2022,WR,OPPORTUNITY_ROLE,1.0,1,1,HIGH_LOCKED_LAGGED_PBP,confirmation
00-0031941,2022,WR,OPPORTUNITY_ROLE,1.0,1,1,HIGH_LOCKED_LAGGED_PBP,confirmation
00-0032128,2022,WR,OPPORTUNITY_ROLE,1.0,1,1,HIGH_LOCKED_LAGGED_PBP,confirmation
00-0032200,2022,WR,OPPORTUNITY_ROLE,1.0,1,1,HIGH_LOCKED_LAGGED_PBP,confirmation
00-0032208,2022,WR,OPPORTUNITY_ROLE,1.0,1,1,HIGH_LOCKED_LAGGED_PBP,confirmation
00-0032385,2022,WR,OPPORTUNITY_ROLE,1.0,1,1,HIGH_LOCKED_LAGGED_PBP,confirmation
00-0032398,2022,WR,OPPORTUNITY_ROLE,1.0,1,1,HIGH_LOCKED_LAGGED_PBP,confirmation
00-0032464,2022,WR,OPPORTUNITY_ROLE,1.0,1,1,HIGH_LOCKED_LAGGED_PBP,confirmation
00-0032543,2022,WR,OPPORTUNITY_ROLE,1.0,1,1,HIGH_LOCKED_LAGGED_PBP,confirmation
00-0032688,2022,WR,OPPORTUNITY_ROLE,1.0,1,1,HIGH_LOCKED_LAGGED_PBP,confirmation
00-0032951,2022,WR,OPPORTUNITY_ROLE,1.0,1,1,HIGH_LOCKED_LAGGED_PBP,confirmation
00-0033111,2022,WR,OPPORTUNITY_ROLE,1.0,1,1,HIGH_LOCKED_LAGGED_PBP,confirmation
00-0033282,2022,WR,OPPORTUNITY_ROLE,1.0,1,1,HIGH_LOCKED_LAGGED_PBP,confirmation
00-0033367,2022,WR,OPPORTUNITY_ROLE,1.0,1,1,HIGH_LOCKED_LAGGED_PBP,confirmation
00-0033386,2022,WR,OPPORTUNITY_ROLE,1.0,1,1,HIGH_LOCKED_LAGGED_PBP,confirmation
00-0033536,2022,WR,OPPORTUNITY_ROLE,1.0,1,1,HIGH_LOCKED_LAGGED_PBP,confirmation
00-0033555,2022,WR,OPPORTUNITY_ROLE,1.0,1,1,HIGH_LOCKED_LAGGED_PBP,confirmation
00-0033681,2022,WR,OPPORTUNITY_ROLE,1.0,1,1,HIGH_LOCKED_LAGGED_PBP,confirmation
00-0033871,2022,WR,OPPORTUNITY_ROLE,1.0,1,1,HIGH_LOCKED_LAGGED_PBP,confirmation
00-0033932,2022,WR,OPPORTUNITY_ROLE,1.0,1,1,HIGH_LOCKED_LAGGED_PBP,confirmation
00-0033943,2022,WR,OPPORTUNITY_ROLE,1.0,1,1,HIGH_LOCKED_LAGGED_PBP,confirmation
00-0034052,2022,WR,OPPORTUNITY_ROLE,1.0,1,1,HIGH_LOCKED_LAGGED_PBP,confirmation
00-0034104,2022,WR,OPPORTUNITY_ROLE,1.0,1,1,HIGH_LOCKED_LAGGED_PBP,confirmation
00-0034317,2022,WR,OPPORTUNITY_ROLE,1.0,1,1,HIGH_LOCKED_LAGGED_PBP,confirmation
00-0034348,2022,WR,OPPORTUNITY_ROLE,1.0,1,1,HIGH_LOCKED_LAGGED_PBP,confirmation
00-0034366,2022,WR,OPPORTUNITY_ROLE,1.0,1,1,HIGH_LOCKED_LAGGED_PBP,confirmation
00-0034419,2022,WR,OPPORTUNITY_ROLE,1.0,1,1,HIGH_LOCKED_LAGGED_PBP,confirmation
00-0034765,2022,WR,OPPORTUNITY_ROLE,1.0,1,1,HIGH_LOCKED_LAGGED_PBP,confirmation
00-0034777,2022,WR,OPPORTUNITY_ROLE,1.0,1,1,HIGH_LOCKED_LAGGED_PBP,confirmation
00-0034827,2022,WR,OPPORTUNITY_ROLE,1.0,1,1,HIGH_LOCKED_LAGGED_PBP,confirmation
00-0034854,2022,WR,OPPORTUNITY_ROLE,1.0,1,1,HIGH_LOCKED_LAGGED_PBP,confirmation
00-0034860,2022,WR,OPPORTUNITY_ROLE,1.0,1,1,HIGH_LOCKED_LAGGED_PBP,confirmation
00-0034930,2022,WR,OPPORTUNITY_ROLE,1.0,1,1,HIGH_LOCKED_LAGGED_PBP,confirmation
00-0035021,2022,WR,OPPORTUNITY_ROLE,1.0,1,1,HIGH_LOCKED_LAGGED_PBP,confirmation
00-0035022,2022,WR,OPPORTUNITY_ROLE,1.0,1,1,HIGH_LOCKED_LAGGED_PBP,confirmation
00-0035208,2022,WR,OPPORTUNITY_ROLE,1.0,1,1,HIGH_LOCKED_LAGGED_PBP,confirmation
00-0035215,2022,WR,OPPORTUNITY_ROLE,1.0,1,1,HIGH_LOCKED_LAGGED_PBP,confirmation
00-0035359,2022,WR,OPPORTUNITY_ROLE,1.0,1,1,HIGH_LOCKED_LAGGED_PBP,confirmation
00-0035406,2022,WR,OPPORTUNITY_ROLE,1.0,1,1,HIGH_LOCKED_LAGGED_PBP,confirmation
00-0035414,2022,WR,OPPORTUNITY_ROLE,1.0,1,1,HIGH_LOCKED_LAGGED_PBP,confirmation
00-0035432,2022,WR,OPPORTUNITY_ROLE,1.0,1,1,HIGH_LOCKED_LAGGED_PBP,confirmation
00-0035500,2022,WR,OPPORTUNITY_ROLE,1.0,1,1,HIGH_LOCKED_LAGGED_PBP,confirmation
00-0035510,2022,WR,OPPORTUNITY_ROLE,1.0,1,1,HIGH_LOCKED_LAGGED_PBP,confirmation
00-0035527,2022,WR,OPPORTUNITY_ROLE,1.0,1,1,HIGH_LOCKED_LAGGED_PBP,confirmation
00-0035544,2022,WR,OPPORTUNITY_ROLE,1.0,1,1,HIGH_LOCKED_LAGGED_PBP,confirmation
00-0035593,2022,WR,OPPORTUNITY_ROLE,1.0,1,1,HIGH_LOCKED_LAGGED_PBP,confirmation
00-0035621,2022,WR,OPPORTUNITY_ROLE,0.0,0,0,HIGH_LOCKED_LAGGED_PBP,confirmation
00-0035639,2022,WR,OPPORTUNITY_ROLE,1.0,1,1,HIGH_LOCKED_LAGGED_PBP,confirmation
00-0035659,2022,WR,OPPORTUNITY_ROLE,1.0,1,1,HIGH_LOCKED_LAGGED_PBP,confirmation
00-0035662,2022,WR,OPPORTUNITY_ROLE,1.0,1,1,HIGH_LOCKED_LAGGED_PBP,confirmation
00-0035703,2022,WR,OPPORTUNITY_ROLE,1.0,1,1,HIGH_LOCKED_LAGGED_PBP,confirmation
00-0035864,2022,WR,OPPORTUNITY_ROLE,1.0,1,1,HIGH_LOCKED_LAGGED_PBP,confirmation
00-0035891,2022,WR,OPPORTUNITY_ROLE,1.0,1,1,HIGH_LOCKED_LAGGED_PBP,confirmation
00-0035976,2022,WR,OPPORTUNITY_ROLE,0.0,0,0,HIGH_LOCKED_LAGGED_PBP,confirmation
00-0036176,2022,WR,OPPORTUNITY_ROLE,0.0,0,0,HIGH_LOCKED_LAGGED_PBP,confirmation
00-0036219,2022,WR,OPPORTUNITY_ROLE,1.0,1,1,HIGH_LOCKED_LAGGED_PBP,confirmation
00-0036228,2022,WR,OPPORTUNITY_ROLE,1.0,1,1,HIGH_LOCKED_LAGGED_PBP,confirmation
00-0036233,2022,WR,OPPORTUNITY_ROLE,1.0,1,1,HIGH_LOCKED_LAGGED_PBP,confirmation
00-0036247,2022,WR,OPPORTUNITY_ROLE,1.0,1,1,HIGH_LOCKED_LAGGED_PBP,confirmation
00-0036252,2022,WR,OPPORTUNITY_ROLE,1.0,1,1,HIGH_LOCKED_LAGGED_PBP,confirmation
00-0036255,2022,WR,OPPORTUNITY_ROLE,1.0,1,1,HIGH_LOCKED_LAGGED_PBP,confirmation
00-0036268,2022,WR,OPPORTUNITY_ROLE,1.0,1,1,HIGH_LOCKED_LAGGED_PBP,confirmation
00-0036277,2022,WR,OPPORTUNITY_ROLE,1.0,1,1,HIGH_LOCKED_LAGGED_PBP,confirmation
00-0036309,2022,WR,OPPORTUNITY_ROLE,1.0,1,1,HIGH_LOCKED_LAGGED_PBP,confirmation
00-0036331,2022,WR,OPPORTUNITY_ROLE,1.0,1,1,HIGH_LOCKED_LAGGED_PBP,confirmation
00-0036407,2022,WR,OPPORTUNITY_ROLE,1.0,1,1,HIGH_LOCKED_LAGGED_PBP,confirmation
00-0036412,2022,WR,OPPORTUNITY_ROLE,1.0,1,1,HIGH_LOCKED_LAGGED_PBP,confirmation
00-0036439,2022,WR,OPPORTUNITY_ROLE,1.0,1,1,HIGH_LOCKED_LAGGED_PBP,confirmation
00-0036482,2022,WR,OPPORTUNITY_ROLE,1.0,1,1,HIGH_LOCKED_LAGGED_PBP,confirmation
00-0036550,2022,WR,OPPORTUNITY_ROLE,1.0,1,1,HIGH_LOCKED_LAGGED_PBP,confirmation
00-0036554,2022,WR,OPPORTUNITY_ROLE,1.0,1,1,HIGH_LOCKED_LAGGED_PBP,confirmation
00-0036572,2022,WR,OPPORTUNITY_ROLE,1.0,1,1,HIGH_LOCKED_LAGGED_PBP,confirmation
00-0036620,2022,WR,OPPORTUNITY_ROLE,1.0,1,1,HIGH_LOCKED_LAGGED_PBP,confirmation
00-0036626,2022,WR,OPPORTUNITY_ROLE,1.0,1,1,HIGH_LOCKED_LAGGED_PBP,confirmation
00-0036627,2022,WR,OPPORTUNITY_ROLE,1.0,1,1,HIGH_LOCKED_LAGGED_PBP,confirmation
00-0036630,2022,WR,OPPORTUNITY_ROLE,1.0,1,1,HIGH_LOCKED_LAGGED_PBP,confirmation
00-0036635,2022,WR,OPPORTUNITY_ROLE,1.0,1,1,HIGH_LOCKED_LAGGED_PBP,confirmation
00-0036671,2022,WR,OPPORTUNITY_ROLE,1.0,1,1,HIGH_LOCKED_LAGGED_PBP,confirmation
00-0036849,2022,WR,OPPORTUNITY_ROLE,0.0,0,0,HIGH_LOCKED_LAGGED_PBP,confirmation
00-0036858,2022,WR,OPPORTUNITY_ROLE,0.0,0,0,HIGH_LOCKED_LAGGED_PBP,confirmation
00-0036918,2022,WR,OPPORTUNITY_ROLE,0.0,0,0,HIGH_LOCKED_LAGGED_PBP,confirmation
00-0036951,2022,WR,OPPORTUNITY_ROLE,1.0,1,1,HIGH_LOCKED_LAGGED_PBP,confirmation
00-0036955,2022,WR,OPPORTUNITY_ROLE,1.0,1,1,HIGH_LOCKED_LAGGED_PBP,confirmation
00-0036963,2022,WR,OPPORTUNITY_ROLE,1.0,1,1,HIGH_LOCKED_LAGGED_PBP,confirmation
00-0036980,2022,WR,OPPORTUNITY_ROLE,1.0,1,1,HIGH_LOCKED_LAGGED_PBP,confirmation
00-0036999,2022,WR,OPPORTUNITY_ROLE,1.0,1,1,HIGH_LOCKED_LAGGED_PBP,confirmation
00-0027981,2022,TE,OPPORTUNITY_ROLE,1.0,1,1,HIGH_LOCKED_LAGGED_PBP,confirmation
00-0030108,2022,TE,OPPORTUNITY_ROLE,1.0,1,1,HIGH_LOCKED_LAGGED_PBP,confirmation
00-0031260,2022,TE,OPPORTUNITY_ROLE,1.0,1,1,HIGH_LOCKED_LAGGED_PBP,confirmation
00-0031384,2022,TE,OPPORTUNITY_ROLE,1.0,1,1,HIGH_LOCKED_LAGGED_PBP,confirmation
00-0031558,2022,TE,OPPORTUNITY_ROLE,1.0,1,1,HIGH_LOCKED_LAGGED_PBP,confirmation
00-0031585,2022,TE,OPPORTUNITY_ROLE,1.0,1,1,HIGH_LOCKED_LAGGED_PBP,confirmation
00-0031598,2022,TE,OPPORTUNITY_ROLE,1.0,1,1,HIGH_LOCKED_LAGGED_PBP,confirmation
00-0031690,2022,TE,OPPORTUNITY_ROLE,1.0,1,1,HIGH_LOCKED_LAGGED_PBP,confirmation
00-0032141,2022,TE,OPPORTUNITY_ROLE,1.0,1,1,HIGH_LOCKED_LAGGED_PBP,confirmation
00-0032214,2022,TE,OPPORTUNITY_ROLE,1.0,1,1,HIGH_LOCKED_LAGGED_PBP,confirmation
00-0032392,2022,TE,OPPORTUNITY_ROLE,1.0,1,1,HIGH_LOCKED_LAGGED_PBP,confirmation
00-0032394,2022,TE,OPPORTUNITY_ROLE,1.0,1,1,HIGH_LOCKED_LAGGED_PBP,confirmation
00-0032725,2022,TE,OPPORTUNITY_ROLE,1.0,1,1,HIGH_LOCKED_LAGGED_PBP,confirmation
00-0032986,2022,TE,OPPORTUNITY_ROLE,0.0,0,0,HIGH_LOCKED_LAGGED_PBP,confirmation
00-0033217,2022,TE,OPPORTUNITY_ROLE,1.0,1,1,HIGH_LOCKED_LAGGED_PBP,confirmation
00-0033357,2022,TE,OPPORTUNITY_ROLE,1.0,1,1,HIGH_LOCKED_LAGGED_PBP,confirmation
00-0033439,2022,TE,OPPORTUNITY_ROLE,1.0,1,1,HIGH_LOCKED_LAGGED_PBP,confirmation
00-0033576,2022,TE,OPPORTUNITY_ROLE,1.0,1,1,HIGH_LOCKED_LAGGED_PBP,confirmation
00-0033757,2022,TE,OPPORTUNITY_ROLE,1.0,1,1,HIGH_LOCKED_LAGGED_PBP,confirmation
00-0033858,2022,TE,OPPORTUNITY_ROLE,1.0,1,1,HIGH_LOCKED_LAGGED_PBP,confirmation
00-0033885,2022,TE,OPPORTUNITY_ROLE,1.0,1,1,HIGH_LOCKED_LAGGED_PBP,confirmation
00-0034011,2022,TE,OPPORTUNITY_ROLE,1.0,1,1,HIGH_LOCKED_LAGGED_PBP,confirmation
00-0034073,2022,TE,OPPORTUNITY_ROLE,1.0,1,1,HIGH_LOCKED_LAGGED_PBP,confirmation
00-0034159,2022,TE,OPPORTUNITY_ROLE,1.0,1,1,HIGH_LOCKED_LAGGED_PBP,confirmation
00-0034193,2022,TE,OPPORTUNITY_ROLE,1.0,1,1,HIGH_LOCKED_LAGGED_PBP,confirmation
00-0034270,2022,TE,OPPORTUNITY_ROLE,1.0,1,1,HIGH_LOCKED_LAGGED_PBP,confirmation
00-0034364,2022,TE,OPPORTUNITY_ROLE,1.0,1,1,HIGH_LOCKED_LAGGED_PBP,confirmation
00-0034365,2022,TE,OPPORTUNITY_ROLE,1.0,1,1,HIGH_LOCKED_LAGGED_PBP,confirmation
00-0035259,2022,TE,OPPORTUNITY_ROLE,1.0,1,1,HIGH_LOCKED_LAGGED_PBP,confirmation
00-0035308,2022,TE,OPPORTUNITY_ROLE,1.0,1,1,HIGH_LOCKED_LAGGED_PBP,confirmation
00-0035345,2022,TE,OPPORTUNITY_ROLE,1.0,1,1,HIGH_LOCKED_LAGGED_PBP,confirmation
00-0035356,2022,TE,OPPORTUNITY_ROLE,1.0,1,1,HIGH_LOCKED_LAGGED_PBP,confirmation
00-0035562,2022,TE,OPPORTUNITY_ROLE,1.0,1,1,HIGH_LOCKED_LAGGED_PBP,confirmation
00-0035572,2022,TE,OPPORTUNITY_ROLE,1.0,1,1,HIGH_LOCKED_LAGGED_PBP,confirmation
00-0035624,2022,TE,OPPORTUNITY_ROLE,1.0,1,1,HIGH_LOCKED_LAGGED_PBP,confirmation
00-0035823,2022,TE,OPPORTUNITY_ROLE,1.0,1,1,HIGH_LOCKED_LAGGED_PBP,confirmation
00-0035956,2022,TE,OPPORTUNITY_ROLE,1.0,1,1,HIGH_LOCKED_LAGGED_PBP,confirmation
00-0036005,2022,TE,OPPORTUNITY_ROLE,0.0,0,0,HIGH_LOCKED_LAGGED_PBP,confirmation
00-0036040,2022,TE,OPPORTUNITY_ROLE,1.0,1,1,HIGH_LOCKED_LAGGED_PBP,confirmation
00-0036232,2022,TE,OPPORTUNITY_ROLE,1.0,1,1,HIGH_LOCKED_LAGGED_PBP,confirmation
00-0036250,2022,TE,OPPORTUNITY_ROLE,1.0,1,1,HIGH_LOCKED_LAGGED_PBP,confirmation
00-0036290,2022,TE,OPPORTUNITY_ROLE,1.0,1,1,HIGH_LOCKED_LAGGED_PBP,confirmation
00-0036422,2022,TE,OPPORTUNITY_ROLE,1.0,1,1,HIGH_LOCKED_LAGGED_PBP,confirmation
00-0036423,2022,TE,OPPORTUNITY_ROLE,1.0,1,1,HIGH_LOCKED_LAGGED_PBP,confirmation
00-0036438,2022,TE,OPPORTUNITY_ROLE,1.0,1,1,HIGH_LOCKED_LAGGED_PBP,confirmation
00-0036510,2022,TE,OPPORTUNITY_ROLE,1.0,1,1,HIGH_LOCKED_LAGGED_PBP,confirmation
00-0036534,2022,TE,OPPORTUNITY_ROLE,1.0,1,1,HIGH_LOCKED_LAGGED_PBP,confirmation
00-0036556,2022,TE,OPPORTUNITY_ROLE,1.0,1,1,HIGH_LOCKED_LAGGED_PBP,confirmation
00-0036628,2022,TE,OPPORTUNITY_ROLE,1.0,1,1,HIGH_LOCKED_LAGGED_PBP,confirmation
00-0036692,2022,TE,OPPORTUNITY_ROLE,0.0,0,0,HIGH_LOCKED_LAGGED_PBP,confirmation
00-0036754,2022,TE,OPPORTUNITY_ROLE,1.0,1,1,HIGH_LOCKED_LAGGED_PBP,confirmation
00-0036825,2022,TE,OPPORTUNITY_ROLE,0.9090909090909091,1,1,HIGH_LOCKED_LAGGED_PBP,confirmation
00-0036876,2022,TE,OPPORTUNITY_ROLE,1.0,1,1,HIGH_LOCKED_LAGGED_PBP,confirmation
00-0036887,2022,TE,OPPORTUNITY_ROLE,1.0,1,1,HIGH_LOCKED_LAGGED_PBP,confirmation
00-0036970,2022,TE,OPPORTUNITY_ROLE,1.0,1,1,HIGH_LOCKED_LAGGED_PBP,confirmation
00-0037005,2022,TE,OPPORTUNITY_ROLE,1.0,1,1,HIGH_LOCKED_LAGGED_PBP,confirmation
00-0023459,2023,QB,OPPORTUNITY_ROLE,1.0,1,1,HIGH_LOCKED_LAGGED_PBP,confirmation
00-0026625,2023,QB,OPPORTUNITY_ROLE,1.0,1,1,HIGH_LOCKED_LAGGED_PBP,confirmation
00-0027948,2023,QB,OPPORTUNITY_ROLE,1.0,1,1,HIGH_LOCKED_LAGGED_PBP,confirmation
00-0027973,2023,QB,OPPORTUNITY_ROLE,1.0,1,1,HIGH_LOCKED_LAGGED_PBP,confirmation
00-0028118,2023,QB,OPPORTUNITY_ROLE,1.0,1,1,HIGH_LOCKED_LAGGED_PBP,confirmation
00-0028986,2023,QB,OPPORTUNITY_ROLE,1.0,1,1,HIGH_LOCKED_LAGGED_PBP,confirmation
00-0029263,2023,QB,OPPORTUNITY_ROLE,1.0,1,1,HIGH_LOCKED_LAGGED_PBP,confirmation
00-0029701,2023,QB,OPPORTUNITY_ROLE,1.0,1,1,HIGH_LOCKED_LAGGED_PBP,confirmation
00-0031237,2023,QB,OPPORTUNITY_ROLE,1.0,1,1,HIGH_LOCKED_LAGGED_PBP,confirmation
00-0031280,2023,QB,OPPORTUNITY_ROLE,1.0,1,1,HIGH_LOCKED_LAGGED_PBP,confirmation
00-0031345,2023,QB,OPPORTUNITY_ROLE,1.0,1,1,HIGH_LOCKED_LAGGED_PBP,confirmation
00-0031503,2023,QB,OPPORTUNITY_ROLE,1.0,1,1,HIGH_LOCKED_LAGGED_PBP,confirmation
00-0031800,2023,QB,OPPORTUNITY_ROLE,1.0,1,1,HIGH_LOCKED_LAGGED_PBP,confirmation
00-0032156,2023,QB,OPPORTUNITY_ROLE,1.0,1,1,HIGH_LOCKED_LAGGED_PBP,confirmation
00-0032268,2023,QB,OPPORTUNITY_ROLE,1.0,1,1,HIGH_LOCKED_LAGGED_PBP,confirmation
00-0032436,2023,QB,OPPORTUNITY_ROLE,1.0,1,1,HIGH_LOCKED_LAGGED_PBP,confirmation
00-0032950,2023,QB,OPPORTUNITY_ROLE,1.0,1,1,HIGH_LOCKED_LAGGED_PBP,confirmation
00-0033119,2023,QB,OPPORTUNITY_ROLE,1.0,1,1,HIGH_LOCKED_LAGGED_PBP,confirmation
00-0033275,2023,QB,OPPORTUNITY_ROLE,1.0,1,1,HIGH_LOCKED_LAGGED_PBP,confirmation
00-0033319,2023,QB,OPPORTUNITY_ROLE,1.0,1,1,HIGH_LOCKED_LAGGED_PBP,confirmation
00-0033537,2023,QB,OPPORTUNITY_ROLE,1.0,1,1,HIGH_LOCKED_LAGGED_PBP,confirmation
00-0033662,2023,QB,OPPORTUNITY_ROLE,1.0,1,1,HIGH_LOCKED_LAGGED_PBP,confirmation
00-0033869,2023,QB,OPPORTUNITY_ROLE,1.0,1,1,HIGH_LOCKED_LAGGED_PBP,confirmation
00-0033936,2023,QB,OPPORTUNITY_ROLE,1.0,1,1,HIGH_LOCKED_LAGGED_PBP,confirmation
00-0033949,2023,QB,OPPORTUNITY_ROLE,1.0,1,1,HIGH_LOCKED_LAGGED_PBP,confirmation
00-0033958,2023,QB,OPPORTUNITY_ROLE,1.0,1,1,HIGH_LOCKED_LAGGED_PBP,confirmation
00-0034177,2023,QB,OPPORTUNITY_ROLE,1.0,1,1,HIGH_LOCKED_LAGGED_PBP,confirmation
00-0034401,2023,QB,OPPORTUNITY_ROLE,1.0,1,1,HIGH_LOCKED_LAGGED_PBP,confirmation
00-0034577,2023,QB,OPPORTUNITY_ROLE,1.0,1,1,HIGH_LOCKED_LAGGED_PBP,confirmation
00-0034869,2023,QB,OPPORTUNITY_ROLE,1.0,1,1,HIGH_LOCKED_LAGGED_PBP,confirmation
00-0034955,2023,QB,OPPORTUNITY_ROLE,1.0,1,1,HIGH_LOCKED_LAGGED_PBP,confirmation
00-0035228,2023,QB,OPPORTUNITY_ROLE,1.0,1,1,HIGH_LOCKED_LAGGED_PBP,confirmation
00-0035264,2023,QB,OPPORTUNITY_ROLE,1.0,1,1,HIGH_LOCKED_LAGGED_PBP,confirmation
00-0036928,2023,QB,OPPORTUNITY_ROLE,1.0,1,1,HIGH_LOCKED_LAGGED_PBP,confirmation
00-0036945,2023,QB,OPPORTUNITY_ROLE,1.0,1,1,HIGH_LOCKED_LAGGED_PBP,confirmation
00-0036972,2023,QB,OPPORTUNITY_ROLE,1.0,1,1,HIGH_LOCKED_LAGGED_PBP,confirmation
00-0037013,2023,QB,OPPORTUNITY_ROLE,1.0,1,1,HIGH_LOCKED_LAGGED_PBP,confirmation
00-0037077,2023,QB,OPPORTUNITY_ROLE,1.0,1,1,HIGH_LOCKED_LAGGED_PBP,confirmation
00-0038102,2023,QB,OPPORTUNITY_ROLE,1.0,1,1,HIGH_LOCKED_LAGGED_PBP,confirmation
00-0038108,2023,QB,OPPORTUNITY_ROLE,1.0,1,1,HIGH_LOCKED_LAGGED_PBP,confirmation
00-0038122,2023,QB,OPPORTUNITY_ROLE,1.0,1,1,HIGH_LOCKED_LAGGED_PBP,confirmation
00-0038128,2023,QB,OPPORTUNITY_ROLE,1.0,1,1,HIGH_LOCKED_LAGGED_PBP,confirmation
00-0029239,2023,RB,OPPORTUNITY_ROLE,1.0,1,1,HIGH_LOCKED_LAGGED_PBP,confirmation
00-0030578,2023,RB,OPPORTUNITY_ROLE,1.0,1,1,HIGH_LOCKED_LAGGED_PBP,confirmation
00-0030874,2023,RB,OPPORTUNITY_ROLE,0.9411764705882353,1,1,HIGH_LOCKED_LAGGED_PBP,confirmation
00-0032104,2023,RB,OPPORTUNITY_ROLE,1.0,1,1,HIGH_LOCKED_LAGGED_PBP,confirmation
00-0032144,2023,RB,OPPORTUNITY_ROLE,1.0,1,1,HIGH_LOCKED_LAGGED_PBP,confirmation
00-0032450,2023,RB,OPPORTUNITY_ROLE,1.0,1,1,HIGH_LOCKED_LAGGED_PBP,confirmation
00-0032764,2023,RB,OPPORTUNITY_ROLE,1.0,1,1,HIGH_LOCKED_LAGGED_PBP,confirmation
00-0032975,2023,RB,OPPORTUNITY_ROLE,1.0,1,1,HIGH_LOCKED_LAGGED_PBP,confirmation
00-0033118,2023,RB,OPPORTUNITY_ROLE,1.0,1,1,HIGH_LOCKED_LAGGED_PBP,confirmation
00-0033553,2023,RB,OPPORTUNITY_ROLE,1.0,1,1,HIGH_LOCKED_LAGGED_PBP,confirmation
00-0033906,2023,RB,OPPORTUNITY_ROLE,1.0,1,1,HIGH_LOCKED_LAGGED_PBP,confirmation
00-0033925,2023,RB,OPPORTUNITY_ROLE,1.0,1,1,HIGH_LOCKED_LAGGED_PBP,confirmation
00-0033948,2023,RB,OPPORTUNITY_ROLE,1.0,1,1,HIGH_LOCKED_LAGGED_PBP,confirmation
00-0034208,2023,RB,OPPORTUNITY_ROLE,1.0,1,1,HIGH_LOCKED_LAGGED_PBP,confirmation
00-0034750,2023,RB,OPPORTUNITY_ROLE,1.0,1,1,HIGH_LOCKED_LAGGED_PBP,confirmation
00-0034791,2023,RB,OPPORTUNITY_ROLE,1.0,1,1,HIGH_LOCKED_LAGGED_PBP,confirmation
00-0034838,2023,RB,OPPORTUNITY_ROLE,1.0,1,1,HIGH_LOCKED_LAGGED_PBP,confirmation
00-0035184,2023,RB,OPPORTUNITY_ROLE,1.0,1,1,HIGH_LOCKED_LAGGED_PBP,confirmation
00-0035594,2023,RB,OPPORTUNITY_ROLE,1.0,1,1,HIGH_LOCKED_LAGGED_PBP,confirmation
00-0035628,2023,RB,OPPORTUNITY_ROLE,1.0,1,1,HIGH_LOCKED_LAGGED_PBP,confirmation
00-0035657,2023,RB,OPPORTUNITY_ROLE,1.0,1,1,HIGH_LOCKED_LAGGED_PBP,confirmation
00-0035664,2023,RB,OPPORTUNITY_ROLE,1.0,1,1,HIGH_LOCKED_LAGGED_PBP,confirmation
00-0035700,2023,RB,OPPORTUNITY_ROLE,1.0,1,1,HIGH_LOCKED_LAGGED_PBP,confirmation
00-0035726,2023,RB,OPPORTUNITY_ROLE,1.0,1,1,HIGH_LOCKED_LAGGED_PBP,confirmation
00-0035831,2023,RB,OPPORTUNITY_ROLE,1.0,1,1,HIGH_LOCKED_LAGGED_PBP,confirmation
00-0035860,2023,RB,OPPORTUNITY_ROLE,1.0,1,1,HIGH_LOCKED_LAGGED_PBP,confirmation
00-0035924,2023,RB,OPPORTUNITY_ROLE,1.0,1,1,HIGH_LOCKED_LAGGED_PBP,confirmation
00-0036187,2023,RB,OPPORTUNITY_ROLE,1.0,1,1,HIGH_LOCKED_LAGGED_PBP,confirmation
00-0036223,2023,RB,OPPORTUNITY_ROLE,1.0,1,1,HIGH_LOCKED_LAGGED_PBP,confirmation
00-0036251,2023,RB,OPPORTUNITY_ROLE,1.0,1,1,HIGH_LOCKED_LAGGED_PBP,confirmation
00-0036265,2023,RB,OPPORTUNITY_ROLE,1.0,1,1,HIGH_LOCKED_LAGGED_PBP,confirmation
00-0036297,2023,RB,OPPORTUNITY_ROLE,1.0,1,1,HIGH_LOCKED_LAGGED_PBP,confirmation
00-0036328,2023,RB,OPPORTUNITY_ROLE,1.0,1,1,HIGH_LOCKED_LAGGED_PBP,confirmation
00-0036336,2023,RB,OPPORTUNITY_ROLE,1.0,1,1,HIGH_LOCKED_LAGGED_PBP,confirmation
00-0036414,2023,RB,OPPORTUNITY_ROLE,1.0,1,1,HIGH_LOCKED_LAGGED_PBP,confirmation
00-0036450,2023,RB,OPPORTUNITY_ROLE,1.0,1,1,HIGH_LOCKED_LAGGED_PBP,confirmation
00-0036493,2023,RB,OPPORTUNITY_ROLE,1.0,1,1,HIGH_LOCKED_LAGGED_PBP,confirmation
00-0036555,2023,RB,OPPORTUNITY_ROLE,1.0,1,1,HIGH_LOCKED_LAGGED_PBP,confirmation
00-0036857,2023,RB,OPPORTUNITY_ROLE,1.0,1,1,HIGH_LOCKED_LAGGED_PBP,confirmation
00-0036860,2023,RB,OPPORTUNITY_ROLE,0.0,0,0,HIGH_LOCKED_LAGGED_PBP,confirmation
00-0036875,2023,RB,OPPORTUNITY_ROLE,1.0,1,1,HIGH_LOCKED_LAGGED_PBP,confirmation
00-0036906,2023,RB,OPPORTUNITY_ROLE,1.0,1,1,HIGH_LOCKED_LAGGED_PBP,confirmation
00-0036924,2023,RB,OPPORTUNITY_ROLE,1.0,1,1,HIGH_LOCKED_LAGGED_PBP,confirmation
00-0036984,2023,RB,OPPORTUNITY_ROLE,0.9411764705882353,1,1,HIGH_LOCKED_LAGGED_PBP,confirmation
00-0036997,2023,RB,OPPORTUNITY_ROLE,1.0,1,1,HIGH_LOCKED_LAGGED_PBP,confirmation
00-0037157,2023,RB,OPPORTUNITY_ROLE,1.0,1,1,HIGH_LOCKED_LAGGED_PBP,confirmation
00-0037263,2023,RB,OPPORTUNITY_ROLE,1.0,1,1,HIGH_LOCKED_LAGGED_PBP,confirmation
00-0037276,2023,RB,OPPORTUNITY_ROLE,0.9411764705882353,1,1,HIGH_LOCKED_LAGGED_PBP,confirmation
00-0037286,2023,RB,OPPORTUNITY_ROLE,0.9411764705882353,1,1,HIGH_LOCKED_LAGGED_PBP,confirmation
00-0037299,2023,RB,OPPORTUNITY_ROLE,1.0,1,1,HIGH_LOCKED_LAGGED_PBP,confirmation
00-0037429,2023,RB,OPPORTUNITY_ROLE,1.0,1,1,HIGH_LOCKED_LAGGED_PBP,confirmation
00-0037563,2023,RB,OPPORTUNITY_ROLE,1.0,1,1,HIGH_LOCKED_LAGGED_PBP,confirmation
00-0037594,2023,RB,OPPORTUNITY_ROLE,1.0,1,1,HIGH_LOCKED_LAGGED_PBP,confirmation
00-0037746,2023,RB,OPPORTUNITY_ROLE,1.0,1,1,HIGH_LOCKED_LAGGED_PBP,confirmation
00-0037827,2023,RB,OPPORTUNITY_ROLE,1.0,1,1,HIGH_LOCKED_LAGGED_PBP,confirmation
00-0038040,2023,RB,OPPORTUNITY_ROLE,0.9411764705882353,1,1,HIGH_LOCKED_LAGGED_PBP,confirmation
00-0038045,2023,RB,OPPORTUNITY_ROLE,1.0,1,1,HIGH_LOCKED_LAGGED_PBP,confirmation
00-0038098,2023,RB,OPPORTUNITY_ROLE,1.0,1,1,HIGH_LOCKED_LAGGED_PBP,confirmation
00-0038120,2023,RB,OPPORTUNITY_ROLE,1.0,1,1,HIGH_LOCKED_LAGGED_PBP,confirmation
00-0026293,2023,WR,OPPORTUNITY_ROLE,0.0,0,0,HIGH_LOCKED_LAGGED_PBP,confirmation
00-0028002,2023,WR,OPPORTUNITY_ROLE,1.0,1,1,HIGH_LOCKED_LAGGED_PBP,confirmation
00-0030564,2023,WR,OPPORTUNITY_ROLE,1.0,1,1,HIGH_LOCKED_LAGGED_PBP,confirmation
00-0031381,2023,WR,OPPORTUNITY_ROLE,1.0,1,1,HIGH_LOCKED_LAGGED_PBP,confirmation
00-0031547,2023,WR,OPPORTUNITY_ROLE,1.0,1,1,HIGH_LOCKED_LAGGED_PBP,confirmation
00-0031868,2023,WR,OPPORTUNITY_ROLE,1.0,1,1,HIGH_LOCKED_LAGGED_PBP,confirmation
00-0031941,2023,WR,OPPORTUNITY_ROLE,1.0,1,1,HIGH_LOCKED_LAGGED_PBP,confirmation
00-0032200,2023,WR,OPPORTUNITY_ROLE,1.0,1,1,HIGH_LOCKED_LAGGED_PBP,confirmation
00-0032208,2023,WR,OPPORTUNITY_ROLE,1.0,1,1,HIGH_LOCKED_LAGGED_PBP,confirmation
00-0032385,2023,WR,OPPORTUNITY_ROLE,1.0,1,1,HIGH_LOCKED_LAGGED_PBP,confirmation
00-0032398,2023,WR,OPPORTUNITY_ROLE,1.0,1,1,HIGH_LOCKED_LAGGED_PBP,confirmation
00-0032464,2023,WR,OPPORTUNITY_ROLE,1.0,1,1,HIGH_LOCKED_LAGGED_PBP,confirmation
00-0032543,2023,WR,OPPORTUNITY_ROLE,0.0,0,0,HIGH_LOCKED_LAGGED_PBP,confirmation
00-0032688,2023,WR,OPPORTUNITY_ROLE,1.0,1,1,HIGH_LOCKED_LAGGED_PBP,confirmation
00-0032765,2023,WR,OPPORTUNITY_ROLE,1.0,1,1,HIGH_LOCKED_LAGGED_PBP,confirmation
00-0032951,2023,WR,OPPORTUNITY_ROLE,1.0,1,1,HIGH_LOCKED_LAGGED_PBP,confirmation
00-0033282,2023,WR,OPPORTUNITY_ROLE,1.0,1,1,HIGH_LOCKED_LAGGED_PBP,confirmation
00-0033307,2023,WR,OPPORTUNITY_ROLE,1.0,1,1,HIGH_LOCKED_LAGGED_PBP,confirmation
00-0033536,2023,WR,OPPORTUNITY_ROLE,1.0,1,1,HIGH_LOCKED_LAGGED_PBP,confirmation
00-0033555,2023,WR,OPPORTUNITY_ROLE,1.0,1,1,HIGH_LOCKED_LAGGED_PBP,confirmation
00-0034279,2023,WR,OPPORTUNITY_ROLE,1.0,1,1,HIGH_LOCKED_LAGGED_PBP,confirmation
00-0034297,2023,WR,OPPORTUNITY_ROLE,1.0,1,1,HIGH_LOCKED_LAGGED_PBP,confirmation
00-0034317,2023,WR,OPPORTUNITY_ROLE,1.0,1,1,HIGH_LOCKED_LAGGED_PBP,confirmation
00-0034348,2023,WR,OPPORTUNITY_ROLE,1.0,1,1,HIGH_LOCKED_LAGGED_PBP,confirmation
00-0034521,2023,WR,OPPORTUNITY_ROLE,1.0,1,1,HIGH_LOCKED_LAGGED_PBP,confirmation
00-0034646,2023,WR,OPPORTUNITY_ROLE,1.0,1,1,HIGH_LOCKED_LAGGED_PBP,confirmation
00-0034777,2023,WR,OPPORTUNITY_ROLE,1.0,1,1,HIGH_LOCKED_LAGGED_PBP,confirmation
00-0034827,2023,WR,OPPORTUNITY_ROLE,1.0,1,1,HIGH_LOCKED_LAGGED_PBP,confirmation
00-0034854,2023,WR,OPPORTUNITY_ROLE,1.0,1,1,HIGH_LOCKED_LAGGED_PBP,confirmation
00-0034960,2023,WR,OPPORTUNITY_ROLE,1.0,1,1,HIGH_LOCKED_LAGGED_PBP,confirmation
00-0034983,2023,WR,OPPORTUNITY_ROLE,1.0,1,1,HIGH_LOCKED_LAGGED_PBP,confirmation
00-0035298,2023,WR,OPPORTUNITY_ROLE,1.0,1,1,HIGH_LOCKED_LAGGED_PBP,confirmation
00-0035406,2023,WR,OPPORTUNITY_ROLE,1.0,1,1,HIGH_LOCKED_LAGGED_PBP,confirmation
00-0035414,2023,WR,OPPORTUNITY_ROLE,1.0,1,1,HIGH_LOCKED_LAGGED_PBP,confirmation
00-0035500,2023,WR,OPPORTUNITY_ROLE,1.0,1,1,HIGH_LOCKED_LAGGED_PBP,confirmation
00-0035593,2023,WR,OPPORTUNITY_ROLE,1.0,1,1,HIGH_LOCKED_LAGGED_PBP,confirmation
00-0035639,2023,WR,OPPORTUNITY_ROLE,1.0,1,1,HIGH_LOCKED_LAGGED_PBP,confirmation
00-0035645,2023,WR,OPPORTUNITY_ROLE,1.0,1,1,HIGH_LOCKED_LAGGED_PBP,confirmation
00-0035659,2023,WR,OPPORTUNITY_ROLE,1.0,1,1,HIGH_LOCKED_LAGGED_PBP,confirmation
00-0035662,2023,WR,OPPORTUNITY_ROLE,1.0,1,1,HIGH_LOCKED_LAGGED_PBP,confirmation
00-0035703,2023,WR,OPPORTUNITY_ROLE,1.0,1,1,HIGH_LOCKED_LAGGED_PBP,confirmation
00-0035876,2023,WR,OPPORTUNITY_ROLE,1.0,1,1,HIGH_LOCKED_LAGGED_PBP,confirmation
00-0036176,2023,WR,OPPORTUNITY_ROLE,1.0,1,1,HIGH_LOCKED_LAGGED_PBP,confirmation
00-0036182,2023,WR,OPPORTUNITY_ROLE,1.0,1,1,HIGH_LOCKED_LAGGED_PBP,confirmation
00-0036252,2023,WR,OPPORTUNITY_ROLE,1.0,1,1,HIGH_LOCKED_LAGGED_PBP,confirmation
00-0036268,2023,WR,OPPORTUNITY_ROLE,1.0,1,1,HIGH_LOCKED_LAGGED_PBP,confirmation
00-0036309,2023,WR,OPPORTUNITY_ROLE,1.0,1,1,HIGH_LOCKED_LAGGED_PBP,confirmation
00-0036326,2023,WR,OPPORTUNITY_ROLE,1.0,1,1,HIGH_LOCKED_LAGGED_PBP,confirmation
00-0036407,2023,WR,OPPORTUNITY_ROLE,1.0,1,1,HIGH_LOCKED_LAGGED_PBP,confirmation
00-0036415,2023,WR,OPPORTUNITY_ROLE,1.0,1,1,HIGH_LOCKED_LAGGED_PBP,confirmation
00-0036482,2023,WR,OPPORTUNITY_ROLE,1.0,1,1,HIGH_LOCKED_LAGGED_PBP,confirmation
00-0036527,2023,WR,OPPORTUNITY_ROLE,1.0,1,1,HIGH_LOCKED_LAGGED_PBP,confirmation
00-0036620,2023,WR,OPPORTUNITY_ROLE,1.0,1,1,HIGH_LOCKED_LAGGED_PBP,confirmation
00-0036626,2023,WR,OPPORTUNITY_ROLE,1.0,1,1,HIGH_LOCKED_LAGGED_PBP,confirmation
00-0036630,2023,WR,OPPORTUNITY_ROLE,1.0,1,1,HIGH_LOCKED_LAGGED_PBP,confirmation
00-0036635,2023,WR,OPPORTUNITY_ROLE,1.0,1,1,HIGH_LOCKED_LAGGED_PBP,confirmation
00-0036646,2023,WR,OPPORTUNITY_ROLE,1.0,1,1,HIGH_LOCKED_LAGGED_PBP,confirmation
00-0036877,2023,WR,OPPORTUNITY_ROLE,1.0,1,1,HIGH_LOCKED_LAGGED_PBP,confirmation
00-0036936,2023,WR,OPPORTUNITY_ROLE,1.0,1,1,HIGH_LOCKED_LAGGED_PBP,confirmation
00-0036955,2023,WR,OPPORTUNITY_ROLE,1.0,1,1,HIGH_LOCKED_LAGGED_PBP,confirmation
00-0036991,2023,WR,OPPORTUNITY_ROLE,1.0,1,1,HIGH_LOCKED_LAGGED_PBP,confirmation
00-0037098,2023,WR,OPPORTUNITY_ROLE,1.0,1,1,HIGH_LOCKED_LAGGED_PBP,confirmation
00-0037238,2023,WR,OPPORTUNITY_ROLE,1.0,1,1,HIGH_LOCKED_LAGGED_PBP,confirmation
00-0037239,2023,WR,OPPORTUNITY_ROLE,1.0,1,1,HIGH_LOCKED_LAGGED_PBP,confirmation
00-0037272,2023,WR,OPPORTUNITY_ROLE,1.0,1,1,HIGH_LOCKED_LAGGED_PBP,confirmation
00-0037273,2023,WR,OPPORTUNITY_ROLE,1.0,1,1,HIGH_LOCKED_LAGGED_PBP,confirmation
00-0037291,2023,WR,OPPORTUNITY_ROLE,1.0,1,1,HIGH_LOCKED_LAGGED_PBP,confirmation
00-0037382,2023,WR,OPPORTUNITY_ROLE,1.0,1,1,HIGH_LOCKED_LAGGED_PBP,confirmation
00-0037545,2023,WR,OPPORTUNITY_ROLE,1.0,1,1,HIGH_LOCKED_LAGGED_PBP,confirmation
00-0037664,2023,WR,OPPORTUNITY_ROLE,1.0,1,1,HIGH_LOCKED_LAGGED_PBP,confirmation
00-0037740,2023,WR,OPPORTUNITY_ROLE,1.0,1,1,HIGH_LOCKED_LAGGED_PBP,confirmation
00-0037741,2023,WR,OPPORTUNITY_ROLE,1.0,1,1,HIGH_LOCKED_LAGGED_PBP,confirmation
00-0037742,2023,WR,OPPORTUNITY_ROLE,1.0,1,1,HIGH_LOCKED_LAGGED_PBP,confirmation
00-0037745,2023,WR,OPPORTUNITY_ROLE,1.0,1,1,HIGH_LOCKED_LAGGED_PBP,confirmation
00-0038092,2023,WR,OPPORTUNITY_ROLE,1.0,1,1,HIGH_LOCKED_LAGGED_PBP,confirmation
00-0038104,2023,WR,OPPORTUNITY_ROLE,1.0,1,1,HIGH_LOCKED_LAGGED_PBP,confirmation
00-0038117,2023,WR,OPPORTUNITY_ROLE,1.0,1,1,HIGH_LOCKED_LAGGED_PBP,confirmation
00-0024243,2023,TE,OPPORTUNITY_ROLE,1.0,1,1,HIGH_LOCKED_LAGGED_PBP,confirmation
00-0030061,2023,TE,OPPORTUNITY_ROLE,1.0,1,1,HIGH_LOCKED_LAGGED_PBP,confirmation
00-0031260,2023,TE,OPPORTUNITY_ROLE,1.0,1,1,HIGH_LOCKED_LAGGED_PBP,confirmation
00-0031585,2023,TE,OPPORTUNITY_ROLE,1.0,1,1,HIGH_LOCKED_LAGGED_PBP,confirmation
00-0031610,2023,TE,OPPORTUNITY_ROLE,1.0,1,1,HIGH_LOCKED_LAGGED_PBP,confirmation
00-0032134,2023,TE,OPPORTUNITY_ROLE,1.0,1,1,HIGH_LOCKED_LAGGED_PBP,confirmation
00-0032141,2023,TE,OPPORTUNITY_ROLE,1.0,1,1,HIGH_LOCKED_LAGGED_PBP,confirmation
00-0032214,2023,TE,OPPORTUNITY_ROLE,1.0,1,1,HIGH_LOCKED_LAGGED_PBP,confirmation
00-0032392,2023,TE,OPPORTUNITY_ROLE,1.0,1,1,HIGH_LOCKED_LAGGED_PBP,confirmation
00-0032394,2023,TE,OPPORTUNITY_ROLE,1.0,1,1,HIGH_LOCKED_LAGGED_PBP,confirmation
00-0032725,2023,TE,OPPORTUNITY_ROLE,1.0,1,1,HIGH_LOCKED_LAGGED_PBP,confirmation
00-0033090,2023,TE,OPPORTUNITY_ROLE,1.0,1,1,HIGH_LOCKED_LAGGED_PBP,confirmation
00-0033217,2023,TE,OPPORTUNITY_ROLE,1.0,1,1,HIGH_LOCKED_LAGGED_PBP,confirmation
00-0033357,2023,TE,OPPORTUNITY_ROLE,1.0,1,1,HIGH_LOCKED_LAGGED_PBP,confirmation
00-0033439,2023,TE,OPPORTUNITY_ROLE,1.0,1,1,HIGH_LOCKED_LAGGED_PBP,confirmation
00-0033576,2023,TE,OPPORTUNITY_ROLE,1.0,1,1,HIGH_LOCKED_LAGGED_PBP,confirmation
00-0033757,2023,TE,OPPORTUNITY_ROLE,1.0,1,1,HIGH_LOCKED_LAGGED_PBP,confirmation
00-0033858,2023,TE,OPPORTUNITY_ROLE,1.0,1,1,HIGH_LOCKED_LAGGED_PBP,confirmation
00-0034073,2023,TE,OPPORTUNITY_ROLE,1.0,1,1,HIGH_LOCKED_LAGGED_PBP,confirmation
00-0034159,2023,TE,OPPORTUNITY_ROLE,1.0,1,1,HIGH_LOCKED_LAGGED_PBP,confirmation
00-0034193,2023,TE,OPPORTUNITY_ROLE,0.0,0,0,HIGH_LOCKED_LAGGED_PBP,confirmation
00-0034270,2023,TE,OPPORTUNITY_ROLE,1.0,1,1,HIGH_LOCKED_LAGGED_PBP,confirmation
00-0034364,2023,TE,OPPORTUNITY_ROLE,1.0,1,1,HIGH_LOCKED_LAGGED_PBP,confirmation
00-0034365,2023,TE,OPPORTUNITY_ROLE,1.0,1,1,HIGH_LOCKED_LAGGED_PBP,confirmation
00-0034613,2023,TE,OPPORTUNITY_ROLE,1.0,1,1,HIGH_LOCKED_LAGGED_PBP,confirmation
00-0034981,2023,TE,OPPORTUNITY_ROLE,1.0,1,1,HIGH_LOCKED_LAGGED_PBP,confirmation
00-0035259,2023,TE,OPPORTUNITY_ROLE,1.0,1,1,HIGH_LOCKED_LAGGED_PBP,confirmation
00-0035562,2023,TE,OPPORTUNITY_ROLE,1.0,1,1,HIGH_LOCKED_LAGGED_PBP,confirmation
00-0035572,2023,TE,OPPORTUNITY_ROLE,1.0,1,1,HIGH_LOCKED_LAGGED_PBP,confirmation
00-0035631,2023,TE,OPPORTUNITY_ROLE,1.0,1,1,HIGH_LOCKED_LAGGED_PBP,confirmation
00-0035956,2023,TE,OPPORTUNITY_ROLE,1.0,1,1,HIGH_LOCKED_LAGGED_PBP,confirmation
00-0036040,2023,TE,OPPORTUNITY_ROLE,1.0,1,1,HIGH_LOCKED_LAGGED_PBP,confirmation
00-0036290,2023,TE,OPPORTUNITY_ROLE,1.0,1,1,HIGH_LOCKED_LAGGED_PBP,confirmation
00-0036422,2023,TE,OPPORTUNITY_ROLE,1.0,1,1,HIGH_LOCKED_LAGGED_PBP,confirmation
00-0036423,2023,TE,OPPORTUNITY_ROLE,1.0,1,1,HIGH_LOCKED_LAGGED_PBP,confirmation
00-0036424,2023,TE,OPPORTUNITY_ROLE,1.0,1,1,HIGH_LOCKED_LAGGED_PBP,confirmation
00-0036438,2023,TE,OPPORTUNITY_ROLE,1.0,1,1,HIGH_LOCKED_LAGGED_PBP,confirmation
00-0036510,2023,TE,OPPORTUNITY_ROLE,0.0,0,0,HIGH_LOCKED_LAGGED_PBP,confirmation
00-0036628,2023,TE,OPPORTUNITY_ROLE,1.0,1,1,HIGH_LOCKED_LAGGED_PBP,confirmation
00-0036876,2023,TE,OPPORTUNITY_ROLE,1.0,1,1,HIGH_LOCKED_LAGGED_PBP,confirmation
00-0036887,2023,TE,OPPORTUNITY_ROLE,1.0,1,1,HIGH_LOCKED_LAGGED_PBP,confirmation
00-0036970,2023,TE,OPPORTUNITY_ROLE,1.0,1,1,HIGH_LOCKED_LAGGED_PBP,confirmation
00-0037005,2023,TE,OPPORTUNITY_ROLE,1.0,1,1,HIGH_LOCKED_LAGGED_PBP,confirmation
00-0037078,2023,TE,OPPORTUNITY_ROLE,1.0,1,1,HIGH_LOCKED_LAGGED_PBP,confirmation
00-0037086,2023,TE,OPPORTUNITY_ROLE,1.0,1,1,HIGH_LOCKED_LAGGED_PBP,confirmation
00-0037252,2023,TE,OPPORTUNITY_ROLE,1.0,1,1,HIGH_LOCKED_LAGGED_PBP,confirmation
00-0037277,2023,TE,OPPORTUNITY_ROLE,1.0,1,1,HIGH_LOCKED_LAGGED_PBP,confirmation
00-0037282,2023,TE,OPPORTUNITY_ROLE,1.0,1,1,HIGH_LOCKED_LAGGED_PBP,confirmation
00-0037475,2023,TE,OPPORTUNITY_ROLE,1.0,1,1,HIGH_LOCKED_LAGGED_PBP,confirmation
00-0037744,2023,TE,OPPORTUNITY_ROLE,1.0,1,1,HIGH_LOCKED_LAGGED_PBP,confirmation
00-0037805,2023,TE,OPPORTUNITY_ROLE,1.0,1,1,HIGH_LOCKED_LAGGED_PBP,confirmation
00-0037809,2023,TE,OPPORTUNITY_ROLE,1.0,1,1,HIGH_LOCKED_LAGGED_PBP,confirmation
00-0023459,2024,QB,OPPORTUNITY_ROLE,1.0,1,1,HIGH_LOCKED_LAGGED_PBP,confirmation
00-0027973,2024,QB,OPPORTUNITY_ROLE,1.0,1,1,HIGH_LOCKED_LAGGED_PBP,confirmation
00-0028118,2024,QB,OPPORTUNITY_ROLE,1.0,1,1,HIGH_LOCKED_LAGGED_PBP,confirmation
00-0029604,2024,QB,OPPORTUNITY_ROLE,1.0,1,1,HIGH_LOCKED_LAGGED_PBP,confirmation
00-0030565,2024,QB,OPPORTUNITY_ROLE,1.0,1,1,HIGH_LOCKED_LAGGED_PBP,confirmation
00-0031280,2024,QB,OPPORTUNITY_ROLE,1.0,1,1,HIGH_LOCKED_LAGGED_PBP,confirmation
00-0031345,2024,QB,OPPORTUNITY_ROLE,1.0,1,1,HIGH_LOCKED_LAGGED_PBP,confirmation
00-0031503,2024,QB,OPPORTUNITY_ROLE,1.0,1,1,HIGH_LOCKED_LAGGED_PBP,confirmation
00-0031800,2024,QB,OPPORTUNITY_ROLE,1.0,1,1,HIGH_LOCKED_LAGGED_PBP,confirmation
00-0032950,2024,QB,OPPORTUNITY_ROLE,1.0,1,1,HIGH_LOCKED_LAGGED_PBP,confirmation
00-0033119,2024,QB,OPPORTUNITY_ROLE,1.0,1,1,HIGH_LOCKED_LAGGED_PBP,confirmation
00-0033319,2024,QB,OPPORTUNITY_ROLE,1.0,1,1,HIGH_LOCKED_LAGGED_PBP,confirmation
00-0033537,2024,QB,OPPORTUNITY_ROLE,1.0,1,1,HIGH_LOCKED_LAGGED_PBP,confirmation
00-0033662,2024,QB,OPPORTUNITY_ROLE,1.0,1,1,HIGH_LOCKED_LAGGED_PBP,confirmation
00-0033949,2024,QB,OPPORTUNITY_ROLE,1.0,1,1,HIGH_LOCKED_LAGGED_PBP,confirmation
00-0034177,2024,QB,OPPORTUNITY_ROLE,1.0,1,1,HIGH_LOCKED_LAGGED_PBP,confirmation
00-0034401,2024,QB,OPPORTUNITY_ROLE,1.0,1,1,HIGH_LOCKED_LAGGED_PBP,confirmation
00-0034577,2024,QB,OPPORTUNITY_ROLE,0.0,0,0,HIGH_LOCKED_LAGGED_PBP,confirmation
00-0035100,2024,QB,OPPORTUNITY_ROLE,1.0,1,1,HIGH_LOCKED_LAGGED_PBP,confirmation
00-0035228,2024,QB,OPPORTUNITY_ROLE,1.0,1,1,HIGH_LOCKED_LAGGED_PBP,confirmation
00-0035264,2024,QB,OPPORTUNITY_ROLE,1.0,1,1,HIGH_LOCKED_LAGGED_PBP,confirmation
00-0035289,2024,QB,OPPORTUNITY_ROLE,1.0,1,1,HIGH_LOCKED_LAGGED_PBP,confirmation
00-0035704,2024,QB,OPPORTUNITY_ROLE,1.0,1,1,HIGH_LOCKED_LAGGED_PBP,confirmation
00-0035710,2024,QB,OPPORTUNITY_ROLE,1.0,1,1,HIGH_LOCKED_LAGGED_PBP,confirmation
00-0035993,2024,QB,OPPORTUNITY_ROLE,1.0,1,1,HIGH_LOCKED_LAGGED_PBP,confirmation
00-0036442,2024,QB,OPPORTUNITY_ROLE,1.0,1,1,HIGH_LOCKED_LAGGED_PBP,confirmation
00-0036928,2024,QB,OPPORTUNITY_ROLE,1.0,1,1,HIGH_LOCKED_LAGGED_PBP,confirmation
00-0036971,2024,QB,OPPORTUNITY_ROLE,1.0,1,1,HIGH_LOCKED_LAGGED_PBP,confirmation
00-0036972,2024,QB,OPPORTUNITY_ROLE,1.0,1,1,HIGH_LOCKED_LAGGED_PBP,confirmation
00-0037077,2024,QB,OPPORTUNITY_ROLE,1.0,1,1,HIGH_LOCKED_LAGGED_PBP,confirmation
00-0038108,2024,QB,OPPORTUNITY_ROLE,1.0,1,1,HIGH_LOCKED_LAGGED_PBP,confirmation
00-0038122,2024,QB,OPPORTUNITY_ROLE,1.0,1,1,HIGH_LOCKED_LAGGED_PBP,confirmation
00-0038128,2024,QB,OPPORTUNITY_ROLE,1.0,1,1,HIGH_LOCKED_LAGGED_PBP,confirmation
00-0038416,2024,QB,OPPORTUNITY_ROLE,1.0,1,1,HIGH_LOCKED_LAGGED_PBP,confirmation
00-0038476,2024,QB,OPPORTUNITY_ROLE,1.0,1,1,HIGH_LOCKED_LAGGED_PBP,confirmation
00-0038579,2024,QB,OPPORTUNITY_ROLE,1.0,1,1,HIGH_LOCKED_LAGGED_PBP,confirmation
00-0038582,2024,QB,OPPORTUNITY_ROLE,1.0,1,1,HIGH_LOCKED_LAGGED_PBP,confirmation
00-0038583,2024,QB,OPPORTUNITY_ROLE,1.0,1,1,HIGH_LOCKED_LAGGED_PBP,confirmation
00-0039150,2024,QB,OPPORTUNITY_ROLE,1.0,1,1,HIGH_LOCKED_LAGGED_PBP,confirmation
00-0039152,2024,QB,OPPORTUNITY_ROLE,1.0,1,1,HIGH_LOCKED_LAGGED_PBP,confirmation
00-0039164,2024,QB,OPPORTUNITY_ROLE,1.0,1,1,HIGH_LOCKED_LAGGED_PBP,confirmation
00-0032104,2024,RB,OPPORTUNITY_ROLE,1.0,1,1,HIGH_LOCKED_LAGGED_PBP,confirmation
00-0033045,2024,RB,OPPORTUNITY_ROLE,1.0,1,1,HIGH_LOCKED_LAGGED_PBP,confirmation
00-0033376,2024,RB,OPPORTUNITY_ROLE,1.0,1,1,HIGH_LOCKED_LAGGED_PBP,confirmation
00-0033553,2024,RB,OPPORTUNITY_ROLE,1.0,1,1,HIGH_LOCKED_LAGGED_PBP,confirmation
00-0033906,2024,RB,OPPORTUNITY_ROLE,1.0,1,1,HIGH_LOCKED_LAGGED_PBP,confirmation
00-0033925,2024,RB,OPPORTUNITY_ROLE,1.0,1,1,HIGH_LOCKED_LAGGED_PBP,confirmation
00-0033948,2024,RB,OPPORTUNITY_ROLE,1.0,1,1,HIGH_LOCKED_LAGGED_PBP,confirmation
00-0034208,2024,RB,OPPORTUNITY_ROLE,1.0,1,1,HIGH_LOCKED_LAGGED_PBP,confirmation
00-0034791,2024,RB,OPPORTUNITY_ROLE,1.0,1,1,HIGH_LOCKED_LAGGED_PBP,confirmation
00-0034972,2024,RB,OPPORTUNITY_ROLE,1.0,1,1,HIGH_LOCKED_LAGGED_PBP,confirmation
00-0035243,2024,RB,OPPORTUNITY_ROLE,1.0,1,1,HIGH_LOCKED_LAGGED_PBP,confirmation
00-0035291,2024,RB,OPPORTUNITY_ROLE,1.0,1,1,HIGH_LOCKED_LAGGED_PBP,confirmation
00-0035594,2024,RB,OPPORTUNITY_ROLE,1.0,1,1,HIGH_LOCKED_LAGGED_PBP,confirmation
00-0035628,2024,RB,OPPORTUNITY_ROLE,1.0,1,1,HIGH_LOCKED_LAGGED_PBP,confirmation
00-0035726,2024,RB,OPPORTUNITY_ROLE,1.0,1,1,HIGH_LOCKED_LAGGED_PBP,confirmation
00-0035806,2024,RB,OPPORTUNITY_ROLE,1.0,1,1,HIGH_LOCKED_LAGGED_PBP,confirmation
00-0035860,2024,RB,OPPORTUNITY_ROLE,1.0,1,1,HIGH_LOCKED_LAGGED_PBP,confirmation
00-0035924,2024,RB,OPPORTUNITY_ROLE,0.9411764705882353,1,1,HIGH_LOCKED_LAGGED_PBP,confirmation
00-0036223,2024,RB,OPPORTUNITY_ROLE,1.0,1,1,HIGH_LOCKED_LAGGED_PBP,confirmation
00-0036251,2024,RB,OPPORTUNITY_ROLE,1.0,1,1,HIGH_LOCKED_LAGGED_PBP,confirmation
00-0036297,2024,RB,OPPORTUNITY_ROLE,1.0,1,1,HIGH_LOCKED_LAGGED_PBP,confirmation
00-0036328,2024,RB,OPPORTUNITY_ROLE,1.0,1,1,HIGH_LOCKED_LAGGED_PBP,confirmation
00-0036370,2024,RB,OPPORTUNITY_ROLE,1.0,1,1,HIGH_LOCKED_LAGGED_PBP,confirmation
00-0036425,2024,RB,OPPORTUNITY_ROLE,1.0,1,1,HIGH_LOCKED_LAGGED_PBP,confirmation
00-0036450,2024,RB,OPPORTUNITY_ROLE,1.0,1,1,HIGH_LOCKED_LAGGED_PBP,confirmation
00-0036555,2024,RB,OPPORTUNITY_ROLE,1.0,1,1,HIGH_LOCKED_LAGGED_PBP,confirmation
00-0036569,2024,RB,OPPORTUNITY_ROLE,1.0,1,1,HIGH_LOCKED_LAGGED_PBP,confirmation
00-0036842,2024,RB,OPPORTUNITY_ROLE,0.9411764705882353,1,1,HIGH_LOCKED_LAGGED_PBP,confirmation
00-0036875,2024,RB,OPPORTUNITY_ROLE,1.0,1,1,HIGH_LOCKED_LAGGED_PBP,confirmation
00-0036906,2024,RB,OPPORTUNITY_ROLE,1.0,1,1,HIGH_LOCKED_LAGGED_PBP,confirmation
00-0036924,2024,RB,OPPORTUNITY_ROLE,1.0,1,1,HIGH_LOCKED_LAGGED_PBP,confirmation
00-0036973,2024,RB,OPPORTUNITY_ROLE,1.0,1,1,HIGH_LOCKED_LAGGED_PBP,confirmation
00-0036984,2024,RB,OPPORTUNITY_ROLE,1.0,1,1,HIGH_LOCKED_LAGGED_PBP,confirmation
00-0037120,2024,RB,OPPORTUNITY_ROLE,1.0,1,1,HIGH_LOCKED_LAGGED_PBP,confirmation
00-0037263,2024,RB,OPPORTUNITY_ROLE,1.0,1,1,HIGH_LOCKED_LAGGED_PBP,confirmation
00-0037299,2024,RB,OPPORTUNITY_ROLE,1.0,1,1,HIGH_LOCKED_LAGGED_PBP,confirmation
00-0037429,2024,RB,OPPORTUNITY_ROLE,1.0,1,1,HIGH_LOCKED_LAGGED_PBP,confirmation
00-0037525,2024,RB,OPPORTUNITY_ROLE,1.0,1,1,HIGH_LOCKED_LAGGED_PBP,confirmation
00-0037594,2024,RB,OPPORTUNITY_ROLE,0.0,0,0,HIGH_LOCKED_LAGGED_PBP,confirmation
00-0037827,2024,RB,OPPORTUNITY_ROLE,0.9411764705882353,1,1,HIGH_LOCKED_LAGGED_PBP,confirmation
00-0038040,2024,RB,OPPORTUNITY_ROLE,1.0,1,1,HIGH_LOCKED_LAGGED_PBP,confirmation
00-0038098,2024,RB,OPPORTUNITY_ROLE,1.0,1,1,HIGH_LOCKED_LAGGED_PBP,confirmation
00-0038120,2024,RB,OPPORTUNITY_ROLE,1.0,1,1,HIGH_LOCKED_LAGGED_PBP,confirmation
00-0038134,2024,RB,OPPORTUNITY_ROLE,1.0,1,1,HIGH_LOCKED_LAGGED_PBP,confirmation
00-0038396,2024,RB,OPPORTUNITY_ROLE,1.0,1,1,HIGH_LOCKED_LAGGED_PBP,confirmation
00-0038488,2024,RB,OPPORTUNITY_ROLE,0.0,0,0,HIGH_LOCKED_LAGGED_PBP,confirmation
00-0038542,2024,RB,OPPORTUNITY_ROLE,1.0,1,1,HIGH_LOCKED_LAGGED_PBP,confirmation
00-0038551,2024,RB,OPPORTUNITY_ROLE,1.0,1,1,HIGH_LOCKED_LAGGED_PBP,confirmation
00-0038555,2024,RB,OPPORTUNITY_ROLE,1.0,1,1,HIGH_LOCKED_LAGGED_PBP,confirmation
00-0038597,2024,RB,OPPORTUNITY_ROLE,1.0,1,1,HIGH_LOCKED_LAGGED_PBP,confirmation
00-0038611,2024,RB,OPPORTUNITY_ROLE,1.0,1,1,HIGH_LOCKED_LAGGED_PBP,confirmation
00-0038622,2024,RB,OPPORTUNITY_ROLE,1.0,1,1,HIGH_LOCKED_LAGGED_PBP,confirmation
00-0038678,2024,RB,OPPORTUNITY_ROLE,1.0,1,1,HIGH_LOCKED_LAGGED_PBP,confirmation
00-0038705,2024,RB,OPPORTUNITY_ROLE,1.0,1,1,HIGH_LOCKED_LAGGED_PBP,confirmation
00-0038738,2024,RB,OPPORTUNITY_ROLE,1.0,1,1,HIGH_LOCKED_LAGGED_PBP,confirmation
00-0038951,2024,RB,OPPORTUNITY_ROLE,1.0,1,1,HIGH_LOCKED_LAGGED_PBP,confirmation
00-0039021,2024,RB,OPPORTUNITY_ROLE,1.0,1,1,HIGH_LOCKED_LAGGED_PBP,confirmation
00-0039032,2024,RB,OPPORTUNITY_ROLE,1.0,1,1,HIGH_LOCKED_LAGGED_PBP,confirmation
00-0039165,2024,RB,OPPORTUNITY_ROLE,1.0,1,1,HIGH_LOCKED_LAGGED_PBP,confirmation
00-0030035,2024,WR,OPPORTUNITY_ROLE,1.0,1,1,HIGH_LOCKED_LAGGED_PBP,confirmation
00-0030279,2024,WR,OPPORTUNITY_ROLE,1.0,1,1,HIGH_LOCKED_LAGGED_PBP,confirmation
00-0031381,2024,WR,OPPORTUNITY_ROLE,1.0,1,1,HIGH_LOCKED_LAGGED_PBP,confirmation
00-0031763,2024,WR,OPPORTUNITY_ROLE,1.0,1,1,HIGH_LOCKED_LAGGED_PBP,confirmation
00-0032211,2024,WR,OPPORTUNITY_ROLE,1.0,1,1,HIGH_LOCKED_LAGGED_PBP,confirmation
00-0032385,2024,WR,OPPORTUNITY_ROLE,1.0,1,1,HIGH_LOCKED_LAGGED_PBP,confirmation
00-0032543,2024,WR,OPPORTUNITY_ROLE,1.0,1,1,HIGH_LOCKED_LAGGED_PBP,confirmation
00-0032688,2024,WR,OPPORTUNITY_ROLE,1.0,1,1,HIGH_LOCKED_LAGGED_PBP,confirmation
00-0033009,2024,WR,OPPORTUNITY_ROLE,1.0,1,1,HIGH_LOCKED_LAGGED_PBP,confirmation
00-0033251,2024,WR,OPPORTUNITY_ROLE,1.0,1,1,HIGH_LOCKED_LAGGED_PBP,confirmation
00-0033292,2024,WR,OPPORTUNITY_ROLE,1.0,1,1,HIGH_LOCKED_LAGGED_PBP,confirmation
00-0033307,2024,WR,OPPORTUNITY_ROLE,1.0,1,1,HIGH_LOCKED_LAGGED_PBP,confirmation
00-0033891,2024,WR,OPPORTUNITY_ROLE,1.0,1,1,HIGH_LOCKED_LAGGED_PBP,confirmation
00-0034521,2024,WR,OPPORTUNITY_ROLE,1.0,1,1,HIGH_LOCKED_LAGGED_PBP,confirmation
00-0034775,2024,WR,OPPORTUNITY_ROLE,1.0,1,1,HIGH_LOCKED_LAGGED_PBP,confirmation
00-0034827,2024,WR,OPPORTUNITY_ROLE,1.0,1,1,HIGH_LOCKED_LAGGED_PBP,confirmation
00-0034837,2024,WR,OPPORTUNITY_ROLE,1.0,1,1,HIGH_LOCKED_LAGGED_PBP,confirmation
00-0034854,2024,WR,OPPORTUNITY_ROLE,1.0,1,1,HIGH_LOCKED_LAGGED_PBP,confirmation
00-0034960,2024,WR,OPPORTUNITY_ROLE,1.0,1,1,HIGH_LOCKED_LAGGED_PBP,confirmation
00-0035164,2024,WR,OPPORTUNITY_ROLE,1.0,1,1,HIGH_LOCKED_LAGGED_PBP,confirmation
00-0035298,2024,WR,OPPORTUNITY_ROLE,1.0,1,1,HIGH_LOCKED_LAGGED_PBP,confirmation
00-0035341,2024,WR,OPPORTUNITY_ROLE,1.0,1,1,HIGH_LOCKED_LAGGED_PBP,confirmation
00-0035406,2024,WR,OPPORTUNITY_ROLE,1.0,1,1,HIGH_LOCKED_LAGGED_PBP,confirmation
00-0035500,2024,WR,OPPORTUNITY_ROLE,1.0,1,1,HIGH_LOCKED_LAGGED_PBP,confirmation
00-0035535,2024,WR,OPPORTUNITY_ROLE,1.0,1,1,HIGH_LOCKED_LAGGED_PBP,confirmation
00-0035639,2024,WR,OPPORTUNITY_ROLE,1.0,1,1,HIGH_LOCKED_LAGGED_PBP,confirmation
00-0035640,2024,WR,OPPORTUNITY_ROLE,1.0,1,1,HIGH_LOCKED_LAGGED_PBP,confirmation
00-0036165,2024,WR,OPPORTUNITY_ROLE,1.0,1,1,HIGH_LOCKED_LAGGED_PBP,confirmation
00-0036176,2024,WR,OPPORTUNITY_ROLE,1.0,1,1,HIGH_LOCKED_LAGGED_PBP,confirmation
00-0036182,2024,WR,OPPORTUNITY_ROLE,1.0,1,1,HIGH_LOCKED_LAGGED_PBP,confirmation
00-0036196,2024,WR,OPPORTUNITY_ROLE,1.0,1,1,HIGH_LOCKED_LAGGED_PBP,confirmation
00-0036252,2024,WR,OPPORTUNITY_ROLE,1.0,1,1,HIGH_LOCKED_LAGGED_PBP,confirmation
00-0036254,2024,WR,OPPORTUNITY_ROLE,1.0,1,1,HIGH_LOCKED_LAGGED_PBP,confirmation
00-0036268,2024,WR,OPPORTUNITY_ROLE,1.0,1,1,HIGH_LOCKED_LAGGED_PBP,confirmation
00-0036309,2024,WR,OPPORTUNITY_ROLE,1.0,1,1,HIGH_LOCKED_LAGGED_PBP,confirmation
00-0036345,2024,WR,OPPORTUNITY_ROLE,1.0,1,1,HIGH_LOCKED_LAGGED_PBP,confirmation
00-0036387,2024,WR,OPPORTUNITY_ROLE,1.0,1,1,HIGH_LOCKED_LAGGED_PBP,confirmation
00-0036407,2024,WR,OPPORTUNITY_ROLE,1.0,1,1,HIGH_LOCKED_LAGGED_PBP,confirmation
00-0036410,2024,WR,OPPORTUNITY_ROLE,1.0,1,1,HIGH_LOCKED_LAGGED_PBP,confirmation
00-0036427,2024,WR,OPPORTUNITY_ROLE,1.0,1,1,HIGH_LOCKED_LAGGED_PBP,confirmation
00-0036497,2024,WR,OPPORTUNITY_ROLE,1.0,1,1,HIGH_LOCKED_LAGGED_PBP,confirmation
00-0036527,2024,WR,OPPORTUNITY_ROLE,0.0,0,0,HIGH_LOCKED_LAGGED_PBP,confirmation
00-0036620,2024,WR,OPPORTUNITY_ROLE,1.0,1,1,HIGH_LOCKED_LAGGED_PBP,confirmation
00-0036635,2024,WR,OPPORTUNITY_ROLE,1.0,1,1,HIGH_LOCKED_LAGGED_PBP,confirmation
00-0036646,2024,WR,OPPORTUNITY_ROLE,1.0,1,1,HIGH_LOCKED_LAGGED_PBP,confirmation
00-0036877,2024,WR,OPPORTUNITY_ROLE,0.0,0,0,HIGH_LOCKED_LAGGED_PBP,confirmation
00-0036900,2024,WR,OPPORTUNITY_ROLE,1.0,1,1,HIGH_LOCKED_LAGGED_PBP,confirmation
00-0036913,2024,WR,OPPORTUNITY_ROLE,1.0,1,1,HIGH_LOCKED_LAGGED_PBP,confirmation
00-0036955,2024,WR,OPPORTUNITY_ROLE,1.0,1,1,HIGH_LOCKED_LAGGED_PBP,confirmation
00-0036988,2024,WR,OPPORTUNITY_ROLE,1.0,1,1,HIGH_LOCKED_LAGGED_PBP,confirmation
00-0037093,2024,WR,OPPORTUNITY_ROLE,0.0,0,0,HIGH_LOCKED_LAGGED_PBP,confirmation
00-0037156,2024,WR,OPPORTUNITY_ROLE,1.0,1,1,HIGH_LOCKED_LAGGED_PBP,confirmation
00-0037216,2024,WR,OPPORTUNITY_ROLE,1.0,1,1,HIGH_LOCKED_LAGGED_PBP,confirmation
00-0037238,2024,WR,OPPORTUNITY_ROLE,1.0,1,1,HIGH_LOCKED_LAGGED_PBP,confirmation
00-0037239,2024,WR,OPPORTUNITY_ROLE,1.0,1,1,HIGH_LOCKED_LAGGED_PBP,confirmation
00-0037272,2024,WR,OPPORTUNITY_ROLE,0.0,0,0,HIGH_LOCKED_LAGGED_PBP,confirmation
00-0037382,2024,WR,OPPORTUNITY_ROLE,1.0,1,1,HIGH_LOCKED_LAGGED_PBP,confirmation
00-0037545,2024,WR,OPPORTUNITY_ROLE,1.0,1,1,HIGH_LOCKED_LAGGED_PBP,confirmation
00-0037664,2024,WR,OPPORTUNITY_ROLE,1.0,1,1,HIGH_LOCKED_LAGGED_PBP,confirmation
00-0037740,2024,WR,OPPORTUNITY_ROLE,1.0,1,1,HIGH_LOCKED_LAGGED_PBP,confirmation
00-0037742,2024,WR,OPPORTUNITY_ROLE,1.0,1,1,HIGH_LOCKED_LAGGED_PBP,confirmation
00-0037745,2024,WR,OPPORTUNITY_ROLE,1.0,1,1,HIGH_LOCKED_LAGGED_PBP,confirmation
00-0038090,2024,WR,OPPORTUNITY_ROLE,1.0,1,1,HIGH_LOCKED_LAGGED_PBP,confirmation
00-0038092,2024,WR,OPPORTUNITY_ROLE,1.0,1,1,HIGH_LOCKED_LAGGED_PBP,confirmation
00-0038104,2024,WR,OPPORTUNITY_ROLE,1.0,1,1,HIGH_LOCKED_LAGGED_PBP,confirmation
00-0038117,2024,WR,OPPORTUNITY_ROLE,1.0,1,1,HIGH_LOCKED_LAGGED_PBP,confirmation
00-0038496,2024,WR,OPPORTUNITY_ROLE,1.0,1,1,HIGH_LOCKED_LAGGED_PBP,confirmation
00-0038543,2024,WR,OPPORTUNITY_ROLE,1.0,1,1,HIGH_LOCKED_LAGGED_PBP,confirmation
00-0038559,2024,WR,OPPORTUNITY_ROLE,1.0,1,1,HIGH_LOCKED_LAGGED_PBP,confirmation
00-0038563,2024,WR,OPPORTUNITY_ROLE,1.0,1,1,HIGH_LOCKED_LAGGED_PBP,confirmation
00-0038576,2024,WR,OPPORTUNITY_ROLE,1.0,1,1,HIGH_LOCKED_LAGGED_PBP,confirmation
00-0038606,2024,WR,OPPORTUNITY_ROLE,1.0,1,1,HIGH_LOCKED_LAGGED_PBP,confirmation
00-0038608,2024,WR,OPPORTUNITY_ROLE,1.0,1,1,HIGH_LOCKED_LAGGED_PBP,confirmation
00-0038619,2024,WR,OPPORTUNITY_ROLE,1.0,1,1,HIGH_LOCKED_LAGGED_PBP,confirmation
00-0038621,2024,WR,OPPORTUNITY_ROLE,1.0,1,1,HIGH_LOCKED_LAGGED_PBP,confirmation
00-0038640,2024,WR,OPPORTUNITY_ROLE,1.0,1,1,HIGH_LOCKED_LAGGED_PBP,confirmation
00-0038647,2024,WR,OPPORTUNITY_ROLE,1.0,1,1,HIGH_LOCKED_LAGGED_PBP,confirmation
00-0038752,2024,WR,OPPORTUNITY_ROLE,1.0,1,1,HIGH_LOCKED_LAGGED_PBP,confirmation
00-0038821,2024,WR,OPPORTUNITY_ROLE,1.0,1,1,HIGH_LOCKED_LAGGED_PBP,confirmation
00-0038938,2024,WR,OPPORTUNITY_ROLE,1.0,1,1,HIGH_LOCKED_LAGGED_PBP,confirmation
00-0038941,2024,WR,OPPORTUNITY_ROLE,1.0,1,1,HIGH_LOCKED_LAGGED_PBP,confirmation
00-0038977,2024,WR,OPPORTUNITY_ROLE,1.0,1,1,HIGH_LOCKED_LAGGED_PBP,confirmation
00-0038979,2024,WR,OPPORTUNITY_ROLE,1.0,1,1,HIGH_LOCKED_LAGGED_PBP,confirmation
00-0038997,2024,WR,OPPORTUNITY_ROLE,1.0,1,1,HIGH_LOCKED_LAGGED_PBP,confirmation
00-0039062,2024,WR,OPPORTUNITY_ROLE,1.0,1,1,HIGH_LOCKED_LAGGED_PBP,confirmation
00-0024243,2024,TE,OPPORTUNITY_ROLE,1.0,1,1,HIGH_LOCKED_LAGGED_PBP,confirmation
00-0031484,2024,TE,OPPORTUNITY_ROLE,1.0,1,1,HIGH_LOCKED_LAGGED_PBP,confirmation
00-0031585,2024,TE,OPPORTUNITY_ROLE,1.0,1,1,HIGH_LOCKED_LAGGED_PBP,confirmation
00-0032134,2024,TE,OPPORTUNITY_ROLE,1.0,1,1,HIGH_LOCKED_LAGGED_PBP,confirmation
00-0032141,2024,TE,OPPORTUNITY_ROLE,1.0,1,1,HIGH_LOCKED_LAGGED_PBP,confirmation
00-0032392,2024,TE,OPPORTUNITY_ROLE,1.0,1,1,HIGH_LOCKED_LAGGED_PBP,confirmation
00-0032394,2024,TE,OPPORTUNITY_ROLE,1.0,1,1,HIGH_LOCKED_LAGGED_PBP,confirmation
00-0033090,2024,TE,OPPORTUNITY_ROLE,1.0,1,1,HIGH_LOCKED_LAGGED_PBP,confirmation
00-0033217,2024,TE,OPPORTUNITY_ROLE,1.0,1,1,HIGH_LOCKED_LAGGED_PBP,confirmation
00-0033357,2024,TE,OPPORTUNITY_ROLE,1.0,1,1,HIGH_LOCKED_LAGGED_PBP,confirmation
00-0033439,2024,TE,OPPORTUNITY_ROLE,1.0,1,1,HIGH_LOCKED_LAGGED_PBP,confirmation
00-0033576,2024,TE,OPPORTUNITY_ROLE,1.0,1,1,HIGH_LOCKED_LAGGED_PBP,confirmation
00-0033858,2024,TE,OPPORTUNITY_ROLE,1.0,1,1,HIGH_LOCKED_LAGGED_PBP,confirmation
00-0033881,2024,TE,OPPORTUNITY_ROLE,1.0,1,1,HIGH_LOCKED_LAGGED_PBP,confirmation
00-0033895,2024,TE,OPPORTUNITY_ROLE,1.0,1,1,HIGH_LOCKED_LAGGED_PBP,confirmation
00-0034073,2024,TE,OPPORTUNITY_ROLE,1.0,1,1,HIGH_LOCKED_LAGGED_PBP,confirmation
00-0034270,2024,TE,OPPORTUNITY_ROLE,1.0,1,1,HIGH_LOCKED_LAGGED_PBP,confirmation
00-0034364,2024,TE,OPPORTUNITY_ROLE,1.0,1,1,HIGH_LOCKED_LAGGED_PBP,confirmation
00-0034365,2024,TE,OPPORTUNITY_ROLE,1.0,1,1,HIGH_LOCKED_LAGGED_PBP,confirmation
00-0034613,2024,TE,OPPORTUNITY_ROLE,1.0,1,1,HIGH_LOCKED_LAGGED_PBP,confirmation
00-0034829,2024,TE,OPPORTUNITY_ROLE,1.0,1,1,HIGH_LOCKED_LAGGED_PBP,confirmation
00-0034830,2024,TE,OPPORTUNITY_ROLE,1.0,1,1,HIGH_LOCKED_LAGGED_PBP,confirmation
00-0034981,2024,TE,OPPORTUNITY_ROLE,1.0,1,1,HIGH_LOCKED_LAGGED_PBP,confirmation
00-0035631,2024,TE,OPPORTUNITY_ROLE,1.0,1,1,HIGH_LOCKED_LAGGED_PBP,confirmation
00-0035644,2024,TE,OPPORTUNITY_ROLE,1.0,1,1,HIGH_LOCKED_LAGGED_PBP,confirmation
00-0036040,2024,TE,OPPORTUNITY_ROLE,1.0,1,1,HIGH_LOCKED_LAGGED_PBP,confirmation
00-0036290,2024,TE,OPPORTUNITY_ROLE,1.0,1,1,HIGH_LOCKED_LAGGED_PBP,confirmation
00-0036438,2024,TE,OPPORTUNITY_ROLE,1.0,1,1,HIGH_LOCKED_LAGGED_PBP,confirmation
00-0036510,2024,TE,OPPORTUNITY_ROLE,1.0,1,1,HIGH_LOCKED_LAGGED_PBP,confirmation
00-0036741,2024,TE,OPPORTUNITY_ROLE,1.0,1,1,HIGH_LOCKED_LAGGED_PBP,confirmation
00-0036876,2024,TE,OPPORTUNITY_ROLE,1.0,1,1,HIGH_LOCKED_LAGGED_PBP,confirmation
00-0036887,2024,TE,OPPORTUNITY_ROLE,1.0,1,1,HIGH_LOCKED_LAGGED_PBP,confirmation
00-0036970,2024,TE,OPPORTUNITY_ROLE,1.0,1,1,HIGH_LOCKED_LAGGED_PBP,confirmation
00-0037005,2024,TE,OPPORTUNITY_ROLE,1.0,1,1,HIGH_LOCKED_LAGGED_PBP,confirmation
00-0037252,2024,TE,OPPORTUNITY_ROLE,1.0,1,1,HIGH_LOCKED_LAGGED_PBP,confirmation
00-0037292,2024,TE,OPPORTUNITY_ROLE,1.0,1,1,HIGH_LOCKED_LAGGED_PBP,confirmation
00-0037451,2024,TE,OPPORTUNITY_ROLE,1.0,1,1,HIGH_LOCKED_LAGGED_PBP,confirmation
00-0037475,2024,TE,OPPORTUNITY_ROLE,1.0,1,1,HIGH_LOCKED_LAGGED_PBP,confirmation
00-0037569,2024,TE,OPPORTUNITY_ROLE,1.0,1,1,HIGH_LOCKED_LAGGED_PBP,confirmation
00-0037744,2024,TE,OPPORTUNITY_ROLE,1.0,1,1,HIGH_LOCKED_LAGGED_PBP,confirmation
00-0037805,2024,TE,OPPORTUNITY_ROLE,1.0,1,1,HIGH_LOCKED_LAGGED_PBP,confirmation
00-0037809,2024,TE,OPPORTUNITY_ROLE,1.0,1,1,HIGH_LOCKED_LAGGED_PBP,confirmation
00-0038115,2024,TE,OPPORTUNITY_ROLE,1.0,1,1,HIGH_LOCKED_LAGGED_PBP,confirmation
00-0038394,2024,TE,OPPORTUNITY_ROLE,1.0,1,1,HIGH_LOCKED_LAGGED_PBP,confirmation
00-0038589,2024,TE,OPPORTUNITY_ROLE,1.0,1,1,HIGH_LOCKED_LAGGED_PBP,confirmation
00-0038720,2024,TE,OPPORTUNITY_ROLE,1.0,1,1,HIGH_LOCKED_LAGGED_PBP,confirmation
00-0038783,2024,TE,OPPORTUNITY_ROLE,1.0,1,1,HIGH_LOCKED_LAGGED_PBP,confirmation
00-0038935,2024,TE,OPPORTUNITY_ROLE,1.0,1,1,HIGH_LOCKED_LAGGED_PBP,confirmation
00-0039041,2024,TE,OPPORTUNITY_ROLE,1.0,1,1,HIGH_LOCKED_LAGGED_PBP,confirmation
00-0039066,2024,TE,OPPORTUNITY_ROLE,1.0,1,1,HIGH_LOCKED_LAGGED_PBP,confirmation
00-0026158,2025,QB,OPPORTUNITY_ROLE,1.0,1,1,HIGH_LOCKED_LAGGED_PBP,confirmation
00-0026300,2025,QB,OPPORTUNITY_ROLE,1.0,1,1,HIGH_LOCKED_LAGGED_PBP,confirmation
00-0027973,2025,QB,OPPORTUNITY_ROLE,1.0,1,1,HIGH_LOCKED_LAGGED_PBP,confirmation
00-0028118,2025,QB,OPPORTUNITY_ROLE,1.0,1,1,HIGH_LOCKED_LAGGED_PBP,confirmation
00-0029604,2025,QB,OPPORTUNITY_ROLE,1.0,1,1,HIGH_LOCKED_LAGGED_PBP,confirmation
00-0030565,2025,QB,OPPORTUNITY_ROLE,1.0,1,1,HIGH_LOCKED_LAGGED_PBP,confirmation
00-0031345,2025,QB,OPPORTUNITY_ROLE,1.0,1,1,HIGH_LOCKED_LAGGED_PBP,confirmation
00-0031503,2025,QB,OPPORTUNITY_ROLE,1.0,1,1,HIGH_LOCKED_LAGGED_PBP,confirmation
00-0032434,2025,QB,OPPORTUNITY_ROLE,1.0,1,1,HIGH_LOCKED_LAGGED_PBP,confirmation
00-0032950,2025,QB,OPPORTUNITY_ROLE,1.0,1,1,HIGH_LOCKED_LAGGED_PBP,confirmation
00-0033077,2025,QB,OPPORTUNITY_ROLE,1.0,1,1,HIGH_LOCKED_LAGGED_PBP,confirmation
00-0033119,2025,QB,OPPORTUNITY_ROLE,1.0,1,1,HIGH_LOCKED_LAGGED_PBP,confirmation
00-0033319,2025,QB,OPPORTUNITY_ROLE,1.0,1,1,HIGH_LOCKED_LAGGED_PBP,confirmation
00-0033662,2025,QB,OPPORTUNITY_ROLE,1.0,1,1,HIGH_LOCKED_LAGGED_PBP,confirmation
00-0033949,2025,QB,OPPORTUNITY_ROLE,1.0,1,1,HIGH_LOCKED_LAGGED_PBP,confirmation
00-0034577,2025,QB,OPPORTUNITY_ROLE,1.0,1,1,HIGH_LOCKED_LAGGED_PBP,confirmation
00-0035100,2025,QB,OPPORTUNITY_ROLE,0.0,0,0,HIGH_LOCKED_LAGGED_PBP,confirmation
00-0035228,2025,QB,OPPORTUNITY_ROLE,1.0,1,1,HIGH_LOCKED_LAGGED_PBP,confirmation
00-0035289,2025,QB,OPPORTUNITY_ROLE,1.0,1,1,HIGH_LOCKED_LAGGED_PBP,confirmation
00-0035704,2025,QB,OPPORTUNITY_ROLE,1.0,1,1,HIGH_LOCKED_LAGGED_PBP,confirmation
00-0035710,2025,QB,OPPORTUNITY_ROLE,1.0,1,1,HIGH_LOCKED_LAGGED_PBP,confirmation
00-0035993,2025,QB,OPPORTUNITY_ROLE,1.0,1,1,HIGH_LOCKED_LAGGED_PBP,confirmation
00-0036212,2025,QB,OPPORTUNITY_ROLE,1.0,1,1,HIGH_LOCKED_LAGGED_PBP,confirmation
00-0036442,2025,QB,OPPORTUNITY_ROLE,1.0,1,1,HIGH_LOCKED_LAGGED_PBP,confirmation
00-0036898,2025,QB,OPPORTUNITY_ROLE,1.0,1,1,HIGH_LOCKED_LAGGED_PBP,confirmation
00-0037012,2025,QB,OPPORTUNITY_ROLE,1.0,1,1,HIGH_LOCKED_LAGGED_PBP,confirmation
00-0037324,2025,QB,OPPORTUNITY_ROLE,1.0,1,1,HIGH_LOCKED_LAGGED_PBP,confirmation
00-0038128,2025,QB,OPPORTUNITY_ROLE,1.0,1,1,HIGH_LOCKED_LAGGED_PBP,confirmation
00-0038400,2025,QB,OPPORTUNITY_ROLE,1.0,1,1,HIGH_LOCKED_LAGGED_PBP,confirmation
00-0038416,2025,QB,OPPORTUNITY_ROLE,1.0,1,1,HIGH_LOCKED_LAGGED_PBP,confirmation
00-0038579,2025,QB,OPPORTUNITY_ROLE,1.0,1,1,HIGH_LOCKED_LAGGED_PBP,confirmation
00-0038582,2025,QB,OPPORTUNITY_ROLE,1.0,1,1,HIGH_LOCKED_LAGGED_PBP,confirmation
00-0039164,2025,QB,OPPORTUNITY_ROLE,1.0,1,1,HIGH_LOCKED_LAGGED_PBP,confirmation
00-0039376,2025,QB,OPPORTUNITY_ROLE,1.0,1,1,HIGH_LOCKED_LAGGED_PBP,confirmation
00-0039398,2025,QB,OPPORTUNITY_ROLE,1.0,1,1,HIGH_LOCKED_LAGGED_PBP,confirmation
00-0039917,2025,QB,OPPORTUNITY_ROLE,1.0,1,1,HIGH_LOCKED_LAGGED_PBP,confirmation
00-0031687,2025,RB,OPPORTUNITY_ROLE,1.0,1,1,HIGH_LOCKED_LAGGED_PBP,confirmation
00-0032104,2025,RB,OPPORTUNITY_ROLE,1.0,1,1,HIGH_LOCKED_LAGGED_PBP,confirmation
00-0033376,2025,RB,OPPORTUNITY_ROLE,1.0,1,1,HIGH_LOCKED_LAGGED_PBP,confirmation
00-0033553,2025,RB,OPPORTUNITY_ROLE,1.0,1,1,HIGH_LOCKED_LAGGED_PBP,confirmation
00-0033906,2025,RB,OPPORTUNITY_ROLE,1.0,1,1,HIGH_LOCKED_LAGGED_PBP,confirmation
00-0035243,2025,RB,OPPORTUNITY_ROLE,1.0,1,1,HIGH_LOCKED_LAGGED_PBP,confirmation
00-0035250,2025,RB,OPPORTUNITY_ROLE,1.0,1,1,HIGH_LOCKED_LAGGED_PBP,confirmation
00-0035261,2025,RB,OPPORTUNITY_ROLE,1.0,1,1,HIGH_LOCKED_LAGGED_PBP,confirmation
00-0035291,2025,RB,OPPORTUNITY_ROLE,0.0,0,0,HIGH_LOCKED_LAGGED_PBP,confirmation
00-0035311,2025,RB,OPPORTUNITY_ROLE,1.0,1,1,HIGH_LOCKED_LAGGED_PBP,confirmation
00-0035594,2025,RB,OPPORTUNITY_ROLE,1.0,1,1,HIGH_LOCKED_LAGGED_PBP,confirmation
00-0035726,2025,RB,OPPORTUNITY_ROLE,0.0,0,0,HIGH_LOCKED_LAGGED_PBP,confirmation
00-0036223,2025,RB,OPPORTUNITY_ROLE,1.0,1,1,HIGH_LOCKED_LAGGED_PBP,confirmation
00-0036328,2025,RB,OPPORTUNITY_ROLE,1.0,1,1,HIGH_LOCKED_LAGGED_PBP,confirmation
00-0036360,2025,RB,OPPORTUNITY_ROLE,1.0,1,1,HIGH_LOCKED_LAGGED_PBP,confirmation
00-0036425,2025,RB,OPPORTUNITY_ROLE,1.0,1,1,HIGH_LOCKED_LAGGED_PBP,confirmation
00-0036569,2025,RB,OPPORTUNITY_ROLE,0.0,0,0,HIGH_LOCKED_LAGGED_PBP,confirmation
00-0036842,2025,RB,OPPORTUNITY_ROLE,0.0,0,0,HIGH_LOCKED_LAGGED_PBP,confirmation
00-0036906,2025,RB,OPPORTUNITY_ROLE,1.0,1,1,HIGH_LOCKED_LAGGED_PBP,confirmation
00-0036924,2025,RB,OPPORTUNITY_ROLE,1.0,1,1,HIGH_LOCKED_LAGGED_PBP,confirmation
00-0036950,2025,RB,OPPORTUNITY_ROLE,0.0,0,0,HIGH_LOCKED_LAGGED_PBP,confirmation
00-0036984,2025,RB,OPPORTUNITY_ROLE,1.0,1,1,HIGH_LOCKED_LAGGED_PBP,confirmation
00-0037120,2025,RB,OPPORTUNITY_ROLE,1.0,1,1,HIGH_LOCKED_LAGGED_PBP,confirmation
00-0037263,2025,RB,OPPORTUNITY_ROLE,1.0,1,1,HIGH_LOCKED_LAGGED_PBP,confirmation
00-0037267,2025,RB,OPPORTUNITY_ROLE,1.0,1,1,HIGH_LOCKED_LAGGED_PBP,confirmation
00-0037525,2025,RB,OPPORTUNITY_ROLE,1.0,1,1,HIGH_LOCKED_LAGGED_PBP,confirmation
00-0037594,2025,RB,OPPORTUNITY_ROLE,1.0,1,1,HIGH_LOCKED_LAGGED_PBP,confirmation
00-0038040,2025,RB,OPPORTUNITY_ROLE,1.0,1,1,HIGH_LOCKED_LAGGED_PBP,confirmation
00-0038120,2025,RB,OPPORTUNITY_ROLE,1.0,1,1,HIGH_LOCKED_LAGGED_PBP,confirmation
00-0038396,2025,RB,OPPORTUNITY_ROLE,1.0,1,1,HIGH_LOCKED_LAGGED_PBP,confirmation
00-0038542,2025,RB,OPPORTUNITY_ROLE,1.0,1,1,HIGH_LOCKED_LAGGED_PBP,confirmation
00-0038551,2025,RB,OPPORTUNITY_ROLE,1.0,1,1,HIGH_LOCKED_LAGGED_PBP,confirmation
00-0038597,2025,RB,OPPORTUNITY_ROLE,1.0,1,1,HIGH_LOCKED_LAGGED_PBP,confirmation
00-0038611,2025,RB,OPPORTUNITY_ROLE,1.0,1,1,HIGH_LOCKED_LAGGED_PBP,confirmation
00-0038678,2025,RB,OPPORTUNITY_ROLE,1.0,1,1,HIGH_LOCKED_LAGGED_PBP,confirmation
00-0038705,2025,RB,OPPORTUNITY_ROLE,1.0,1,1,HIGH_LOCKED_LAGGED_PBP,confirmation
00-0038738,2025,RB,OPPORTUNITY_ROLE,1.0,1,1,HIGH_LOCKED_LAGGED_PBP,confirmation
00-0038951,2025,RB,OPPORTUNITY_ROLE,1.0,1,1,HIGH_LOCKED_LAGGED_PBP,confirmation
00-0039021,2025,RB,OPPORTUNITY_ROLE,1.0,1,1,HIGH_LOCKED_LAGGED_PBP,confirmation
00-0039032,2025,RB,OPPORTUNITY_ROLE,1.0,1,1,HIGH_LOCKED_LAGGED_PBP,confirmation
00-0039040,2025,RB,OPPORTUNITY_ROLE,1.0,1,1,HIGH_LOCKED_LAGGED_PBP,confirmation
00-0039363,2025,RB,OPPORTUNITY_ROLE,1.0,1,1,HIGH_LOCKED_LAGGED_PBP,confirmation
00-0039364,2025,RB,OPPORTUNITY_ROLE,1.0,1,1,HIGH_LOCKED_LAGGED_PBP,confirmation
00-0039373,2025,RB,OPPORTUNITY_ROLE,1.0,1,1,HIGH_LOCKED_LAGGED_PBP,confirmation
00-0039384,2025,RB,OPPORTUNITY_ROLE,1.0,1,1,HIGH_LOCKED_LAGGED_PBP,confirmation
00-0039407,2025,RB,OPPORTUNITY_ROLE,0.9411764705882353,1,1,HIGH_LOCKED_LAGGED_PBP,confirmation
00-0039757,2025,RB,OPPORTUNITY_ROLE,1.0,1,1,HIGH_LOCKED_LAGGED_PBP,confirmation
00-0039794,2025,RB,OPPORTUNITY_ROLE,1.0,1,1,HIGH_LOCKED_LAGGED_PBP,confirmation
00-0039796,2025,RB,OPPORTUNITY_ROLE,1.0,1,1,HIGH_LOCKED_LAGGED_PBP,confirmation
00-0039798,2025,RB,OPPORTUNITY_ROLE,1.0,1,1,HIGH_LOCKED_LAGGED_PBP,confirmation
00-0039874,2025,RB,OPPORTUNITY_ROLE,1.0,1,1,HIGH_LOCKED_LAGGED_PBP,confirmation
00-0039921,2025,RB,OPPORTUNITY_ROLE,1.0,1,1,HIGH_LOCKED_LAGGED_PBP,confirmation
00-0031763,2025,WR,OPPORTUNITY_ROLE,1.0,1,1,HIGH_LOCKED_LAGGED_PBP,confirmation
00-0032211,2025,WR,OPPORTUNITY_ROLE,1.0,1,1,HIGH_LOCKED_LAGGED_PBP,confirmation
00-0032385,2025,WR,OPPORTUNITY_ROLE,1.0,1,1,HIGH_LOCKED_LAGGED_PBP,confirmation
00-0032688,2025,WR,OPPORTUNITY_ROLE,1.0,1,1,HIGH_LOCKED_LAGGED_PBP,confirmation
00-0033040,2025,WR,OPPORTUNITY_ROLE,1.0,1,1,HIGH_LOCKED_LAGGED_PBP,confirmation
00-0033589,2025,WR,OPPORTUNITY_ROLE,1.0,1,1,HIGH_LOCKED_LAGGED_PBP,confirmation
00-0033591,2025,WR,OPPORTUNITY_ROLE,1.0,1,1,HIGH_LOCKED_LAGGED_PBP,confirmation
00-0033891,2025,WR,OPPORTUNITY_ROLE,1.0,1,1,HIGH_LOCKED_LAGGED_PBP,confirmation
00-0033921,2025,WR,OPPORTUNITY_ROLE,1.0,1,1,HIGH_LOCKED_LAGGED_PBP,confirmation
00-0033943,2025,WR,OPPORTUNITY_ROLE,1.0,1,1,HIGH_LOCKED_LAGGED_PBP,confirmation
00-0034054,2025,WR,OPPORTUNITY_ROLE,1.0,1,1,HIGH_LOCKED_LAGGED_PBP,confirmation
00-0034407,2025,WR,OPPORTUNITY_ROLE,1.0,1,1,HIGH_LOCKED_LAGGED_PBP,confirmation
00-0034418,2025,WR,OPPORTUNITY_ROLE,1.0,1,1,HIGH_LOCKED_LAGGED_PBP,confirmation
00-0034521,2025,WR,OPPORTUNITY_ROLE,1.0,1,1,HIGH_LOCKED_LAGGED_PBP,confirmation
00-0034837,2025,WR,OPPORTUNITY_ROLE,1.0,1,1,HIGH_LOCKED_LAGGED_PBP,confirmation
00-0034854,2025,WR,OPPORTUNITY_ROLE,1.0,1,1,HIGH_LOCKED_LAGGED_PBP,confirmation
00-0034860,2025,WR,OPPORTUNITY_ROLE,1.0,1,1,HIGH_LOCKED_LAGGED_PBP,confirmation
00-0035021,2025,WR,OPPORTUNITY_ROLE,1.0,1,1,HIGH_LOCKED_LAGGED_PBP,confirmation
00-0035298,2025,WR,OPPORTUNITY_ROLE,1.0,1,1,HIGH_LOCKED_LAGGED_PBP,confirmation
00-0035500,2025,WR,OPPORTUNITY_ROLE,1.0,1,1,HIGH_LOCKED_LAGGED_PBP,confirmation
00-0035535,2025,WR,OPPORTUNITY_ROLE,1.0,1,1,HIGH_LOCKED_LAGGED_PBP,confirmation
00-0035544,2025,WR,OPPORTUNITY_ROLE,1.0,1,1,HIGH_LOCKED_LAGGED_PBP,confirmation
00-0035602,2025,WR,OPPORTUNITY_ROLE,1.0,1,1,HIGH_LOCKED_LAGGED_PBP,confirmation
00-0035639,2025,WR,OPPORTUNITY_ROLE,1.0,1,1,HIGH_LOCKED_LAGGED_PBP,confirmation
00-0035719,2025,WR,OPPORTUNITY_ROLE,1.0,1,1,HIGH_LOCKED_LAGGED_PBP,confirmation
00-0035891,2025,WR,OPPORTUNITY_ROLE,1.0,1,1,HIGH_LOCKED_LAGGED_PBP,confirmation
00-0036133,2025,WR,OPPORTUNITY_ROLE,1.0,1,1,HIGH_LOCKED_LAGGED_PBP,confirmation
00-0036165,2025,WR,OPPORTUNITY_ROLE,1.0,1,1,HIGH_LOCKED_LAGGED_PBP,confirmation
00-0036176,2025,WR,OPPORTUNITY_ROLE,1.0,1,1,HIGH_LOCKED_LAGGED_PBP,confirmation
00-0036182,2025,WR,OPPORTUNITY_ROLE,1.0,1,1,HIGH_LOCKED_LAGGED_PBP,confirmation
00-0036252,2025,WR,OPPORTUNITY_ROLE,1.0,1,1,HIGH_LOCKED_LAGGED_PBP,confirmation
00-0036309,2025,WR,OPPORTUNITY_ROLE,1.0,1,1,HIGH_LOCKED_LAGGED_PBP,confirmation
00-0036358,2025,WR,OPPORTUNITY_ROLE,1.0,1,1,HIGH_LOCKED_LAGGED_PBP,confirmation
00-0036407,2025,WR,OPPORTUNITY_ROLE,1.0,1,1,HIGH_LOCKED_LAGGED_PBP,confirmation
00-0036410,2025,WR,OPPORTUNITY_ROLE,1.0,1,1,HIGH_LOCKED_LAGGED_PBP,confirmation
00-0036427,2025,WR,OPPORTUNITY_ROLE,1.0,1,1,HIGH_LOCKED_LAGGED_PBP,confirmation
00-0036463,2025,WR,OPPORTUNITY_ROLE,1.0,1,1,HIGH_LOCKED_LAGGED_PBP,confirmation
00-0036497,2025,WR,OPPORTUNITY_ROLE,1.0,1,1,HIGH_LOCKED_LAGGED_PBP,confirmation
00-0036527,2025,WR,OPPORTUNITY_ROLE,1.0,1,1,HIGH_LOCKED_LAGGED_PBP,confirmation
00-0036613,2025,WR,OPPORTUNITY_ROLE,1.0,1,1,HIGH_LOCKED_LAGGED_PBP,confirmation
00-0036620,2025,WR,OPPORTUNITY_ROLE,1.0,1,1,HIGH_LOCKED_LAGGED_PBP,confirmation
00-0036646,2025,WR,OPPORTUNITY_ROLE,1.0,1,1,HIGH_LOCKED_LAGGED_PBP,confirmation
00-0036841,2025,WR,OPPORTUNITY_ROLE,1.0,1,1,HIGH_LOCKED_LAGGED_PBP,confirmation
00-0036900,2025,WR,OPPORTUNITY_ROLE,1.0,1,1,HIGH_LOCKED_LAGGED_PBP,confirmation
00-0036988,2025,WR,OPPORTUNITY_ROLE,1.0,1,1,HIGH_LOCKED_LAGGED_PBP,confirmation
00-0037231,2025,WR,OPPORTUNITY_ROLE,1.0,1,1,HIGH_LOCKED_LAGGED_PBP,confirmation
00-0037238,2025,WR,OPPORTUNITY_ROLE,1.0,1,1,HIGH_LOCKED_LAGGED_PBP,confirmation
00-0037239,2025,WR,OPPORTUNITY_ROLE,1.0,1,1,HIGH_LOCKED_LAGGED_PBP,confirmation
00-0037380,2025,WR,OPPORTUNITY_ROLE,0.0,0,0,HIGH_LOCKED_LAGGED_PBP,confirmation
00-0037487,2025,WR,OPPORTUNITY_ROLE,1.0,1,1,HIGH_LOCKED_LAGGED_PBP,confirmation
00-0037524,2025,WR,OPPORTUNITY_ROLE,1.0,1,1,HIGH_LOCKED_LAGGED_PBP,confirmation
00-0037664,2025,WR,OPPORTUNITY_ROLE,1.0,1,1,HIGH_LOCKED_LAGGED_PBP,confirmation
00-0037666,2025,WR,OPPORTUNITY_ROLE,1.0,1,1,HIGH_LOCKED_LAGGED_PBP,confirmation
00-0037740,2025,WR,OPPORTUNITY_ROLE,1.0,1,1,HIGH_LOCKED_LAGGED_PBP,confirmation
00-0037742,2025,WR,OPPORTUNITY_ROLE,1.0,1,1,HIGH_LOCKED_LAGGED_PBP,confirmation
00-0037801,2025,WR,OPPORTUNITY_ROLE,1.0,1,1,HIGH_LOCKED_LAGGED_PBP,confirmation
00-0038104,2025,WR,OPPORTUNITY_ROLE,1.0,1,1,HIGH_LOCKED_LAGGED_PBP,confirmation
00-0038117,2025,WR,OPPORTUNITY_ROLE,1.0,1,1,HIGH_LOCKED_LAGGED_PBP,confirmation
00-0038496,2025,WR,OPPORTUNITY_ROLE,1.0,1,1,HIGH_LOCKED_LAGGED_PBP,confirmation
00-0038559,2025,WR,OPPORTUNITY_ROLE,1.0,1,1,HIGH_LOCKED_LAGGED_PBP,confirmation
00-0038563,2025,WR,OPPORTUNITY_ROLE,1.0,1,1,HIGH_LOCKED_LAGGED_PBP,confirmation
00-0038576,2025,WR,OPPORTUNITY_ROLE,1.0,1,1,HIGH_LOCKED_LAGGED_PBP,confirmation
00-0038619,2025,WR,OPPORTUNITY_ROLE,1.0,1,1,HIGH_LOCKED_LAGGED_PBP,confirmation
00-0038640,2025,WR,OPPORTUNITY_ROLE,1.0,1,1,HIGH_LOCKED_LAGGED_PBP,confirmation
00-0038647,2025,WR,OPPORTUNITY_ROLE,1.0,1,1,HIGH_LOCKED_LAGGED_PBP,confirmation
00-0038938,2025,WR,OPPORTUNITY_ROLE,1.0,1,1,HIGH_LOCKED_LAGGED_PBP,confirmation
00-0038979,2025,WR,OPPORTUNITY_ROLE,1.0,1,1,HIGH_LOCKED_LAGGED_PBP,confirmation
00-0038997,2025,WR,OPPORTUNITY_ROLE,1.0,1,1,HIGH_LOCKED_LAGGED_PBP,confirmation
00-0039062,2025,WR,OPPORTUNITY_ROLE,1.0,1,1,HIGH_LOCKED_LAGGED_PBP,confirmation
00-0039064,2025,WR,OPPORTUNITY_ROLE,1.0,1,1,HIGH_LOCKED_LAGGED_PBP,confirmation
00-0039067,2025,WR,OPPORTUNITY_ROLE,1.0,1,1,HIGH_LOCKED_LAGGED_PBP,confirmation
00-0039337,2025,WR,OPPORTUNITY_ROLE,1.0,1,1,HIGH_LOCKED_LAGGED_PBP,confirmation
00-0039379,2025,WR,OPPORTUNITY_ROLE,1.0,1,1,HIGH_LOCKED_LAGGED_PBP,confirmation
00-0039394,2025,WR,OPPORTUNITY_ROLE,1.0,1,1,HIGH_LOCKED_LAGGED_PBP,confirmation
00-0039410,2025,WR,OPPORTUNITY_ROLE,1.0,1,1,HIGH_LOCKED_LAGGED_PBP,confirmation
00-0039451,2025,WR,OPPORTUNITY_ROLE,1.0,1,1,HIGH_LOCKED_LAGGED_PBP,confirmation
00-0039521,2025,WR,OPPORTUNITY_ROLE,1.0,1,1,HIGH_LOCKED_LAGGED_PBP,confirmation
00-0039589,2025,WR,OPPORTUNITY_ROLE,1.0,1,1,HIGH_LOCKED_LAGGED_PBP,confirmation
00-0039623,2025,WR,OPPORTUNITY_ROLE,1.0,1,1,HIGH_LOCKED_LAGGED_PBP,confirmation
00-0039650,2025,WR,OPPORTUNITY_ROLE,1.0,1,1,HIGH_LOCKED_LAGGED_PBP,confirmation
00-0039792,2025,WR,OPPORTUNITY_ROLE,1.0,1,1,HIGH_LOCKED_LAGGED_PBP,confirmation
00-0039816,2025,WR,OPPORTUNITY_ROLE,1.0,1,1,HIGH_LOCKED_LAGGED_PBP,confirmation
00-0039849,2025,WR,OPPORTUNITY_ROLE,1.0,1,1,HIGH_LOCKED_LAGGED_PBP,confirmation
00-0039880,2025,WR,OPPORTUNITY_ROLE,1.0,1,1,HIGH_LOCKED_LAGGED_PBP,confirmation
00-0039890,2025,WR,OPPORTUNITY_ROLE,1.0,1,1,HIGH_LOCKED_LAGGED_PBP,confirmation
00-0039920,2025,WR,OPPORTUNITY_ROLE,1.0,1,1,HIGH_LOCKED_LAGGED_PBP,confirmation
00-0024243,2025,TE,OPPORTUNITY_ROLE,1.0,1,1,HIGH_LOCKED_LAGGED_PBP,confirmation
00-0031484,2025,TE,OPPORTUNITY_ROLE,1.0,1,1,HIGH_LOCKED_LAGGED_PBP,confirmation
00-0033217,2025,TE,OPPORTUNITY_ROLE,1.0,1,1,HIGH_LOCKED_LAGGED_PBP,confirmation
00-0033357,2025,TE,OPPORTUNITY_ROLE,1.0,1,1,HIGH_LOCKED_LAGGED_PBP,confirmation
00-0033439,2025,TE,OPPORTUNITY_ROLE,1.0,1,1,HIGH_LOCKED_LAGGED_PBP,confirmation
00-0033455,2025,TE,OPPORTUNITY_ROLE,0.0,0,0,HIGH_LOCKED_LAGGED_PBP,confirmation
00-0033885,2025,TE,OPPORTUNITY_ROLE,1.0,1,1,HIGH_LOCKED_LAGGED_PBP,confirmation
00-0034073,2025,TE,OPPORTUNITY_ROLE,1.0,1,1,HIGH_LOCKED_LAGGED_PBP,confirmation
00-0034270,2025,TE,OPPORTUNITY_ROLE,1.0,1,1,HIGH_LOCKED_LAGGED_PBP,confirmation
00-0034365,2025,TE,OPPORTUNITY_ROLE,1.0,1,1,HIGH_LOCKED_LAGGED_PBP,confirmation
00-0034613,2025,TE,OPPORTUNITY_ROLE,1.0,1,1,HIGH_LOCKED_LAGGED_PBP,confirmation
00-0034829,2025,TE,OPPORTUNITY_ROLE,1.0,1,1,HIGH_LOCKED_LAGGED_PBP,confirmation
00-0034981,2025,TE,OPPORTUNITY_ROLE,1.0,1,1,HIGH_LOCKED_LAGGED_PBP,confirmation
00-0035631,2025,TE,OPPORTUNITY_ROLE,1.0,1,1,HIGH_LOCKED_LAGGED_PBP,confirmation
00-0035644,2025,TE,OPPORTUNITY_ROLE,1.0,1,1,HIGH_LOCKED_LAGGED_PBP,confirmation
00-0036040,2025,TE,OPPORTUNITY_ROLE,1.0,1,1,HIGH_LOCKED_LAGGED_PBP,confirmation
00-0036332,2025,TE,OPPORTUNITY_ROLE,1.0,1,1,HIGH_LOCKED_LAGGED_PBP,confirmation
00-0036429,2025,TE,OPPORTUNITY_ROLE,1.0,1,1,HIGH_LOCKED_LAGGED_PBP,confirmation
00-0036534,2025,TE,OPPORTUNITY_ROLE,1.0,1,1,HIGH_LOCKED_LAGGED_PBP,confirmation
00-0036590,2025,TE,OPPORTUNITY_ROLE,1.0,1,1,HIGH_LOCKED_LAGGED_PBP,confirmation
00-0036741,2025,TE,OPPORTUNITY_ROLE,1.0,1,1,HIGH_LOCKED_LAGGED_PBP,confirmation
00-0036754,2025,TE,OPPORTUNITY_ROLE,1.0,1,1,HIGH_LOCKED_LAGGED_PBP,confirmation
00-0036825,2025,TE,OPPORTUNITY_ROLE,1.0,1,1,HIGH_LOCKED_LAGGED_PBP,confirmation
00-0036876,2025,TE,OPPORTUNITY_ROLE,1.0,1,1,HIGH_LOCKED_LAGGED_PBP,confirmation
00-0036970,2025,TE,OPPORTUNITY_ROLE,1.0,1,1,HIGH_LOCKED_LAGGED_PBP,confirmation
00-0037252,2025,TE,OPPORTUNITY_ROLE,1.0,1,1,HIGH_LOCKED_LAGGED_PBP,confirmation
00-0037292,2025,TE,OPPORTUNITY_ROLE,1.0,1,1,HIGH_LOCKED_LAGGED_PBP,confirmation
00-0037311,2025,TE,OPPORTUNITY_ROLE,0.0,0,0,HIGH_LOCKED_LAGGED_PBP,confirmation
00-0037348,2025,TE,OPPORTUNITY_ROLE,1.0,1,1,HIGH_LOCKED_LAGGED_PBP,confirmation
00-0037475,2025,TE,OPPORTUNITY_ROLE,1.0,1,1,HIGH_LOCKED_LAGGED_PBP,confirmation
00-0037744,2025,TE,OPPORTUNITY_ROLE,1.0,1,1,HIGH_LOCKED_LAGGED_PBP,confirmation
00-0037805,2025,TE,OPPORTUNITY_ROLE,1.0,1,1,HIGH_LOCKED_LAGGED_PBP,confirmation
00-0037809,2025,TE,OPPORTUNITY_ROLE,1.0,1,1,HIGH_LOCKED_LAGGED_PBP,confirmation
00-0038041,2025,TE,OPPORTUNITY_ROLE,1.0,1,1,HIGH_LOCKED_LAGGED_PBP,confirmation
00-0038115,2025,TE,OPPORTUNITY_ROLE,1.0,1,1,HIGH_LOCKED_LAGGED_PBP,confirmation
00-0038394,2025,TE,OPPORTUNITY_ROLE,1.0,1,1,HIGH_LOCKED_LAGGED_PBP,confirmation
00-0038498,2025,TE,OPPORTUNITY_ROLE,1.0,1,1,HIGH_LOCKED_LAGGED_PBP,confirmation
00-0038547,2025,TE,OPPORTUNITY_ROLE,1.0,1,1,HIGH_LOCKED_LAGGED_PBP,confirmation
00-0038590,2025,TE,OPPORTUNITY_ROLE,0.0,0,0,HIGH_LOCKED_LAGGED_PBP,confirmation
00-0038643,2025,TE,OPPORTUNITY_ROLE,1.0,1,1,HIGH_LOCKED_LAGGED_PBP,confirmation
00-0038710,2025,TE,OPPORTUNITY_ROLE,1.0,1,1,HIGH_LOCKED_LAGGED_PBP,confirmation
00-0038720,2025,TE,OPPORTUNITY_ROLE,1.0,1,1,HIGH_LOCKED_LAGGED_PBP,confirmation
00-0038735,2025,TE,OPPORTUNITY_ROLE,0.0,0,0,HIGH_LOCKED_LAGGED_PBP,confirmation
00-0038809,2025,TE,OPPORTUNITY_ROLE,1.0,1,1,HIGH_LOCKED_LAGGED_PBP,confirmation
00-0039041,2025,TE,OPPORTUNITY_ROLE,1.0,1,1,HIGH_LOCKED_LAGGED_PBP,confirmation
00-0039050,2025,TE,OPPORTUNITY_ROLE,1.0,1,1,HIGH_LOCKED_LAGGED_PBP,confirmation
00-0039066,2025,TE,OPPORTUNITY_ROLE,1.0,1,1,HIGH_LOCKED_LAGGED_PBP,confirmation
00-0039338,2025,TE,OPPORTUNITY_ROLE,1.0,1,1,HIGH_LOCKED_LAGGED_PBP,confirmation
00-0039356,2025,TE,OPPORTUNITY_ROLE,1.0,1,1,HIGH_LOCKED_LAGGED_PBP,confirmation
00-0039458,2025,TE,OPPORTUNITY_ROLE,1.0,1,1,HIGH_LOCKED_LAGGED_PBP,confirmation
00-0039530,2025,TE,OPPORTUNITY_ROLE,1.0,1,1,HIGH_LOCKED_LAGGED_PBP,confirmation
00-0039631,2025,TE,OPPORTUNITY_ROLE,1.0,1,1,HIGH_LOCKED_LAGGED_PBP,confirmation
00-0039648,2025,TE,OPPORTUNITY_ROLE,1.0,1,1,HIGH_LOCKED_LAGGED_PBP,confirmation
00-0039737,2025,TE,OPPORTUNITY_ROLE,1.0,1,1,HIGH_LOCKED_LAGGED_PBP,confirmation
00-0039754,2025,TE,OPPORTUNITY_ROLE,1.0,1,1,HIGH_LOCKED_LAGGED_PBP,confirmation
00-0039824,2025,TE,OPPORTUNITY_ROLE,1.0,1,1,HIGH_LOCKED_LAGGED_PBP,confirmation
00-0039847,2025,TE,OPPORTUNITY_ROLE,1.0,1,1,HIGH_LOCKED_LAGGED_PBP,confirmation
00-0026143,2022,QB,EFFICIENCY_REGRESSION,1.0,1,1,HIGH_LOCKED_LAGGED_PBP,confirmation
00-0026158,2022,QB,EFFICIENCY_REGRESSION,0.5384615384615384,0,1,HIGH_LOCKED_LAGGED_PBP,confirmation
00-0026544,2022,QB,EFFICIENCY_REGRESSION,0.0,0,0,HIGH_LOCKED_LAGGED_PBP,confirmation
00-0026625,2022,QB,EFFICIENCY_REGRESSION,0.5384615384615384,0,1,HIGH_LOCKED_LAGGED_PBP,confirmation
00-0027688,2022,QB,EFFICIENCY_REGRESSION,0.9230769230769231,1,1,HIGH_LOCKED_LAGGED_PBP,confirmation
00-0027948,2022,QB,EFFICIENCY_REGRESSION,0.5384615384615384,0,1,HIGH_LOCKED_LAGGED_PBP,confirmation
00-0027973,2022,QB,EFFICIENCY_REGRESSION,1.0,1,1,HIGH_LOCKED_LAGGED_PBP,confirmation
00-0028118,2022,QB,EFFICIENCY_REGRESSION,0.9230769230769231,1,1,HIGH_LOCKED_LAGGED_PBP,confirmation
00-0028986,2022,QB,EFFICIENCY_REGRESSION,0.9230769230769231,1,1,HIGH_LOCKED_LAGGED_PBP,confirmation
00-0029263,2022,QB,EFFICIENCY_REGRESSION,1.0,1,1,HIGH_LOCKED_LAGGED_PBP,confirmation
00-0029567,2022,QB,EFFICIENCY_REGRESSION,0.5384615384615384,0,1,HIGH_LOCKED_LAGGED_PBP,confirmation
00-0031237,2022,QB,EFFICIENCY_REGRESSION,1.0,1,1,HIGH_LOCKED_LAGGED_PBP,confirmation
00-0031503,2022,QB,EFFICIENCY_REGRESSION,0.9230769230769231,1,1,HIGH_LOCKED_LAGGED_PBP,confirmation
00-0031800,2022,QB,EFFICIENCY_REGRESSION,1.0,1,1,HIGH_LOCKED_LAGGED_PBP,confirmation
00-0032156,2022,QB,EFFICIENCY_REGRESSION,0.9230769230769231,1,1,HIGH_LOCKED_LAGGED_PBP,confirmation
00-0032268,2022,QB,EFFICIENCY_REGRESSION,0.46153846153846156,0,1,HIGH_LOCKED_LAGGED_PBP,confirmation
00-0032434,2022,QB,EFFICIENCY_REGRESSION,0.5384615384615384,0,1,HIGH_LOCKED_LAGGED_PBP,confirmation
00-0032950,2022,QB,EFFICIENCY_REGRESSION,1.0,1,1,HIGH_LOCKED_LAGGED_PBP,confirmation
00-0033106,2022,QB,EFFICIENCY_REGRESSION,0.9230769230769231,1,1,HIGH_LOCKED_LAGGED_PBP,confirmation
00-0033119,2022,QB,EFFICIENCY_REGRESSION,0.9230769230769231,1,1,HIGH_LOCKED_LAGGED_PBP,confirmation
00-0033275,2022,QB,EFFICIENCY_REGRESSION,0.9230769230769231,1,1,HIGH_LOCKED_LAGGED_PBP,confirmation
00-0033319,2022,QB,EFFICIENCY_REGRESSION,0.5384615384615384,0,1,HIGH_LOCKED_LAGGED_PBP,confirmation
00-0033550,2022,QB,EFFICIENCY_REGRESSION,0.0,0,0,HIGH_LOCKED_LAGGED_PBP,confirmation
00-0033662,2022,QB,EFFICIENCY_REGRESSION,0.5384615384615384,0,1,HIGH_LOCKED_LAGGED_PBP,confirmation
00-0033936,2022,QB,EFFICIENCY_REGRESSION,0.0,0,1,HIGH_LOCKED_LAGGED_PBP,confirmation
00-0033958,2022,QB,EFFICIENCY_REGRESSION,0.0,0,1,HIGH_LOCKED_LAGGED_PBP,confirmation
00-0034177,2022,QB,EFFICIENCY_REGRESSION,0.5384615384615384,0,1,HIGH_LOCKED_LAGGED_PBP,confirmation
00-0034401,2022,QB,EFFICIENCY_REGRESSION,0.5384615384615384,0,1,HIGH_LOCKED_LAGGED_PBP,confirmation
00-0034577,2022,QB,EFFICIENCY_REGRESSION,0.5384615384615384,0,1,HIGH_LOCKED_LAGGED_PBP,confirmation
00-0034796,2022,QB,EFFICIENCY_REGRESSION,1.0,1,1,HIGH_LOCKED_LAGGED_PBP,confirmation
00-0034855,2022,QB,EFFICIENCY_REGRESSION,0.9230769230769231,1,1,HIGH_LOCKED_LAGGED_PBP,confirmation
00-0034869,2022,QB,EFFICIENCY_REGRESSION,1.0,1,1,HIGH_LOCKED_LAGGED_PBP,confirmation
00-0034899,2022,QB,EFFICIENCY_REGRESSION,0.5384615384615384,0,1,HIGH_LOCKED_LAGGED_PBP,confirmation
00-0034955,2022,QB,EFFICIENCY_REGRESSION,0.0,0,1,HIGH_LOCKED_LAGGED_PBP,confirmation
00-0035040,2022,QB,EFFICIENCY_REGRESSION,0.0,0,1,HIGH_LOCKED_LAGGED_PBP,confirmation
00-0035752,2022,QB,EFFICIENCY_REGRESSION,0.5384615384615384,0,1,HIGH_LOCKED_LAGGED_PBP,confirmation
00-0036212,2022,QB,EFFICIENCY_REGRESSION,1.0,1,1,HIGH_LOCKED_LAGGED_PBP,confirmation
00-0036226,2022,QB,EFFICIENCY_REGRESSION,0.5384615384615384,0,1,HIGH_LOCKED_LAGGED_PBP,confirmation
00-0036264,2022,QB,EFFICIENCY_REGRESSION,0.9230769230769231,1,1,HIGH_LOCKED_LAGGED_PBP,confirmation
00-0036879,2022,QB,EFFICIENCY_REGRESSION,0.0,0,1,HIGH_LOCKED_LAGGED_PBP,confirmation
00-0036898,2022,QB,EFFICIENCY_REGRESSION,0.9230769230769231,1,1,HIGH_LOCKED_LAGGED_PBP,confirmation
00-0036945,2022,QB,EFFICIENCY_REGRESSION,1.0,1,1,HIGH_LOCKED_LAGGED_PBP,confirmation
00-0037012,2022,QB,EFFICIENCY_REGRESSION,1.0,1,1,HIGH_LOCKED_LAGGED_PBP,confirmation
00-0037013,2022,QB,EFFICIENCY_REGRESSION,1.0,1,1,HIGH_LOCKED_LAGGED_PBP,confirmation
00-0027966,2022,RB,EFFICIENCY_REGRESSION,1.0,1,1,HIGH_LOCKED_LAGGED_PBP,confirmation
00-0030288,2022,RB,EFFICIENCY_REGRESSION,0.9230769230769231,1,1,HIGH_LOCKED_LAGGED_PBP,confirmation
00-0030513,2022,RB,EFFICIENCY_REGRESSION,0.9230769230769231,1,1,HIGH_LOCKED_LAGGED_PBP,confirmation
00-0030578,2022,RB,EFFICIENCY_REGRESSION,1.0,1,1,HIGH_LOCKED_LAGGED_PBP,confirmation
00-0030874,2022,RB,EFFICIENCY_REGRESSION,0.9230769230769231,1,1,HIGH_LOCKED_LAGGED_PBP,confirmation
00-0031687,2022,RB,EFFICIENCY_REGRESSION,0.0,0,1,HIGH_LOCKED_LAGGED_PBP,confirmation
00-0031806,2022,RB,EFFICIENCY_REGRESSION,0.9230769230769231,1,1,HIGH_LOCKED_LAGGED_PBP,confirmation
00-0032058,2022,RB,EFFICIENCY_REGRESSION,1.0,1,1,HIGH_LOCKED_LAGGED_PBP,confirmation
00-0032063,2022,RB,EFFICIENCY_REGRESSION,1.0,1,1,HIGH_LOCKED_LAGGED_PBP,confirmation
00-0032104,2022,RB,EFFICIENCY_REGRESSION,1.0,1,1,HIGH_LOCKED_LAGGED_PBP,confirmation
00-0032144,2022,RB,EFFICIENCY_REGRESSION,1.0,1,1,HIGH_LOCKED_LAGGED_PBP,confirmation
00-0032187,2022,RB,EFFICIENCY_REGRESSION,1.0,1,1,HIGH_LOCKED_LAGGED_PBP,confirmation
00-0032257,2022,RB,EFFICIENCY_REGRESSION,0.9230769230769231,1,1,HIGH_LOCKED_LAGGED_PBP,confirmation
00-0032450,2022,RB,EFFICIENCY_REGRESSION,0.0,0,1,HIGH_LOCKED_LAGGED_PBP,confirmation
00-0032602,2022,RB,EFFICIENCY_REGRESSION,0.9230769230769231,1,1,HIGH_LOCKED_LAGGED_PBP,confirmation
00-0032975,2022,RB,EFFICIENCY_REGRESSION,0.8461538461538461,1,1,HIGH_LOCKED_LAGGED_PBP,confirmation
00-0033118,2022,RB,EFFICIENCY_REGRESSION,1.0,1,1,HIGH_LOCKED_LAGGED_PBP,confirmation
00-0033725,2022,RB,EFFICIENCY_REGRESSION,0.9230769230769231,1,1,HIGH_LOCKED_LAGGED_PBP,confirmation
00-0033854,2022,RB,EFFICIENCY_REGRESSION,0.9230769230769231,1,1,HIGH_LOCKED_LAGGED_PBP,confirmation
00-0033906,2022,RB,EFFICIENCY_REGRESSION,1.0,1,1,HIGH_LOCKED_LAGGED_PBP,confirmation
00-0033923,2022,RB,EFFICIENCY_REGRESSION,0.9230769230769231,1,1,HIGH_LOCKED_LAGGED_PBP,confirmation
00-0033948,2022,RB,EFFICIENCY_REGRESSION,0.9230769230769231,1,1,HIGH_LOCKED_LAGGED_PBP,confirmation
00-0033951,2022,RB,EFFICIENCY_REGRESSION,0.8461538461538461,1,1,HIGH_LOCKED_LAGGED_PBP,confirmation
00-0034109,2022,RB,EFFICIENCY_REGRESSION,0.9230769230769231,1,1,HIGH_LOCKED_LAGGED_PBP,confirmation
00-0034164,2022,RB,EFFICIENCY_REGRESSION,0.0,0,1,HIGH_LOCKED_LAGGED_PBP,confirmation
00-0034208,2022,RB,EFFICIENCY_REGRESSION,0.0,0,1,HIGH_LOCKED_LAGGED_PBP,confirmation
00-0034400,2022,RB,EFFICIENCY_REGRESSION,0.0,0,0,HIGH_LOCKED_LAGGED_PBP,confirmation
00-0034440,2022,RB,EFFICIENCY_REGRESSION,1.0,1,1,HIGH_LOCKED_LAGGED_PBP,confirmation
00-0034578,2022,RB,EFFICIENCY_REGRESSION,0.0,0,1,HIGH_LOCKED_LAGGED_PBP,confirmation
00-0034750,2022,RB,EFFICIENCY_REGRESSION,0.9230769230769231,1,1,HIGH_LOCKED_LAGGED_PBP,confirmation
00-0034791,2022,RB,EFFICIENCY_REGRESSION,0.9230769230769231,1,1,HIGH_LOCKED_LAGGED_PBP,confirmation
00-0034838,2022,RB,EFFICIENCY_REGRESSION,0.9230769230769231,1,1,HIGH_LOCKED_LAGGED_PBP,confirmation
00-0035184,2022,RB,EFFICIENCY_REGRESSION,0.0,0,1,HIGH_LOCKED_LAGGED_PBP,confirmation
00-0035273,2022,RB,EFFICIENCY_REGRESSION,0.8461538461538461,1,1,HIGH_LOCKED_LAGGED_PBP,confirmation
00-0035304,2022,RB,EFFICIENCY_REGRESSION,0.0,0,0,HIGH_LOCKED_LAGGED_PBP,confirmation
00-0035311,2022,RB,EFFICIENCY_REGRESSION,1.0,1,1,HIGH_LOCKED_LAGGED_PBP,confirmation
00-0035537,2022,RB,EFFICIENCY_REGRESSION,0.9230769230769231,1,1,HIGH_LOCKED_LAGGED_PBP,confirmation
00-0035567,2022,RB,EFFICIENCY_REGRESSION,0.9230769230769231,1,1,HIGH_LOCKED_LAGGED_PBP,confirmation
00-0035594,2022,RB,EFFICIENCY_REGRESSION,0.8461538461538461,1,1,HIGH_LOCKED_LAGGED_PBP,confirmation
00-0035628,2022,RB,EFFICIENCY_REGRESSION,0.9230769230769231,1,1,HIGH_LOCKED_LAGGED_PBP,confirmation
00-0035685,2022,RB,EFFICIENCY_REGRESSION,1.0,1,1,HIGH_LOCKED_LAGGED_PBP,confirmation
00-0035831,2022,RB,EFFICIENCY_REGRESSION,0.9230769230769231,1,1,HIGH_LOCKED_LAGGED_PBP,confirmation
00-0035860,2022,RB,EFFICIENCY_REGRESSION,0.8461538461538461,1,1,HIGH_LOCKED_LAGGED_PBP,confirmation
00-0035924,2022,RB,EFFICIENCY_REGRESSION,0.38461538461538464,0,1,HIGH_LOCKED_LAGGED_PBP,confirmation
00-0035973,2022,RB,EFFICIENCY_REGRESSION,0.46153846153846156,0,1,HIGH_LOCKED_LAGGED_PBP,confirmation
00-0036096,2022,RB,EFFICIENCY_REGRESSION,0.46153846153846156,0,1,HIGH_LOCKED_LAGGED_PBP,confirmation
00-0036223,2022,RB,EFFICIENCY_REGRESSION,0.9230769230769231,1,1,HIGH_LOCKED_LAGGED_PBP,confirmation
00-0036275,2022,RB,EFFICIENCY_REGRESSION,1.0,1,1,HIGH_LOCKED_LAGGED_PBP,confirmation
00-0036297,2022,RB,EFFICIENCY_REGRESSION,0.0,0,1,HIGH_LOCKED_LAGGED_PBP,confirmation
00-0036328,2022,RB,EFFICIENCY_REGRESSION,1.0,1,1,HIGH_LOCKED_LAGGED_PBP,confirmation
00-0036336,2022,RB,EFFICIENCY_REGRESSION,0.0,0,1,HIGH_LOCKED_LAGGED_PBP,confirmation
00-0036457,2022,RB,EFFICIENCY_REGRESSION,0.9230769230769231,1,1,HIGH_LOCKED_LAGGED_PBP,confirmation
00-0036493,2022,RB,EFFICIENCY_REGRESSION,0.38461538461538464,0,1,HIGH_LOCKED_LAGGED_PBP,confirmation
00-0036555,2022,RB,EFFICIENCY_REGRESSION,0.9230769230769231,1,1,HIGH_LOCKED_LAGGED_PBP,confirmation
00-0036650,2022,RB,EFFICIENCY_REGRESSION,0.46153846153846156,0,1,HIGH_LOCKED_LAGGED_PBP,confirmation
00-0036654,2022,RB,EFFICIENCY_REGRESSION,0.8461538461538461,1,1,HIGH_LOCKED_LAGGED_PBP,confirmation
00-0036669,2022,RB,EFFICIENCY_REGRESSION,0.38461538461538464,0,1,HIGH_LOCKED_LAGGED_PBP,confirmation
00-0036755,2022,RB,EFFICIENCY_REGRESSION,0.9230769230769231,1,1,HIGH_LOCKED_LAGGED_PBP,confirmation
00-0036906,2022,RB,EFFICIENCY_REGRESSION,0.9230769230769231,1,1,HIGH_LOCKED_LAGGED_PBP,confirmation
00-0036924,2022,RB,EFFICIENCY_REGRESSION,0.9230769230769231,1,1,HIGH_LOCKED_LAGGED_PBP,confirmation
00-0036950,2022,RB,EFFICIENCY_REGRESSION,0.0,0,0,HIGH_LOCKED_LAGGED_PBP,confirmation
00-0036997,2022,RB,EFFICIENCY_REGRESSION,1.0,1,1,HIGH_LOCKED_LAGGED_PBP,confirmation
00-0027691,2022,WR,EFFICIENCY_REGRESSION,0.0,0,1,HIGH_LOCKED_LAGGED_PBP,confirmation
00-0029664,2022,WR,EFFICIENCY_REGRESSION,0.8571428571428571,1,1,HIGH_LOCKED_LAGGED_PBP,confirmation
00-0030068,2022,WR,EFFICIENCY_REGRESSION,0.8571428571428571,1,1,HIGH_LOCKED_LAGGED_PBP,confirmation
00-0030431,2022,WR,EFFICIENCY_REGRESSION,1.0,1,1,HIGH_LOCKED_LAGGED_PBP,confirmation
00-0030564,2022,WR,EFFICIENCY_REGRESSION,1.0,1,1,HIGH_LOCKED_LAGGED_PBP,confirmation
00-0031236,2022,WR,EFFICIENCY_REGRESSION,1.0,1,1,HIGH_LOCKED_LAGGED_PBP,confirmation
00-0031382,2022,WR,EFFICIENCY_REGRESSION,1.0,1,1,HIGH_LOCKED_LAGGED_PBP,confirmation
00-0031428,2022,WR,EFFICIENCY_REGRESSION,1.0,1,1,HIGH_LOCKED_LAGGED_PBP,confirmation
00-0031545,2022,WR,EFFICIENCY_REGRESSION,0.8571428571428571,1,1,HIGH_LOCKED_LAGGED_PBP,confirmation
00-0031547,2022,WR,EFFICIENCY_REGRESSION,1.0,1,1,HIGH_LOCKED_LAGGED_PBP,confirmation
00-0031868,2022,WR,EFFICIENCY_REGRESSION,1.0,1,1,HIGH_LOCKED_LAGGED_PBP,confirmation
00-0031941,2022,WR,EFFICIENCY_REGRESSION,1.0,1,1,HIGH_LOCKED_LAGGED_PBP,confirmation
00-0032128,2022,WR,EFFICIENCY_REGRESSION,0.8571428571428571,1,1,HIGH_LOCKED_LAGGED_PBP,confirmation
00-0032200,2022,WR,EFFICIENCY_REGRESSION,0.8571428571428571,1,1,HIGH_LOCKED_LAGGED_PBP,confirmation
00-0032208,2022,WR,EFFICIENCY_REGRESSION,0.8571428571428571,1,1,HIGH_LOCKED_LAGGED_PBP,confirmation
00-0032385,2022,WR,EFFICIENCY_REGRESSION,1.0,1,1,HIGH_LOCKED_LAGGED_PBP,confirmation
00-0032398,2022,WR,EFFICIENCY_REGRESSION,0.8571428571428571,1,1,HIGH_LOCKED_LAGGED_PBP,confirmation
00-0032464,2022,WR,EFFICIENCY_REGRESSION,1.0,1,1,HIGH_LOCKED_LAGGED_PBP,confirmation
00-0032543,2022,WR,EFFICIENCY_REGRESSION,0.0,0,1,HIGH_LOCKED_LAGGED_PBP,confirmation
00-0032688,2022,WR,EFFICIENCY_REGRESSION,1.0,1,1,HIGH_LOCKED_LAGGED_PBP,confirmation
00-0032951,2022,WR,EFFICIENCY_REGRESSION,1.0,1,1,HIGH_LOCKED_LAGGED_PBP,confirmation
00-0033111,2022,WR,EFFICIENCY_REGRESSION,0.8571428571428571,1,1,HIGH_LOCKED_LAGGED_PBP,confirmation
00-0033282,2022,WR,EFFICIENCY_REGRESSION,0.8571428571428571,1,1,HIGH_LOCKED_LAGGED_PBP,confirmation
00-0033367,2022,WR,EFFICIENCY_REGRESSION,0.8571428571428571,1,1,HIGH_LOCKED_LAGGED_PBP,confirmation
00-0033386,2022,WR,EFFICIENCY_REGRESSION,0.8571428571428571,1,1,HIGH_LOCKED_LAGGED_PBP,confirmation
00-0033536,2022,WR,EFFICIENCY_REGRESSION,1.0,1,1,HIGH_LOCKED_LAGGED_PBP,confirmation
00-0033555,2022,WR,EFFICIENCY_REGRESSION,1.0,1,1,HIGH_LOCKED_LAGGED_PBP,confirmation
00-0033681,2022,WR,EFFICIENCY_REGRESSION,1.0,1,1,HIGH_LOCKED_LAGGED_PBP,confirmation
00-0033871,2022,WR,EFFICIENCY_REGRESSION,1.0,1,1,HIGH_LOCKED_LAGGED_PBP,confirmation
00-0033932,2022,WR,EFFICIENCY_REGRESSION,1.0,1,1,HIGH_LOCKED_LAGGED_PBP,confirmation
00-0033943,2022,WR,EFFICIENCY_REGRESSION,1.0,1,1,HIGH_LOCKED_LAGGED_PBP,confirmation
00-0034052,2022,WR,EFFICIENCY_REGRESSION,0.8571428571428571,1,1,HIGH_LOCKED_LAGGED_PBP,confirmation
00-0034104,2022,WR,EFFICIENCY_REGRESSION,1.0,1,1,HIGH_LOCKED_LAGGED_PBP,confirmation
00-0034317,2022,WR,EFFICIENCY_REGRESSION,0.8571428571428571,1,1,HIGH_LOCKED_LAGGED_PBP,confirmation
00-0034348,2022,WR,EFFICIENCY_REGRESSION,1.0,1,1,HIGH_LOCKED_LAGGED_PBP,confirmation
00-0034366,2022,WR,EFFICIENCY_REGRESSION,0.0,0,1,HIGH_LOCKED_LAGGED_PBP,confirmation
00-0034419,2022,WR,EFFICIENCY_REGRESSION,1.0,1,1,HIGH_LOCKED_LAGGED_PBP,confirmation
00-0034765,2022,WR,EFFICIENCY_REGRESSION,1.0,1,1,HIGH_LOCKED_LAGGED_PBP,confirmation
00-0034777,2022,WR,EFFICIENCY_REGRESSION,0.8571428571428571,1,1,HIGH_LOCKED_LAGGED_PBP,confirmation
00-0034827,2022,WR,EFFICIENCY_REGRESSION,1.0,1,1,HIGH_LOCKED_LAGGED_PBP,confirmation
00-0034854,2022,WR,EFFICIENCY_REGRESSION,1.0,1,1,HIGH_LOCKED_LAGGED_PBP,confirmation
00-0034860,2022,WR,EFFICIENCY_REGRESSION,0.8571428571428571,1,1,HIGH_LOCKED_LAGGED_PBP,confirmation
00-0034930,2022,WR,EFFICIENCY_REGRESSION,0.8571428571428571,1,1,HIGH_LOCKED_LAGGED_PBP,confirmation
00-0035021,2022,WR,EFFICIENCY_REGRESSION,0.8571428571428571,1,1,HIGH_LOCKED_LAGGED_PBP,confirmation
00-0035022,2022,WR,EFFICIENCY_REGRESSION,0.8571428571428571,1,1,HIGH_LOCKED_LAGGED_PBP,confirmation
00-0035208,2022,WR,EFFICIENCY_REGRESSION,1.0,1,1,HIGH_LOCKED_LAGGED_PBP,confirmation
00-0035215,2022,WR,EFFICIENCY_REGRESSION,1.0,1,1,HIGH_LOCKED_LAGGED_PBP,confirmation
00-0035359,2022,WR,EFFICIENCY_REGRESSION,0.8571428571428571,1,1,HIGH_LOCKED_LAGGED_PBP,confirmation
00-0035406,2022,WR,EFFICIENCY_REGRESSION,0.8571428571428571,1,1,HIGH_LOCKED_LAGGED_PBP,confirmation
00-0035414,2022,WR,EFFICIENCY_REGRESSION,1.0,1,1,HIGH_LOCKED_LAGGED_PBP,confirmation
00-0035432,2022,WR,EFFICIENCY_REGRESSION,0.0,0,1,HIGH_LOCKED_LAGGED_PBP,confirmation
00-0035500,2022,WR,EFFICIENCY_REGRESSION,0.0,0,1,HIGH_LOCKED_LAGGED_PBP,confirmation
00-0035510,2022,WR,EFFICIENCY_REGRESSION,0.8571428571428571,1,1,HIGH_LOCKED_LAGGED_PBP,confirmation
00-0035527,2022,WR,EFFICIENCY_REGRESSION,0.0,0,1,HIGH_LOCKED_LAGGED_PBP,confirmation
00-0035544,2022,WR,EFFICIENCY_REGRESSION,0.8571428571428571,1,1,HIGH_LOCKED_LAGGED_PBP,confirmation
00-0035593,2022,WR,EFFICIENCY_REGRESSION,0.8571428571428571,1,1,HIGH_LOCKED_LAGGED_PBP,confirmation
00-0035621,2022,WR,EFFICIENCY_REGRESSION,0.0,0,0,HIGH_LOCKED_LAGGED_PBP,confirmation
00-0035639,2022,WR,EFFICIENCY_REGRESSION,0.8571428571428571,1,1,HIGH_LOCKED_LAGGED_PBP,confirmation
00-0035659,2022,WR,EFFICIENCY_REGRESSION,1.0,1,1,HIGH_LOCKED_LAGGED_PBP,confirmation
00-0035662,2022,WR,EFFICIENCY_REGRESSION,1.0,1,1,HIGH_LOCKED_LAGGED_PBP,confirmation
00-0035703,2022,WR,EFFICIENCY_REGRESSION,0.0,0,1,HIGH_LOCKED_LAGGED_PBP,confirmation
00-0035864,2022,WR,EFFICIENCY_REGRESSION,0.8571428571428571,1,1,HIGH_LOCKED_LAGGED_PBP,confirmation
00-0035891,2022,WR,EFFICIENCY_REGRESSION,0.8571428571428571,1,1,HIGH_LOCKED_LAGGED_PBP,confirmation
00-0035976,2022,WR,EFFICIENCY_REGRESSION,0.0,0,0,HIGH_LOCKED_LAGGED_PBP,confirmation
00-0036176,2022,WR,EFFICIENCY_REGRESSION,0.0,0,0,HIGH_LOCKED_LAGGED_PBP,confirmation
00-0036219,2022,WR,EFFICIENCY_REGRESSION,1.0,1,1,HIGH_LOCKED_LAGGED_PBP,confirmation
00-0036228,2022,WR,EFFICIENCY_REGRESSION,0.0,0,1,HIGH_LOCKED_LAGGED_PBP,confirmation
00-0036233,2022,WR,EFFICIENCY_REGRESSION,0.8571428571428571,1,1,HIGH_LOCKED_LAGGED_PBP,confirmation
00-0036247,2022,WR,EFFICIENCY_REGRESSION,1.0,1,1,HIGH_LOCKED_LAGGED_PBP,confirmation
00-0036252,2022,WR,EFFICIENCY_REGRESSION,1.0,1,1,HIGH_LOCKED_LAGGED_PBP,confirmation
00-0036255,2022,WR,EFFICIENCY_REGRESSION,0.8571428571428571,1,1,HIGH_LOCKED_LAGGED_PBP,confirmation
00-0036268,2022,WR,EFFICIENCY_REGRESSION,1.0,1,1,HIGH_LOCKED_LAGGED_PBP,confirmation
00-0036277,2022,WR,EFFICIENCY_REGRESSION,0.8571428571428571,1,1,HIGH_LOCKED_LAGGED_PBP,confirmation
00-0036309,2022,WR,EFFICIENCY_REGRESSION,1.0,1,1,HIGH_LOCKED_LAGGED_PBP,confirmation
00-0036331,2022,WR,EFFICIENCY_REGRESSION,1.0,1,1,HIGH_LOCKED_LAGGED_PBP,confirmation
00-0036407,2022,WR,EFFICIENCY_REGRESSION,0.8571428571428571,1,1,HIGH_LOCKED_LAGGED_PBP,confirmation
00-0036412,2022,WR,EFFICIENCY_REGRESSION,0.8571428571428571,1,1,HIGH_LOCKED_LAGGED_PBP,confirmation
00-0036439,2022,WR,EFFICIENCY_REGRESSION,0.0,0,1,HIGH_LOCKED_LAGGED_PBP,confirmation
00-0036482,2022,WR,EFFICIENCY_REGRESSION,0.0,0,1,HIGH_LOCKED_LAGGED_PBP,confirmation
00-0036550,2022,WR,EFFICIENCY_REGRESSION,1.0,1,1,HIGH_LOCKED_LAGGED_PBP,confirmation
00-0036554,2022,WR,EFFICIENCY_REGRESSION,1.0,1,1,HIGH_LOCKED_LAGGED_PBP,confirmation
00-0036572,2022,WR,EFFICIENCY_REGRESSION,0.8571428571428571,1,1,HIGH_LOCKED_LAGGED_PBP,confirmation
00-0036620,2022,WR,EFFICIENCY_REGRESSION,0.8571428571428571,1,1,HIGH_LOCKED_LAGGED_PBP,confirmation
00-0036626,2022,WR,EFFICIENCY_REGRESSION,0.8571428571428571,1,1,HIGH_LOCKED_LAGGED_PBP,confirmation
00-0036627,2022,WR,EFFICIENCY_REGRESSION,0.8571428571428571,1,1,HIGH_LOCKED_LAGGED_PBP,confirmation
00-0036630,2022,WR,EFFICIENCY_REGRESSION,0.8571428571428571,1,1,HIGH_LOCKED_LAGGED_PBP,confirmation
00-0036635,2022,WR,EFFICIENCY_REGRESSION,0.8571428571428571,1,1,HIGH_LOCKED_LAGGED_PBP,confirmation
00-0036671,2022,WR,EFFICIENCY_REGRESSION,0.8571428571428571,1,1,HIGH_LOCKED_LAGGED_PBP,confirmation
00-0036849,2022,WR,EFFICIENCY_REGRESSION,0.0,0,0,HIGH_LOCKED_LAGGED_PBP,confirmation
00-0036858,2022,WR,EFFICIENCY_REGRESSION,0.0,0,0,HIGH_LOCKED_LAGGED_PBP,confirmation
00-0036918,2022,WR,EFFICIENCY_REGRESSION,0.0,0,0,HIGH_LOCKED_LAGGED_PBP,confirmation
00-0036951,2022,WR,EFFICIENCY_REGRESSION,0.0,0,1,HIGH_LOCKED_LAGGED_PBP,confirmation
00-0036955,2022,WR,EFFICIENCY_REGRESSION,0.8571428571428571,1,1,HIGH_LOCKED_LAGGED_PBP,confirmation
00-0036963,2022,WR,EFFICIENCY_REGRESSION,1.0,1,1,HIGH_LOCKED_LAGGED_PBP,confirmation
00-0036980,2022,WR,EFFICIENCY_REGRESSION,1.0,1,1,HIGH_LOCKED_LAGGED_PBP,confirmation
00-0036999,2022,WR,EFFICIENCY_REGRESSION,0.8571428571428571,1,1,HIGH_LOCKED_LAGGED_PBP,confirmation
00-0027981,2022,TE,EFFICIENCY_REGRESSION,1.0,1,1,HIGH_LOCKED_LAGGED_PBP,confirmation
00-0030108,2022,TE,EFFICIENCY_REGRESSION,1.0,1,1,HIGH_LOCKED_LAGGED_PBP,confirmation
00-0031260,2022,TE,EFFICIENCY_REGRESSION,1.0,1,1,HIGH_LOCKED_LAGGED_PBP,confirmation
00-0031384,2022,TE,EFFICIENCY_REGRESSION,0.0,0,1,HIGH_LOCKED_LAGGED_PBP,confirmation
00-0031558,2022,TE,EFFICIENCY_REGRESSION,0.8571428571428571,1,1,HIGH_LOCKED_LAGGED_PBP,confirmation
00-0031585,2022,TE,EFFICIENCY_REGRESSION,1.0,1,1,HIGH_LOCKED_LAGGED_PBP,confirmation
00-0031598,2022,TE,EFFICIENCY_REGRESSION,0.0,0,1,HIGH_LOCKED_LAGGED_PBP,confirmation
00-0031690,2022,TE,EFFICIENCY_REGRESSION,0.0,0,1,HIGH_LOCKED_LAGGED_PBP,confirmation
00-0032141,2022,TE,EFFICIENCY_REGRESSION,1.0,1,1,HIGH_LOCKED_LAGGED_PBP,confirmation
00-0032214,2022,TE,EFFICIENCY_REGRESSION,0.8571428571428571,1,1,HIGH_LOCKED_LAGGED_PBP,confirmation
00-0032392,2022,TE,EFFICIENCY_REGRESSION,1.0,1,1,HIGH_LOCKED_LAGGED_PBP,confirmation
00-0032394,2022,TE,EFFICIENCY_REGRESSION,0.8571428571428571,1,1,HIGH_LOCKED_LAGGED_PBP,confirmation
00-0032725,2022,TE,EFFICIENCY_REGRESSION,0.8571428571428571,1,1,HIGH_LOCKED_LAGGED_PBP,confirmation
00-0032986,2022,TE,EFFICIENCY_REGRESSION,0.0,0,0,HIGH_LOCKED_LAGGED_PBP,confirmation
00-0033217,2022,TE,EFFICIENCY_REGRESSION,1.0,1,1,HIGH_LOCKED_LAGGED_PBP,confirmation
00-0033357,2022,TE,EFFICIENCY_REGRESSION,0.8571428571428571,1,1,HIGH_LOCKED_LAGGED_PBP,confirmation
00-0033439,2022,TE,EFFICIENCY_REGRESSION,0.8571428571428571,1,1,HIGH_LOCKED_LAGGED_PBP,confirmation
00-0033576,2022,TE,EFFICIENCY_REGRESSION,0.8571428571428571,1,1,HIGH_LOCKED_LAGGED_PBP,confirmation
00-0033757,2022,TE,EFFICIENCY_REGRESSION,1.0,1,1,HIGH_LOCKED_LAGGED_PBP,confirmation
00-0033858,2022,TE,EFFICIENCY_REGRESSION,1.0,1,1,HIGH_LOCKED_LAGGED_PBP,confirmation
00-0033885,2022,TE,EFFICIENCY_REGRESSION,1.0,1,1,HIGH_LOCKED_LAGGED_PBP,confirmation
00-0034011,2022,TE,EFFICIENCY_REGRESSION,1.0,1,1,HIGH_LOCKED_LAGGED_PBP,confirmation
00-0034073,2022,TE,EFFICIENCY_REGRESSION,0.8571428571428571,1,1,HIGH_LOCKED_LAGGED_PBP,confirmation
00-0034159,2022,TE,EFFICIENCY_REGRESSION,0.8571428571428571,1,1,HIGH_LOCKED_LAGGED_PBP,confirmation
00-0034193,2022,TE,EFFICIENCY_REGRESSION,0.0,0,1,HIGH_LOCKED_LAGGED_PBP,confirmation
00-0034270,2022,TE,EFFICIENCY_REGRESSION,1.0,1,1,HIGH_LOCKED_LAGGED_PBP,confirmation
00-0034364,2022,TE,EFFICIENCY_REGRESSION,1.0,1,1,HIGH_LOCKED_LAGGED_PBP,confirmation
00-0034365,2022,TE,EFFICIENCY_REGRESSION,0.8571428571428571,1,1,HIGH_LOCKED_LAGGED_PBP,confirmation
00-0035259,2022,TE,EFFICIENCY_REGRESSION,0.8571428571428571,1,1,HIGH_LOCKED_LAGGED_PBP,confirmation
00-0035308,2022,TE,EFFICIENCY_REGRESSION,0.8571428571428571,1,1,HIGH_LOCKED_LAGGED_PBP,confirmation
00-0035345,2022,TE,EFFICIENCY_REGRESSION,0.8571428571428571,1,1,HIGH_LOCKED_LAGGED_PBP,confirmation
00-0035356,2022,TE,EFFICIENCY_REGRESSION,0.8571428571428571,1,1,HIGH_LOCKED_LAGGED_PBP,confirmation
00-0035562,2022,TE,EFFICIENCY_REGRESSION,0.0,0,1,HIGH_LOCKED_LAGGED_PBP,confirmation
00-0035572,2022,TE,EFFICIENCY_REGRESSION,0.8571428571428571,1,1,HIGH_LOCKED_LAGGED_PBP,confirmation
00-0035624,2022,TE,EFFICIENCY_REGRESSION,0.8571428571428571,1,1,HIGH_LOCKED_LAGGED_PBP,confirmation
00-0035823,2022,TE,EFFICIENCY_REGRESSION,0.0,0,1,HIGH_LOCKED_LAGGED_PBP,confirmation
00-0035956,2022,TE,EFFICIENCY_REGRESSION,0.0,0,1,HIGH_LOCKED_LAGGED_PBP,confirmation
00-0036005,2022,TE,EFFICIENCY_REGRESSION,0.0,0,0,HIGH_LOCKED_LAGGED_PBP,confirmation
00-0036040,2022,TE,EFFICIENCY_REGRESSION,1.0,1,1,HIGH_LOCKED_LAGGED_PBP,confirmation
00-0036232,2022,TE,EFFICIENCY_REGRESSION,1.0,1,1,HIGH_LOCKED_LAGGED_PBP,confirmation
00-0036250,2022,TE,EFFICIENCY_REGRESSION,0.8571428571428571,1,1,HIGH_LOCKED_LAGGED_PBP,confirmation
00-0036290,2022,TE,EFFICIENCY_REGRESSION,1.0,1,1,HIGH_LOCKED_LAGGED_PBP,confirmation
00-0036422,2022,TE,EFFICIENCY_REGRESSION,1.0,1,1,HIGH_LOCKED_LAGGED_PBP,confirmation
00-0036423,2022,TE,EFFICIENCY_REGRESSION,1.0,1,1,HIGH_LOCKED_LAGGED_PBP,confirmation
00-0036438,2022,TE,EFFICIENCY_REGRESSION,0.0,0,1,HIGH_LOCKED_LAGGED_PBP,confirmation
00-0036510,2022,TE,EFFICIENCY_REGRESSION,0.0,0,1,HIGH_LOCKED_LAGGED_PBP,confirmation
00-0036534,2022,TE,EFFICIENCY_REGRESSION,0.8571428571428571,1,1,HIGH_LOCKED_LAGGED_PBP,confirmation
00-0036556,2022,TE,EFFICIENCY_REGRESSION,0.8571428571428571,1,1,HIGH_LOCKED_LAGGED_PBP,confirmation
00-0036628,2022,TE,EFFICIENCY_REGRESSION,0.8571428571428571,1,1,HIGH_LOCKED_LAGGED_PBP,confirmation
00-0036692,2022,TE,EFFICIENCY_REGRESSION,0.0,0,0,HIGH_LOCKED_LAGGED_PBP,confirmation
00-0036754,2022,TE,EFFICIENCY_REGRESSION,0.8571428571428571,1,1,HIGH_LOCKED_LAGGED_PBP,confirmation
00-0036825,2022,TE,EFFICIENCY_REGRESSION,0.0,0,1,HIGH_LOCKED_LAGGED_PBP,confirmation
00-0036876,2022,TE,EFFICIENCY_REGRESSION,0.8571428571428571,1,1,HIGH_LOCKED_LAGGED_PBP,confirmation
00-0036887,2022,TE,EFFICIENCY_REGRESSION,0.8571428571428571,1,1,HIGH_LOCKED_LAGGED_PBP,confirmation
00-0036970,2022,TE,EFFICIENCY_REGRESSION,1.0,1,1,HIGH_LOCKED_LAGGED_PBP,confirmation
00-0037005,2022,TE,EFFICIENCY_REGRESSION,1.0,1,1,HIGH_LOCKED_LAGGED_PBP,confirmation
00-0023459,2023,QB,EFFICIENCY_REGRESSION,0.9230769230769231,1,1,HIGH_LOCKED_LAGGED_PBP,confirmation
00-0026625,2023,QB,EFFICIENCY_REGRESSION,0.5384615384615384,0,1,HIGH_LOCKED_LAGGED_PBP,confirmation
00-0027948,2023,QB,EFFICIENCY_REGRESSION,0.5384615384615384,0,1,HIGH_LOCKED_LAGGED_PBP,confirmation
00-0027973,2023,QB,EFFICIENCY_REGRESSION,0.9230769230769231,1,1,HIGH_LOCKED_LAGGED_PBP,confirmation
00-0028118,2023,QB,EFFICIENCY_REGRESSION,0.9230769230769231,1,1,HIGH_LOCKED_LAGGED_PBP,confirmation
00-0028986,2023,QB,EFFICIENCY_REGRESSION,0.5384615384615384,0,1,HIGH_LOCKED_LAGGED_PBP,confirmation
00-0029263,2023,QB,EFFICIENCY_REGRESSION,1.0,1,1,HIGH_LOCKED_LAGGED_PBP,confirmation
00-0029701,2023,QB,EFFICIENCY_REGRESSION,0.9230769230769231,1,1,HIGH_LOCKED_LAGGED_PBP,confirmation
00-0031237,2023,QB,EFFICIENCY_REGRESSION,0.5384615384615384,0,1,HIGH_LOCKED_LAGGED_PBP,confirmation
00-0031280,2023,QB,EFFICIENCY_REGRESSION,0.9230769230769231,1,1,HIGH_LOCKED_LAGGED_PBP,confirmation
00-0031345,2023,QB,EFFICIENCY_REGRESSION,1.0,1,1,HIGH_LOCKED_LAGGED_PBP,confirmation
00-0031503,2023,QB,EFFICIENCY_REGRESSION,0.9230769230769231,1,1,HIGH_LOCKED_LAGGED_PBP,confirmation
00-0031800,2023,QB,EFFICIENCY_REGRESSION,0.9230769230769231,1,1,HIGH_LOCKED_LAGGED_PBP,confirmation
00-0032156,2023,QB,EFFICIENCY_REGRESSION,0.5384615384615384,0,1,HIGH_LOCKED_LAGGED_PBP,confirmation
00-0032268,2023,QB,EFFICIENCY_REGRESSION,1.0,1,1,HIGH_LOCKED_LAGGED_PBP,confirmation
00-0032436,2023,QB,EFFICIENCY_REGRESSION,0.9230769230769231,1,1,HIGH_LOCKED_LAGGED_PBP,confirmation
00-0032950,2023,QB,EFFICIENCY_REGRESSION,1.0,1,1,HIGH_LOCKED_LAGGED_PBP,confirmation
00-0033119,2023,QB,EFFICIENCY_REGRESSION,1.0,1,1,HIGH_LOCKED_LAGGED_PBP,confirmation
00-0033275,2023,QB,EFFICIENCY_REGRESSION,0.9230769230769231,1,1,HIGH_LOCKED_LAGGED_PBP,confirmation
00-0033319,2023,QB,EFFICIENCY_REGRESSION,0.5384615384615384,0,1,HIGH_LOCKED_LAGGED_PBP,confirmation
00-0033537,2023,QB,EFFICIENCY_REGRESSION,0.9230769230769231,1,1,HIGH_LOCKED_LAGGED_PBP,confirmation
00-0033662,2023,QB,EFFICIENCY_REGRESSION,0.5384615384615384,0,1,HIGH_LOCKED_LAGGED_PBP,confirmation
00-0033869,2023,QB,EFFICIENCY_REGRESSION,0.9230769230769231,1,1,HIGH_LOCKED_LAGGED_PBP,confirmation
00-0033936,2023,QB,EFFICIENCY_REGRESSION,0.5384615384615384,0,1,HIGH_LOCKED_LAGGED_PBP,confirmation
00-0033949,2023,QB,EFFICIENCY_REGRESSION,0.9230769230769231,1,1,HIGH_LOCKED_LAGGED_PBP,confirmation
00-0033958,2023,QB,EFFICIENCY_REGRESSION,0.5384615384615384,0,1,HIGH_LOCKED_LAGGED_PBP,confirmation
00-0034177,2023,QB,EFFICIENCY_REGRESSION,0.5384615384615384,0,1,HIGH_LOCKED_LAGGED_PBP,confirmation
00-0034401,2023,QB,EFFICIENCY_REGRESSION,0.5384615384615384,0,1,HIGH_LOCKED_LAGGED_PBP,confirmation
00-0034577,2023,QB,EFFICIENCY_REGRESSION,0.9230769230769231,1,1,HIGH_LOCKED_LAGGED_PBP,confirmation
00-0034869,2023,QB,EFFICIENCY_REGRESSION,1.0,1,1,HIGH_LOCKED_LAGGED_PBP,confirmation
00-0034955,2023,QB,EFFICIENCY_REGRESSION,0.5384615384615384,0,1,HIGH_LOCKED_LAGGED_PBP,confirmation
00-0035228,2023,QB,EFFICIENCY_REGRESSION,1.0,1,1,HIGH_LOCKED_LAGGED_PBP,confirmation
00-0035264,2023,QB,EFFICIENCY_REGRESSION,0.9230769230769231,1,1,HIGH_LOCKED_LAGGED_PBP,confirmation
00-0036928,2023,QB,EFFICIENCY_REGRESSION,0.5384615384615384,0,1,HIGH_LOCKED_LAGGED_PBP,confirmation
00-0036945,2023,QB,EFFICIENCY_REGRESSION,1.0,1,1,HIGH_LOCKED_LAGGED_PBP,confirmation
00-0036972,2023,QB,EFFICIENCY_REGRESSION,0.9230769230769231,1,1,HIGH_LOCKED_LAGGED_PBP,confirmation
00-0037013,2023,QB,EFFICIENCY_REGRESSION,1.0,1,1,HIGH_LOCKED_LAGGED_PBP,confirmation
00-0037077,2023,QB,EFFICIENCY_REGRESSION,0.5384615384615384,0,1,HIGH_LOCKED_LAGGED_PBP,confirmation
00-0038102,2023,QB,EFFICIENCY_REGRESSION,1.0,1,1,HIGH_LOCKED_LAGGED_PBP,confirmation
00-0038108,2023,QB,EFFICIENCY_REGRESSION,0.5384615384615384,0,1,HIGH_LOCKED_LAGGED_PBP,confirmation
00-0038122,2023,QB,EFFICIENCY_REGRESSION,0.9230769230769231,1,1,HIGH_LOCKED_LAGGED_PBP,confirmation
00-0038128,2023,QB,EFFICIENCY_REGRESSION,0.9230769230769231,1,1,HIGH_LOCKED_LAGGED_PBP,confirmation
00-0029239,2023,RB,EFFICIENCY_REGRESSION,0.8461538461538461,1,1,HIGH_LOCKED_LAGGED_PBP,confirmation
00-0030578,2023,RB,EFFICIENCY_REGRESSION,0.9230769230769231,1,1,HIGH_LOCKED_LAGGED_PBP,confirmation
00-0030874,2023,RB,EFFICIENCY_REGRESSION,0.0,0,1,HIGH_LOCKED_LAGGED_PBP,confirmation
00-0032104,2023,RB,EFFICIENCY_REGRESSION,0.5384615384615384,0,1,HIGH_LOCKED_LAGGED_PBP,confirmation
00-0032144,2023,RB,EFFICIENCY_REGRESSION,0.9230769230769231,1,1,HIGH_LOCKED_LAGGED_PBP,confirmation
00-0032450,2023,RB,EFFICIENCY_REGRESSION,0.38461538461538464,0,1,HIGH_LOCKED_LAGGED_PBP,confirmation
00-0032764,2023,RB,EFFICIENCY_REGRESSION,1.0,1,1,HIGH_LOCKED_LAGGED_PBP,confirmation
00-0032975,2023,RB,EFFICIENCY_REGRESSION,0.9230769230769231,1,1,HIGH_LOCKED_LAGGED_PBP,confirmation
00-0033118,2023,RB,EFFICIENCY_REGRESSION,1.0,1,1,HIGH_LOCKED_LAGGED_PBP,confirmation
00-0033553,2023,RB,EFFICIENCY_REGRESSION,0.9230769230769231,1,1,HIGH_LOCKED_LAGGED_PBP,confirmation
00-0033906,2023,RB,EFFICIENCY_REGRESSION,1.0,1,1,HIGH_LOCKED_LAGGED_PBP,confirmation
00-0033925,2023,RB,EFFICIENCY_REGRESSION,0.9230769230769231,1,1,HIGH_LOCKED_LAGGED_PBP,confirmation
00-0033948,2023,RB,EFFICIENCY_REGRESSION,0.9230769230769231,1,1,HIGH_LOCKED_LAGGED_PBP,confirmation
00-0034208,2023,RB,EFFICIENCY_REGRESSION,0.8461538461538461,1,1,HIGH_LOCKED_LAGGED_PBP,confirmation
00-0034750,2023,RB,EFFICIENCY_REGRESSION,0.9230769230769231,1,1,HIGH_LOCKED_LAGGED_PBP,confirmation
00-0034791,2023,RB,EFFICIENCY_REGRESSION,0.9230769230769231,1,1,HIGH_LOCKED_LAGGED_PBP,confirmation
00-0034838,2023,RB,EFFICIENCY_REGRESSION,0.9230769230769231,1,1,HIGH_LOCKED_LAGGED_PBP,confirmation
00-0035184,2023,RB,EFFICIENCY_REGRESSION,0.0,0,1,HIGH_LOCKED_LAGGED_PBP,confirmation
00-0035594,2023,RB,EFFICIENCY_REGRESSION,0.8461538461538461,1,1,HIGH_LOCKED_LAGGED_PBP,confirmation
00-0035628,2023,RB,EFFICIENCY_REGRESSION,0.0,0,1,HIGH_LOCKED_LAGGED_PBP,confirmation
00-0035657,2023,RB,EFFICIENCY_REGRESSION,1.0,1,1,HIGH_LOCKED_LAGGED_PBP,confirmation
00-0035664,2023,RB,EFFICIENCY_REGRESSION,0.9230769230769231,1,1,HIGH_LOCKED_LAGGED_PBP,confirmation
00-0035700,2023,RB,EFFICIENCY_REGRESSION,0.9230769230769231,1,1,HIGH_LOCKED_LAGGED_PBP,confirmation
00-0035726,2023,RB,EFFICIENCY_REGRESSION,0.46153846153846156,0,1,HIGH_LOCKED_LAGGED_PBP,confirmation
00-0035831,2023,RB,EFFICIENCY_REGRESSION,0.9230769230769231,1,1,HIGH_LOCKED_LAGGED_PBP,confirmation
00-0035860,2023,RB,EFFICIENCY_REGRESSION,0.8461538461538461,1,1,HIGH_LOCKED_LAGGED_PBP,confirmation
00-0035924,2023,RB,EFFICIENCY_REGRESSION,0.38461538461538464,0,1,HIGH_LOCKED_LAGGED_PBP,confirmation
00-0036187,2023,RB,EFFICIENCY_REGRESSION,0.46153846153846156,0,1,HIGH_LOCKED_LAGGED_PBP,confirmation
00-0036223,2023,RB,EFFICIENCY_REGRESSION,1.0,1,1,HIGH_LOCKED_LAGGED_PBP,confirmation
00-0036251,2023,RB,EFFICIENCY_REGRESSION,0.9230769230769231,1,1,HIGH_LOCKED_LAGGED_PBP,confirmation
00-0036265,2023,RB,EFFICIENCY_REGRESSION,0.9230769230769231,1,1,HIGH_LOCKED_LAGGED_PBP,confirmation
00-0036297,2023,RB,EFFICIENCY_REGRESSION,0.38461538461538464,0,1,HIGH_LOCKED_LAGGED_PBP,confirmation
00-0036328,2023,RB,EFFICIENCY_REGRESSION,1.0,1,1,HIGH_LOCKED_LAGGED_PBP,confirmation
00-0036336,2023,RB,EFFICIENCY_REGRESSION,0.38461538461538464,0,1,HIGH_LOCKED_LAGGED_PBP,confirmation
00-0036414,2023,RB,EFFICIENCY_REGRESSION,0.9230769230769231,1,1,HIGH_LOCKED_LAGGED_PBP,confirmation
00-0036450,2023,RB,EFFICIENCY_REGRESSION,0.38461538461538464,0,1,HIGH_LOCKED_LAGGED_PBP,confirmation
00-0036493,2023,RB,EFFICIENCY_REGRESSION,0.9230769230769231,1,1,HIGH_LOCKED_LAGGED_PBP,confirmation
00-0036555,2023,RB,EFFICIENCY_REGRESSION,0.9230769230769231,1,1,HIGH_LOCKED_LAGGED_PBP,confirmation
00-0036857,2023,RB,EFFICIENCY_REGRESSION,0.0,0,1,HIGH_LOCKED_LAGGED_PBP,confirmation
00-0036860,2023,RB,EFFICIENCY_REGRESSION,0.0,0,0,HIGH_LOCKED_LAGGED_PBP,confirmation
00-0036875,2023,RB,EFFICIENCY_REGRESSION,1.0,1,1,HIGH_LOCKED_LAGGED_PBP,confirmation
00-0036906,2023,RB,EFFICIENCY_REGRESSION,0.9230769230769231,1,1,HIGH_LOCKED_LAGGED_PBP,confirmation
00-0036924,2023,RB,EFFICIENCY_REGRESSION,1.0,1,1,HIGH_LOCKED_LAGGED_PBP,confirmation
00-0036984,2023,RB,EFFICIENCY_REGRESSION,0.0,0,1,HIGH_LOCKED_LAGGED_PBP,confirmation
00-0036997,2023,RB,EFFICIENCY_REGRESSION,0.9230769230769231,1,1,HIGH_LOCKED_LAGGED_PBP,confirmation
00-0037157,2023,RB,EFFICIENCY_REGRESSION,0.9230769230769231,1,1,HIGH_LOCKED_LAGGED_PBP,confirmation
00-0037263,2023,RB,EFFICIENCY_REGRESSION,0.9230769230769231,1,1,HIGH_LOCKED_LAGGED_PBP,confirmation
00-0037276,2023,RB,EFFICIENCY_REGRESSION,0.38461538461538464,0,1,HIGH_LOCKED_LAGGED_PBP,confirmation
00-0037286,2023,RB,EFFICIENCY_REGRESSION,0.38461538461538464,0,1,HIGH_LOCKED_LAGGED_PBP,confirmation
00-0037299,2023,RB,EFFICIENCY_REGRESSION,0.9230769230769231,1,1,HIGH_LOCKED_LAGGED_PBP,confirmation
00-0037429,2023,RB,EFFICIENCY_REGRESSION,0.9230769230769231,1,1,HIGH_LOCKED_LAGGED_PBP,confirmation
00-0037563,2023,RB,EFFICIENCY_REGRESSION,0.8461538461538461,1,1,HIGH_LOCKED_LAGGED_PBP,confirmation
00-0037594,2023,RB,EFFICIENCY_REGRESSION,0.38461538461538464,0,1,HIGH_LOCKED_LAGGED_PBP,confirmation
00-0037746,2023,RB,EFFICIENCY_REGRESSION,0.9230769230769231,1,1,HIGH_LOCKED_LAGGED_PBP,confirmation
00-0037827,2023,RB,EFFICIENCY_REGRESSION,0.46153846153846156,0,1,HIGH_LOCKED_LAGGED_PBP,confirmation
00-0038040,2023,RB,EFFICIENCY_REGRESSION,0.38461538461538464,0,1,HIGH_LOCKED_LAGGED_PBP,confirmation
00-0038045,2023,RB,EFFICIENCY_REGRESSION,0.38461538461538464,0,1,HIGH_LOCKED_LAGGED_PBP,confirmation
00-0038098,2023,RB,EFFICIENCY_REGRESSION,0.8461538461538461,1,1,HIGH_LOCKED_LAGGED_PBP,confirmation
00-0038120,2023,RB,EFFICIENCY_REGRESSION,1.0,1,1,HIGH_LOCKED_LAGGED_PBP,confirmation
00-0026293,2023,WR,EFFICIENCY_REGRESSION,0.0,0,0,HIGH_LOCKED_LAGGED_PBP,confirmation
00-0028002,2023,WR,EFFICIENCY_REGRESSION,1.0,1,1,HIGH_LOCKED_LAGGED_PBP,confirmation
00-0030564,2023,WR,EFFICIENCY_REGRESSION,1.0,1,1,HIGH_LOCKED_LAGGED_PBP,confirmation
00-0031381,2023,WR,EFFICIENCY_REGRESSION,1.0,1,1,HIGH_LOCKED_LAGGED_PBP,confirmation
00-0031547,2023,WR,EFFICIENCY_REGRESSION,0.8571428571428571,1,1,HIGH_LOCKED_LAGGED_PBP,confirmation
00-0031868,2023,WR,EFFICIENCY_REGRESSION,0.8571428571428571,1,1,HIGH_LOCKED_LAGGED_PBP,confirmation
00-0031941,2023,WR,EFFICIENCY_REGRESSION,0.8571428571428571,1,1,HIGH_LOCKED_LAGGED_PBP,confirmation
00-0032200,2023,WR,EFFICIENCY_REGRESSION,0.0,0,1,HIGH_LOCKED_LAGGED_PBP,confirmation
00-0032208,2023,WR,EFFICIENCY_REGRESSION,0.8571428571428571,1,1,HIGH_LOCKED_LAGGED_PBP,confirmation
00-0032385,2023,WR,EFFICIENCY_REGRESSION,0.8571428571428571,1,1,HIGH_LOCKED_LAGGED_PBP,confirmation
00-0032398,2023,WR,EFFICIENCY_REGRESSION,1.0,1,1,HIGH_LOCKED_LAGGED_PBP,confirmation
00-0032464,2023,WR,EFFICIENCY_REGRESSION,1.0,1,1,HIGH_LOCKED_LAGGED_PBP,confirmation
00-0032543,2023,WR,EFFICIENCY_REGRESSION,0.0,0,0,HIGH_LOCKED_LAGGED_PBP,confirmation
00-0032688,2023,WR,EFFICIENCY_REGRESSION,0.8571428571428571,1,1,HIGH_LOCKED_LAGGED_PBP,confirmation
00-0032765,2023,WR,EFFICIENCY_REGRESSION,0.8571428571428571,1,1,HIGH_LOCKED_LAGGED_PBP,confirmation
00-0032951,2023,WR,EFFICIENCY_REGRESSION,0.8571428571428571,1,1,HIGH_LOCKED_LAGGED_PBP,confirmation
00-0033282,2023,WR,EFFICIENCY_REGRESSION,1.0,1,1,HIGH_LOCKED_LAGGED_PBP,confirmation
00-0033307,2023,WR,EFFICIENCY_REGRESSION,1.0,1,1,HIGH_LOCKED_LAGGED_PBP,confirmation
00-0033536,2023,WR,EFFICIENCY_REGRESSION,1.0,1,1,HIGH_LOCKED_LAGGED_PBP,confirmation
00-0033555,2023,WR,EFFICIENCY_REGRESSION,1.0,1,1,HIGH_LOCKED_LAGGED_PBP,confirmation
00-0034279,2023,WR,EFFICIENCY_REGRESSION,0.8571428571428571,1,1,HIGH_LOCKED_LAGGED_PBP,confirmation
00-0034297,2023,WR,EFFICIENCY_REGRESSION,0.8571428571428571,1,1,HIGH_LOCKED_LAGGED_PBP,confirmation
00-0034317,2023,WR,EFFICIENCY_REGRESSION,0.0,0,1,HIGH_LOCKED_LAGGED_PBP,confirmation
00-0034348,2023,WR,EFFICIENCY_REGRESSION,1.0,1,1,HIGH_LOCKED_LAGGED_PBP,confirmation
00-0034521,2023,WR,EFFICIENCY_REGRESSION,1.0,1,1,HIGH_LOCKED_LAGGED_PBP,confirmation
00-0034646,2023,WR,EFFICIENCY_REGRESSION,1.0,1,1,HIGH_LOCKED_LAGGED_PBP,confirmation
00-0034777,2023,WR,EFFICIENCY_REGRESSION,0.8571428571428571,1,1,HIGH_LOCKED_LAGGED_PBP,confirmation
00-0034827,2023,WR,EFFICIENCY_REGRESSION,1.0,1,1,HIGH_LOCKED_LAGGED_PBP,confirmation
00-0034854,2023,WR,EFFICIENCY_REGRESSION,0.8571428571428571,1,1,HIGH_LOCKED_LAGGED_PBP,confirmation
00-0034960,2023,WR,EFFICIENCY_REGRESSION,1.0,1,1,HIGH_LOCKED_LAGGED_PBP,confirmation
00-0034983,2023,WR,EFFICIENCY_REGRESSION,1.0,1,1,HIGH_LOCKED_LAGGED_PBP,confirmation
00-0035298,2023,WR,EFFICIENCY_REGRESSION,1.0,1,1,HIGH_LOCKED_LAGGED_PBP,confirmation
00-0035406,2023,WR,EFFICIENCY_REGRESSION,0.0,0,1,HIGH_LOCKED_LAGGED_PBP,confirmation
00-0035414,2023,WR,EFFICIENCY_REGRESSION,0.0,0,1,HIGH_LOCKED_LAGGED_PBP,confirmation
00-0035500,2023,WR,EFFICIENCY_REGRESSION,1.0,1,1,HIGH_LOCKED_LAGGED_PBP,confirmation
00-0035593,2023,WR,EFFICIENCY_REGRESSION,0.0,0,1,HIGH_LOCKED_LAGGED_PBP,confirmation
00-0035639,2023,WR,EFFICIENCY_REGRESSION,1.0,1,1,HIGH_LOCKED_LAGGED_PBP,confirmation
00-0035645,2023,WR,EFFICIENCY_REGRESSION,0.8571428571428571,1,1,HIGH_LOCKED_LAGGED_PBP,confirmation
00-0035659,2023,WR,EFFICIENCY_REGRESSION,1.0,1,1,HIGH_LOCKED_LAGGED_PBP,confirmation
00-0035662,2023,WR,EFFICIENCY_REGRESSION,1.0,1,1,HIGH_LOCKED_LAGGED_PBP,confirmation
00-0035703,2023,WR,EFFICIENCY_REGRESSION,0.0,0,1,HIGH_LOCKED_LAGGED_PBP,confirmation
00-0035876,2023,WR,EFFICIENCY_REGRESSION,0.8571428571428571,1,1,HIGH_LOCKED_LAGGED_PBP,confirmation
00-0036176,2023,WR,EFFICIENCY_REGRESSION,0.0,0,1,HIGH_LOCKED_LAGGED_PBP,confirmation
00-0036182,2023,WR,EFFICIENCY_REGRESSION,1.0,1,1,HIGH_LOCKED_LAGGED_PBP,confirmation
00-0036252,2023,WR,EFFICIENCY_REGRESSION,1.0,1,1,HIGH_LOCKED_LAGGED_PBP,confirmation
00-0036268,2023,WR,EFFICIENCY_REGRESSION,0.8571428571428571,1,1,HIGH_LOCKED_LAGGED_PBP,confirmation
00-0036309,2023,WR,EFFICIENCY_REGRESSION,1.0,1,1,HIGH_LOCKED_LAGGED_PBP,confirmation
00-0036326,2023,WR,EFFICIENCY_REGRESSION,1.0,1,1,HIGH_LOCKED_LAGGED_PBP,confirmation
00-0036407,2023,WR,EFFICIENCY_REGRESSION,1.0,1,1,HIGH_LOCKED_LAGGED_PBP,confirmation
00-0036415,2023,WR,EFFICIENCY_REGRESSION,1.0,1,1,HIGH_LOCKED_LAGGED_PBP,confirmation
00-0036482,2023,WR,EFFICIENCY_REGRESSION,0.8571428571428571,1,1,HIGH_LOCKED_LAGGED_PBP,confirmation
00-0036527,2023,WR,EFFICIENCY_REGRESSION,0.0,0,1,HIGH_LOCKED_LAGGED_PBP,confirmation
00-0036620,2023,WR,EFFICIENCY_REGRESSION,0.8571428571428571,1,1,HIGH_LOCKED_LAGGED_PBP,confirmation
00-0036626,2023,WR,EFFICIENCY_REGRESSION,0.8571428571428571,1,1,HIGH_LOCKED_LAGGED_PBP,confirmation
00-0036630,2023,WR,EFFICIENCY_REGRESSION,0.8571428571428571,1,1,HIGH_LOCKED_LAGGED_PBP,confirmation
00-0036635,2023,WR,EFFICIENCY_REGRESSION,0.0,0,1,HIGH_LOCKED_LAGGED_PBP,confirmation
00-0036646,2023,WR,EFFICIENCY_REGRESSION,0.0,0,1,HIGH_LOCKED_LAGGED_PBP,confirmation
00-0036877,2023,WR,EFFICIENCY_REGRESSION,0.0,0,1,HIGH_LOCKED_LAGGED_PBP,confirmation
00-0036936,2023,WR,EFFICIENCY_REGRESSION,1.0,1,1,HIGH_LOCKED_LAGGED_PBP,confirmation
00-0036955,2023,WR,EFFICIENCY_REGRESSION,1.0,1,1,HIGH_LOCKED_LAGGED_PBP,confirmation
00-0036991,2023,WR,EFFICIENCY_REGRESSION,0.8571428571428571,1,1,HIGH_LOCKED_LAGGED_PBP,confirmation
00-0037098,2023,WR,EFFICIENCY_REGRESSION,0.8571428571428571,1,1,HIGH_LOCKED_LAGGED_PBP,confirmation
00-0037238,2023,WR,EFFICIENCY_REGRESSION,1.0,1,1,HIGH_LOCKED_LAGGED_PBP,confirmation
00-0037239,2023,WR,EFFICIENCY_REGRESSION,1.0,1,1,HIGH_LOCKED_LAGGED_PBP,confirmation
00-0037272,2023,WR,EFFICIENCY_REGRESSION,0.8571428571428571,1,1,HIGH_LOCKED_LAGGED_PBP,confirmation
00-0037273,2023,WR,EFFICIENCY_REGRESSION,0.8571428571428571,1,1,HIGH_LOCKED_LAGGED_PBP,confirmation
00-0037291,2023,WR,EFFICIENCY_REGRESSION,0.8571428571428571,1,1,HIGH_LOCKED_LAGGED_PBP,confirmation
00-0037382,2023,WR,EFFICIENCY_REGRESSION,0.8571428571428571,1,1,HIGH_LOCKED_LAGGED_PBP,confirmation
00-0037545,2023,WR,EFFICIENCY_REGRESSION,0.8571428571428571,1,1,HIGH_LOCKED_LAGGED_PBP,confirmation
00-0037664,2023,WR,EFFICIENCY_REGRESSION,1.0,1,1,HIGH_LOCKED_LAGGED_PBP,confirmation
00-0037740,2023,WR,EFFICIENCY_REGRESSION,1.0,1,1,HIGH_LOCKED_LAGGED_PBP,confirmation
00-0037741,2023,WR,EFFICIENCY_REGRESSION,1.0,1,1,HIGH_LOCKED_LAGGED_PBP,confirmation
00-0037742,2023,WR,EFFICIENCY_REGRESSION,0.8571428571428571,1,1,HIGH_LOCKED_LAGGED_PBP,confirmation
00-0037745,2023,WR,EFFICIENCY_REGRESSION,0.8571428571428571,1,1,HIGH_LOCKED_LAGGED_PBP,confirmation
00-0038092,2023,WR,EFFICIENCY_REGRESSION,0.0,0,1,HIGH_LOCKED_LAGGED_PBP,confirmation
00-0038104,2023,WR,EFFICIENCY_REGRESSION,1.0,1,1,HIGH_LOCKED_LAGGED_PBP,confirmation
00-0038117,2023,WR,EFFICIENCY_REGRESSION,0.8571428571428571,1,1,HIGH_LOCKED_LAGGED_PBP,confirmation
00-0024243,2023,TE,EFFICIENCY_REGRESSION,0.8571428571428571,1,1,HIGH_LOCKED_LAGGED_PBP,confirmation
00-0030061,2023,TE,EFFICIENCY_REGRESSION,1.0,1,1,HIGH_LOCKED_LAGGED_PBP,confirmation
00-0031260,2023,TE,EFFICIENCY_REGRESSION,1.0,1,1,HIGH_LOCKED_LAGGED_PBP,confirmation
00-0031585,2023,TE,EFFICIENCY_REGRESSION,1.0,1,1,HIGH_LOCKED_LAGGED_PBP,confirmation
00-0031610,2023,TE,EFFICIENCY_REGRESSION,1.0,1,1,HIGH_LOCKED_LAGGED_PBP,confirmation
00-0032134,2023,TE,EFFICIENCY_REGRESSION,0.8571428571428571,1,1,HIGH_LOCKED_LAGGED_PBP,confirmation
00-0032141,2023,TE,EFFICIENCY_REGRESSION,1.0,1,1,HIGH_LOCKED_LAGGED_PBP,confirmation
00-0032214,2023,TE,EFFICIENCY_REGRESSION,0.8571428571428571,1,1,HIGH_LOCKED_LAGGED_PBP,confirmation
00-0032392,2023,TE,EFFICIENCY_REGRESSION,1.0,1,1,HIGH_LOCKED_LAGGED_PBP,confirmation
00-0032394,2023,TE,EFFICIENCY_REGRESSION,0.8571428571428571,1,1,HIGH_LOCKED_LAGGED_PBP,confirmation
00-0032725,2023,TE,EFFICIENCY_REGRESSION,0.8571428571428571,1,1,HIGH_LOCKED_LAGGED_PBP,confirmation
00-0033090,2023,TE,EFFICIENCY_REGRESSION,1.0,1,1,HIGH_LOCKED_LAGGED_PBP,confirmation
00-0033217,2023,TE,EFFICIENCY_REGRESSION,0.8571428571428571,1,1,HIGH_LOCKED_LAGGED_PBP,confirmation
00-0033357,2023,TE,EFFICIENCY_REGRESSION,0.8571428571428571,1,1,HIGH_LOCKED_LAGGED_PBP,confirmation
00-0033439,2023,TE,EFFICIENCY_REGRESSION,0.8571428571428571,1,1,HIGH_LOCKED_LAGGED_PBP,confirmation
00-0033576,2023,TE,EFFICIENCY_REGRESSION,0.8571428571428571,1,1,HIGH_LOCKED_LAGGED_PBP,confirmation
00-0033757,2023,TE,EFFICIENCY_REGRESSION,1.0,1,1,HIGH_LOCKED_LAGGED_PBP,confirmation
00-0033858,2023,TE,EFFICIENCY_REGRESSION,0.8571428571428571,1,1,HIGH_LOCKED_LAGGED_PBP,confirmation
00-0034073,2023,TE,EFFICIENCY_REGRESSION,0.8571428571428571,1,1,HIGH_LOCKED_LAGGED_PBP,confirmation
00-0034159,2023,TE,EFFICIENCY_REGRESSION,1.0,1,1,HIGH_LOCKED_LAGGED_PBP,confirmation
00-0034193,2023,TE,EFFICIENCY_REGRESSION,0.0,0,0,HIGH_LOCKED_LAGGED_PBP,confirmation
00-0034270,2023,TE,EFFICIENCY_REGRESSION,0.8571428571428571,1,1,HIGH_LOCKED_LAGGED_PBP,confirmation
00-0034364,2023,TE,EFFICIENCY_REGRESSION,1.0,1,1,HIGH_LOCKED_LAGGED_PBP,confirmation
00-0034365,2023,TE,EFFICIENCY_REGRESSION,0.8571428571428571,1,1,HIGH_LOCKED_LAGGED_PBP,confirmation
00-0034613,2023,TE,EFFICIENCY_REGRESSION,0.8571428571428571,1,1,HIGH_LOCKED_LAGGED_PBP,confirmation
00-0034981,2023,TE,EFFICIENCY_REGRESSION,1.0,1,1,HIGH_LOCKED_LAGGED_PBP,confirmation
00-0035259,2023,TE,EFFICIENCY_REGRESSION,0.8571428571428571,1,1,HIGH_LOCKED_LAGGED_PBP,confirmation
00-0035562,2023,TE,EFFICIENCY_REGRESSION,0.0,0,1,HIGH_LOCKED_LAGGED_PBP,confirmation
00-0035572,2023,TE,EFFICIENCY_REGRESSION,0.8571428571428571,1,1,HIGH_LOCKED_LAGGED_PBP,confirmation
00-0035631,2023,TE,EFFICIENCY_REGRESSION,0.0,0,1,HIGH_LOCKED_LAGGED_PBP,confirmation
00-0035956,2023,TE,EFFICIENCY_REGRESSION,0.8571428571428571,1,1,HIGH_LOCKED_LAGGED_PBP,confirmation
00-0036040,2023,TE,EFFICIENCY_REGRESSION,1.0,1,1,HIGH_LOCKED_LAGGED_PBP,confirmation
00-0036290,2023,TE,EFFICIENCY_REGRESSION,1.0,1,1,HIGH_LOCKED_LAGGED_PBP,confirmation
00-0036422,2023,TE,EFFICIENCY_REGRESSION,0.8571428571428571,1,1,HIGH_LOCKED_LAGGED_PBP,confirmation
00-0036423,2023,TE,EFFICIENCY_REGRESSION,0.8571428571428571,1,1,HIGH_LOCKED_LAGGED_PBP,confirmation
00-0036424,2023,TE,EFFICIENCY_REGRESSION,0.8571428571428571,1,1,HIGH_LOCKED_LAGGED_PBP,confirmation
00-0036438,2023,TE,EFFICIENCY_REGRESSION,0.8571428571428571,1,1,HIGH_LOCKED_LAGGED_PBP,confirmation
00-0036510,2023,TE,EFFICIENCY_REGRESSION,0.0,0,0,HIGH_LOCKED_LAGGED_PBP,confirmation
00-0036628,2023,TE,EFFICIENCY_REGRESSION,0.8571428571428571,1,1,HIGH_LOCKED_LAGGED_PBP,confirmation
00-0036876,2023,TE,EFFICIENCY_REGRESSION,0.8571428571428571,1,1,HIGH_LOCKED_LAGGED_PBP,confirmation
00-0036887,2023,TE,EFFICIENCY_REGRESSION,0.0,0,1,HIGH_LOCKED_LAGGED_PBP,confirmation
00-0036970,2023,TE,EFFICIENCY_REGRESSION,1.0,1,1,HIGH_LOCKED_LAGGED_PBP,confirmation
00-0037005,2023,TE,EFFICIENCY_REGRESSION,1.0,1,1,HIGH_LOCKED_LAGGED_PBP,confirmation
00-0037078,2023,TE,EFFICIENCY_REGRESSION,0.8571428571428571,1,1,HIGH_LOCKED_LAGGED_PBP,confirmation
00-0037086,2023,TE,EFFICIENCY_REGRESSION,0.8571428571428571,1,1,HIGH_LOCKED_LAGGED_PBP,confirmation
00-0037252,2023,TE,EFFICIENCY_REGRESSION,0.8571428571428571,1,1,HIGH_LOCKED_LAGGED_PBP,confirmation
00-0037277,2023,TE,EFFICIENCY_REGRESSION,1.0,1,1,HIGH_LOCKED_LAGGED_PBP,confirmation
00-0037282,2023,TE,EFFICIENCY_REGRESSION,0.8571428571428571,1,1,HIGH_LOCKED_LAGGED_PBP,confirmation
00-0037475,2023,TE,EFFICIENCY_REGRESSION,0.8571428571428571,1,1,HIGH_LOCKED_LAGGED_PBP,confirmation
00-0037744,2023,TE,EFFICIENCY_REGRESSION,0.8571428571428571,1,1,HIGH_LOCKED_LAGGED_PBP,confirmation
00-0037805,2023,TE,EFFICIENCY_REGRESSION,0.0,0,1,HIGH_LOCKED_LAGGED_PBP,confirmation
00-0037809,2023,TE,EFFICIENCY_REGRESSION,1.0,1,1,HIGH_LOCKED_LAGGED_PBP,confirmation
00-0023459,2024,QB,EFFICIENCY_REGRESSION,0.0,0,1,HIGH_LOCKED_LAGGED_PBP,confirmation
00-0027973,2024,QB,EFFICIENCY_REGRESSION,0.5384615384615384,0,1,HIGH_LOCKED_LAGGED_PBP,confirmation
00-0028118,2024,QB,EFFICIENCY_REGRESSION,0.9230769230769231,1,1,HIGH_LOCKED_LAGGED_PBP,confirmation
00-0029604,2024,QB,EFFICIENCY_REGRESSION,0.9230769230769231,1,1,HIGH_LOCKED_LAGGED_PBP,confirmation
00-0030565,2024,QB,EFFICIENCY_REGRESSION,1.0,1,1,HIGH_LOCKED_LAGGED_PBP,confirmation
00-0031280,2024,QB,EFFICIENCY_REGRESSION,0.9230769230769231,1,1,HIGH_LOCKED_LAGGED_PBP,confirmation
00-0031345,2024,QB,EFFICIENCY_REGRESSION,0.9230769230769231,1,1,HIGH_LOCKED_LAGGED_PBP,confirmation
00-0031503,2024,QB,EFFICIENCY_REGRESSION,0.5384615384615384,0,1,HIGH_LOCKED_LAGGED_PBP,confirmation
00-0031800,2024,QB,EFFICIENCY_REGRESSION,0.9230769230769231,1,1,HIGH_LOCKED_LAGGED_PBP,confirmation
00-0032950,2024,QB,EFFICIENCY_REGRESSION,0.9230769230769231,1,1,HIGH_LOCKED_LAGGED_PBP,confirmation
00-0033119,2024,QB,EFFICIENCY_REGRESSION,0.5384615384615384,0,1,HIGH_LOCKED_LAGGED_PBP,confirmation
00-0033319,2024,QB,EFFICIENCY_REGRESSION,0.9230769230769231,1,1,HIGH_LOCKED_LAGGED_PBP,confirmation
00-0033537,2024,QB,EFFICIENCY_REGRESSION,1.0,1,1,HIGH_LOCKED_LAGGED_PBP,confirmation
00-0033662,2024,QB,EFFICIENCY_REGRESSION,0.5384615384615384,0,1,HIGH_LOCKED_LAGGED_PBP,confirmation
00-0033949,2024,QB,EFFICIENCY_REGRESSION,1.0,1,1,HIGH_LOCKED_LAGGED_PBP,confirmation
00-0034177,2024,QB,EFFICIENCY_REGRESSION,0.5384615384615384,0,1,HIGH_LOCKED_LAGGED_PBP,confirmation
00-0034401,2024,QB,EFFICIENCY_REGRESSION,0.5384615384615384,0,1,HIGH_LOCKED_LAGGED_PBP,confirmation
00-0034577,2024,QB,EFFICIENCY_REGRESSION,0.0,0,0,HIGH_LOCKED_LAGGED_PBP,confirmation
00-0035100,2024,QB,EFFICIENCY_REGRESSION,1.0,1,1,HIGH_LOCKED_LAGGED_PBP,confirmation
00-0035228,2024,QB,EFFICIENCY_REGRESSION,1.0,1,1,HIGH_LOCKED_LAGGED_PBP,confirmation
00-0035264,2024,QB,EFFICIENCY_REGRESSION,0.9230769230769231,1,1,HIGH_LOCKED_LAGGED_PBP,confirmation
00-0035289,2024,QB,EFFICIENCY_REGRESSION,1.0,1,1,HIGH_LOCKED_LAGGED_PBP,confirmation
00-0035704,2024,QB,EFFICIENCY_REGRESSION,0.5384615384615384,0,1,HIGH_LOCKED_LAGGED_PBP,confirmation
00-0035710,2024,QB,EFFICIENCY_REGRESSION,1.0,1,1,HIGH_LOCKED_LAGGED_PBP,confirmation
00-0035993,2024,QB,EFFICIENCY_REGRESSION,0.9230769230769231,1,1,HIGH_LOCKED_LAGGED_PBP,confirmation
00-0036442,2024,QB,EFFICIENCY_REGRESSION,0.9230769230769231,1,1,HIGH_LOCKED_LAGGED_PBP,confirmation
00-0036928,2024,QB,EFFICIENCY_REGRESSION,0.0,0,1,HIGH_LOCKED_LAGGED_PBP,confirmation
00-0036971,2024,QB,EFFICIENCY_REGRESSION,1.0,1,1,HIGH_LOCKED_LAGGED_PBP,confirmation
00-0036972,2024,QB,EFFICIENCY_REGRESSION,0.9230769230769231,1,1,HIGH_LOCKED_LAGGED_PBP,confirmation
00-0037077,2024,QB,EFFICIENCY_REGRESSION,1.0,1,1,HIGH_LOCKED_LAGGED_PBP,confirmation
00-0038108,2024,QB,EFFICIENCY_REGRESSION,0.9230769230769231,1,1,HIGH_LOCKED_LAGGED_PBP,confirmation
00-0038122,2024,QB,EFFICIENCY_REGRESSION,1.0,1,1,HIGH_LOCKED_LAGGED_PBP,confirmation
00-0038128,2024,QB,EFFICIENCY_REGRESSION,0.9230769230769231,1,1,HIGH_LOCKED_LAGGED_PBP,confirmation
00-0038416,2024,QB,EFFICIENCY_REGRESSION,0.9230769230769231,1,1,HIGH_LOCKED_LAGGED_PBP,confirmation
00-0038476,2024,QB,EFFICIENCY_REGRESSION,0.9230769230769231,1,1,HIGH_LOCKED_LAGGED_PBP,confirmation
00-0038579,2024,QB,EFFICIENCY_REGRESSION,0.9230769230769231,1,1,HIGH_LOCKED_LAGGED_PBP,confirmation
00-0038582,2024,QB,EFFICIENCY_REGRESSION,0.9230769230769231,1,1,HIGH_LOCKED_LAGGED_PBP,confirmation
00-0038583,2024,QB,EFFICIENCY_REGRESSION,0.9230769230769231,1,1,HIGH_LOCKED_LAGGED_PBP,confirmation
00-0039150,2024,QB,EFFICIENCY_REGRESSION,1.0,1,1,HIGH_LOCKED_LAGGED_PBP,confirmation
00-0039152,2024,QB,EFFICIENCY_REGRESSION,0.9230769230769231,1,1,HIGH_LOCKED_LAGGED_PBP,confirmation
00-0039164,2024,QB,EFFICIENCY_REGRESSION,1.0,1,1,HIGH_LOCKED_LAGGED_PBP,confirmation
00-0032104,2024,RB,EFFICIENCY_REGRESSION,0.8461538461538461,1,1,HIGH_LOCKED_LAGGED_PBP,confirmation
00-0033045,2024,RB,EFFICIENCY_REGRESSION,1.0,1,1,HIGH_LOCKED_LAGGED_PBP,confirmation
00-0033376,2024,RB,EFFICIENCY_REGRESSION,0.46153846153846156,0,1,HIGH_LOCKED_LAGGED_PBP,confirmation
00-0033553,2024,RB,EFFICIENCY_REGRESSION,1.0,1,1,HIGH_LOCKED_LAGGED_PBP,confirmation
00-0033906,2024,RB,EFFICIENCY_REGRESSION,1.0,1,1,HIGH_LOCKED_LAGGED_PBP,confirmation
00-0033925,2024,RB,EFFICIENCY_REGRESSION,0.9230769230769231,1,1,HIGH_LOCKED_LAGGED_PBP,confirmation
00-0033948,2024,RB,EFFICIENCY_REGRESSION,0.9230769230769231,1,1,HIGH_LOCKED_LAGGED_PBP,confirmation
00-0034208,2024,RB,EFFICIENCY_REGRESSION,0.8461538461538461,1,1,HIGH_LOCKED_LAGGED_PBP,confirmation
00-0034791,2024,RB,EFFICIENCY_REGRESSION,0.38461538461538464,0,1,HIGH_LOCKED_LAGGED_PBP,confirmation
00-0034972,2024,RB,EFFICIENCY_REGRESSION,1.0,1,1,HIGH_LOCKED_LAGGED_PBP,confirmation
00-0035243,2024,RB,EFFICIENCY_REGRESSION,0.9230769230769231,1,1,HIGH_LOCKED_LAGGED_PBP,confirmation
00-0035291,2024,RB,EFFICIENCY_REGRESSION,0.8461538461538461,1,1,HIGH_LOCKED_LAGGED_PBP,confirmation
00-0035594,2024,RB,EFFICIENCY_REGRESSION,0.0,0,1,HIGH_LOCKED_LAGGED_PBP,confirmation
00-0035628,2024,RB,EFFICIENCY_REGRESSION,0.9230769230769231,1,1,HIGH_LOCKED_LAGGED_PBP,confirmation
00-0035726,2024,RB,EFFICIENCY_REGRESSION,0.0,0,1,HIGH_LOCKED_LAGGED_PBP,confirmation
00-0035806,2024,RB,EFFICIENCY_REGRESSION,0.0,0,1,HIGH_LOCKED_LAGGED_PBP,confirmation
00-0035860,2024,RB,EFFICIENCY_REGRESSION,0.9230769230769231,1,1,HIGH_LOCKED_LAGGED_PBP,confirmation
00-0035924,2024,RB,EFFICIENCY_REGRESSION,0.0,0,1,HIGH_LOCKED_LAGGED_PBP,confirmation
00-0036223,2024,RB,EFFICIENCY_REGRESSION,0.9230769230769231,1,1,HIGH_LOCKED_LAGGED_PBP,confirmation
00-0036251,2024,RB,EFFICIENCY_REGRESSION,1.0,1,1,HIGH_LOCKED_LAGGED_PBP,confirmation
00-0036297,2024,RB,EFFICIENCY_REGRESSION,0.9230769230769231,1,1,HIGH_LOCKED_LAGGED_PBP,confirmation
00-0036328,2024,RB,EFFICIENCY_REGRESSION,1.0,1,1,HIGH_LOCKED_LAGGED_PBP,confirmation
00-0036370,2024,RB,EFFICIENCY_REGRESSION,0.9230769230769231,1,1,HIGH_LOCKED_LAGGED_PBP,confirmation
00-0036425,2024,RB,EFFICIENCY_REGRESSION,0.8461538461538461,1,1,HIGH_LOCKED_LAGGED_PBP,confirmation
00-0036450,2024,RB,EFFICIENCY_REGRESSION,0.8461538461538461,1,1,HIGH_LOCKED_LAGGED_PBP,confirmation
00-0036555,2024,RB,EFFICIENCY_REGRESSION,0.9230769230769231,1,1,HIGH_LOCKED_LAGGED_PBP,confirmation
00-0036569,2024,RB,EFFICIENCY_REGRESSION,0.8461538461538461,1,1,HIGH_LOCKED_LAGGED_PBP,confirmation
00-0036842,2024,RB,EFFICIENCY_REGRESSION,0.38461538461538464,0,1,HIGH_LOCKED_LAGGED_PBP,confirmation
00-0036875,2024,RB,EFFICIENCY_REGRESSION,0.9230769230769231,1,1,HIGH_LOCKED_LAGGED_PBP,confirmation
00-0036906,2024,RB,EFFICIENCY_REGRESSION,0.9230769230769231,1,1,HIGH_LOCKED_LAGGED_PBP,confirmation
00-0036924,2024,RB,EFFICIENCY_REGRESSION,1.0,1,1,HIGH_LOCKED_LAGGED_PBP,confirmation
00-0036973,2024,RB,EFFICIENCY_REGRESSION,0.9230769230769231,1,1,HIGH_LOCKED_LAGGED_PBP,confirmation
00-0036984,2024,RB,EFFICIENCY_REGRESSION,0.8461538461538461,1,1,HIGH_LOCKED_LAGGED_PBP,confirmation
00-0037120,2024,RB,EFFICIENCY_REGRESSION,0.8461538461538461,1,1,HIGH_LOCKED_LAGGED_PBP,confirmation
00-0037263,2024,RB,EFFICIENCY_REGRESSION,0.9230769230769231,1,1,HIGH_LOCKED_LAGGED_PBP,confirmation
00-0037299,2024,RB,EFFICIENCY_REGRESSION,0.38461538461538464,0,1,HIGH_LOCKED_LAGGED_PBP,confirmation
00-0037429,2024,RB,EFFICIENCY_REGRESSION,0.8461538461538461,1,1,HIGH_LOCKED_LAGGED_PBP,confirmation
00-0037525,2024,RB,EFFICIENCY_REGRESSION,0.46153846153846156,0,1,HIGH_LOCKED_LAGGED_PBP,confirmation
00-0037594,2024,RB,EFFICIENCY_REGRESSION,0.0,0,0,HIGH_LOCKED_LAGGED_PBP,confirmation
00-0037827,2024,RB,EFFICIENCY_REGRESSION,0.38461538461538464,0,1,HIGH_LOCKED_LAGGED_PBP,confirmation
00-0038040,2024,RB,EFFICIENCY_REGRESSION,0.9230769230769231,1,1,HIGH_LOCKED_LAGGED_PBP,confirmation
00-0038098,2024,RB,EFFICIENCY_REGRESSION,0.9230769230769231,1,1,HIGH_LOCKED_LAGGED_PBP,confirmation
00-0038120,2024,RB,EFFICIENCY_REGRESSION,1.0,1,1,HIGH_LOCKED_LAGGED_PBP,confirmation
00-0038134,2024,RB,EFFICIENCY_REGRESSION,0.9230769230769231,1,1,HIGH_LOCKED_LAGGED_PBP,confirmation
00-0038396,2024,RB,EFFICIENCY_REGRESSION,0.8461538461538461,1,1,HIGH_LOCKED_LAGGED_PBP,confirmation
00-0038488,2024,RB,EFFICIENCY_REGRESSION,0.0,0,0,HIGH_LOCKED_LAGGED_PBP,confirmation
00-0038542,2024,RB,EFFICIENCY_REGRESSION,1.0,1,1,HIGH_LOCKED_LAGGED_PBP,confirmation
00-0038551,2024,RB,EFFICIENCY_REGRESSION,0.8461538461538461,1,1,HIGH_LOCKED_LAGGED_PBP,confirmation
00-0038555,2024,RB,EFFICIENCY_REGRESSION,0.46153846153846156,0,1,HIGH_LOCKED_LAGGED_PBP,confirmation
00-0038597,2024,RB,EFFICIENCY_REGRESSION,0.9230769230769231,1,1,HIGH_LOCKED_LAGGED_PBP,confirmation
00-0038611,2024,RB,EFFICIENCY_REGRESSION,0.46153846153846156,0,1,HIGH_LOCKED_LAGGED_PBP,confirmation
00-0038622,2024,RB,EFFICIENCY_REGRESSION,0.9230769230769231,1,1,HIGH_LOCKED_LAGGED_PBP,confirmation
00-0038678,2024,RB,EFFICIENCY_REGRESSION,0.0,0,1,HIGH_LOCKED_LAGGED_PBP,confirmation
00-0038705,2024,RB,EFFICIENCY_REGRESSION,0.8461538461538461,1,1,HIGH_LOCKED_LAGGED_PBP,confirmation
00-0038738,2024,RB,EFFICIENCY_REGRESSION,0.38461538461538464,0,1,HIGH_LOCKED_LAGGED_PBP,confirmation
00-0038951,2024,RB,EFFICIENCY_REGRESSION,0.38461538461538464,0,1,HIGH_LOCKED_LAGGED_PBP,confirmation
00-0039021,2024,RB,EFFICIENCY_REGRESSION,0.9230769230769231,1,1,HIGH_LOCKED_LAGGED_PBP,confirmation
00-0039032,2024,RB,EFFICIENCY_REGRESSION,1.0,1,1,HIGH_LOCKED_LAGGED_PBP,confirmation
00-0039165,2024,RB,EFFICIENCY_REGRESSION,0.9230769230769231,1,1,HIGH_LOCKED_LAGGED_PBP,confirmation
00-0030035,2024,WR,EFFICIENCY_REGRESSION,1.0,1,1,HIGH_LOCKED_LAGGED_PBP,confirmation
00-0030279,2024,WR,EFFICIENCY_REGRESSION,1.0,1,1,HIGH_LOCKED_LAGGED_PBP,confirmation
00-0031381,2024,WR,EFFICIENCY_REGRESSION,1.0,1,1,HIGH_LOCKED_LAGGED_PBP,confirmation
00-0031763,2024,WR,EFFICIENCY_REGRESSION,0.8571428571428571,1,1,HIGH_LOCKED_LAGGED_PBP,confirmation
00-0032211,2024,WR,EFFICIENCY_REGRESSION,1.0,1,1,HIGH_LOCKED_LAGGED_PBP,confirmation
00-0032385,2024,WR,EFFICIENCY_REGRESSION,1.0,1,1,HIGH_LOCKED_LAGGED_PBP,confirmation
00-0032543,2024,WR,EFFICIENCY_REGRESSION,0.8571428571428571,1,1,HIGH_LOCKED_LAGGED_PBP,confirmation
00-0032688,2024,WR,EFFICIENCY_REGRESSION,0.8571428571428571,1,1,HIGH_LOCKED_LAGGED_PBP,confirmation
00-0033009,2024,WR,EFFICIENCY_REGRESSION,1.0,1,1,HIGH_LOCKED_LAGGED_PBP,confirmation
00-0033251,2024,WR,EFFICIENCY_REGRESSION,0.8571428571428571,1,1,HIGH_LOCKED_LAGGED_PBP,confirmation
00-0033292,2024,WR,EFFICIENCY_REGRESSION,0.0,0,1,HIGH_LOCKED_LAGGED_PBP,confirmation
00-0033307,2024,WR,EFFICIENCY_REGRESSION,1.0,1,1,HIGH_LOCKED_LAGGED_PBP,confirmation
00-0033891,2024,WR,EFFICIENCY_REGRESSION,1.0,1,1,HIGH_LOCKED_LAGGED_PBP,confirmation
00-0034521,2024,WR,EFFICIENCY_REGRESSION,0.8571428571428571,1,1,HIGH_LOCKED_LAGGED_PBP,confirmation
00-0034775,2024,WR,EFFICIENCY_REGRESSION,1.0,1,1,HIGH_LOCKED_LAGGED_PBP,confirmation
00-0034827,2024,WR,EFFICIENCY_REGRESSION,1.0,1,1,HIGH_LOCKED_LAGGED_PBP,confirmation
00-0034837,2024,WR,EFFICIENCY_REGRESSION,1.0,1,1,HIGH_LOCKED_LAGGED_PBP,confirmation
00-0034854,2024,WR,EFFICIENCY_REGRESSION,0.8571428571428571,1,1,HIGH_LOCKED_LAGGED_PBP,confirmation
00-0034960,2024,WR,EFFICIENCY_REGRESSION,1.0,1,1,HIGH_LOCKED_LAGGED_PBP,confirmation
00-0035164,2024,WR,EFFICIENCY_REGRESSION,0.0,0,1,HIGH_LOCKED_LAGGED_PBP,confirmation
00-0035298,2024,WR,EFFICIENCY_REGRESSION,0.8571428571428571,1,1,HIGH_LOCKED_LAGGED_PBP,confirmation
00-0035341,2024,WR,EFFICIENCY_REGRESSION,1.0,1,1,HIGH_LOCKED_LAGGED_PBP,confirmation
00-0035406,2024,WR,EFFICIENCY_REGRESSION,0.8571428571428571,1,1,HIGH_LOCKED_LAGGED_PBP,confirmation
00-0035500,2024,WR,EFFICIENCY_REGRESSION,0.8571428571428571,1,1,HIGH_LOCKED_LAGGED_PBP,confirmation
00-0035535,2024,WR,EFFICIENCY_REGRESSION,0.8571428571428571,1,1,HIGH_LOCKED_LAGGED_PBP,confirmation
00-0035639,2024,WR,EFFICIENCY_REGRESSION,0.8571428571428571,1,1,HIGH_LOCKED_LAGGED_PBP,confirmation
00-0035640,2024,WR,EFFICIENCY_REGRESSION,1.0,1,1,HIGH_LOCKED_LAGGED_PBP,confirmation
00-0036165,2024,WR,EFFICIENCY_REGRESSION,1.0,1,1,HIGH_LOCKED_LAGGED_PBP,confirmation
00-0036176,2024,WR,EFFICIENCY_REGRESSION,0.0,0,1,HIGH_LOCKED_LAGGED_PBP,confirmation
00-0036182,2024,WR,EFFICIENCY_REGRESSION,1.0,1,1,HIGH_LOCKED_LAGGED_PBP,confirmation
00-0036196,2024,WR,EFFICIENCY_REGRESSION,1.0,1,1,HIGH_LOCKED_LAGGED_PBP,confirmation
00-0036252,2024,WR,EFFICIENCY_REGRESSION,1.0,1,1,HIGH_LOCKED_LAGGED_PBP,confirmation
00-0036254,2024,WR,EFFICIENCY_REGRESSION,0.0,0,1,HIGH_LOCKED_LAGGED_PBP,confirmation
00-0036268,2024,WR,EFFICIENCY_REGRESSION,0.8571428571428571,1,1,HIGH_LOCKED_LAGGED_PBP,confirmation
00-0036309,2024,WR,EFFICIENCY_REGRESSION,1.0,1,1,HIGH_LOCKED_LAGGED_PBP,confirmation
00-0036345,2024,WR,EFFICIENCY_REGRESSION,1.0,1,1,HIGH_LOCKED_LAGGED_PBP,confirmation
00-0036387,2024,WR,EFFICIENCY_REGRESSION,0.8571428571428571,1,1,HIGH_LOCKED_LAGGED_PBP,confirmation
00-0036407,2024,WR,EFFICIENCY_REGRESSION,1.0,1,1,HIGH_LOCKED_LAGGED_PBP,confirmation
00-0036410,2024,WR,EFFICIENCY_REGRESSION,1.0,1,1,HIGH_LOCKED_LAGGED_PBP,confirmation
00-0036427,2024,WR,EFFICIENCY_REGRESSION,0.0,0,1,HIGH_LOCKED_LAGGED_PBP,confirmation
00-0036497,2024,WR,EFFICIENCY_REGRESSION,0.8571428571428571,1,1,HIGH_LOCKED_LAGGED_PBP,confirmation
00-0036527,2024,WR,EFFICIENCY_REGRESSION,0.0,0,0,HIGH_LOCKED_LAGGED_PBP,confirmation
00-0036620,2024,WR,EFFICIENCY_REGRESSION,0.0,0,1,HIGH_LOCKED_LAGGED_PBP,confirmation
00-0036635,2024,WR,EFFICIENCY_REGRESSION,0.8571428571428571,1,1,HIGH_LOCKED_LAGGED_PBP,confirmation
00-0036646,2024,WR,EFFICIENCY_REGRESSION,0.0,0,1,HIGH_LOCKED_LAGGED_PBP,confirmation
00-0036877,2024,WR,EFFICIENCY_REGRESSION,0.0,0,0,HIGH_LOCKED_LAGGED_PBP,confirmation
00-0036900,2024,WR,EFFICIENCY_REGRESSION,1.0,1,1,HIGH_LOCKED_LAGGED_PBP,confirmation
00-0036913,2024,WR,EFFICIENCY_REGRESSION,1.0,1,1,HIGH_LOCKED_LAGGED_PBP,confirmation
00-0036955,2024,WR,EFFICIENCY_REGRESSION,0.8571428571428571,1,1,HIGH_LOCKED_LAGGED_PBP,confirmation
00-0036988,2024,WR,EFFICIENCY_REGRESSION,1.0,1,1,HIGH_LOCKED_LAGGED_PBP,confirmation
00-0037093,2024,WR,EFFICIENCY_REGRESSION,0.0,0,0,HIGH_LOCKED_LAGGED_PBP,confirmation
00-0037156,2024,WR,EFFICIENCY_REGRESSION,0.0,0,1,HIGH_LOCKED_LAGGED_PBP,confirmation
00-0037216,2024,WR,EFFICIENCY_REGRESSION,0.8571428571428571,1,1,HIGH_LOCKED_LAGGED_PBP,confirmation
00-0037238,2024,WR,EFFICIENCY_REGRESSION,1.0,1,1,HIGH_LOCKED_LAGGED_PBP,confirmation
00-0037239,2024,WR,EFFICIENCY_REGRESSION,1.0,1,1,HIGH_LOCKED_LAGGED_PBP,confirmation
00-0037272,2024,WR,EFFICIENCY_REGRESSION,0.0,0,0,HIGH_LOCKED_LAGGED_PBP,confirmation
00-0037382,2024,WR,EFFICIENCY_REGRESSION,1.0,1,1,HIGH_LOCKED_LAGGED_PBP,confirmation
00-0037545,2024,WR,EFFICIENCY_REGRESSION,1.0,1,1,HIGH_LOCKED_LAGGED_PBP,confirmation
00-0037664,2024,WR,EFFICIENCY_REGRESSION,1.0,1,1,HIGH_LOCKED_LAGGED_PBP,confirmation
00-0037740,2024,WR,EFFICIENCY_REGRESSION,1.0,1,1,HIGH_LOCKED_LAGGED_PBP,confirmation
00-0037742,2024,WR,EFFICIENCY_REGRESSION,0.8571428571428571,1,1,HIGH_LOCKED_LAGGED_PBP,confirmation
00-0037745,2024,WR,EFFICIENCY_REGRESSION,0.8571428571428571,1,1,HIGH_LOCKED_LAGGED_PBP,confirmation
00-0038090,2024,WR,EFFICIENCY_REGRESSION,1.0,1,1,HIGH_LOCKED_LAGGED_PBP,confirmation
00-0038092,2024,WR,EFFICIENCY_REGRESSION,0.0,0,1,HIGH_LOCKED_LAGGED_PBP,confirmation
00-0038104,2024,WR,EFFICIENCY_REGRESSION,0.8571428571428571,1,1,HIGH_LOCKED_LAGGED_PBP,confirmation
00-0038117,2024,WR,EFFICIENCY_REGRESSION,0.8571428571428571,1,1,HIGH_LOCKED_LAGGED_PBP,confirmation
00-0038496,2024,WR,EFFICIENCY_REGRESSION,1.0,1,1,HIGH_LOCKED_LAGGED_PBP,confirmation
00-0038543,2024,WR,EFFICIENCY_REGRESSION,1.0,1,1,HIGH_LOCKED_LAGGED_PBP,confirmation
00-0038559,2024,WR,EFFICIENCY_REGRESSION,1.0,1,1,HIGH_LOCKED_LAGGED_PBP,confirmation
00-0038563,2024,WR,EFFICIENCY_REGRESSION,0.8571428571428571,1,1,HIGH_LOCKED_LAGGED_PBP,confirmation
00-0038576,2024,WR,EFFICIENCY_REGRESSION,0.8571428571428571,1,1,HIGH_LOCKED_LAGGED_PBP,confirmation
00-0038606,2024,WR,EFFICIENCY_REGRESSION,0.8571428571428571,1,1,HIGH_LOCKED_LAGGED_PBP,confirmation
00-0038608,2024,WR,EFFICIENCY_REGRESSION,0.8571428571428571,1,1,HIGH_LOCKED_LAGGED_PBP,confirmation
00-0038619,2024,WR,EFFICIENCY_REGRESSION,1.0,1,1,HIGH_LOCKED_LAGGED_PBP,confirmation
00-0038621,2024,WR,EFFICIENCY_REGRESSION,0.8571428571428571,1,1,HIGH_LOCKED_LAGGED_PBP,confirmation
00-0038640,2024,WR,EFFICIENCY_REGRESSION,0.8571428571428571,1,1,HIGH_LOCKED_LAGGED_PBP,confirmation
00-0038647,2024,WR,EFFICIENCY_REGRESSION,0.8571428571428571,1,1,HIGH_LOCKED_LAGGED_PBP,confirmation
00-0038752,2024,WR,EFFICIENCY_REGRESSION,0.8571428571428571,1,1,HIGH_LOCKED_LAGGED_PBP,confirmation
00-0038821,2024,WR,EFFICIENCY_REGRESSION,0.8571428571428571,1,1,HIGH_LOCKED_LAGGED_PBP,confirmation
00-0038938,2024,WR,EFFICIENCY_REGRESSION,0.8571428571428571,1,1,HIGH_LOCKED_LAGGED_PBP,confirmation
00-0038941,2024,WR,EFFICIENCY_REGRESSION,1.0,1,1,HIGH_LOCKED_LAGGED_PBP,confirmation
00-0038977,2024,WR,EFFICIENCY_REGRESSION,1.0,1,1,HIGH_LOCKED_LAGGED_PBP,confirmation
00-0038979,2024,WR,EFFICIENCY_REGRESSION,1.0,1,1,HIGH_LOCKED_LAGGED_PBP,confirmation
00-0038997,2024,WR,EFFICIENCY_REGRESSION,1.0,1,1,HIGH_LOCKED_LAGGED_PBP,confirmation
00-0039062,2024,WR,EFFICIENCY_REGRESSION,0.8571428571428571,1,1,HIGH_LOCKED_LAGGED_PBP,confirmation
00-0024243,2024,TE,EFFICIENCY_REGRESSION,0.8571428571428571,1,1,HIGH_LOCKED_LAGGED_PBP,confirmation
00-0031484,2024,TE,EFFICIENCY_REGRESSION,0.0,0,1,HIGH_LOCKED_LAGGED_PBP,confirmation
00-0031585,2024,TE,EFFICIENCY_REGRESSION,0.8571428571428571,1,1,HIGH_LOCKED_LAGGED_PBP,confirmation
00-0032134,2024,TE,EFFICIENCY_REGRESSION,0.8571428571428571,1,1,HIGH_LOCKED_LAGGED_PBP,confirmation
00-0032141,2024,TE,EFFICIENCY_REGRESSION,0.8571428571428571,1,1,HIGH_LOCKED_LAGGED_PBP,confirmation
00-0032392,2024,TE,EFFICIENCY_REGRESSION,0.8571428571428571,1,1,HIGH_LOCKED_LAGGED_PBP,confirmation
00-0032394,2024,TE,EFFICIENCY_REGRESSION,0.0,0,1,HIGH_LOCKED_LAGGED_PBP,confirmation
00-0033090,2024,TE,EFFICIENCY_REGRESSION,1.0,1,1,HIGH_LOCKED_LAGGED_PBP,confirmation
00-0033217,2024,TE,EFFICIENCY_REGRESSION,1.0,1,1,HIGH_LOCKED_LAGGED_PBP,confirmation
00-0033357,2024,TE,EFFICIENCY_REGRESSION,1.0,1,1,HIGH_LOCKED_LAGGED_PBP,confirmation
00-0033439,2024,TE,EFFICIENCY_REGRESSION,0.8571428571428571,1,1,HIGH_LOCKED_LAGGED_PBP,confirmation
00-0033576,2024,TE,EFFICIENCY_REGRESSION,0.0,0,1,HIGH_LOCKED_LAGGED_PBP,confirmation
00-0033858,2024,TE,EFFICIENCY_REGRESSION,1.0,1,1,HIGH_LOCKED_LAGGED_PBP,confirmation
00-0033881,2024,TE,EFFICIENCY_REGRESSION,1.0,1,1,HIGH_LOCKED_LAGGED_PBP,confirmation
00-0033895,2024,TE,EFFICIENCY_REGRESSION,1.0,1,1,HIGH_LOCKED_LAGGED_PBP,confirmation
00-0034073,2024,TE,EFFICIENCY_REGRESSION,0.0,0,1,HIGH_LOCKED_LAGGED_PBP,confirmation
00-0034270,2024,TE,EFFICIENCY_REGRESSION,1.0,1,1,HIGH_LOCKED_LAGGED_PBP,confirmation
00-0034364,2024,TE,EFFICIENCY_REGRESSION,0.8571428571428571,1,1,HIGH_LOCKED_LAGGED_PBP,confirmation
00-0034365,2024,TE,EFFICIENCY_REGRESSION,0.8571428571428571,1,1,HIGH_LOCKED_LAGGED_PBP,confirmation
00-0034613,2024,TE,EFFICIENCY_REGRESSION,0.8571428571428571,1,1,HIGH_LOCKED_LAGGED_PBP,confirmation
00-0034829,2024,TE,EFFICIENCY_REGRESSION,1.0,1,1,HIGH_LOCKED_LAGGED_PBP,confirmation
00-0034830,2024,TE,EFFICIENCY_REGRESSION,1.0,1,1,HIGH_LOCKED_LAGGED_PBP,confirmation
00-0034981,2024,TE,EFFICIENCY_REGRESSION,0.8571428571428571,1,1,HIGH_LOCKED_LAGGED_PBP,confirmation
00-0035631,2024,TE,EFFICIENCY_REGRESSION,0.8571428571428571,1,1,HIGH_LOCKED_LAGGED_PBP,confirmation
00-0035644,2024,TE,EFFICIENCY_REGRESSION,0.8571428571428571,1,1,HIGH_LOCKED_LAGGED_PBP,confirmation
00-0036040,2024,TE,EFFICIENCY_REGRESSION,1.0,1,1,HIGH_LOCKED_LAGGED_PBP,confirmation
00-0036290,2024,TE,EFFICIENCY_REGRESSION,1.0,1,1,HIGH_LOCKED_LAGGED_PBP,confirmation
00-0036438,2024,TE,EFFICIENCY_REGRESSION,0.8571428571428571,1,1,HIGH_LOCKED_LAGGED_PBP,confirmation
00-0036510,2024,TE,EFFICIENCY_REGRESSION,0.0,0,1,HIGH_LOCKED_LAGGED_PBP,confirmation
00-0036741,2024,TE,EFFICIENCY_REGRESSION,0.8571428571428571,1,1,HIGH_LOCKED_LAGGED_PBP,confirmation
00-0036876,2024,TE,EFFICIENCY_REGRESSION,1.0,1,1,HIGH_LOCKED_LAGGED_PBP,confirmation
00-0036887,2024,TE,EFFICIENCY_REGRESSION,0.8571428571428571,1,1,HIGH_LOCKED_LAGGED_PBP,confirmation
00-0036970,2024,TE,EFFICIENCY_REGRESSION,1.0,1,1,HIGH_LOCKED_LAGGED_PBP,confirmation
00-0037005,2024,TE,EFFICIENCY_REGRESSION,0.8571428571428571,1,1,HIGH_LOCKED_LAGGED_PBP,confirmation
00-0037252,2024,TE,EFFICIENCY_REGRESSION,0.0,0,1,HIGH_LOCKED_LAGGED_PBP,confirmation
00-0037292,2024,TE,EFFICIENCY_REGRESSION,0.8571428571428571,1,1,HIGH_LOCKED_LAGGED_PBP,confirmation
00-0037451,2024,TE,EFFICIENCY_REGRESSION,0.0,0,1,HIGH_LOCKED_LAGGED_PBP,confirmation
00-0037475,2024,TE,EFFICIENCY_REGRESSION,0.8571428571428571,1,1,HIGH_LOCKED_LAGGED_PBP,confirmation
00-0037569,2024,TE,EFFICIENCY_REGRESSION,0.8571428571428571,1,1,HIGH_LOCKED_LAGGED_PBP,confirmation
00-0037744,2024,TE,EFFICIENCY_REGRESSION,1.0,1,1,HIGH_LOCKED_LAGGED_PBP,confirmation
00-0037805,2024,TE,EFFICIENCY_REGRESSION,0.8571428571428571,1,1,HIGH_LOCKED_LAGGED_PBP,confirmation
00-0037809,2024,TE,EFFICIENCY_REGRESSION,1.0,1,1,HIGH_LOCKED_LAGGED_PBP,confirmation
00-0038115,2024,TE,EFFICIENCY_REGRESSION,0.8571428571428571,1,1,HIGH_LOCKED_LAGGED_PBP,confirmation
00-0038394,2024,TE,EFFICIENCY_REGRESSION,0.8571428571428571,1,1,HIGH_LOCKED_LAGGED_PBP,confirmation
00-0038589,2024,TE,EFFICIENCY_REGRESSION,1.0,1,1,HIGH_LOCKED_LAGGED_PBP,confirmation
00-0038720,2024,TE,EFFICIENCY_REGRESSION,0.8571428571428571,1,1,HIGH_LOCKED_LAGGED_PBP,confirmation
00-0038783,2024,TE,EFFICIENCY_REGRESSION,0.8571428571428571,1,1,HIGH_LOCKED_LAGGED_PBP,confirmation
00-0038935,2024,TE,EFFICIENCY_REGRESSION,0.8571428571428571,1,1,HIGH_LOCKED_LAGGED_PBP,confirmation
00-0039041,2024,TE,EFFICIENCY_REGRESSION,0.8571428571428571,1,1,HIGH_LOCKED_LAGGED_PBP,confirmation
00-0039066,2024,TE,EFFICIENCY_REGRESSION,1.0,1,1,HIGH_LOCKED_LAGGED_PBP,confirmation
00-0026158,2025,QB,EFFICIENCY_REGRESSION,0.9230769230769231,1,1,HIGH_LOCKED_LAGGED_PBP,confirmation
00-0026300,2025,QB,EFFICIENCY_REGRESSION,0.0,0,1,HIGH_LOCKED_LAGGED_PBP,confirmation
00-0027973,2025,QB,EFFICIENCY_REGRESSION,0.9230769230769231,1,1,HIGH_LOCKED_LAGGED_PBP,confirmation
00-0028118,2025,QB,EFFICIENCY_REGRESSION,0.5384615384615384,0,1,HIGH_LOCKED_LAGGED_PBP,confirmation
00-0029604,2025,QB,EFFICIENCY_REGRESSION,0.9230769230769231,1,1,HIGH_LOCKED_LAGGED_PBP,confirmation
00-0030565,2025,QB,EFFICIENCY_REGRESSION,1.0,1,1,HIGH_LOCKED_LAGGED_PBP,confirmation
00-0031345,2025,QB,EFFICIENCY_REGRESSION,0.5384615384615384,0,1,HIGH_LOCKED_LAGGED_PBP,confirmation
00-0031503,2025,QB,EFFICIENCY_REGRESSION,0.9230769230769231,1,1,HIGH_LOCKED_LAGGED_PBP,confirmation
00-0032434,2025,QB,EFFICIENCY_REGRESSION,0.5384615384615384,0,1,HIGH_LOCKED_LAGGED_PBP,confirmation
00-0032950,2025,QB,EFFICIENCY_REGRESSION,0.5384615384615384,0,1,HIGH_LOCKED_LAGGED_PBP,confirmation
00-0033077,2025,QB,EFFICIENCY_REGRESSION,0.9230769230769231,1,1,HIGH_LOCKED_LAGGED_PBP,confirmation
00-0033119,2025,QB,EFFICIENCY_REGRESSION,0.9230769230769231,1,1,HIGH_LOCKED_LAGGED_PBP,confirmation
00-0033319,2025,QB,EFFICIENCY_REGRESSION,0.0,0,1,HIGH_LOCKED_LAGGED_PBP,confirmation
00-0033662,2025,QB,EFFICIENCY_REGRESSION,1.0,1,1,HIGH_LOCKED_LAGGED_PBP,confirmation
00-0033949,2025,QB,EFFICIENCY_REGRESSION,0.9230769230769231,1,1,HIGH_LOCKED_LAGGED_PBP,confirmation
00-0034577,2025,QB,EFFICIENCY_REGRESSION,0.0,0,1,HIGH_LOCKED_LAGGED_PBP,confirmation
00-0035100,2025,QB,EFFICIENCY_REGRESSION,0.0,0,0,HIGH_LOCKED_LAGGED_PBP,confirmation
00-0035228,2025,QB,EFFICIENCY_REGRESSION,1.0,1,1,HIGH_LOCKED_LAGGED_PBP,confirmation
00-0035289,2025,QB,EFFICIENCY_REGRESSION,0.9230769230769231,1,1,HIGH_LOCKED_LAGGED_PBP,confirmation
00-0035704,2025,QB,EFFICIENCY_REGRESSION,0.9230769230769231,1,1,HIGH_LOCKED_LAGGED_PBP,confirmation
00-0035710,2025,QB,EFFICIENCY_REGRESSION,1.0,1,1,HIGH_LOCKED_LAGGED_PBP,confirmation
00-0035993,2025,QB,EFFICIENCY_REGRESSION,0.9230769230769231,1,1,HIGH_LOCKED_LAGGED_PBP,confirmation
00-0036212,2025,QB,EFFICIENCY_REGRESSION,0.9230769230769231,1,1,HIGH_LOCKED_LAGGED_PBP,confirmation
00-0036442,2025,QB,EFFICIENCY_REGRESSION,1.0,1,1,HIGH_LOCKED_LAGGED_PBP,confirmation
00-0036898,2025,QB,EFFICIENCY_REGRESSION,0.5384615384615384,0,1,HIGH_LOCKED_LAGGED_PBP,confirmation
00-0037012,2025,QB,EFFICIENCY_REGRESSION,0.9230769230769231,1,1,HIGH_LOCKED_LAGGED_PBP,confirmation
00-0037324,2025,QB,EFFICIENCY_REGRESSION,0.0,0,1,HIGH_LOCKED_LAGGED_PBP,confirmation
00-0038128,2025,QB,EFFICIENCY_REGRESSION,0.9230769230769231,1,1,HIGH_LOCKED_LAGGED_PBP,confirmation
00-0038400,2025,QB,EFFICIENCY_REGRESSION,0.5384615384615384,0,1,HIGH_LOCKED_LAGGED_PBP,confirmation
00-0038416,2025,QB,EFFICIENCY_REGRESSION,0.0,0,1,HIGH_LOCKED_LAGGED_PBP,confirmation
00-0038579,2025,QB,EFFICIENCY_REGRESSION,0.9230769230769231,1,1,HIGH_LOCKED_LAGGED_PBP,confirmation
00-0038582,2025,QB,EFFICIENCY_REGRESSION,0.38461538461538464,0,1,HIGH_LOCKED_LAGGED_PBP,confirmation
00-0039164,2025,QB,EFFICIENCY_REGRESSION,1.0,1,1,HIGH_LOCKED_LAGGED_PBP,confirmation
00-0039376,2025,QB,EFFICIENCY_REGRESSION,0.9230769230769231,1,1,HIGH_LOCKED_LAGGED_PBP,confirmation
00-0039398,2025,QB,EFFICIENCY_REGRESSION,0.9230769230769231,1,1,HIGH_LOCKED_LAGGED_PBP,confirmation
00-0039917,2025,QB,EFFICIENCY_REGRESSION,0.9230769230769231,1,1,HIGH_LOCKED_LAGGED_PBP,confirmation
00-0031687,2025,RB,EFFICIENCY_REGRESSION,0.9230769230769231,1,1,HIGH_LOCKED_LAGGED_PBP,confirmation
00-0032104,2025,RB,EFFICIENCY_REGRESSION,1.0,1,1,HIGH_LOCKED_LAGGED_PBP,confirmation
00-0033376,2025,RB,EFFICIENCY_REGRESSION,0.46153846153846156,0,1,HIGH_LOCKED_LAGGED_PBP,confirmation
00-0033553,2025,RB,EFFICIENCY_REGRESSION,1.0,1,1,HIGH_LOCKED_LAGGED_PBP,confirmation
00-0033906,2025,RB,EFFICIENCY_REGRESSION,1.0,1,1,HIGH_LOCKED_LAGGED_PBP,confirmation
00-0035243,2025,RB,EFFICIENCY_REGRESSION,0.9230769230769231,1,1,HIGH_LOCKED_LAGGED_PBP,confirmation
00-0035250,2025,RB,EFFICIENCY_REGRESSION,0.9230769230769231,1,1,HIGH_LOCKED_LAGGED_PBP,confirmation
00-0035261,2025,RB,EFFICIENCY_REGRESSION,0.9230769230769231,1,1,HIGH_LOCKED_LAGGED_PBP,confirmation
00-0035291,2025,RB,EFFICIENCY_REGRESSION,0.0,0,0,HIGH_LOCKED_LAGGED_PBP,confirmation
00-0035311,2025,RB,EFFICIENCY_REGRESSION,0.0,0,1,HIGH_LOCKED_LAGGED_PBP,confirmation
00-0035594,2025,RB,EFFICIENCY_REGRESSION,0.38461538461538464,0,1,HIGH_LOCKED_LAGGED_PBP,confirmation
00-0035726,2025,RB,EFFICIENCY_REGRESSION,0.0,0,0,HIGH_LOCKED_LAGGED_PBP,confirmation
00-0036223,2025,RB,EFFICIENCY_REGRESSION,0.9230769230769231,1,1,HIGH_LOCKED_LAGGED_PBP,confirmation
00-0036328,2025,RB,EFFICIENCY_REGRESSION,0.9230769230769231,1,1,HIGH_LOCKED_LAGGED_PBP,confirmation
00-0036360,2025,RB,EFFICIENCY_REGRESSION,0.8461538461538461,1,1,HIGH_LOCKED_LAGGED_PBP,confirmation
00-0036425,2025,RB,EFFICIENCY_REGRESSION,0.38461538461538464,0,1,HIGH_LOCKED_LAGGED_PBP,confirmation
00-0036569,2025,RB,EFFICIENCY_REGRESSION,0.0,0,0,HIGH_LOCKED_LAGGED_PBP,confirmation
00-0036842,2025,RB,EFFICIENCY_REGRESSION,0.0,0,0,HIGH_LOCKED_LAGGED_PBP,confirmation
00-0036906,2025,RB,EFFICIENCY_REGRESSION,0.9230769230769231,1,1,HIGH_LOCKED_LAGGED_PBP,confirmation
00-0036924,2025,RB,EFFICIENCY_REGRESSION,0.9230769230769231,1,1,HIGH_LOCKED_LAGGED_PBP,confirmation
00-0036950,2025,RB,EFFICIENCY_REGRESSION,0.0,0,0,HIGH_LOCKED_LAGGED_PBP,confirmation
00-0036984,2025,RB,EFFICIENCY_REGRESSION,0.9230769230769231,1,1,HIGH_LOCKED_LAGGED_PBP,confirmation
00-0037120,2025,RB,EFFICIENCY_REGRESSION,0.9230769230769231,1,1,HIGH_LOCKED_LAGGED_PBP,confirmation
00-0037263,2025,RB,EFFICIENCY_REGRESSION,0.9230769230769231,1,1,HIGH_LOCKED_LAGGED_PBP,confirmation
00-0037267,2025,RB,EFFICIENCY_REGRESSION,0.9230769230769231,1,1,HIGH_LOCKED_LAGGED_PBP,confirmation
00-0037525,2025,RB,EFFICIENCY_REGRESSION,0.9230769230769231,1,1,HIGH_LOCKED_LAGGED_PBP,confirmation
00-0037594,2025,RB,EFFICIENCY_REGRESSION,0.38461538461538464,0,1,HIGH_LOCKED_LAGGED_PBP,confirmation
00-0038040,2025,RB,EFFICIENCY_REGRESSION,0.9230769230769231,1,1,HIGH_LOCKED_LAGGED_PBP,confirmation
00-0038120,2025,RB,EFFICIENCY_REGRESSION,1.0,1,1,HIGH_LOCKED_LAGGED_PBP,confirmation
00-0038396,2025,RB,EFFICIENCY_REGRESSION,0.9230769230769231,1,1,HIGH_LOCKED_LAGGED_PBP,confirmation
00-0038542,2025,RB,EFFICIENCY_REGRESSION,1.0,1,1,HIGH_LOCKED_LAGGED_PBP,confirmation
00-0038551,2025,RB,EFFICIENCY_REGRESSION,0.8461538461538461,1,1,HIGH_LOCKED_LAGGED_PBP,confirmation
00-0038597,2025,RB,EFFICIENCY_REGRESSION,1.0,1,1,HIGH_LOCKED_LAGGED_PBP,confirmation
00-0038611,2025,RB,EFFICIENCY_REGRESSION,0.46153846153846156,0,1,HIGH_LOCKED_LAGGED_PBP,confirmation
00-0038678,2025,RB,EFFICIENCY_REGRESSION,0.8461538461538461,1,1,HIGH_LOCKED_LAGGED_PBP,confirmation
00-0038705,2025,RB,EFFICIENCY_REGRESSION,0.8461538461538461,1,1,HIGH_LOCKED_LAGGED_PBP,confirmation
00-0038738,2025,RB,EFFICIENCY_REGRESSION,0.8461538461538461,1,1,HIGH_LOCKED_LAGGED_PBP,confirmation
00-0038951,2025,RB,EFFICIENCY_REGRESSION,0.9230769230769231,1,1,HIGH_LOCKED_LAGGED_PBP,confirmation
00-0039021,2025,RB,EFFICIENCY_REGRESSION,0.9230769230769231,1,1,HIGH_LOCKED_LAGGED_PBP,confirmation
00-0039032,2025,RB,EFFICIENCY_REGRESSION,0.9230769230769231,1,1,HIGH_LOCKED_LAGGED_PBP,confirmation
00-0039040,2025,RB,EFFICIENCY_REGRESSION,1.0,1,1,HIGH_LOCKED_LAGGED_PBP,confirmation
00-0039363,2025,RB,EFFICIENCY_REGRESSION,0.9230769230769231,1,1,HIGH_LOCKED_LAGGED_PBP,confirmation
00-0039364,2025,RB,EFFICIENCY_REGRESSION,0.38461538461538464,0,1,HIGH_LOCKED_LAGGED_PBP,confirmation
00-0039373,2025,RB,EFFICIENCY_REGRESSION,0.9230769230769231,1,1,HIGH_LOCKED_LAGGED_PBP,confirmation
00-0039384,2025,RB,EFFICIENCY_REGRESSION,1.0,1,1,HIGH_LOCKED_LAGGED_PBP,confirmation
00-0039407,2025,RB,EFFICIENCY_REGRESSION,0.0,0,1,HIGH_LOCKED_LAGGED_PBP,confirmation
00-0039757,2025,RB,EFFICIENCY_REGRESSION,0.38461538461538464,0,1,HIGH_LOCKED_LAGGED_PBP,confirmation
00-0039794,2025,RB,EFFICIENCY_REGRESSION,0.9230769230769231,1,1,HIGH_LOCKED_LAGGED_PBP,confirmation
00-0039796,2025,RB,EFFICIENCY_REGRESSION,0.38461538461538464,0,1,HIGH_LOCKED_LAGGED_PBP,confirmation
00-0039798,2025,RB,EFFICIENCY_REGRESSION,0.8461538461538461,1,1,HIGH_LOCKED_LAGGED_PBP,confirmation
00-0039874,2025,RB,EFFICIENCY_REGRESSION,0.9230769230769231,1,1,HIGH_LOCKED_LAGGED_PBP,confirmation
00-0039921,2025,RB,EFFICIENCY_REGRESSION,0.8461538461538461,1,1,HIGH_LOCKED_LAGGED_PBP,confirmation
00-0031763,2025,WR,EFFICIENCY_REGRESSION,0.8571428571428571,1,1,HIGH_LOCKED_LAGGED_PBP,confirmation
00-0032211,2025,WR,EFFICIENCY_REGRESSION,1.0,1,1,HIGH_LOCKED_LAGGED_PBP,confirmation
00-0032385,2025,WR,EFFICIENCY_REGRESSION,1.0,1,1,HIGH_LOCKED_LAGGED_PBP,confirmation
00-0032688,2025,WR,EFFICIENCY_REGRESSION,0.0,0,1,HIGH_LOCKED_LAGGED_PBP,confirmation
00-0033040,2025,WR,EFFICIENCY_REGRESSION,1.0,1,1,HIGH_LOCKED_LAGGED_PBP,confirmation
00-0033589,2025,WR,EFFICIENCY_REGRESSION,1.0,1,1,HIGH_LOCKED_LAGGED_PBP,confirmation
00-0033591,2025,WR,EFFICIENCY_REGRESSION,0.8571428571428571,1,1,HIGH_LOCKED_LAGGED_PBP,confirmation
00-0033891,2025,WR,EFFICIENCY_REGRESSION,0.8571428571428571,1,1,HIGH_LOCKED_LAGGED_PBP,confirmation
00-0033921,2025,WR,EFFICIENCY_REGRESSION,1.0,1,1,HIGH_LOCKED_LAGGED_PBP,confirmation
00-0033943,2025,WR,EFFICIENCY_REGRESSION,0.8571428571428571,1,1,HIGH_LOCKED_LAGGED_PBP,confirmation
00-0034054,2025,WR,EFFICIENCY_REGRESSION,0.8571428571428571,1,1,HIGH_LOCKED_LAGGED_PBP,confirmation
00-0034407,2025,WR,EFFICIENCY_REGRESSION,1.0,1,1,HIGH_LOCKED_LAGGED_PBP,confirmation
00-0034418,2025,WR,EFFICIENCY_REGRESSION,0.8571428571428571,1,1,HIGH_LOCKED_LAGGED_PBP,confirmation
00-0034521,2025,WR,EFFICIENCY_REGRESSION,1.0,1,1,HIGH_LOCKED_LAGGED_PBP,confirmation
00-0034837,2025,WR,EFFICIENCY_REGRESSION,1.0,1,1,HIGH_LOCKED_LAGGED_PBP,confirmation
00-0034854,2025,WR,EFFICIENCY_REGRESSION,0.8571428571428571,1,1,HIGH_LOCKED_LAGGED_PBP,confirmation
00-0034860,2025,WR,EFFICIENCY_REGRESSION,0.8571428571428571,1,1,HIGH_LOCKED_LAGGED_PBP,confirmation
00-0035021,2025,WR,EFFICIENCY_REGRESSION,0.8571428571428571,1,1,HIGH_LOCKED_LAGGED_PBP,confirmation
00-0035298,2025,WR,EFFICIENCY_REGRESSION,0.8571428571428571,1,1,HIGH_LOCKED_LAGGED_PBP,confirmation
00-0035500,2025,WR,EFFICIENCY_REGRESSION,1.0,1,1,HIGH_LOCKED_LAGGED_PBP,confirmation
00-0035535,2025,WR,EFFICIENCY_REGRESSION,1.0,1,1,HIGH_LOCKED_LAGGED_PBP,confirmation
00-0035544,2025,WR,EFFICIENCY_REGRESSION,0.0,0,1,HIGH_LOCKED_LAGGED_PBP,confirmation
00-0035602,2025,WR,EFFICIENCY_REGRESSION,0.0,0,1,HIGH_LOCKED_LAGGED_PBP,confirmation
00-0035639,2025,WR,EFFICIENCY_REGRESSION,0.8571428571428571,1,1,HIGH_LOCKED_LAGGED_PBP,confirmation
00-0035719,2025,WR,EFFICIENCY_REGRESSION,1.0,1,1,HIGH_LOCKED_LAGGED_PBP,confirmation
00-0035891,2025,WR,EFFICIENCY_REGRESSION,0.0,0,1,HIGH_LOCKED_LAGGED_PBP,confirmation
00-0036133,2025,WR,EFFICIENCY_REGRESSION,0.0,0,1,HIGH_LOCKED_LAGGED_PBP,confirmation
00-0036165,2025,WR,EFFICIENCY_REGRESSION,0.0,0,1,HIGH_LOCKED_LAGGED_PBP,confirmation
00-0036176,2025,WR,EFFICIENCY_REGRESSION,0.0,0,1,HIGH_LOCKED_LAGGED_PBP,confirmation
00-0036182,2025,WR,EFFICIENCY_REGRESSION,1.0,1,1,HIGH_LOCKED_LAGGED_PBP,confirmation
00-0036252,2025,WR,EFFICIENCY_REGRESSION,1.0,1,1,HIGH_LOCKED_LAGGED_PBP,confirmation
00-0036309,2025,WR,EFFICIENCY_REGRESSION,1.0,1,1,HIGH_LOCKED_LAGGED_PBP,confirmation
00-0036358,2025,WR,EFFICIENCY_REGRESSION,1.0,1,1,HIGH_LOCKED_LAGGED_PBP,confirmation
00-0036407,2025,WR,EFFICIENCY_REGRESSION,1.0,1,1,HIGH_LOCKED_LAGGED_PBP,confirmation
00-0036410,2025,WR,EFFICIENCY_REGRESSION,1.0,1,1,HIGH_LOCKED_LAGGED_PBP,confirmation
00-0036427,2025,WR,EFFICIENCY_REGRESSION,1.0,1,1,HIGH_LOCKED_LAGGED_PBP,confirmation
00-0036463,2025,WR,EFFICIENCY_REGRESSION,0.0,0,1,HIGH_LOCKED_LAGGED_PBP,confirmation
00-0036497,2025,WR,EFFICIENCY_REGRESSION,0.8571428571428571,1,1,HIGH_LOCKED_LAGGED_PBP,confirmation
00-0036527,2025,WR,EFFICIENCY_REGRESSION,0.8571428571428571,1,1,HIGH_LOCKED_LAGGED_PBP,confirmation
00-0036613,2025,WR,EFFICIENCY_REGRESSION,1.0,1,1,HIGH_LOCKED_LAGGED_PBP,confirmation
00-0036620,2025,WR,EFFICIENCY_REGRESSION,0.0,0,1,HIGH_LOCKED_LAGGED_PBP,confirmation
00-0036646,2025,WR,EFFICIENCY_REGRESSION,0.8571428571428571,1,1,HIGH_LOCKED_LAGGED_PBP,confirmation
00-0036841,2025,WR,EFFICIENCY_REGRESSION,0.0,0,1,HIGH_LOCKED_LAGGED_PBP,confirmation
00-0036900,2025,WR,EFFICIENCY_REGRESSION,1.0,1,1,HIGH_LOCKED_LAGGED_PBP,confirmation
00-0036988,2025,WR,EFFICIENCY_REGRESSION,1.0,1,1,HIGH_LOCKED_LAGGED_PBP,confirmation
00-0037231,2025,WR,EFFICIENCY_REGRESSION,0.8571428571428571,1,1,HIGH_LOCKED_LAGGED_PBP,confirmation
00-0037238,2025,WR,EFFICIENCY_REGRESSION,1.0,1,1,HIGH_LOCKED_LAGGED_PBP,confirmation
00-0037239,2025,WR,EFFICIENCY_REGRESSION,1.0,1,1,HIGH_LOCKED_LAGGED_PBP,confirmation
00-0037380,2025,WR,EFFICIENCY_REGRESSION,0.0,0,0,HIGH_LOCKED_LAGGED_PBP,confirmation
00-0037487,2025,WR,EFFICIENCY_REGRESSION,0.0,0,1,HIGH_LOCKED_LAGGED_PBP,confirmation
00-0037524,2025,WR,EFFICIENCY_REGRESSION,0.0,0,1,HIGH_LOCKED_LAGGED_PBP,confirmation
00-0037664,2025,WR,EFFICIENCY_REGRESSION,1.0,1,1,HIGH_LOCKED_LAGGED_PBP,confirmation
00-0037666,2025,WR,EFFICIENCY_REGRESSION,1.0,1,1,HIGH_LOCKED_LAGGED_PBP,confirmation
00-0037740,2025,WR,EFFICIENCY_REGRESSION,1.0,1,1,HIGH_LOCKED_LAGGED_PBP,confirmation
00-0037742,2025,WR,EFFICIENCY_REGRESSION,0.8571428571428571,1,1,HIGH_LOCKED_LAGGED_PBP,confirmation
00-0037801,2025,WR,EFFICIENCY_REGRESSION,1.0,1,1,HIGH_LOCKED_LAGGED_PBP,confirmation
00-0038104,2025,WR,EFFICIENCY_REGRESSION,0.8571428571428571,1,1,HIGH_LOCKED_LAGGED_PBP,confirmation
00-0038117,2025,WR,EFFICIENCY_REGRESSION,1.0,1,1,HIGH_LOCKED_LAGGED_PBP,confirmation
00-0038496,2025,WR,EFFICIENCY_REGRESSION,0.8571428571428571,1,1,HIGH_LOCKED_LAGGED_PBP,confirmation
00-0038559,2025,WR,EFFICIENCY_REGRESSION,1.0,1,1,HIGH_LOCKED_LAGGED_PBP,confirmation
00-0038563,2025,WR,EFFICIENCY_REGRESSION,1.0,1,1,HIGH_LOCKED_LAGGED_PBP,confirmation
00-0038576,2025,WR,EFFICIENCY_REGRESSION,0.0,0,1,HIGH_LOCKED_LAGGED_PBP,confirmation
00-0038619,2025,WR,EFFICIENCY_REGRESSION,1.0,1,1,HIGH_LOCKED_LAGGED_PBP,confirmation
00-0038640,2025,WR,EFFICIENCY_REGRESSION,0.8571428571428571,1,1,HIGH_LOCKED_LAGGED_PBP,confirmation
00-0038647,2025,WR,EFFICIENCY_REGRESSION,0.8571428571428571,1,1,HIGH_LOCKED_LAGGED_PBP,confirmation
00-0038938,2025,WR,EFFICIENCY_REGRESSION,0.8571428571428571,1,1,HIGH_LOCKED_LAGGED_PBP,confirmation
00-0038979,2025,WR,EFFICIENCY_REGRESSION,1.0,1,1,HIGH_LOCKED_LAGGED_PBP,confirmation
00-0038997,2025,WR,EFFICIENCY_REGRESSION,1.0,1,1,HIGH_LOCKED_LAGGED_PBP,confirmation
00-0039062,2025,WR,EFFICIENCY_REGRESSION,0.8571428571428571,1,1,HIGH_LOCKED_LAGGED_PBP,confirmation
00-0039064,2025,WR,EFFICIENCY_REGRESSION,1.0,1,1,HIGH_LOCKED_LAGGED_PBP,confirmation
00-0039067,2025,WR,EFFICIENCY_REGRESSION,0.8571428571428571,1,1,HIGH_LOCKED_LAGGED_PBP,confirmation
00-0039337,2025,WR,EFFICIENCY_REGRESSION,1.0,1,1,HIGH_LOCKED_LAGGED_PBP,confirmation
00-0039379,2025,WR,EFFICIENCY_REGRESSION,0.8571428571428571,1,1,HIGH_LOCKED_LAGGED_PBP,confirmation
00-0039394,2025,WR,EFFICIENCY_REGRESSION,0.0,0,1,HIGH_LOCKED_LAGGED_PBP,confirmation
00-0039410,2025,WR,EFFICIENCY_REGRESSION,0.8571428571428571,1,1,HIGH_LOCKED_LAGGED_PBP,confirmation
00-0039451,2025,WR,EFFICIENCY_REGRESSION,0.0,0,1,HIGH_LOCKED_LAGGED_PBP,confirmation
00-0039521,2025,WR,EFFICIENCY_REGRESSION,0.0,0,1,HIGH_LOCKED_LAGGED_PBP,confirmation
00-0039589,2025,WR,EFFICIENCY_REGRESSION,0.0,0,1,HIGH_LOCKED_LAGGED_PBP,confirmation
00-0039623,2025,WR,EFFICIENCY_REGRESSION,0.8571428571428571,1,1,HIGH_LOCKED_LAGGED_PBP,confirmation
00-0039650,2025,WR,EFFICIENCY_REGRESSION,0.8571428571428571,1,1,HIGH_LOCKED_LAGGED_PBP,confirmation
00-0039792,2025,WR,EFFICIENCY_REGRESSION,0.0,0,1,HIGH_LOCKED_LAGGED_PBP,confirmation
00-0039816,2025,WR,EFFICIENCY_REGRESSION,0.0,0,1,HIGH_LOCKED_LAGGED_PBP,confirmation
00-0039849,2025,WR,EFFICIENCY_REGRESSION,1.0,1,1,HIGH_LOCKED_LAGGED_PBP,confirmation
00-0039880,2025,WR,EFFICIENCY_REGRESSION,0.8571428571428571,1,1,HIGH_LOCKED_LAGGED_PBP,confirmation
00-0039890,2025,WR,EFFICIENCY_REGRESSION,1.0,1,1,HIGH_LOCKED_LAGGED_PBP,confirmation
00-0039920,2025,WR,EFFICIENCY_REGRESSION,0.8571428571428571,1,1,HIGH_LOCKED_LAGGED_PBP,confirmation
00-0024243,2025,TE,EFFICIENCY_REGRESSION,0.0,0,1,HIGH_LOCKED_LAGGED_PBP,confirmation
00-0031484,2025,TE,EFFICIENCY_REGRESSION,0.0,0,1,HIGH_LOCKED_LAGGED_PBP,confirmation
00-0033217,2025,TE,EFFICIENCY_REGRESSION,1.0,1,1,HIGH_LOCKED_LAGGED_PBP,confirmation
00-0033357,2025,TE,EFFICIENCY_REGRESSION,0.8571428571428571,1,1,HIGH_LOCKED_LAGGED_PBP,confirmation
00-0033439,2025,TE,EFFICIENCY_REGRESSION,0.8571428571428571,1,1,HIGH_LOCKED_LAGGED_PBP,confirmation
00-0033455,2025,TE,EFFICIENCY_REGRESSION,0.0,0,0,HIGH_LOCKED_LAGGED_PBP,confirmation
00-0033885,2025,TE,EFFICIENCY_REGRESSION,1.0,1,1,HIGH_LOCKED_LAGGED_PBP,confirmation
00-0034073,2025,TE,EFFICIENCY_REGRESSION,0.0,0,1,HIGH_LOCKED_LAGGED_PBP,confirmation
00-0034270,2025,TE,EFFICIENCY_REGRESSION,1.0,1,1,HIGH_LOCKED_LAGGED_PBP,confirmation
00-0034365,2025,TE,EFFICIENCY_REGRESSION,0.8571428571428571,1,1,HIGH_LOCKED_LAGGED_PBP,confirmation
00-0034613,2025,TE,EFFICIENCY_REGRESSION,1.0,1,1,HIGH_LOCKED_LAGGED_PBP,confirmation
00-0034829,2025,TE,EFFICIENCY_REGRESSION,1.0,1,1,HIGH_LOCKED_LAGGED_PBP,confirmation
00-0034981,2025,TE,EFFICIENCY_REGRESSION,1.0,1,1,HIGH_LOCKED_LAGGED_PBP,confirmation
00-0035631,2025,TE,EFFICIENCY_REGRESSION,0.8571428571428571,1,1,HIGH_LOCKED_LAGGED_PBP,confirmation
00-0035644,2025,TE,EFFICIENCY_REGRESSION,1.0,1,1,HIGH_LOCKED_LAGGED_PBP,confirmation
00-0036040,2025,TE,EFFICIENCY_REGRESSION,1.0,1,1,HIGH_LOCKED_LAGGED_PBP,confirmation
00-0036332,2025,TE,EFFICIENCY_REGRESSION,0.0,0,1,HIGH_LOCKED_LAGGED_PBP,confirmation
00-0036429,2025,TE,EFFICIENCY_REGRESSION,0.8571428571428571,1,1,HIGH_LOCKED_LAGGED_PBP,confirmation
00-0036534,2025,TE,EFFICIENCY_REGRESSION,0.0,0,1,HIGH_LOCKED_LAGGED_PBP,confirmation
00-0036590,2025,TE,EFFICIENCY_REGRESSION,0.8571428571428571,1,1,HIGH_LOCKED_LAGGED_PBP,confirmation
00-0036741,2025,TE,EFFICIENCY_REGRESSION,0.0,0,1,HIGH_LOCKED_LAGGED_PBP,confirmation
00-0036754,2025,TE,EFFICIENCY_REGRESSION,1.0,1,1,HIGH_LOCKED_LAGGED_PBP,confirmation
00-0036825,2025,TE,EFFICIENCY_REGRESSION,0.0,0,1,HIGH_LOCKED_LAGGED_PBP,confirmation
00-0036876,2025,TE,EFFICIENCY_REGRESSION,1.0,1,1,HIGH_LOCKED_LAGGED_PBP,confirmation
00-0036970,2025,TE,EFFICIENCY_REGRESSION,1.0,1,1,HIGH_LOCKED_LAGGED_PBP,confirmation
00-0037252,2025,TE,EFFICIENCY_REGRESSION,0.8571428571428571,1,1,HIGH_LOCKED_LAGGED_PBP,confirmation
00-0037292,2025,TE,EFFICIENCY_REGRESSION,0.8571428571428571,1,1,HIGH_LOCKED_LAGGED_PBP,confirmation
00-0037311,2025,TE,EFFICIENCY_REGRESSION,0.0,0,0,HIGH_LOCKED_LAGGED_PBP,confirmation
00-0037348,2025,TE,EFFICIENCY_REGRESSION,0.0,0,1,HIGH_LOCKED_LAGGED_PBP,confirmation
00-0037475,2025,TE,EFFICIENCY_REGRESSION,0.8571428571428571,1,1,HIGH_LOCKED_LAGGED_PBP,confirmation
00-0037744,2025,TE,EFFICIENCY_REGRESSION,1.0,1,1,HIGH_LOCKED_LAGGED_PBP,confirmation
00-0037805,2025,TE,EFFICIENCY_REGRESSION,0.8571428571428571,1,1,HIGH_LOCKED_LAGGED_PBP,confirmation
00-0037809,2025,TE,EFFICIENCY_REGRESSION,1.0,1,1,HIGH_LOCKED_LAGGED_PBP,confirmation
00-0038041,2025,TE,EFFICIENCY_REGRESSION,1.0,1,1,HIGH_LOCKED_LAGGED_PBP,confirmation
00-0038115,2025,TE,EFFICIENCY_REGRESSION,0.8571428571428571,1,1,HIGH_LOCKED_LAGGED_PBP,confirmation
00-0038394,2025,TE,EFFICIENCY_REGRESSION,0.8571428571428571,1,1,HIGH_LOCKED_LAGGED_PBP,confirmation
00-0038498,2025,TE,EFFICIENCY_REGRESSION,0.0,0,1,HIGH_LOCKED_LAGGED_PBP,confirmation
00-0038547,2025,TE,EFFICIENCY_REGRESSION,0.8571428571428571,1,1,HIGH_LOCKED_LAGGED_PBP,confirmation
00-0038590,2025,TE,EFFICIENCY_REGRESSION,0.0,0,0,HIGH_LOCKED_LAGGED_PBP,confirmation
00-0038643,2025,TE,EFFICIENCY_REGRESSION,0.0,0,1,HIGH_LOCKED_LAGGED_PBP,confirmation
00-0038710,2025,TE,EFFICIENCY_REGRESSION,0.8571428571428571,1,1,HIGH_LOCKED_LAGGED_PBP,confirmation
00-0038720,2025,TE,EFFICIENCY_REGRESSION,1.0,1,1,HIGH_LOCKED_LAGGED_PBP,confirmation
00-0038735,2025,TE,EFFICIENCY_REGRESSION,0.0,0,0,HIGH_LOCKED_LAGGED_PBP,confirmation
00-0038809,2025,TE,EFFICIENCY_REGRESSION,0.8571428571428571,1,1,HIGH_LOCKED_LAGGED_PBP,confirmation
00-0039041,2025,TE,EFFICIENCY_REGRESSION,0.8571428571428571,1,1,HIGH_LOCKED_LAGGED_PBP,confirmation
00-0039050,2025,TE,EFFICIENCY_REGRESSION,0.8571428571428571,1,1,HIGH_LOCKED_LAGGED_PBP,confirmation
00-0039066,2025,TE,EFFICIENCY_REGRESSION,1.0,1,1,HIGH_LOCKED_LAGGED_PBP,confirmation
00-0039338,2025,TE,EFFICIENCY_REGRESSION,1.0,1,1,HIGH_LOCKED_LAGGED_PBP,confirmation
00-0039356,2025,TE,EFFICIENCY_REGRESSION,1.0,1,1,HIGH_LOCKED_LAGGED_PBP,confirmation
00-0039458,2025,TE,EFFICIENCY_REGRESSION,0.0,0,1,HIGH_LOCKED_LAGGED_PBP,confirmation
00-0039530,2025,TE,EFFICIENCY_REGRESSION,0.8571428571428571,1,1,HIGH_LOCKED_LAGGED_PBP,confirmation
00-0039631,2025,TE,EFFICIENCY_REGRESSION,0.8571428571428571,1,1,HIGH_LOCKED_LAGGED_PBP,confirmation
00-0039648,2025,TE,EFFICIENCY_REGRESSION,0.0,0,1,HIGH_LOCKED_LAGGED_PBP,confirmation
00-0039737,2025,TE,EFFICIENCY_REGRESSION,0.8571428571428571,1,1,HIGH_LOCKED_LAGGED_PBP,confirmation
00-0039754,2025,TE,EFFICIENCY_REGRESSION,0.8571428571428571,1,1,HIGH_LOCKED_LAGGED_PBP,confirmation
00-0039824,2025,TE,EFFICIENCY_REGRESSION,0.0,0,1,HIGH_LOCKED_LAGGED_PBP,confirmation
00-0039847,2025,TE,EFFICIENCY_REGRESSION,0.8571428571428571,1,1,HIGH_LOCKED_LAGGED_PBP,confirmation
00-0026143,2022,QB,QB_TEAM_ENVIRONMENT,1.0,1,1,HIGH_LOCKED_LAGGED_PBP,confirmation
00-0026158,2022,QB,QB_TEAM_ENVIRONMENT,1.0,1,1,HIGH_LOCKED_LAGGED_PBP,confirmation
00-0026544,2022,QB,QB_TEAM_ENVIRONMENT,0.0,0,0,HIGH_LOCKED_LAGGED_PBP,confirmation
00-0026625,2022,QB,QB_TEAM_ENVIRONMENT,1.0,1,1,HIGH_LOCKED_LAGGED_PBP,confirmation
00-0027688,2022,QB,QB_TEAM_ENVIRONMENT,1.0,1,1,HIGH_LOCKED_LAGGED_PBP,confirmation
00-0027948,2022,QB,QB_TEAM_ENVIRONMENT,1.0,1,1,HIGH_LOCKED_LAGGED_PBP,confirmation
00-0027973,2022,QB,QB_TEAM_ENVIRONMENT,1.0,1,1,HIGH_LOCKED_LAGGED_PBP,confirmation
00-0028118,2022,QB,QB_TEAM_ENVIRONMENT,1.0,1,1,HIGH_LOCKED_LAGGED_PBP,confirmation
00-0028986,2022,QB,QB_TEAM_ENVIRONMENT,1.0,1,1,HIGH_LOCKED_LAGGED_PBP,confirmation
00-0029263,2022,QB,QB_TEAM_ENVIRONMENT,1.0,1,1,HIGH_LOCKED_LAGGED_PBP,confirmation
00-0029567,2022,QB,QB_TEAM_ENVIRONMENT,1.0,1,1,HIGH_LOCKED_LAGGED_PBP,confirmation
00-0031237,2022,QB,QB_TEAM_ENVIRONMENT,1.0,1,1,HIGH_LOCKED_LAGGED_PBP,confirmation
00-0031503,2022,QB,QB_TEAM_ENVIRONMENT,1.0,1,1,HIGH_LOCKED_LAGGED_PBP,confirmation
00-0031800,2022,QB,QB_TEAM_ENVIRONMENT,1.0,1,1,HIGH_LOCKED_LAGGED_PBP,confirmation
00-0032156,2022,QB,QB_TEAM_ENVIRONMENT,1.0,1,1,HIGH_LOCKED_LAGGED_PBP,confirmation
00-0032268,2022,QB,QB_TEAM_ENVIRONMENT,1.0,1,1,HIGH_LOCKED_LAGGED_PBP,confirmation
00-0032434,2022,QB,QB_TEAM_ENVIRONMENT,1.0,1,1,HIGH_LOCKED_LAGGED_PBP,confirmation
00-0032950,2022,QB,QB_TEAM_ENVIRONMENT,1.0,1,1,HIGH_LOCKED_LAGGED_PBP,confirmation
00-0033106,2022,QB,QB_TEAM_ENVIRONMENT,1.0,1,1,HIGH_LOCKED_LAGGED_PBP,confirmation
00-0033119,2022,QB,QB_TEAM_ENVIRONMENT,1.0,1,1,HIGH_LOCKED_LAGGED_PBP,confirmation
00-0033275,2022,QB,QB_TEAM_ENVIRONMENT,1.0,1,1,HIGH_LOCKED_LAGGED_PBP,confirmation
00-0033319,2022,QB,QB_TEAM_ENVIRONMENT,1.0,1,1,HIGH_LOCKED_LAGGED_PBP,confirmation
00-0033550,2022,QB,QB_TEAM_ENVIRONMENT,0.0,0,0,HIGH_LOCKED_LAGGED_PBP,confirmation
00-0033662,2022,QB,QB_TEAM_ENVIRONMENT,1.0,1,1,HIGH_LOCKED_LAGGED_PBP,confirmation
00-0033936,2022,QB,QB_TEAM_ENVIRONMENT,1.0,1,1,HIGH_LOCKED_LAGGED_PBP,confirmation
00-0033958,2022,QB,QB_TEAM_ENVIRONMENT,0.9166666666666666,1,1,HIGH_LOCKED_LAGGED_PBP,confirmation
00-0034177,2022,QB,QB_TEAM_ENVIRONMENT,1.0,1,1,HIGH_LOCKED_LAGGED_PBP,confirmation
00-0034401,2022,QB,QB_TEAM_ENVIRONMENT,1.0,1,1,HIGH_LOCKED_LAGGED_PBP,confirmation
00-0034577,2022,QB,QB_TEAM_ENVIRONMENT,1.0,1,1,HIGH_LOCKED_LAGGED_PBP,confirmation
00-0034796,2022,QB,QB_TEAM_ENVIRONMENT,1.0,1,1,HIGH_LOCKED_LAGGED_PBP,confirmation
00-0034855,2022,QB,QB_TEAM_ENVIRONMENT,1.0,1,1,HIGH_LOCKED_LAGGED_PBP,confirmation
00-0034869,2022,QB,QB_TEAM_ENVIRONMENT,1.0,1,1,HIGH_LOCKED_LAGGED_PBP,confirmation
00-0034899,2022,QB,QB_TEAM_ENVIRONMENT,1.0,1,1,HIGH_LOCKED_LAGGED_PBP,confirmation
00-0034955,2022,QB,QB_TEAM_ENVIRONMENT,1.0,1,1,HIGH_LOCKED_LAGGED_PBP,confirmation
00-0035040,2022,QB,QB_TEAM_ENVIRONMENT,1.0,1,1,HIGH_LOCKED_LAGGED_PBP,confirmation
00-0035752,2022,QB,QB_TEAM_ENVIRONMENT,1.0,1,1,HIGH_LOCKED_LAGGED_PBP,confirmation
00-0036212,2022,QB,QB_TEAM_ENVIRONMENT,1.0,1,1,HIGH_LOCKED_LAGGED_PBP,confirmation
00-0036226,2022,QB,QB_TEAM_ENVIRONMENT,1.0,1,1,HIGH_LOCKED_LAGGED_PBP,confirmation
00-0036264,2022,QB,QB_TEAM_ENVIRONMENT,1.0,1,1,HIGH_LOCKED_LAGGED_PBP,confirmation
00-0036879,2022,QB,QB_TEAM_ENVIRONMENT,0.9166666666666666,1,1,HIGH_LOCKED_LAGGED_PBP,confirmation
00-0036898,2022,QB,QB_TEAM_ENVIRONMENT,1.0,1,1,HIGH_LOCKED_LAGGED_PBP,confirmation
00-0036945,2022,QB,QB_TEAM_ENVIRONMENT,1.0,1,1,HIGH_LOCKED_LAGGED_PBP,confirmation
00-0037012,2022,QB,QB_TEAM_ENVIRONMENT,1.0,1,1,HIGH_LOCKED_LAGGED_PBP,confirmation
00-0037013,2022,QB,QB_TEAM_ENVIRONMENT,1.0,1,1,HIGH_LOCKED_LAGGED_PBP,confirmation
00-0027966,2022,RB,QB_TEAM_ENVIRONMENT,1.0,1,1,HIGH_LOCKED_LAGGED_PBP,confirmation
00-0030288,2022,RB,QB_TEAM_ENVIRONMENT,1.0,1,1,HIGH_LOCKED_LAGGED_PBP,confirmation
00-0030513,2022,RB,QB_TEAM_ENVIRONMENT,1.0,1,1,HIGH_LOCKED_LAGGED_PBP,confirmation
00-0030578,2022,RB,QB_TEAM_ENVIRONMENT,1.0,1,1,HIGH_LOCKED_LAGGED_PBP,confirmation
00-0030874,2022,RB,QB_TEAM_ENVIRONMENT,1.0,1,1,HIGH_LOCKED_LAGGED_PBP,confirmation
00-0031687,2022,RB,QB_TEAM_ENVIRONMENT,1.0,1,1,HIGH_LOCKED_LAGGED_PBP,confirmation
00-0031806,2022,RB,QB_TEAM_ENVIRONMENT,1.0,1,1,HIGH_LOCKED_LAGGED_PBP,confirmation
00-0032058,2022,RB,QB_TEAM_ENVIRONMENT,1.0,1,1,HIGH_LOCKED_LAGGED_PBP,confirmation
00-0032063,2022,RB,QB_TEAM_ENVIRONMENT,1.0,1,1,HIGH_LOCKED_LAGGED_PBP,confirmation
00-0032104,2022,RB,QB_TEAM_ENVIRONMENT,1.0,1,1,HIGH_LOCKED_LAGGED_PBP,confirmation
00-0032144,2022,RB,QB_TEAM_ENVIRONMENT,1.0,1,1,HIGH_LOCKED_LAGGED_PBP,confirmation
00-0032187,2022,RB,QB_TEAM_ENVIRONMENT,1.0,1,1,HIGH_LOCKED_LAGGED_PBP,confirmation
00-0032257,2022,RB,QB_TEAM_ENVIRONMENT,1.0,1,1,HIGH_LOCKED_LAGGED_PBP,confirmation
00-0032450,2022,RB,QB_TEAM_ENVIRONMENT,1.0,1,1,HIGH_LOCKED_LAGGED_PBP,confirmation
00-0032602,2022,RB,QB_TEAM_ENVIRONMENT,1.0,1,1,HIGH_LOCKED_LAGGED_PBP,confirmation
00-0032975,2022,RB,QB_TEAM_ENVIRONMENT,1.0,1,1,HIGH_LOCKED_LAGGED_PBP,confirmation
00-0033118,2022,RB,QB_TEAM_ENVIRONMENT,1.0,1,1,HIGH_LOCKED_LAGGED_PBP,confirmation
00-0033725,2022,RB,QB_TEAM_ENVIRONMENT,1.0,1,1,HIGH_LOCKED_LAGGED_PBP,confirmation
00-0033854,2022,RB,QB_TEAM_ENVIRONMENT,1.0,1,1,HIGH_LOCKED_LAGGED_PBP,confirmation
00-0033906,2022,RB,QB_TEAM_ENVIRONMENT,1.0,1,1,HIGH_LOCKED_LAGGED_PBP,confirmation
00-0033923,2022,RB,QB_TEAM_ENVIRONMENT,1.0,1,1,HIGH_LOCKED_LAGGED_PBP,confirmation
00-0033948,2022,RB,QB_TEAM_ENVIRONMENT,1.0,1,1,HIGH_LOCKED_LAGGED_PBP,confirmation
00-0033951,2022,RB,QB_TEAM_ENVIRONMENT,1.0,1,1,HIGH_LOCKED_LAGGED_PBP,confirmation
00-0034109,2022,RB,QB_TEAM_ENVIRONMENT,1.0,1,1,HIGH_LOCKED_LAGGED_PBP,confirmation
00-0034164,2022,RB,QB_TEAM_ENVIRONMENT,1.0,1,1,HIGH_LOCKED_LAGGED_PBP,confirmation
00-0034208,2022,RB,QB_TEAM_ENVIRONMENT,1.0,1,1,HIGH_LOCKED_LAGGED_PBP,confirmation
00-0034400,2022,RB,QB_TEAM_ENVIRONMENT,0.0,0,0,HIGH_LOCKED_LAGGED_PBP,confirmation
00-0034440,2022,RB,QB_TEAM_ENVIRONMENT,1.0,1,1,HIGH_LOCKED_LAGGED_PBP,confirmation
00-0034578,2022,RB,QB_TEAM_ENVIRONMENT,1.0,1,1,HIGH_LOCKED_LAGGED_PBP,confirmation
00-0034750,2022,RB,QB_TEAM_ENVIRONMENT,1.0,1,1,HIGH_LOCKED_LAGGED_PBP,confirmation
00-0034791,2022,RB,QB_TEAM_ENVIRONMENT,1.0,1,1,HIGH_LOCKED_LAGGED_PBP,confirmation
00-0034838,2022,RB,QB_TEAM_ENVIRONMENT,1.0,1,1,HIGH_LOCKED_LAGGED_PBP,confirmation
00-0035184,2022,RB,QB_TEAM_ENVIRONMENT,1.0,1,1,HIGH_LOCKED_LAGGED_PBP,confirmation
00-0035273,2022,RB,QB_TEAM_ENVIRONMENT,1.0,1,1,HIGH_LOCKED_LAGGED_PBP,confirmation
00-0035304,2022,RB,QB_TEAM_ENVIRONMENT,0.0,0,0,HIGH_LOCKED_LAGGED_PBP,confirmation
00-0035311,2022,RB,QB_TEAM_ENVIRONMENT,1.0,1,1,HIGH_LOCKED_LAGGED_PBP,confirmation
00-0035537,2022,RB,QB_TEAM_ENVIRONMENT,1.0,1,1,HIGH_LOCKED_LAGGED_PBP,confirmation
00-0035567,2022,RB,QB_TEAM_ENVIRONMENT,1.0,1,1,HIGH_LOCKED_LAGGED_PBP,confirmation
00-0035594,2022,RB,QB_TEAM_ENVIRONMENT,1.0,1,1,HIGH_LOCKED_LAGGED_PBP,confirmation
00-0035628,2022,RB,QB_TEAM_ENVIRONMENT,1.0,1,1,HIGH_LOCKED_LAGGED_PBP,confirmation
00-0035685,2022,RB,QB_TEAM_ENVIRONMENT,1.0,1,1,HIGH_LOCKED_LAGGED_PBP,confirmation
00-0035831,2022,RB,QB_TEAM_ENVIRONMENT,1.0,1,1,HIGH_LOCKED_LAGGED_PBP,confirmation
00-0035860,2022,RB,QB_TEAM_ENVIRONMENT,1.0,1,1,HIGH_LOCKED_LAGGED_PBP,confirmation
00-0035924,2022,RB,QB_TEAM_ENVIRONMENT,1.0,1,1,HIGH_LOCKED_LAGGED_PBP,confirmation
00-0035973,2022,RB,QB_TEAM_ENVIRONMENT,1.0,1,1,HIGH_LOCKED_LAGGED_PBP,confirmation
00-0036096,2022,RB,QB_TEAM_ENVIRONMENT,1.0,1,1,HIGH_LOCKED_LAGGED_PBP,confirmation
00-0036223,2022,RB,QB_TEAM_ENVIRONMENT,1.0,1,1,HIGH_LOCKED_LAGGED_PBP,confirmation
00-0036275,2022,RB,QB_TEAM_ENVIRONMENT,1.0,1,1,HIGH_LOCKED_LAGGED_PBP,confirmation
00-0036297,2022,RB,QB_TEAM_ENVIRONMENT,1.0,1,1,HIGH_LOCKED_LAGGED_PBP,confirmation
00-0036328,2022,RB,QB_TEAM_ENVIRONMENT,1.0,1,1,HIGH_LOCKED_LAGGED_PBP,confirmation
00-0036336,2022,RB,QB_TEAM_ENVIRONMENT,1.0,1,1,HIGH_LOCKED_LAGGED_PBP,confirmation
00-0036457,2022,RB,QB_TEAM_ENVIRONMENT,1.0,1,1,HIGH_LOCKED_LAGGED_PBP,confirmation
00-0036493,2022,RB,QB_TEAM_ENVIRONMENT,1.0,1,1,HIGH_LOCKED_LAGGED_PBP,confirmation
00-0036555,2022,RB,QB_TEAM_ENVIRONMENT,1.0,1,1,HIGH_LOCKED_LAGGED_PBP,confirmation
00-0036650,2022,RB,QB_TEAM_ENVIRONMENT,1.0,1,1,HIGH_LOCKED_LAGGED_PBP,confirmation
00-0036654,2022,RB,QB_TEAM_ENVIRONMENT,1.0,1,1,HIGH_LOCKED_LAGGED_PBP,confirmation
00-0036669,2022,RB,QB_TEAM_ENVIRONMENT,1.0,1,1,HIGH_LOCKED_LAGGED_PBP,confirmation
00-0036755,2022,RB,QB_TEAM_ENVIRONMENT,1.0,1,1,HIGH_LOCKED_LAGGED_PBP,confirmation
00-0036906,2022,RB,QB_TEAM_ENVIRONMENT,1.0,1,1,HIGH_LOCKED_LAGGED_PBP,confirmation
00-0036924,2022,RB,QB_TEAM_ENVIRONMENT,1.0,1,1,HIGH_LOCKED_LAGGED_PBP,confirmation
00-0036950,2022,RB,QB_TEAM_ENVIRONMENT,0.0,0,0,HIGH_LOCKED_LAGGED_PBP,confirmation
00-0036997,2022,RB,QB_TEAM_ENVIRONMENT,1.0,1,1,HIGH_LOCKED_LAGGED_PBP,confirmation
00-0027691,2022,WR,QB_TEAM_ENVIRONMENT,1.0,1,1,HIGH_LOCKED_LAGGED_PBP,confirmation
00-0029664,2022,WR,QB_TEAM_ENVIRONMENT,1.0,1,1,HIGH_LOCKED_LAGGED_PBP,confirmation
00-0030068,2022,WR,QB_TEAM_ENVIRONMENT,1.0,1,1,HIGH_LOCKED_LAGGED_PBP,confirmation
00-0030431,2022,WR,QB_TEAM_ENVIRONMENT,1.0,1,1,HIGH_LOCKED_LAGGED_PBP,confirmation
00-0030564,2022,WR,QB_TEAM_ENVIRONMENT,1.0,1,1,HIGH_LOCKED_LAGGED_PBP,confirmation
00-0031236,2022,WR,QB_TEAM_ENVIRONMENT,1.0,1,1,HIGH_LOCKED_LAGGED_PBP,confirmation
00-0031382,2022,WR,QB_TEAM_ENVIRONMENT,1.0,1,1,HIGH_LOCKED_LAGGED_PBP,confirmation
00-0031428,2022,WR,QB_TEAM_ENVIRONMENT,1.0,1,1,HIGH_LOCKED_LAGGED_PBP,confirmation
00-0031545,2022,WR,QB_TEAM_ENVIRONMENT,1.0,1,1,HIGH_LOCKED_LAGGED_PBP,confirmation
00-0031547,2022,WR,QB_TEAM_ENVIRONMENT,1.0,1,1,HIGH_LOCKED_LAGGED_PBP,confirmation
00-0031868,2022,WR,QB_TEAM_ENVIRONMENT,1.0,1,1,HIGH_LOCKED_LAGGED_PBP,confirmation
00-0031941,2022,WR,QB_TEAM_ENVIRONMENT,1.0,1,1,HIGH_LOCKED_LAGGED_PBP,confirmation
00-0032128,2022,WR,QB_TEAM_ENVIRONMENT,1.0,1,1,HIGH_LOCKED_LAGGED_PBP,confirmation
00-0032200,2022,WR,QB_TEAM_ENVIRONMENT,1.0,1,1,HIGH_LOCKED_LAGGED_PBP,confirmation
00-0032208,2022,WR,QB_TEAM_ENVIRONMENT,1.0,1,1,HIGH_LOCKED_LAGGED_PBP,confirmation
00-0032385,2022,WR,QB_TEAM_ENVIRONMENT,1.0,1,1,HIGH_LOCKED_LAGGED_PBP,confirmation
00-0032398,2022,WR,QB_TEAM_ENVIRONMENT,1.0,1,1,HIGH_LOCKED_LAGGED_PBP,confirmation
00-0032464,2022,WR,QB_TEAM_ENVIRONMENT,1.0,1,1,HIGH_LOCKED_LAGGED_PBP,confirmation
00-0032543,2022,WR,QB_TEAM_ENVIRONMENT,1.0,1,1,HIGH_LOCKED_LAGGED_PBP,confirmation
00-0032688,2022,WR,QB_TEAM_ENVIRONMENT,1.0,1,1,HIGH_LOCKED_LAGGED_PBP,confirmation
00-0032951,2022,WR,QB_TEAM_ENVIRONMENT,1.0,1,1,HIGH_LOCKED_LAGGED_PBP,confirmation
00-0033111,2022,WR,QB_TEAM_ENVIRONMENT,1.0,1,1,HIGH_LOCKED_LAGGED_PBP,confirmation
00-0033282,2022,WR,QB_TEAM_ENVIRONMENT,1.0,1,1,HIGH_LOCKED_LAGGED_PBP,confirmation
00-0033367,2022,WR,QB_TEAM_ENVIRONMENT,1.0,1,1,HIGH_LOCKED_LAGGED_PBP,confirmation
00-0033386,2022,WR,QB_TEAM_ENVIRONMENT,1.0,1,1,HIGH_LOCKED_LAGGED_PBP,confirmation
00-0033536,2022,WR,QB_TEAM_ENVIRONMENT,1.0,1,1,HIGH_LOCKED_LAGGED_PBP,confirmation
00-0033555,2022,WR,QB_TEAM_ENVIRONMENT,1.0,1,1,HIGH_LOCKED_LAGGED_PBP,confirmation
00-0033681,2022,WR,QB_TEAM_ENVIRONMENT,1.0,1,1,HIGH_LOCKED_LAGGED_PBP,confirmation
00-0033871,2022,WR,QB_TEAM_ENVIRONMENT,1.0,1,1,HIGH_LOCKED_LAGGED_PBP,confirmation
00-0033932,2022,WR,QB_TEAM_ENVIRONMENT,1.0,1,1,HIGH_LOCKED_LAGGED_PBP,confirmation
00-0033943,2022,WR,QB_TEAM_ENVIRONMENT,1.0,1,1,HIGH_LOCKED_LAGGED_PBP,confirmation
00-0034052,2022,WR,QB_TEAM_ENVIRONMENT,1.0,1,1,HIGH_LOCKED_LAGGED_PBP,confirmation
00-0034104,2022,WR,QB_TEAM_ENVIRONMENT,1.0,1,1,HIGH_LOCKED_LAGGED_PBP,confirmation
00-0034317,2022,WR,QB_TEAM_ENVIRONMENT,1.0,1,1,HIGH_LOCKED_LAGGED_PBP,confirmation
00-0034348,2022,WR,QB_TEAM_ENVIRONMENT,1.0,1,1,HIGH_LOCKED_LAGGED_PBP,confirmation
00-0034366,2022,WR,QB_TEAM_ENVIRONMENT,1.0,1,1,HIGH_LOCKED_LAGGED_PBP,confirmation
00-0034419,2022,WR,QB_TEAM_ENVIRONMENT,1.0,1,1,HIGH_LOCKED_LAGGED_PBP,confirmation
00-0034765,2022,WR,QB_TEAM_ENVIRONMENT,1.0,1,1,HIGH_LOCKED_LAGGED_PBP,confirmation
00-0034777,2022,WR,QB_TEAM_ENVIRONMENT,1.0,1,1,HIGH_LOCKED_LAGGED_PBP,confirmation
00-0034827,2022,WR,QB_TEAM_ENVIRONMENT,1.0,1,1,HIGH_LOCKED_LAGGED_PBP,confirmation
00-0034854,2022,WR,QB_TEAM_ENVIRONMENT,1.0,1,1,HIGH_LOCKED_LAGGED_PBP,confirmation
00-0034860,2022,WR,QB_TEAM_ENVIRONMENT,1.0,1,1,HIGH_LOCKED_LAGGED_PBP,confirmation
00-0034930,2022,WR,QB_TEAM_ENVIRONMENT,1.0,1,1,HIGH_LOCKED_LAGGED_PBP,confirmation
00-0035021,2022,WR,QB_TEAM_ENVIRONMENT,1.0,1,1,HIGH_LOCKED_LAGGED_PBP,confirmation
00-0035022,2022,WR,QB_TEAM_ENVIRONMENT,1.0,1,1,HIGH_LOCKED_LAGGED_PBP,confirmation
00-0035208,2022,WR,QB_TEAM_ENVIRONMENT,1.0,1,1,HIGH_LOCKED_LAGGED_PBP,confirmation
00-0035215,2022,WR,QB_TEAM_ENVIRONMENT,1.0,1,1,HIGH_LOCKED_LAGGED_PBP,confirmation
00-0035359,2022,WR,QB_TEAM_ENVIRONMENT,1.0,1,1,HIGH_LOCKED_LAGGED_PBP,confirmation
00-0035406,2022,WR,QB_TEAM_ENVIRONMENT,1.0,1,1,HIGH_LOCKED_LAGGED_PBP,confirmation
00-0035414,2022,WR,QB_TEAM_ENVIRONMENT,1.0,1,1,HIGH_LOCKED_LAGGED_PBP,confirmation
00-0035432,2022,WR,QB_TEAM_ENVIRONMENT,1.0,1,1,HIGH_LOCKED_LAGGED_PBP,confirmation
00-0035500,2022,WR,QB_TEAM_ENVIRONMENT,1.0,1,1,HIGH_LOCKED_LAGGED_PBP,confirmation
00-0035510,2022,WR,QB_TEAM_ENVIRONMENT,1.0,1,1,HIGH_LOCKED_LAGGED_PBP,confirmation
00-0035527,2022,WR,QB_TEAM_ENVIRONMENT,1.0,1,1,HIGH_LOCKED_LAGGED_PBP,confirmation
00-0035544,2022,WR,QB_TEAM_ENVIRONMENT,1.0,1,1,HIGH_LOCKED_LAGGED_PBP,confirmation
00-0035593,2022,WR,QB_TEAM_ENVIRONMENT,1.0,1,1,HIGH_LOCKED_LAGGED_PBP,confirmation
00-0035621,2022,WR,QB_TEAM_ENVIRONMENT,0.0,0,0,HIGH_LOCKED_LAGGED_PBP,confirmation
00-0035639,2022,WR,QB_TEAM_ENVIRONMENT,1.0,1,1,HIGH_LOCKED_LAGGED_PBP,confirmation
00-0035659,2022,WR,QB_TEAM_ENVIRONMENT,1.0,1,1,HIGH_LOCKED_LAGGED_PBP,confirmation
00-0035662,2022,WR,QB_TEAM_ENVIRONMENT,1.0,1,1,HIGH_LOCKED_LAGGED_PBP,confirmation
00-0035703,2022,WR,QB_TEAM_ENVIRONMENT,1.0,1,1,HIGH_LOCKED_LAGGED_PBP,confirmation
00-0035864,2022,WR,QB_TEAM_ENVIRONMENT,1.0,1,1,HIGH_LOCKED_LAGGED_PBP,confirmation
00-0035891,2022,WR,QB_TEAM_ENVIRONMENT,1.0,1,1,HIGH_LOCKED_LAGGED_PBP,confirmation
00-0035976,2022,WR,QB_TEAM_ENVIRONMENT,0.0,0,0,HIGH_LOCKED_LAGGED_PBP,confirmation
00-0036176,2022,WR,QB_TEAM_ENVIRONMENT,0.0,0,0,HIGH_LOCKED_LAGGED_PBP,confirmation
00-0036219,2022,WR,QB_TEAM_ENVIRONMENT,1.0,1,1,HIGH_LOCKED_LAGGED_PBP,confirmation
00-0036228,2022,WR,QB_TEAM_ENVIRONMENT,1.0,1,1,HIGH_LOCKED_LAGGED_PBP,confirmation
00-0036233,2022,WR,QB_TEAM_ENVIRONMENT,1.0,1,1,HIGH_LOCKED_LAGGED_PBP,confirmation
00-0036247,2022,WR,QB_TEAM_ENVIRONMENT,1.0,1,1,HIGH_LOCKED_LAGGED_PBP,confirmation
00-0036252,2022,WR,QB_TEAM_ENVIRONMENT,1.0,1,1,HIGH_LOCKED_LAGGED_PBP,confirmation
00-0036255,2022,WR,QB_TEAM_ENVIRONMENT,1.0,1,1,HIGH_LOCKED_LAGGED_PBP,confirmation
00-0036268,2022,WR,QB_TEAM_ENVIRONMENT,1.0,1,1,HIGH_LOCKED_LAGGED_PBP,confirmation
00-0036277,2022,WR,QB_TEAM_ENVIRONMENT,1.0,1,1,HIGH_LOCKED_LAGGED_PBP,confirmation
00-0036309,2022,WR,QB_TEAM_ENVIRONMENT,1.0,1,1,HIGH_LOCKED_LAGGED_PBP,confirmation
00-0036331,2022,WR,QB_TEAM_ENVIRONMENT,1.0,1,1,HIGH_LOCKED_LAGGED_PBP,confirmation
00-0036407,2022,WR,QB_TEAM_ENVIRONMENT,1.0,1,1,HIGH_LOCKED_LAGGED_PBP,confirmation
00-0036412,2022,WR,QB_TEAM_ENVIRONMENT,1.0,1,1,HIGH_LOCKED_LAGGED_PBP,confirmation
00-0036439,2022,WR,QB_TEAM_ENVIRONMENT,1.0,1,1,HIGH_LOCKED_LAGGED_PBP,confirmation
00-0036482,2022,WR,QB_TEAM_ENVIRONMENT,1.0,1,1,HIGH_LOCKED_LAGGED_PBP,confirmation
00-0036550,2022,WR,QB_TEAM_ENVIRONMENT,1.0,1,1,HIGH_LOCKED_LAGGED_PBP,confirmation
00-0036554,2022,WR,QB_TEAM_ENVIRONMENT,1.0,1,1,HIGH_LOCKED_LAGGED_PBP,confirmation
00-0036572,2022,WR,QB_TEAM_ENVIRONMENT,1.0,1,1,HIGH_LOCKED_LAGGED_PBP,confirmation
00-0036620,2022,WR,QB_TEAM_ENVIRONMENT,1.0,1,1,HIGH_LOCKED_LAGGED_PBP,confirmation
00-0036626,2022,WR,QB_TEAM_ENVIRONMENT,1.0,1,1,HIGH_LOCKED_LAGGED_PBP,confirmation
00-0036627,2022,WR,QB_TEAM_ENVIRONMENT,1.0,1,1,HIGH_LOCKED_LAGGED_PBP,confirmation
00-0036630,2022,WR,QB_TEAM_ENVIRONMENT,1.0,1,1,HIGH_LOCKED_LAGGED_PBP,confirmation
00-0036635,2022,WR,QB_TEAM_ENVIRONMENT,1.0,1,1,HIGH_LOCKED_LAGGED_PBP,confirmation
00-0036671,2022,WR,QB_TEAM_ENVIRONMENT,1.0,1,1,HIGH_LOCKED_LAGGED_PBP,confirmation
00-0036849,2022,WR,QB_TEAM_ENVIRONMENT,0.0,0,0,HIGH_LOCKED_LAGGED_PBP,confirmation
00-0036858,2022,WR,QB_TEAM_ENVIRONMENT,0.0,0,0,HIGH_LOCKED_LAGGED_PBP,confirmation
00-0036918,2022,WR,QB_TEAM_ENVIRONMENT,0.0,0,0,HIGH_LOCKED_LAGGED_PBP,confirmation
00-0036951,2022,WR,QB_TEAM_ENVIRONMENT,1.0,1,1,HIGH_LOCKED_LAGGED_PBP,confirmation
00-0036955,2022,WR,QB_TEAM_ENVIRONMENT,1.0,1,1,HIGH_LOCKED_LAGGED_PBP,confirmation
00-0036963,2022,WR,QB_TEAM_ENVIRONMENT,1.0,1,1,HIGH_LOCKED_LAGGED_PBP,confirmation
00-0036980,2022,WR,QB_TEAM_ENVIRONMENT,1.0,1,1,HIGH_LOCKED_LAGGED_PBP,confirmation
00-0036999,2022,WR,QB_TEAM_ENVIRONMENT,1.0,1,1,HIGH_LOCKED_LAGGED_PBP,confirmation
00-0027981,2022,TE,QB_TEAM_ENVIRONMENT,1.0,1,1,HIGH_LOCKED_LAGGED_PBP,confirmation
00-0030108,2022,TE,QB_TEAM_ENVIRONMENT,1.0,1,1,HIGH_LOCKED_LAGGED_PBP,confirmation
00-0031260,2022,TE,QB_TEAM_ENVIRONMENT,1.0,1,1,HIGH_LOCKED_LAGGED_PBP,confirmation
00-0031384,2022,TE,QB_TEAM_ENVIRONMENT,1.0,1,1,HIGH_LOCKED_LAGGED_PBP,confirmation
00-0031558,2022,TE,QB_TEAM_ENVIRONMENT,1.0,1,1,HIGH_LOCKED_LAGGED_PBP,confirmation
00-0031585,2022,TE,QB_TEAM_ENVIRONMENT,1.0,1,1,HIGH_LOCKED_LAGGED_PBP,confirmation
00-0031598,2022,TE,QB_TEAM_ENVIRONMENT,1.0,1,1,HIGH_LOCKED_LAGGED_PBP,confirmation
00-0031690,2022,TE,QB_TEAM_ENVIRONMENT,1.0,1,1,HIGH_LOCKED_LAGGED_PBP,confirmation
00-0032141,2022,TE,QB_TEAM_ENVIRONMENT,1.0,1,1,HIGH_LOCKED_LAGGED_PBP,confirmation
00-0032214,2022,TE,QB_TEAM_ENVIRONMENT,1.0,1,1,HIGH_LOCKED_LAGGED_PBP,confirmation
00-0032392,2022,TE,QB_TEAM_ENVIRONMENT,1.0,1,1,HIGH_LOCKED_LAGGED_PBP,confirmation
00-0032394,2022,TE,QB_TEAM_ENVIRONMENT,1.0,1,1,HIGH_LOCKED_LAGGED_PBP,confirmation
00-0032725,2022,TE,QB_TEAM_ENVIRONMENT,1.0,1,1,HIGH_LOCKED_LAGGED_PBP,confirmation
00-0032986,2022,TE,QB_TEAM_ENVIRONMENT,0.0,0,0,HIGH_LOCKED_LAGGED_PBP,confirmation
00-0033217,2022,TE,QB_TEAM_ENVIRONMENT,1.0,1,1,HIGH_LOCKED_LAGGED_PBP,confirmation
00-0033357,2022,TE,QB_TEAM_ENVIRONMENT,1.0,1,1,HIGH_LOCKED_LAGGED_PBP,confirmation
00-0033439,2022,TE,QB_TEAM_ENVIRONMENT,1.0,1,1,HIGH_LOCKED_LAGGED_PBP,confirmation
00-0033576,2022,TE,QB_TEAM_ENVIRONMENT,1.0,1,1,HIGH_LOCKED_LAGGED_PBP,confirmation
00-0033757,2022,TE,QB_TEAM_ENVIRONMENT,1.0,1,1,HIGH_LOCKED_LAGGED_PBP,confirmation
00-0033858,2022,TE,QB_TEAM_ENVIRONMENT,1.0,1,1,HIGH_LOCKED_LAGGED_PBP,confirmation
00-0033885,2022,TE,QB_TEAM_ENVIRONMENT,1.0,1,1,HIGH_LOCKED_LAGGED_PBP,confirmation
00-0034011,2022,TE,QB_TEAM_ENVIRONMENT,1.0,1,1,HIGH_LOCKED_LAGGED_PBP,confirmation
00-0034073,2022,TE,QB_TEAM_ENVIRONMENT,1.0,1,1,HIGH_LOCKED_LAGGED_PBP,confirmation
00-0034159,2022,TE,QB_TEAM_ENVIRONMENT,1.0,1,1,HIGH_LOCKED_LAGGED_PBP,confirmation
00-0034193,2022,TE,QB_TEAM_ENVIRONMENT,1.0,1,1,HIGH_LOCKED_LAGGED_PBP,confirmation
00-0034270,2022,TE,QB_TEAM_ENVIRONMENT,1.0,1,1,HIGH_LOCKED_LAGGED_PBP,confirmation
00-0034364,2022,TE,QB_TEAM_ENVIRONMENT,1.0,1,1,HIGH_LOCKED_LAGGED_PBP,confirmation
00-0034365,2022,TE,QB_TEAM_ENVIRONMENT,1.0,1,1,HIGH_LOCKED_LAGGED_PBP,confirmation
00-0035259,2022,TE,QB_TEAM_ENVIRONMENT,1.0,1,1,HIGH_LOCKED_LAGGED_PBP,confirmation
00-0035308,2022,TE,QB_TEAM_ENVIRONMENT,1.0,1,1,HIGH_LOCKED_LAGGED_PBP,confirmation
00-0035345,2022,TE,QB_TEAM_ENVIRONMENT,1.0,1,1,HIGH_LOCKED_LAGGED_PBP,confirmation
00-0035356,2022,TE,QB_TEAM_ENVIRONMENT,1.0,1,1,HIGH_LOCKED_LAGGED_PBP,confirmation
00-0035562,2022,TE,QB_TEAM_ENVIRONMENT,1.0,1,1,HIGH_LOCKED_LAGGED_PBP,confirmation
00-0035572,2022,TE,QB_TEAM_ENVIRONMENT,1.0,1,1,HIGH_LOCKED_LAGGED_PBP,confirmation
00-0035624,2022,TE,QB_TEAM_ENVIRONMENT,1.0,1,1,HIGH_LOCKED_LAGGED_PBP,confirmation
00-0035823,2022,TE,QB_TEAM_ENVIRONMENT,1.0,1,1,HIGH_LOCKED_LAGGED_PBP,confirmation
00-0035956,2022,TE,QB_TEAM_ENVIRONMENT,1.0,1,1,HIGH_LOCKED_LAGGED_PBP,confirmation
00-0036005,2022,TE,QB_TEAM_ENVIRONMENT,0.0,0,0,HIGH_LOCKED_LAGGED_PBP,confirmation
00-0036040,2022,TE,QB_TEAM_ENVIRONMENT,1.0,1,1,HIGH_LOCKED_LAGGED_PBP,confirmation
00-0036232,2022,TE,QB_TEAM_ENVIRONMENT,1.0,1,1,HIGH_LOCKED_LAGGED_PBP,confirmation
00-0036250,2022,TE,QB_TEAM_ENVIRONMENT,1.0,1,1,HIGH_LOCKED_LAGGED_PBP,confirmation
00-0036290,2022,TE,QB_TEAM_ENVIRONMENT,1.0,1,1,HIGH_LOCKED_LAGGED_PBP,confirmation
00-0036422,2022,TE,QB_TEAM_ENVIRONMENT,1.0,1,1,HIGH_LOCKED_LAGGED_PBP,confirmation
00-0036423,2022,TE,QB_TEAM_ENVIRONMENT,1.0,1,1,HIGH_LOCKED_LAGGED_PBP,confirmation
00-0036438,2022,TE,QB_TEAM_ENVIRONMENT,1.0,1,1,HIGH_LOCKED_LAGGED_PBP,confirmation
00-0036510,2022,TE,QB_TEAM_ENVIRONMENT,1.0,1,1,HIGH_LOCKED_LAGGED_PBP,confirmation
00-0036534,2022,TE,QB_TEAM_ENVIRONMENT,1.0,1,1,HIGH_LOCKED_LAGGED_PBP,confirmation
00-0036556,2022,TE,QB_TEAM_ENVIRONMENT,1.0,1,1,HIGH_LOCKED_LAGGED_PBP,confirmation
00-0036628,2022,TE,QB_TEAM_ENVIRONMENT,1.0,1,1,HIGH_LOCKED_LAGGED_PBP,confirmation
00-0036692,2022,TE,QB_TEAM_ENVIRONMENT,0.0,0,0,HIGH_LOCKED_LAGGED_PBP,confirmation
00-0036754,2022,TE,QB_TEAM_ENVIRONMENT,1.0,1,1,HIGH_LOCKED_LAGGED_PBP,confirmation
00-0036825,2022,TE,QB_TEAM_ENVIRONMENT,1.0,1,1,HIGH_LOCKED_LAGGED_PBP,confirmation
00-0036876,2022,TE,QB_TEAM_ENVIRONMENT,1.0,1,1,HIGH_LOCKED_LAGGED_PBP,confirmation
00-0036887,2022,TE,QB_TEAM_ENVIRONMENT,1.0,1,1,HIGH_LOCKED_LAGGED_PBP,confirmation
00-0036970,2022,TE,QB_TEAM_ENVIRONMENT,1.0,1,1,HIGH_LOCKED_LAGGED_PBP,confirmation
00-0037005,2022,TE,QB_TEAM_ENVIRONMENT,1.0,1,1,HIGH_LOCKED_LAGGED_PBP,confirmation
00-0023459,2023,QB,QB_TEAM_ENVIRONMENT,1.0,1,1,HIGH_LOCKED_LAGGED_PBP,confirmation
00-0026625,2023,QB,QB_TEAM_ENVIRONMENT,1.0,1,1,HIGH_LOCKED_LAGGED_PBP,confirmation
00-0027948,2023,QB,QB_TEAM_ENVIRONMENT,1.0,1,1,HIGH_LOCKED_LAGGED_PBP,confirmation
00-0027973,2023,QB,QB_TEAM_ENVIRONMENT,1.0,1,1,HIGH_LOCKED_LAGGED_PBP,confirmation
00-0028118,2023,QB,QB_TEAM_ENVIRONMENT,1.0,1,1,HIGH_LOCKED_LAGGED_PBP,confirmation
00-0028986,2023,QB,QB_TEAM_ENVIRONMENT,1.0,1,1,HIGH_LOCKED_LAGGED_PBP,confirmation
00-0029263,2023,QB,QB_TEAM_ENVIRONMENT,1.0,1,1,HIGH_LOCKED_LAGGED_PBP,confirmation
00-0029701,2023,QB,QB_TEAM_ENVIRONMENT,1.0,1,1,HIGH_LOCKED_LAGGED_PBP,confirmation
00-0031237,2023,QB,QB_TEAM_ENVIRONMENT,1.0,1,1,HIGH_LOCKED_LAGGED_PBP,confirmation
00-0031280,2023,QB,QB_TEAM_ENVIRONMENT,1.0,1,1,HIGH_LOCKED_LAGGED_PBP,confirmation
00-0031345,2023,QB,QB_TEAM_ENVIRONMENT,1.0,1,1,HIGH_LOCKED_LAGGED_PBP,confirmation
00-0031503,2023,QB,QB_TEAM_ENVIRONMENT,1.0,1,1,HIGH_LOCKED_LAGGED_PBP,confirmation
00-0031800,2023,QB,QB_TEAM_ENVIRONMENT,1.0,1,1,HIGH_LOCKED_LAGGED_PBP,confirmation
00-0032156,2023,QB,QB_TEAM_ENVIRONMENT,1.0,1,1,HIGH_LOCKED_LAGGED_PBP,confirmation
00-0032268,2023,QB,QB_TEAM_ENVIRONMENT,1.0,1,1,HIGH_LOCKED_LAGGED_PBP,confirmation
00-0032436,2023,QB,QB_TEAM_ENVIRONMENT,1.0,1,1,HIGH_LOCKED_LAGGED_PBP,confirmation
00-0032950,2023,QB,QB_TEAM_ENVIRONMENT,1.0,1,1,HIGH_LOCKED_LAGGED_PBP,confirmation
00-0033119,2023,QB,QB_TEAM_ENVIRONMENT,1.0,1,1,HIGH_LOCKED_LAGGED_PBP,confirmation
00-0033275,2023,QB,QB_TEAM_ENVIRONMENT,1.0,1,1,HIGH_LOCKED_LAGGED_PBP,confirmation
00-0033319,2023,QB,QB_TEAM_ENVIRONMENT,1.0,1,1,HIGH_LOCKED_LAGGED_PBP,confirmation
00-0033537,2023,QB,QB_TEAM_ENVIRONMENT,1.0,1,1,HIGH_LOCKED_LAGGED_PBP,confirmation
00-0033662,2023,QB,QB_TEAM_ENVIRONMENT,1.0,1,1,HIGH_LOCKED_LAGGED_PBP,confirmation
00-0033869,2023,QB,QB_TEAM_ENVIRONMENT,1.0,1,1,HIGH_LOCKED_LAGGED_PBP,confirmation
00-0033936,2023,QB,QB_TEAM_ENVIRONMENT,1.0,1,1,HIGH_LOCKED_LAGGED_PBP,confirmation
00-0033949,2023,QB,QB_TEAM_ENVIRONMENT,1.0,1,1,HIGH_LOCKED_LAGGED_PBP,confirmation
00-0033958,2023,QB,QB_TEAM_ENVIRONMENT,1.0,1,1,HIGH_LOCKED_LAGGED_PBP,confirmation
00-0034177,2023,QB,QB_TEAM_ENVIRONMENT,1.0,1,1,HIGH_LOCKED_LAGGED_PBP,confirmation
00-0034401,2023,QB,QB_TEAM_ENVIRONMENT,1.0,1,1,HIGH_LOCKED_LAGGED_PBP,confirmation
00-0034577,2023,QB,QB_TEAM_ENVIRONMENT,1.0,1,1,HIGH_LOCKED_LAGGED_PBP,confirmation
00-0034869,2023,QB,QB_TEAM_ENVIRONMENT,1.0,1,1,HIGH_LOCKED_LAGGED_PBP,confirmation
00-0034955,2023,QB,QB_TEAM_ENVIRONMENT,1.0,1,1,HIGH_LOCKED_LAGGED_PBP,confirmation
00-0035228,2023,QB,QB_TEAM_ENVIRONMENT,1.0,1,1,HIGH_LOCKED_LAGGED_PBP,confirmation
00-0035264,2023,QB,QB_TEAM_ENVIRONMENT,1.0,1,1,HIGH_LOCKED_LAGGED_PBP,confirmation
00-0036928,2023,QB,QB_TEAM_ENVIRONMENT,1.0,1,1,HIGH_LOCKED_LAGGED_PBP,confirmation
00-0036945,2023,QB,QB_TEAM_ENVIRONMENT,1.0,1,1,HIGH_LOCKED_LAGGED_PBP,confirmation
00-0036972,2023,QB,QB_TEAM_ENVIRONMENT,1.0,1,1,HIGH_LOCKED_LAGGED_PBP,confirmation
00-0037013,2023,QB,QB_TEAM_ENVIRONMENT,1.0,1,1,HIGH_LOCKED_LAGGED_PBP,confirmation
00-0037077,2023,QB,QB_TEAM_ENVIRONMENT,1.0,1,1,HIGH_LOCKED_LAGGED_PBP,confirmation
00-0038102,2023,QB,QB_TEAM_ENVIRONMENT,1.0,1,1,HIGH_LOCKED_LAGGED_PBP,confirmation
00-0038108,2023,QB,QB_TEAM_ENVIRONMENT,1.0,1,1,HIGH_LOCKED_LAGGED_PBP,confirmation
00-0038122,2023,QB,QB_TEAM_ENVIRONMENT,1.0,1,1,HIGH_LOCKED_LAGGED_PBP,confirmation
00-0038128,2023,QB,QB_TEAM_ENVIRONMENT,1.0,1,1,HIGH_LOCKED_LAGGED_PBP,confirmation
00-0029239,2023,RB,QB_TEAM_ENVIRONMENT,1.0,1,1,HIGH_LOCKED_LAGGED_PBP,confirmation
00-0030578,2023,RB,QB_TEAM_ENVIRONMENT,1.0,1,1,HIGH_LOCKED_LAGGED_PBP,confirmation
00-0030874,2023,RB,QB_TEAM_ENVIRONMENT,1.0,1,1,HIGH_LOCKED_LAGGED_PBP,confirmation
00-0032104,2023,RB,QB_TEAM_ENVIRONMENT,1.0,1,1,HIGH_LOCKED_LAGGED_PBP,confirmation
00-0032144,2023,RB,QB_TEAM_ENVIRONMENT,1.0,1,1,HIGH_LOCKED_LAGGED_PBP,confirmation
00-0032450,2023,RB,QB_TEAM_ENVIRONMENT,1.0,1,1,HIGH_LOCKED_LAGGED_PBP,confirmation
00-0032764,2023,RB,QB_TEAM_ENVIRONMENT,1.0,1,1,HIGH_LOCKED_LAGGED_PBP,confirmation
00-0032975,2023,RB,QB_TEAM_ENVIRONMENT,1.0,1,1,HIGH_LOCKED_LAGGED_PBP,confirmation
00-0033118,2023,RB,QB_TEAM_ENVIRONMENT,1.0,1,1,HIGH_LOCKED_LAGGED_PBP,confirmation
00-0033553,2023,RB,QB_TEAM_ENVIRONMENT,1.0,1,1,HIGH_LOCKED_LAGGED_PBP,confirmation
00-0033906,2023,RB,QB_TEAM_ENVIRONMENT,1.0,1,1,HIGH_LOCKED_LAGGED_PBP,confirmation
00-0033925,2023,RB,QB_TEAM_ENVIRONMENT,1.0,1,1,HIGH_LOCKED_LAGGED_PBP,confirmation
00-0033948,2023,RB,QB_TEAM_ENVIRONMENT,1.0,1,1,HIGH_LOCKED_LAGGED_PBP,confirmation
00-0034208,2023,RB,QB_TEAM_ENVIRONMENT,1.0,1,1,HIGH_LOCKED_LAGGED_PBP,confirmation
00-0034750,2023,RB,QB_TEAM_ENVIRONMENT,1.0,1,1,HIGH_LOCKED_LAGGED_PBP,confirmation
00-0034791,2023,RB,QB_TEAM_ENVIRONMENT,1.0,1,1,HIGH_LOCKED_LAGGED_PBP,confirmation
00-0034838,2023,RB,QB_TEAM_ENVIRONMENT,1.0,1,1,HIGH_LOCKED_LAGGED_PBP,confirmation
00-0035184,2023,RB,QB_TEAM_ENVIRONMENT,1.0,1,1,HIGH_LOCKED_LAGGED_PBP,confirmation
00-0035594,2023,RB,QB_TEAM_ENVIRONMENT,1.0,1,1,HIGH_LOCKED_LAGGED_PBP,confirmation
00-0035628,2023,RB,QB_TEAM_ENVIRONMENT,1.0,1,1,HIGH_LOCKED_LAGGED_PBP,confirmation
00-0035657,2023,RB,QB_TEAM_ENVIRONMENT,1.0,1,1,HIGH_LOCKED_LAGGED_PBP,confirmation
00-0035664,2023,RB,QB_TEAM_ENVIRONMENT,1.0,1,1,HIGH_LOCKED_LAGGED_PBP,confirmation
00-0035700,2023,RB,QB_TEAM_ENVIRONMENT,1.0,1,1,HIGH_LOCKED_LAGGED_PBP,confirmation
00-0035726,2023,RB,QB_TEAM_ENVIRONMENT,1.0,1,1,HIGH_LOCKED_LAGGED_PBP,confirmation
00-0035831,2023,RB,QB_TEAM_ENVIRONMENT,1.0,1,1,HIGH_LOCKED_LAGGED_PBP,confirmation
00-0035860,2023,RB,QB_TEAM_ENVIRONMENT,1.0,1,1,HIGH_LOCKED_LAGGED_PBP,confirmation
00-0035924,2023,RB,QB_TEAM_ENVIRONMENT,1.0,1,1,HIGH_LOCKED_LAGGED_PBP,confirmation
00-0036187,2023,RB,QB_TEAM_ENVIRONMENT,1.0,1,1,HIGH_LOCKED_LAGGED_PBP,confirmation
00-0036223,2023,RB,QB_TEAM_ENVIRONMENT,1.0,1,1,HIGH_LOCKED_LAGGED_PBP,confirmation
00-0036251,2023,RB,QB_TEAM_ENVIRONMENT,1.0,1,1,HIGH_LOCKED_LAGGED_PBP,confirmation
00-0036265,2023,RB,QB_TEAM_ENVIRONMENT,1.0,1,1,HIGH_LOCKED_LAGGED_PBP,confirmation
00-0036297,2023,RB,QB_TEAM_ENVIRONMENT,1.0,1,1,HIGH_LOCKED_LAGGED_PBP,confirmation
00-0036328,2023,RB,QB_TEAM_ENVIRONMENT,1.0,1,1,HIGH_LOCKED_LAGGED_PBP,confirmation
00-0036336,2023,RB,QB_TEAM_ENVIRONMENT,1.0,1,1,HIGH_LOCKED_LAGGED_PBP,confirmation
00-0036414,2023,RB,QB_TEAM_ENVIRONMENT,1.0,1,1,HIGH_LOCKED_LAGGED_PBP,confirmation
00-0036450,2023,RB,QB_TEAM_ENVIRONMENT,1.0,1,1,HIGH_LOCKED_LAGGED_PBP,confirmation
00-0036493,2023,RB,QB_TEAM_ENVIRONMENT,1.0,1,1,HIGH_LOCKED_LAGGED_PBP,confirmation
00-0036555,2023,RB,QB_TEAM_ENVIRONMENT,1.0,1,1,HIGH_LOCKED_LAGGED_PBP,confirmation
00-0036857,2023,RB,QB_TEAM_ENVIRONMENT,1.0,1,1,HIGH_LOCKED_LAGGED_PBP,confirmation
00-0036860,2023,RB,QB_TEAM_ENVIRONMENT,0.0,0,0,HIGH_LOCKED_LAGGED_PBP,confirmation
00-0036875,2023,RB,QB_TEAM_ENVIRONMENT,1.0,1,1,HIGH_LOCKED_LAGGED_PBP,confirmation
00-0036906,2023,RB,QB_TEAM_ENVIRONMENT,1.0,1,1,HIGH_LOCKED_LAGGED_PBP,confirmation
00-0036924,2023,RB,QB_TEAM_ENVIRONMENT,1.0,1,1,HIGH_LOCKED_LAGGED_PBP,confirmation
00-0036984,2023,RB,QB_TEAM_ENVIRONMENT,1.0,1,1,HIGH_LOCKED_LAGGED_PBP,confirmation
00-0036997,2023,RB,QB_TEAM_ENVIRONMENT,1.0,1,1,HIGH_LOCKED_LAGGED_PBP,confirmation
00-0037157,2023,RB,QB_TEAM_ENVIRONMENT,1.0,1,1,HIGH_LOCKED_LAGGED_PBP,confirmation
00-0037263,2023,RB,QB_TEAM_ENVIRONMENT,1.0,1,1,HIGH_LOCKED_LAGGED_PBP,confirmation
00-0037276,2023,RB,QB_TEAM_ENVIRONMENT,1.0,1,1,HIGH_LOCKED_LAGGED_PBP,confirmation
00-0037286,2023,RB,QB_TEAM_ENVIRONMENT,1.0,1,1,HIGH_LOCKED_LAGGED_PBP,confirmation
00-0037299,2023,RB,QB_TEAM_ENVIRONMENT,1.0,1,1,HIGH_LOCKED_LAGGED_PBP,confirmation
00-0037429,2023,RB,QB_TEAM_ENVIRONMENT,1.0,1,1,HIGH_LOCKED_LAGGED_PBP,confirmation
00-0037563,2023,RB,QB_TEAM_ENVIRONMENT,1.0,1,1,HIGH_LOCKED_LAGGED_PBP,confirmation
00-0037594,2023,RB,QB_TEAM_ENVIRONMENT,1.0,1,1,HIGH_LOCKED_LAGGED_PBP,confirmation
00-0037746,2023,RB,QB_TEAM_ENVIRONMENT,1.0,1,1,HIGH_LOCKED_LAGGED_PBP,confirmation
00-0037827,2023,RB,QB_TEAM_ENVIRONMENT,1.0,1,1,HIGH_LOCKED_LAGGED_PBP,confirmation
00-0038040,2023,RB,QB_TEAM_ENVIRONMENT,1.0,1,1,HIGH_LOCKED_LAGGED_PBP,confirmation
00-0038045,2023,RB,QB_TEAM_ENVIRONMENT,1.0,1,1,HIGH_LOCKED_LAGGED_PBP,confirmation
00-0038098,2023,RB,QB_TEAM_ENVIRONMENT,1.0,1,1,HIGH_LOCKED_LAGGED_PBP,confirmation
00-0038120,2023,RB,QB_TEAM_ENVIRONMENT,1.0,1,1,HIGH_LOCKED_LAGGED_PBP,confirmation
00-0026293,2023,WR,QB_TEAM_ENVIRONMENT,0.0,0,0,HIGH_LOCKED_LAGGED_PBP,confirmation
00-0028002,2023,WR,QB_TEAM_ENVIRONMENT,1.0,1,1,HIGH_LOCKED_LAGGED_PBP,confirmation
00-0030564,2023,WR,QB_TEAM_ENVIRONMENT,1.0,1,1,HIGH_LOCKED_LAGGED_PBP,confirmation
00-0031381,2023,WR,QB_TEAM_ENVIRONMENT,1.0,1,1,HIGH_LOCKED_LAGGED_PBP,confirmation
00-0031547,2023,WR,QB_TEAM_ENVIRONMENT,1.0,1,1,HIGH_LOCKED_LAGGED_PBP,confirmation
00-0031868,2023,WR,QB_TEAM_ENVIRONMENT,1.0,1,1,HIGH_LOCKED_LAGGED_PBP,confirmation
00-0031941,2023,WR,QB_TEAM_ENVIRONMENT,1.0,1,1,HIGH_LOCKED_LAGGED_PBP,confirmation
00-0032200,2023,WR,QB_TEAM_ENVIRONMENT,1.0,1,1,HIGH_LOCKED_LAGGED_PBP,confirmation
00-0032208,2023,WR,QB_TEAM_ENVIRONMENT,1.0,1,1,HIGH_LOCKED_LAGGED_PBP,confirmation
00-0032385,2023,WR,QB_TEAM_ENVIRONMENT,1.0,1,1,HIGH_LOCKED_LAGGED_PBP,confirmation
00-0032398,2023,WR,QB_TEAM_ENVIRONMENT,1.0,1,1,HIGH_LOCKED_LAGGED_PBP,confirmation
00-0032464,2023,WR,QB_TEAM_ENVIRONMENT,1.0,1,1,HIGH_LOCKED_LAGGED_PBP,confirmation
00-0032543,2023,WR,QB_TEAM_ENVIRONMENT,0.0,0,0,HIGH_LOCKED_LAGGED_PBP,confirmation
00-0032688,2023,WR,QB_TEAM_ENVIRONMENT,1.0,1,1,HIGH_LOCKED_LAGGED_PBP,confirmation
00-0032765,2023,WR,QB_TEAM_ENVIRONMENT,1.0,1,1,HIGH_LOCKED_LAGGED_PBP,confirmation
00-0032951,2023,WR,QB_TEAM_ENVIRONMENT,1.0,1,1,HIGH_LOCKED_LAGGED_PBP,confirmation
00-0033282,2023,WR,QB_TEAM_ENVIRONMENT,1.0,1,1,HIGH_LOCKED_LAGGED_PBP,confirmation
00-0033307,2023,WR,QB_TEAM_ENVIRONMENT,1.0,1,1,HIGH_LOCKED_LAGGED_PBP,confirmation
00-0033536,2023,WR,QB_TEAM_ENVIRONMENT,1.0,1,1,HIGH_LOCKED_LAGGED_PBP,confirmation
00-0033555,2023,WR,QB_TEAM_ENVIRONMENT,1.0,1,1,HIGH_LOCKED_LAGGED_PBP,confirmation
00-0034279,2023,WR,QB_TEAM_ENVIRONMENT,1.0,1,1,HIGH_LOCKED_LAGGED_PBP,confirmation
00-0034297,2023,WR,QB_TEAM_ENVIRONMENT,1.0,1,1,HIGH_LOCKED_LAGGED_PBP,confirmation
00-0034317,2023,WR,QB_TEAM_ENVIRONMENT,1.0,1,1,HIGH_LOCKED_LAGGED_PBP,confirmation
00-0034348,2023,WR,QB_TEAM_ENVIRONMENT,1.0,1,1,HIGH_LOCKED_LAGGED_PBP,confirmation
00-0034521,2023,WR,QB_TEAM_ENVIRONMENT,1.0,1,1,HIGH_LOCKED_LAGGED_PBP,confirmation
00-0034646,2023,WR,QB_TEAM_ENVIRONMENT,1.0,1,1,HIGH_LOCKED_LAGGED_PBP,confirmation
00-0034777,2023,WR,QB_TEAM_ENVIRONMENT,1.0,1,1,HIGH_LOCKED_LAGGED_PBP,confirmation
00-0034827,2023,WR,QB_TEAM_ENVIRONMENT,1.0,1,1,HIGH_LOCKED_LAGGED_PBP,confirmation
00-0034854,2023,WR,QB_TEAM_ENVIRONMENT,1.0,1,1,HIGH_LOCKED_LAGGED_PBP,confirmation
00-0034960,2023,WR,QB_TEAM_ENVIRONMENT,1.0,1,1,HIGH_LOCKED_LAGGED_PBP,confirmation
00-0034983,2023,WR,QB_TEAM_ENVIRONMENT,1.0,1,1,HIGH_LOCKED_LAGGED_PBP,confirmation
00-0035298,2023,WR,QB_TEAM_ENVIRONMENT,1.0,1,1,HIGH_LOCKED_LAGGED_PBP,confirmation
00-0035406,2023,WR,QB_TEAM_ENVIRONMENT,1.0,1,1,HIGH_LOCKED_LAGGED_PBP,confirmation
00-0035414,2023,WR,QB_TEAM_ENVIRONMENT,1.0,1,1,HIGH_LOCKED_LAGGED_PBP,confirmation
00-0035500,2023,WR,QB_TEAM_ENVIRONMENT,1.0,1,1,HIGH_LOCKED_LAGGED_PBP,confirmation
00-0035593,2023,WR,QB_TEAM_ENVIRONMENT,1.0,1,1,HIGH_LOCKED_LAGGED_PBP,confirmation
00-0035639,2023,WR,QB_TEAM_ENVIRONMENT,1.0,1,1,HIGH_LOCKED_LAGGED_PBP,confirmation
00-0035645,2023,WR,QB_TEAM_ENVIRONMENT,1.0,1,1,HIGH_LOCKED_LAGGED_PBP,confirmation
00-0035659,2023,WR,QB_TEAM_ENVIRONMENT,1.0,1,1,HIGH_LOCKED_LAGGED_PBP,confirmation
00-0035662,2023,WR,QB_TEAM_ENVIRONMENT,1.0,1,1,HIGH_LOCKED_LAGGED_PBP,confirmation
00-0035703,2023,WR,QB_TEAM_ENVIRONMENT,1.0,1,1,HIGH_LOCKED_LAGGED_PBP,confirmation
00-0035876,2023,WR,QB_TEAM_ENVIRONMENT,1.0,1,1,HIGH_LOCKED_LAGGED_PBP,confirmation
00-0036176,2023,WR,QB_TEAM_ENVIRONMENT,1.0,1,1,HIGH_LOCKED_LAGGED_PBP,confirmation
00-0036182,2023,WR,QB_TEAM_ENVIRONMENT,1.0,1,1,HIGH_LOCKED_LAGGED_PBP,confirmation
00-0036252,2023,WR,QB_TEAM_ENVIRONMENT,1.0,1,1,HIGH_LOCKED_LAGGED_PBP,confirmation
00-0036268,2023,WR,QB_TEAM_ENVIRONMENT,1.0,1,1,HIGH_LOCKED_LAGGED_PBP,confirmation
00-0036309,2023,WR,QB_TEAM_ENVIRONMENT,1.0,1,1,HIGH_LOCKED_LAGGED_PBP,confirmation
00-0036326,2023,WR,QB_TEAM_ENVIRONMENT,1.0,1,1,HIGH_LOCKED_LAGGED_PBP,confirmation
00-0036407,2023,WR,QB_TEAM_ENVIRONMENT,1.0,1,1,HIGH_LOCKED_LAGGED_PBP,confirmation
00-0036415,2023,WR,QB_TEAM_ENVIRONMENT,1.0,1,1,HIGH_LOCKED_LAGGED_PBP,confirmation
00-0036482,2023,WR,QB_TEAM_ENVIRONMENT,1.0,1,1,HIGH_LOCKED_LAGGED_PBP,confirmation
00-0036527,2023,WR,QB_TEAM_ENVIRONMENT,1.0,1,1,HIGH_LOCKED_LAGGED_PBP,confirmation
00-0036620,2023,WR,QB_TEAM_ENVIRONMENT,1.0,1,1,HIGH_LOCKED_LAGGED_PBP,confirmation
00-0036626,2023,WR,QB_TEAM_ENVIRONMENT,1.0,1,1,HIGH_LOCKED_LAGGED_PBP,confirmation
00-0036630,2023,WR,QB_TEAM_ENVIRONMENT,1.0,1,1,HIGH_LOCKED_LAGGED_PBP,confirmation
00-0036635,2023,WR,QB_TEAM_ENVIRONMENT,1.0,1,1,HIGH_LOCKED_LAGGED_PBP,confirmation
00-0036646,2023,WR,QB_TEAM_ENVIRONMENT,1.0,1,1,HIGH_LOCKED_LAGGED_PBP,confirmation
00-0036877,2023,WR,QB_TEAM_ENVIRONMENT,1.0,1,1,HIGH_LOCKED_LAGGED_PBP,confirmation
00-0036936,2023,WR,QB_TEAM_ENVIRONMENT,1.0,1,1,HIGH_LOCKED_LAGGED_PBP,confirmation
00-0036955,2023,WR,QB_TEAM_ENVIRONMENT,1.0,1,1,HIGH_LOCKED_LAGGED_PBP,confirmation
00-0036991,2023,WR,QB_TEAM_ENVIRONMENT,1.0,1,1,HIGH_LOCKED_LAGGED_PBP,confirmation
00-0037098,2023,WR,QB_TEAM_ENVIRONMENT,1.0,1,1,HIGH_LOCKED_LAGGED_PBP,confirmation
00-0037238,2023,WR,QB_TEAM_ENVIRONMENT,1.0,1,1,HIGH_LOCKED_LAGGED_PBP,confirmation
00-0037239,2023,WR,QB_TEAM_ENVIRONMENT,1.0,1,1,HIGH_LOCKED_LAGGED_PBP,confirmation
00-0037272,2023,WR,QB_TEAM_ENVIRONMENT,1.0,1,1,HIGH_LOCKED_LAGGED_PBP,confirmation
00-0037273,2023,WR,QB_TEAM_ENVIRONMENT,1.0,1,1,HIGH_LOCKED_LAGGED_PBP,confirmation
00-0037291,2023,WR,QB_TEAM_ENVIRONMENT,1.0,1,1,HIGH_LOCKED_LAGGED_PBP,confirmation
00-0037382,2023,WR,QB_TEAM_ENVIRONMENT,1.0,1,1,HIGH_LOCKED_LAGGED_PBP,confirmation
00-0037545,2023,WR,QB_TEAM_ENVIRONMENT,1.0,1,1,HIGH_LOCKED_LAGGED_PBP,confirmation
00-0037664,2023,WR,QB_TEAM_ENVIRONMENT,1.0,1,1,HIGH_LOCKED_LAGGED_PBP,confirmation
00-0037740,2023,WR,QB_TEAM_ENVIRONMENT,1.0,1,1,HIGH_LOCKED_LAGGED_PBP,confirmation
00-0037741,2023,WR,QB_TEAM_ENVIRONMENT,1.0,1,1,HIGH_LOCKED_LAGGED_PBP,confirmation
00-0037742,2023,WR,QB_TEAM_ENVIRONMENT,1.0,1,1,HIGH_LOCKED_LAGGED_PBP,confirmation
00-0037745,2023,WR,QB_TEAM_ENVIRONMENT,1.0,1,1,HIGH_LOCKED_LAGGED_PBP,confirmation
00-0038092,2023,WR,QB_TEAM_ENVIRONMENT,1.0,1,1,HIGH_LOCKED_LAGGED_PBP,confirmation
00-0038104,2023,WR,QB_TEAM_ENVIRONMENT,1.0,1,1,HIGH_LOCKED_LAGGED_PBP,confirmation
00-0038117,2023,WR,QB_TEAM_ENVIRONMENT,1.0,1,1,HIGH_LOCKED_LAGGED_PBP,confirmation
00-0024243,2023,TE,QB_TEAM_ENVIRONMENT,1.0,1,1,HIGH_LOCKED_LAGGED_PBP,confirmation
00-0030061,2023,TE,QB_TEAM_ENVIRONMENT,1.0,1,1,HIGH_LOCKED_LAGGED_PBP,confirmation
00-0031260,2023,TE,QB_TEAM_ENVIRONMENT,1.0,1,1,HIGH_LOCKED_LAGGED_PBP,confirmation
00-0031585,2023,TE,QB_TEAM_ENVIRONMENT,1.0,1,1,HIGH_LOCKED_LAGGED_PBP,confirmation
00-0031610,2023,TE,QB_TEAM_ENVIRONMENT,1.0,1,1,HIGH_LOCKED_LAGGED_PBP,confirmation
00-0032134,2023,TE,QB_TEAM_ENVIRONMENT,1.0,1,1,HIGH_LOCKED_LAGGED_PBP,confirmation
00-0032141,2023,TE,QB_TEAM_ENVIRONMENT,1.0,1,1,HIGH_LOCKED_LAGGED_PBP,confirmation
00-0032214,2023,TE,QB_TEAM_ENVIRONMENT,1.0,1,1,HIGH_LOCKED_LAGGED_PBP,confirmation
00-0032392,2023,TE,QB_TEAM_ENVIRONMENT,1.0,1,1,HIGH_LOCKED_LAGGED_PBP,confirmation
00-0032394,2023,TE,QB_TEAM_ENVIRONMENT,1.0,1,1,HIGH_LOCKED_LAGGED_PBP,confirmation
00-0032725,2023,TE,QB_TEAM_ENVIRONMENT,1.0,1,1,HIGH_LOCKED_LAGGED_PBP,confirmation
00-0033090,2023,TE,QB_TEAM_ENVIRONMENT,1.0,1,1,HIGH_LOCKED_LAGGED_PBP,confirmation
00-0033217,2023,TE,QB_TEAM_ENVIRONMENT,1.0,1,1,HIGH_LOCKED_LAGGED_PBP,confirmation
00-0033357,2023,TE,QB_TEAM_ENVIRONMENT,1.0,1,1,HIGH_LOCKED_LAGGED_PBP,confirmation
00-0033439,2023,TE,QB_TEAM_ENVIRONMENT,1.0,1,1,HIGH_LOCKED_LAGGED_PBP,confirmation
00-0033576,2023,TE,QB_TEAM_ENVIRONMENT,1.0,1,1,HIGH_LOCKED_LAGGED_PBP,confirmation
00-0033757,2023,TE,QB_TEAM_ENVIRONMENT,1.0,1,1,HIGH_LOCKED_LAGGED_PBP,confirmation
00-0033858,2023,TE,QB_TEAM_ENVIRONMENT,1.0,1,1,HIGH_LOCKED_LAGGED_PBP,confirmation
00-0034073,2023,TE,QB_TEAM_ENVIRONMENT,1.0,1,1,HIGH_LOCKED_LAGGED_PBP,confirmation
00-0034159,2023,TE,QB_TEAM_ENVIRONMENT,1.0,1,1,HIGH_LOCKED_LAGGED_PBP,confirmation
00-0034193,2023,TE,QB_TEAM_ENVIRONMENT,0.0,0,0,HIGH_LOCKED_LAGGED_PBP,confirmation
00-0034270,2023,TE,QB_TEAM_ENVIRONMENT,1.0,1,1,HIGH_LOCKED_LAGGED_PBP,confirmation
00-0034364,2023,TE,QB_TEAM_ENVIRONMENT,1.0,1,1,HIGH_LOCKED_LAGGED_PBP,confirmation
00-0034365,2023,TE,QB_TEAM_ENVIRONMENT,1.0,1,1,HIGH_LOCKED_LAGGED_PBP,confirmation
00-0034613,2023,TE,QB_TEAM_ENVIRONMENT,1.0,1,1,HIGH_LOCKED_LAGGED_PBP,confirmation
00-0034981,2023,TE,QB_TEAM_ENVIRONMENT,1.0,1,1,HIGH_LOCKED_LAGGED_PBP,confirmation
00-0035259,2023,TE,QB_TEAM_ENVIRONMENT,1.0,1,1,HIGH_LOCKED_LAGGED_PBP,confirmation
00-0035562,2023,TE,QB_TEAM_ENVIRONMENT,1.0,1,1,HIGH_LOCKED_LAGGED_PBP,confirmation
00-0035572,2023,TE,QB_TEAM_ENVIRONMENT,1.0,1,1,HIGH_LOCKED_LAGGED_PBP,confirmation
00-0035631,2023,TE,QB_TEAM_ENVIRONMENT,1.0,1,1,HIGH_LOCKED_LAGGED_PBP,confirmation
00-0035956,2023,TE,QB_TEAM_ENVIRONMENT,1.0,1,1,HIGH_LOCKED_LAGGED_PBP,confirmation
00-0036040,2023,TE,QB_TEAM_ENVIRONMENT,1.0,1,1,HIGH_LOCKED_LAGGED_PBP,confirmation
00-0036290,2023,TE,QB_TEAM_ENVIRONMENT,1.0,1,1,HIGH_LOCKED_LAGGED_PBP,confirmation
00-0036422,2023,TE,QB_TEAM_ENVIRONMENT,1.0,1,1,HIGH_LOCKED_LAGGED_PBP,confirmation
00-0036423,2023,TE,QB_TEAM_ENVIRONMENT,1.0,1,1,HIGH_LOCKED_LAGGED_PBP,confirmation
00-0036424,2023,TE,QB_TEAM_ENVIRONMENT,1.0,1,1,HIGH_LOCKED_LAGGED_PBP,confirmation
00-0036438,2023,TE,QB_TEAM_ENVIRONMENT,1.0,1,1,HIGH_LOCKED_LAGGED_PBP,confirmation
00-0036510,2023,TE,QB_TEAM_ENVIRONMENT,0.0,0,0,HIGH_LOCKED_LAGGED_PBP,confirmation
00-0036628,2023,TE,QB_TEAM_ENVIRONMENT,1.0,1,1,HIGH_LOCKED_LAGGED_PBP,confirmation
00-0036876,2023,TE,QB_TEAM_ENVIRONMENT,1.0,1,1,HIGH_LOCKED_LAGGED_PBP,confirmation
00-0036887,2023,TE,QB_TEAM_ENVIRONMENT,1.0,1,1,HIGH_LOCKED_LAGGED_PBP,confirmation
00-0036970,2023,TE,QB_TEAM_ENVIRONMENT,1.0,1,1,HIGH_LOCKED_LAGGED_PBP,confirmation
00-0037005,2023,TE,QB_TEAM_ENVIRONMENT,1.0,1,1,HIGH_LOCKED_LAGGED_PBP,confirmation
00-0037078,2023,TE,QB_TEAM_ENVIRONMENT,1.0,1,1,HIGH_LOCKED_LAGGED_PBP,confirmation
00-0037086,2023,TE,QB_TEAM_ENVIRONMENT,1.0,1,1,HIGH_LOCKED_LAGGED_PBP,confirmation
00-0037252,2023,TE,QB_TEAM_ENVIRONMENT,1.0,1,1,HIGH_LOCKED_LAGGED_PBP,confirmation
00-0037277,2023,TE,QB_TEAM_ENVIRONMENT,1.0,1,1,HIGH_LOCKED_LAGGED_PBP,confirmation
00-0037282,2023,TE,QB_TEAM_ENVIRONMENT,1.0,1,1,HIGH_LOCKED_LAGGED_PBP,confirmation
00-0037475,2023,TE,QB_TEAM_ENVIRONMENT,1.0,1,1,HIGH_LOCKED_LAGGED_PBP,confirmation
00-0037744,2023,TE,QB_TEAM_ENVIRONMENT,1.0,1,1,HIGH_LOCKED_LAGGED_PBP,confirmation
00-0037805,2023,TE,QB_TEAM_ENVIRONMENT,1.0,1,1,HIGH_LOCKED_LAGGED_PBP,confirmation
00-0037809,2023,TE,QB_TEAM_ENVIRONMENT,1.0,1,1,HIGH_LOCKED_LAGGED_PBP,confirmation
00-0023459,2024,QB,QB_TEAM_ENVIRONMENT,1.0,1,1,HIGH_LOCKED_LAGGED_PBP,confirmation
00-0027973,2024,QB,QB_TEAM_ENVIRONMENT,1.0,1,1,HIGH_LOCKED_LAGGED_PBP,confirmation
00-0028118,2024,QB,QB_TEAM_ENVIRONMENT,1.0,1,1,HIGH_LOCKED_LAGGED_PBP,confirmation
00-0029604,2024,QB,QB_TEAM_ENVIRONMENT,1.0,1,1,HIGH_LOCKED_LAGGED_PBP,confirmation
00-0030565,2024,QB,QB_TEAM_ENVIRONMENT,1.0,1,1,HIGH_LOCKED_LAGGED_PBP,confirmation
00-0031280,2024,QB,QB_TEAM_ENVIRONMENT,1.0,1,1,HIGH_LOCKED_LAGGED_PBP,confirmation
00-0031345,2024,QB,QB_TEAM_ENVIRONMENT,1.0,1,1,HIGH_LOCKED_LAGGED_PBP,confirmation
00-0031503,2024,QB,QB_TEAM_ENVIRONMENT,1.0,1,1,HIGH_LOCKED_LAGGED_PBP,confirmation
00-0031800,2024,QB,QB_TEAM_ENVIRONMENT,1.0,1,1,HIGH_LOCKED_LAGGED_PBP,confirmation
00-0032950,2024,QB,QB_TEAM_ENVIRONMENT,1.0,1,1,HIGH_LOCKED_LAGGED_PBP,confirmation
00-0033119,2024,QB,QB_TEAM_ENVIRONMENT,1.0,1,1,HIGH_LOCKED_LAGGED_PBP,confirmation
00-0033319,2024,QB,QB_TEAM_ENVIRONMENT,1.0,1,1,HIGH_LOCKED_LAGGED_PBP,confirmation
00-0033537,2024,QB,QB_TEAM_ENVIRONMENT,1.0,1,1,HIGH_LOCKED_LAGGED_PBP,confirmation
00-0033662,2024,QB,QB_TEAM_ENVIRONMENT,1.0,1,1,HIGH_LOCKED_LAGGED_PBP,confirmation
00-0033949,2024,QB,QB_TEAM_ENVIRONMENT,1.0,1,1,HIGH_LOCKED_LAGGED_PBP,confirmation
00-0034177,2024,QB,QB_TEAM_ENVIRONMENT,1.0,1,1,HIGH_LOCKED_LAGGED_PBP,confirmation
00-0034401,2024,QB,QB_TEAM_ENVIRONMENT,1.0,1,1,HIGH_LOCKED_LAGGED_PBP,confirmation
00-0034577,2024,QB,QB_TEAM_ENVIRONMENT,0.0,0,0,HIGH_LOCKED_LAGGED_PBP,confirmation
00-0035100,2024,QB,QB_TEAM_ENVIRONMENT,1.0,1,1,HIGH_LOCKED_LAGGED_PBP,confirmation
00-0035228,2024,QB,QB_TEAM_ENVIRONMENT,1.0,1,1,HIGH_LOCKED_LAGGED_PBP,confirmation
00-0035264,2024,QB,QB_TEAM_ENVIRONMENT,1.0,1,1,HIGH_LOCKED_LAGGED_PBP,confirmation
00-0035289,2024,QB,QB_TEAM_ENVIRONMENT,1.0,1,1,HIGH_LOCKED_LAGGED_PBP,confirmation
00-0035704,2024,QB,QB_TEAM_ENVIRONMENT,1.0,1,1,HIGH_LOCKED_LAGGED_PBP,confirmation
00-0035710,2024,QB,QB_TEAM_ENVIRONMENT,1.0,1,1,HIGH_LOCKED_LAGGED_PBP,confirmation
00-0035993,2024,QB,QB_TEAM_ENVIRONMENT,1.0,1,1,HIGH_LOCKED_LAGGED_PBP,confirmation
00-0036442,2024,QB,QB_TEAM_ENVIRONMENT,1.0,1,1,HIGH_LOCKED_LAGGED_PBP,confirmation
00-0036928,2024,QB,QB_TEAM_ENVIRONMENT,1.0,1,1,HIGH_LOCKED_LAGGED_PBP,confirmation
00-0036971,2024,QB,QB_TEAM_ENVIRONMENT,1.0,1,1,HIGH_LOCKED_LAGGED_PBP,confirmation
00-0036972,2024,QB,QB_TEAM_ENVIRONMENT,1.0,1,1,HIGH_LOCKED_LAGGED_PBP,confirmation
00-0037077,2024,QB,QB_TEAM_ENVIRONMENT,1.0,1,1,HIGH_LOCKED_LAGGED_PBP,confirmation
00-0038108,2024,QB,QB_TEAM_ENVIRONMENT,1.0,1,1,HIGH_LOCKED_LAGGED_PBP,confirmation
00-0038122,2024,QB,QB_TEAM_ENVIRONMENT,1.0,1,1,HIGH_LOCKED_LAGGED_PBP,confirmation
00-0038128,2024,QB,QB_TEAM_ENVIRONMENT,1.0,1,1,HIGH_LOCKED_LAGGED_PBP,confirmation
00-0038416,2024,QB,QB_TEAM_ENVIRONMENT,1.0,1,1,HIGH_LOCKED_LAGGED_PBP,confirmation
00-0038476,2024,QB,QB_TEAM_ENVIRONMENT,1.0,1,1,HIGH_LOCKED_LAGGED_PBP,confirmation
00-0038579,2024,QB,QB_TEAM_ENVIRONMENT,1.0,1,1,HIGH_LOCKED_LAGGED_PBP,confirmation
00-0038582,2024,QB,QB_TEAM_ENVIRONMENT,1.0,1,1,HIGH_LOCKED_LAGGED_PBP,confirmation
00-0038583,2024,QB,QB_TEAM_ENVIRONMENT,1.0,1,1,HIGH_LOCKED_LAGGED_PBP,confirmation
00-0039150,2024,QB,QB_TEAM_ENVIRONMENT,1.0,1,1,HIGH_LOCKED_LAGGED_PBP,confirmation
00-0039152,2024,QB,QB_TEAM_ENVIRONMENT,1.0,1,1,HIGH_LOCKED_LAGGED_PBP,confirmation
00-0039164,2024,QB,QB_TEAM_ENVIRONMENT,1.0,1,1,HIGH_LOCKED_LAGGED_PBP,confirmation
00-0032104,2024,RB,QB_TEAM_ENVIRONMENT,1.0,1,1,HIGH_LOCKED_LAGGED_PBP,confirmation
00-0033045,2024,RB,QB_TEAM_ENVIRONMENT,1.0,1,1,HIGH_LOCKED_LAGGED_PBP,confirmation
00-0033376,2024,RB,QB_TEAM_ENVIRONMENT,1.0,1,1,HIGH_LOCKED_LAGGED_PBP,confirmation
00-0033553,2024,RB,QB_TEAM_ENVIRONMENT,1.0,1,1,HIGH_LOCKED_LAGGED_PBP,confirmation
00-0033906,2024,RB,QB_TEAM_ENVIRONMENT,1.0,1,1,HIGH_LOCKED_LAGGED_PBP,confirmation
00-0033925,2024,RB,QB_TEAM_ENVIRONMENT,1.0,1,1,HIGH_LOCKED_LAGGED_PBP,confirmation
00-0033948,2024,RB,QB_TEAM_ENVIRONMENT,1.0,1,1,HIGH_LOCKED_LAGGED_PBP,confirmation
00-0034208,2024,RB,QB_TEAM_ENVIRONMENT,1.0,1,1,HIGH_LOCKED_LAGGED_PBP,confirmation
00-0034791,2024,RB,QB_TEAM_ENVIRONMENT,1.0,1,1,HIGH_LOCKED_LAGGED_PBP,confirmation
00-0034972,2024,RB,QB_TEAM_ENVIRONMENT,1.0,1,1,HIGH_LOCKED_LAGGED_PBP,confirmation
00-0035243,2024,RB,QB_TEAM_ENVIRONMENT,1.0,1,1,HIGH_LOCKED_LAGGED_PBP,confirmation
00-0035291,2024,RB,QB_TEAM_ENVIRONMENT,1.0,1,1,HIGH_LOCKED_LAGGED_PBP,confirmation
00-0035594,2024,RB,QB_TEAM_ENVIRONMENT,1.0,1,1,HIGH_LOCKED_LAGGED_PBP,confirmation
00-0035628,2024,RB,QB_TEAM_ENVIRONMENT,1.0,1,1,HIGH_LOCKED_LAGGED_PBP,confirmation
00-0035726,2024,RB,QB_TEAM_ENVIRONMENT,1.0,1,1,HIGH_LOCKED_LAGGED_PBP,confirmation
00-0035806,2024,RB,QB_TEAM_ENVIRONMENT,1.0,1,1,HIGH_LOCKED_LAGGED_PBP,confirmation
00-0035860,2024,RB,QB_TEAM_ENVIRONMENT,1.0,1,1,HIGH_LOCKED_LAGGED_PBP,confirmation
00-0035924,2024,RB,QB_TEAM_ENVIRONMENT,1.0,1,1,HIGH_LOCKED_LAGGED_PBP,confirmation
00-0036223,2024,RB,QB_TEAM_ENVIRONMENT,1.0,1,1,HIGH_LOCKED_LAGGED_PBP,confirmation
00-0036251,2024,RB,QB_TEAM_ENVIRONMENT,1.0,1,1,HIGH_LOCKED_LAGGED_PBP,confirmation
00-0036297,2024,RB,QB_TEAM_ENVIRONMENT,1.0,1,1,HIGH_LOCKED_LAGGED_PBP,confirmation
00-0036328,2024,RB,QB_TEAM_ENVIRONMENT,1.0,1,1,HIGH_LOCKED_LAGGED_PBP,confirmation
00-0036370,2024,RB,QB_TEAM_ENVIRONMENT,1.0,1,1,HIGH_LOCKED_LAGGED_PBP,confirmation
00-0036425,2024,RB,QB_TEAM_ENVIRONMENT,1.0,1,1,HIGH_LOCKED_LAGGED_PBP,confirmation
00-0036450,2024,RB,QB_TEAM_ENVIRONMENT,1.0,1,1,HIGH_LOCKED_LAGGED_PBP,confirmation
00-0036555,2024,RB,QB_TEAM_ENVIRONMENT,1.0,1,1,HIGH_LOCKED_LAGGED_PBP,confirmation
00-0036569,2024,RB,QB_TEAM_ENVIRONMENT,1.0,1,1,HIGH_LOCKED_LAGGED_PBP,confirmation
00-0036842,2024,RB,QB_TEAM_ENVIRONMENT,1.0,1,1,HIGH_LOCKED_LAGGED_PBP,confirmation
00-0036875,2024,RB,QB_TEAM_ENVIRONMENT,1.0,1,1,HIGH_LOCKED_LAGGED_PBP,confirmation
00-0036906,2024,RB,QB_TEAM_ENVIRONMENT,1.0,1,1,HIGH_LOCKED_LAGGED_PBP,confirmation
00-0036924,2024,RB,QB_TEAM_ENVIRONMENT,1.0,1,1,HIGH_LOCKED_LAGGED_PBP,confirmation
00-0036973,2024,RB,QB_TEAM_ENVIRONMENT,1.0,1,1,HIGH_LOCKED_LAGGED_PBP,confirmation
00-0036984,2024,RB,QB_TEAM_ENVIRONMENT,1.0,1,1,HIGH_LOCKED_LAGGED_PBP,confirmation
00-0037120,2024,RB,QB_TEAM_ENVIRONMENT,1.0,1,1,HIGH_LOCKED_LAGGED_PBP,confirmation
00-0037263,2024,RB,QB_TEAM_ENVIRONMENT,1.0,1,1,HIGH_LOCKED_LAGGED_PBP,confirmation
00-0037299,2024,RB,QB_TEAM_ENVIRONMENT,1.0,1,1,HIGH_LOCKED_LAGGED_PBP,confirmation
00-0037429,2024,RB,QB_TEAM_ENVIRONMENT,1.0,1,1,HIGH_LOCKED_LAGGED_PBP,confirmation
00-0037525,2024,RB,QB_TEAM_ENVIRONMENT,1.0,1,1,HIGH_LOCKED_LAGGED_PBP,confirmation
00-0037594,2024,RB,QB_TEAM_ENVIRONMENT,0.0,0,0,HIGH_LOCKED_LAGGED_PBP,confirmation
00-0037827,2024,RB,QB_TEAM_ENVIRONMENT,1.0,1,1,HIGH_LOCKED_LAGGED_PBP,confirmation
00-0038040,2024,RB,QB_TEAM_ENVIRONMENT,1.0,1,1,HIGH_LOCKED_LAGGED_PBP,confirmation
00-0038098,2024,RB,QB_TEAM_ENVIRONMENT,1.0,1,1,HIGH_LOCKED_LAGGED_PBP,confirmation
00-0038120,2024,RB,QB_TEAM_ENVIRONMENT,1.0,1,1,HIGH_LOCKED_LAGGED_PBP,confirmation
00-0038134,2024,RB,QB_TEAM_ENVIRONMENT,1.0,1,1,HIGH_LOCKED_LAGGED_PBP,confirmation
00-0038396,2024,RB,QB_TEAM_ENVIRONMENT,1.0,1,1,HIGH_LOCKED_LAGGED_PBP,confirmation
00-0038488,2024,RB,QB_TEAM_ENVIRONMENT,0.0,0,0,HIGH_LOCKED_LAGGED_PBP,confirmation
00-0038542,2024,RB,QB_TEAM_ENVIRONMENT,1.0,1,1,HIGH_LOCKED_LAGGED_PBP,confirmation
00-0038551,2024,RB,QB_TEAM_ENVIRONMENT,1.0,1,1,HIGH_LOCKED_LAGGED_PBP,confirmation
00-0038555,2024,RB,QB_TEAM_ENVIRONMENT,1.0,1,1,HIGH_LOCKED_LAGGED_PBP,confirmation
00-0038597,2024,RB,QB_TEAM_ENVIRONMENT,1.0,1,1,HIGH_LOCKED_LAGGED_PBP,confirmation
00-0038611,2024,RB,QB_TEAM_ENVIRONMENT,1.0,1,1,HIGH_LOCKED_LAGGED_PBP,confirmation
00-0038622,2024,RB,QB_TEAM_ENVIRONMENT,1.0,1,1,HIGH_LOCKED_LAGGED_PBP,confirmation
00-0038678,2024,RB,QB_TEAM_ENVIRONMENT,1.0,1,1,HIGH_LOCKED_LAGGED_PBP,confirmation
00-0038705,2024,RB,QB_TEAM_ENVIRONMENT,1.0,1,1,HIGH_LOCKED_LAGGED_PBP,confirmation
00-0038738,2024,RB,QB_TEAM_ENVIRONMENT,1.0,1,1,HIGH_LOCKED_LAGGED_PBP,confirmation
00-0038951,2024,RB,QB_TEAM_ENVIRONMENT,1.0,1,1,HIGH_LOCKED_LAGGED_PBP,confirmation
00-0039021,2024,RB,QB_TEAM_ENVIRONMENT,1.0,1,1,HIGH_LOCKED_LAGGED_PBP,confirmation
00-0039032,2024,RB,QB_TEAM_ENVIRONMENT,1.0,1,1,HIGH_LOCKED_LAGGED_PBP,confirmation
00-0039165,2024,RB,QB_TEAM_ENVIRONMENT,1.0,1,1,HIGH_LOCKED_LAGGED_PBP,confirmation
00-0030035,2024,WR,QB_TEAM_ENVIRONMENT,1.0,1,1,HIGH_LOCKED_LAGGED_PBP,confirmation
00-0030279,2024,WR,QB_TEAM_ENVIRONMENT,1.0,1,1,HIGH_LOCKED_LAGGED_PBP,confirmation
00-0031381,2024,WR,QB_TEAM_ENVIRONMENT,1.0,1,1,HIGH_LOCKED_LAGGED_PBP,confirmation
00-0031763,2024,WR,QB_TEAM_ENVIRONMENT,1.0,1,1,HIGH_LOCKED_LAGGED_PBP,confirmation
00-0032211,2024,WR,QB_TEAM_ENVIRONMENT,1.0,1,1,HIGH_LOCKED_LAGGED_PBP,confirmation
00-0032385,2024,WR,QB_TEAM_ENVIRONMENT,1.0,1,1,HIGH_LOCKED_LAGGED_PBP,confirmation
00-0032543,2024,WR,QB_TEAM_ENVIRONMENT,1.0,1,1,HIGH_LOCKED_LAGGED_PBP,confirmation
00-0032688,2024,WR,QB_TEAM_ENVIRONMENT,1.0,1,1,HIGH_LOCKED_LAGGED_PBP,confirmation
00-0033009,2024,WR,QB_TEAM_ENVIRONMENT,1.0,1,1,HIGH_LOCKED_LAGGED_PBP,confirmation
00-0033251,2024,WR,QB_TEAM_ENVIRONMENT,1.0,1,1,HIGH_LOCKED_LAGGED_PBP,confirmation
00-0033292,2024,WR,QB_TEAM_ENVIRONMENT,1.0,1,1,HIGH_LOCKED_LAGGED_PBP,confirmation
00-0033307,2024,WR,QB_TEAM_ENVIRONMENT,1.0,1,1,HIGH_LOCKED_LAGGED_PBP,confirmation
00-0033891,2024,WR,QB_TEAM_ENVIRONMENT,1.0,1,1,HIGH_LOCKED_LAGGED_PBP,confirmation
00-0034521,2024,WR,QB_TEAM_ENVIRONMENT,1.0,1,1,HIGH_LOCKED_LAGGED_PBP,confirmation
00-0034775,2024,WR,QB_TEAM_ENVIRONMENT,1.0,1,1,HIGH_LOCKED_LAGGED_PBP,confirmation
00-0034827,2024,WR,QB_TEAM_ENVIRONMENT,1.0,1,1,HIGH_LOCKED_LAGGED_PBP,confirmation
00-0034837,2024,WR,QB_TEAM_ENVIRONMENT,1.0,1,1,HIGH_LOCKED_LAGGED_PBP,confirmation
00-0034854,2024,WR,QB_TEAM_ENVIRONMENT,1.0,1,1,HIGH_LOCKED_LAGGED_PBP,confirmation
00-0034960,2024,WR,QB_TEAM_ENVIRONMENT,1.0,1,1,HIGH_LOCKED_LAGGED_PBP,confirmation
00-0035164,2024,WR,QB_TEAM_ENVIRONMENT,1.0,1,1,HIGH_LOCKED_LAGGED_PBP,confirmation
00-0035298,2024,WR,QB_TEAM_ENVIRONMENT,1.0,1,1,HIGH_LOCKED_LAGGED_PBP,confirmation
00-0035341,2024,WR,QB_TEAM_ENVIRONMENT,1.0,1,1,HIGH_LOCKED_LAGGED_PBP,confirmation
00-0035406,2024,WR,QB_TEAM_ENVIRONMENT,1.0,1,1,HIGH_LOCKED_LAGGED_PBP,confirmation
00-0035500,2024,WR,QB_TEAM_ENVIRONMENT,1.0,1,1,HIGH_LOCKED_LAGGED_PBP,confirmation
00-0035535,2024,WR,QB_TEAM_ENVIRONMENT,1.0,1,1,HIGH_LOCKED_LAGGED_PBP,confirmation
00-0035639,2024,WR,QB_TEAM_ENVIRONMENT,1.0,1,1,HIGH_LOCKED_LAGGED_PBP,confirmation
00-0035640,2024,WR,QB_TEAM_ENVIRONMENT,1.0,1,1,HIGH_LOCKED_LAGGED_PBP,confirmation
00-0036165,2024,WR,QB_TEAM_ENVIRONMENT,1.0,1,1,HIGH_LOCKED_LAGGED_PBP,confirmation
00-0036176,2024,WR,QB_TEAM_ENVIRONMENT,1.0,1,1,HIGH_LOCKED_LAGGED_PBP,confirmation
00-0036182,2024,WR,QB_TEAM_ENVIRONMENT,1.0,1,1,HIGH_LOCKED_LAGGED_PBP,confirmation
00-0036196,2024,WR,QB_TEAM_ENVIRONMENT,1.0,1,1,HIGH_LOCKED_LAGGED_PBP,confirmation
00-0036252,2024,WR,QB_TEAM_ENVIRONMENT,1.0,1,1,HIGH_LOCKED_LAGGED_PBP,confirmation
00-0036254,2024,WR,QB_TEAM_ENVIRONMENT,1.0,1,1,HIGH_LOCKED_LAGGED_PBP,confirmation
00-0036268,2024,WR,QB_TEAM_ENVIRONMENT,1.0,1,1,HIGH_LOCKED_LAGGED_PBP,confirmation
00-0036309,2024,WR,QB_TEAM_ENVIRONMENT,1.0,1,1,HIGH_LOCKED_LAGGED_PBP,confirmation
00-0036345,2024,WR,QB_TEAM_ENVIRONMENT,1.0,1,1,HIGH_LOCKED_LAGGED_PBP,confirmation
00-0036387,2024,WR,QB_TEAM_ENVIRONMENT,1.0,1,1,HIGH_LOCKED_LAGGED_PBP,confirmation
00-0036407,2024,WR,QB_TEAM_ENVIRONMENT,1.0,1,1,HIGH_LOCKED_LAGGED_PBP,confirmation
00-0036410,2024,WR,QB_TEAM_ENVIRONMENT,1.0,1,1,HIGH_LOCKED_LAGGED_PBP,confirmation
00-0036427,2024,WR,QB_TEAM_ENVIRONMENT,1.0,1,1,HIGH_LOCKED_LAGGED_PBP,confirmation
00-0036497,2024,WR,QB_TEAM_ENVIRONMENT,1.0,1,1,HIGH_LOCKED_LAGGED_PBP,confirmation
00-0036527,2024,WR,QB_TEAM_ENVIRONMENT,0.0,0,0,HIGH_LOCKED_LAGGED_PBP,confirmation
00-0036620,2024,WR,QB_TEAM_ENVIRONMENT,1.0,1,1,HIGH_LOCKED_LAGGED_PBP,confirmation
00-0036635,2024,WR,QB_TEAM_ENVIRONMENT,1.0,1,1,HIGH_LOCKED_LAGGED_PBP,confirmation
00-0036646,2024,WR,QB_TEAM_ENVIRONMENT,1.0,1,1,HIGH_LOCKED_LAGGED_PBP,confirmation
00-0036877,2024,WR,QB_TEAM_ENVIRONMENT,0.0,0,0,HIGH_LOCKED_LAGGED_PBP,confirmation
00-0036900,2024,WR,QB_TEAM_ENVIRONMENT,1.0,1,1,HIGH_LOCKED_LAGGED_PBP,confirmation
00-0036913,2024,WR,QB_TEAM_ENVIRONMENT,1.0,1,1,HIGH_LOCKED_LAGGED_PBP,confirmation
00-0036955,2024,WR,QB_TEAM_ENVIRONMENT,1.0,1,1,HIGH_LOCKED_LAGGED_PBP,confirmation
00-0036988,2024,WR,QB_TEAM_ENVIRONMENT,1.0,1,1,HIGH_LOCKED_LAGGED_PBP,confirmation
00-0037093,2024,WR,QB_TEAM_ENVIRONMENT,0.0,0,0,HIGH_LOCKED_LAGGED_PBP,confirmation
00-0037156,2024,WR,QB_TEAM_ENVIRONMENT,1.0,1,1,HIGH_LOCKED_LAGGED_PBP,confirmation
00-0037216,2024,WR,QB_TEAM_ENVIRONMENT,1.0,1,1,HIGH_LOCKED_LAGGED_PBP,confirmation
00-0037238,2024,WR,QB_TEAM_ENVIRONMENT,1.0,1,1,HIGH_LOCKED_LAGGED_PBP,confirmation
00-0037239,2024,WR,QB_TEAM_ENVIRONMENT,1.0,1,1,HIGH_LOCKED_LAGGED_PBP,confirmation
00-0037272,2024,WR,QB_TEAM_ENVIRONMENT,0.0,0,0,HIGH_LOCKED_LAGGED_PBP,confirmation
00-0037382,2024,WR,QB_TEAM_ENVIRONMENT,1.0,1,1,HIGH_LOCKED_LAGGED_PBP,confirmation
00-0037545,2024,WR,QB_TEAM_ENVIRONMENT,1.0,1,1,HIGH_LOCKED_LAGGED_PBP,confirmation
00-0037664,2024,WR,QB_TEAM_ENVIRONMENT,1.0,1,1,HIGH_LOCKED_LAGGED_PBP,confirmation
00-0037740,2024,WR,QB_TEAM_ENVIRONMENT,1.0,1,1,HIGH_LOCKED_LAGGED_PBP,confirmation
00-0037742,2024,WR,QB_TEAM_ENVIRONMENT,1.0,1,1,HIGH_LOCKED_LAGGED_PBP,confirmation
00-0037745,2024,WR,QB_TEAM_ENVIRONMENT,1.0,1,1,HIGH_LOCKED_LAGGED_PBP,confirmation
00-0038090,2024,WR,QB_TEAM_ENVIRONMENT,1.0,1,1,HIGH_LOCKED_LAGGED_PBP,confirmation
00-0038092,2024,WR,QB_TEAM_ENVIRONMENT,1.0,1,1,HIGH_LOCKED_LAGGED_PBP,confirmation
00-0038104,2024,WR,QB_TEAM_ENVIRONMENT,1.0,1,1,HIGH_LOCKED_LAGGED_PBP,confirmation
00-0038117,2024,WR,QB_TEAM_ENVIRONMENT,1.0,1,1,HIGH_LOCKED_LAGGED_PBP,confirmation
00-0038496,2024,WR,QB_TEAM_ENVIRONMENT,1.0,1,1,HIGH_LOCKED_LAGGED_PBP,confirmation
00-0038543,2024,WR,QB_TEAM_ENVIRONMENT,1.0,1,1,HIGH_LOCKED_LAGGED_PBP,confirmation
00-0038559,2024,WR,QB_TEAM_ENVIRONMENT,1.0,1,1,HIGH_LOCKED_LAGGED_PBP,confirmation
00-0038563,2024,WR,QB_TEAM_ENVIRONMENT,1.0,1,1,HIGH_LOCKED_LAGGED_PBP,confirmation
00-0038576,2024,WR,QB_TEAM_ENVIRONMENT,1.0,1,1,HIGH_LOCKED_LAGGED_PBP,confirmation
00-0038606,2024,WR,QB_TEAM_ENVIRONMENT,1.0,1,1,HIGH_LOCKED_LAGGED_PBP,confirmation
00-0038608,2024,WR,QB_TEAM_ENVIRONMENT,1.0,1,1,HIGH_LOCKED_LAGGED_PBP,confirmation
00-0038619,2024,WR,QB_TEAM_ENVIRONMENT,1.0,1,1,HIGH_LOCKED_LAGGED_PBP,confirmation
00-0038621,2024,WR,QB_TEAM_ENVIRONMENT,1.0,1,1,HIGH_LOCKED_LAGGED_PBP,confirmation
00-0038640,2024,WR,QB_TEAM_ENVIRONMENT,1.0,1,1,HIGH_LOCKED_LAGGED_PBP,confirmation
00-0038647,2024,WR,QB_TEAM_ENVIRONMENT,1.0,1,1,HIGH_LOCKED_LAGGED_PBP,confirmation
00-0038752,2024,WR,QB_TEAM_ENVIRONMENT,1.0,1,1,HIGH_LOCKED_LAGGED_PBP,confirmation
00-0038821,2024,WR,QB_TEAM_ENVIRONMENT,1.0,1,1,HIGH_LOCKED_LAGGED_PBP,confirmation
00-0038938,2024,WR,QB_TEAM_ENVIRONMENT,1.0,1,1,HIGH_LOCKED_LAGGED_PBP,confirmation
00-0038941,2024,WR,QB_TEAM_ENVIRONMENT,1.0,1,1,HIGH_LOCKED_LAGGED_PBP,confirmation
00-0038977,2024,WR,QB_TEAM_ENVIRONMENT,1.0,1,1,HIGH_LOCKED_LAGGED_PBP,confirmation
00-0038979,2024,WR,QB_TEAM_ENVIRONMENT,1.0,1,1,HIGH_LOCKED_LAGGED_PBP,confirmation
00-0038997,2024,WR,QB_TEAM_ENVIRONMENT,1.0,1,1,HIGH_LOCKED_LAGGED_PBP,confirmation
00-0039062,2024,WR,QB_TEAM_ENVIRONMENT,1.0,1,1,HIGH_LOCKED_LAGGED_PBP,confirmation
00-0024243,2024,TE,QB_TEAM_ENVIRONMENT,1.0,1,1,HIGH_LOCKED_LAGGED_PBP,confirmation
00-0031484,2024,TE,QB_TEAM_ENVIRONMENT,1.0,1,1,HIGH_LOCKED_LAGGED_PBP,confirmation
00-0031585,2024,TE,QB_TEAM_ENVIRONMENT,1.0,1,1,HIGH_LOCKED_LAGGED_PBP,confirmation
00-0032134,2024,TE,QB_TEAM_ENVIRONMENT,1.0,1,1,HIGH_LOCKED_LAGGED_PBP,confirmation
00-0032141,2024,TE,QB_TEAM_ENVIRONMENT,1.0,1,1,HIGH_LOCKED_LAGGED_PBP,confirmation
00-0032392,2024,TE,QB_TEAM_ENVIRONMENT,1.0,1,1,HIGH_LOCKED_LAGGED_PBP,confirmation
00-0032394,2024,TE,QB_TEAM_ENVIRONMENT,1.0,1,1,HIGH_LOCKED_LAGGED_PBP,confirmation
00-0033090,2024,TE,QB_TEAM_ENVIRONMENT,1.0,1,1,HIGH_LOCKED_LAGGED_PBP,confirmation
00-0033217,2024,TE,QB_TEAM_ENVIRONMENT,1.0,1,1,HIGH_LOCKED_LAGGED_PBP,confirmation
00-0033357,2024,TE,QB_TEAM_ENVIRONMENT,1.0,1,1,HIGH_LOCKED_LAGGED_PBP,confirmation
00-0033439,2024,TE,QB_TEAM_ENVIRONMENT,1.0,1,1,HIGH_LOCKED_LAGGED_PBP,confirmation
00-0033576,2024,TE,QB_TEAM_ENVIRONMENT,1.0,1,1,HIGH_LOCKED_LAGGED_PBP,confirmation
00-0033858,2024,TE,QB_TEAM_ENVIRONMENT,1.0,1,1,HIGH_LOCKED_LAGGED_PBP,confirmation
00-0033881,2024,TE,QB_TEAM_ENVIRONMENT,1.0,1,1,HIGH_LOCKED_LAGGED_PBP,confirmation
00-0033895,2024,TE,QB_TEAM_ENVIRONMENT,1.0,1,1,HIGH_LOCKED_LAGGED_PBP,confirmation
00-0034073,2024,TE,QB_TEAM_ENVIRONMENT,1.0,1,1,HIGH_LOCKED_LAGGED_PBP,confirmation
00-0034270,2024,TE,QB_TEAM_ENVIRONMENT,1.0,1,1,HIGH_LOCKED_LAGGED_PBP,confirmation
00-0034364,2024,TE,QB_TEAM_ENVIRONMENT,1.0,1,1,HIGH_LOCKED_LAGGED_PBP,confirmation
00-0034365,2024,TE,QB_TEAM_ENVIRONMENT,1.0,1,1,HIGH_LOCKED_LAGGED_PBP,confirmation
00-0034613,2024,TE,QB_TEAM_ENVIRONMENT,1.0,1,1,HIGH_LOCKED_LAGGED_PBP,confirmation
00-0034829,2024,TE,QB_TEAM_ENVIRONMENT,1.0,1,1,HIGH_LOCKED_LAGGED_PBP,confirmation
00-0034830,2024,TE,QB_TEAM_ENVIRONMENT,1.0,1,1,HIGH_LOCKED_LAGGED_PBP,confirmation
00-0034981,2024,TE,QB_TEAM_ENVIRONMENT,1.0,1,1,HIGH_LOCKED_LAGGED_PBP,confirmation
00-0035631,2024,TE,QB_TEAM_ENVIRONMENT,1.0,1,1,HIGH_LOCKED_LAGGED_PBP,confirmation
00-0035644,2024,TE,QB_TEAM_ENVIRONMENT,1.0,1,1,HIGH_LOCKED_LAGGED_PBP,confirmation
00-0036040,2024,TE,QB_TEAM_ENVIRONMENT,1.0,1,1,HIGH_LOCKED_LAGGED_PBP,confirmation
00-0036290,2024,TE,QB_TEAM_ENVIRONMENT,1.0,1,1,HIGH_LOCKED_LAGGED_PBP,confirmation
00-0036438,2024,TE,QB_TEAM_ENVIRONMENT,1.0,1,1,HIGH_LOCKED_LAGGED_PBP,confirmation
00-0036510,2024,TE,QB_TEAM_ENVIRONMENT,1.0,1,1,HIGH_LOCKED_LAGGED_PBP,confirmation
00-0036741,2024,TE,QB_TEAM_ENVIRONMENT,1.0,1,1,HIGH_LOCKED_LAGGED_PBP,confirmation
00-0036876,2024,TE,QB_TEAM_ENVIRONMENT,1.0,1,1,HIGH_LOCKED_LAGGED_PBP,confirmation
00-0036887,2024,TE,QB_TEAM_ENVIRONMENT,1.0,1,1,HIGH_LOCKED_LAGGED_PBP,confirmation
00-0036970,2024,TE,QB_TEAM_ENVIRONMENT,1.0,1,1,HIGH_LOCKED_LAGGED_PBP,confirmation
00-0037005,2024,TE,QB_TEAM_ENVIRONMENT,1.0,1,1,HIGH_LOCKED_LAGGED_PBP,confirmation
00-0037252,2024,TE,QB_TEAM_ENVIRONMENT,1.0,1,1,HIGH_LOCKED_LAGGED_PBP,confirmation
00-0037292,2024,TE,QB_TEAM_ENVIRONMENT,1.0,1,1,HIGH_LOCKED_LAGGED_PBP,confirmation
00-0037451,2024,TE,QB_TEAM_ENVIRONMENT,1.0,1,1,HIGH_LOCKED_LAGGED_PBP,confirmation
00-0037475,2024,TE,QB_TEAM_ENVIRONMENT,1.0,1,1,HIGH_LOCKED_LAGGED_PBP,confirmation
00-0037569,2024,TE,QB_TEAM_ENVIRONMENT,1.0,1,1,HIGH_LOCKED_LAGGED_PBP,confirmation
00-0037744,2024,TE,QB_TEAM_ENVIRONMENT,1.0,1,1,HIGH_LOCKED_LAGGED_PBP,confirmation
00-0037805,2024,TE,QB_TEAM_ENVIRONMENT,1.0,1,1,HIGH_LOCKED_LAGGED_PBP,confirmation
00-0037809,2024,TE,QB_TEAM_ENVIRONMENT,1.0,1,1,HIGH_LOCKED_LAGGED_PBP,confirmation
00-0038115,2024,TE,QB_TEAM_ENVIRONMENT,1.0,1,1,HIGH_LOCKED_LAGGED_PBP,confirmation
00-0038394,2024,TE,QB_TEAM_ENVIRONMENT,1.0,1,1,HIGH_LOCKED_LAGGED_PBP,confirmation
00-0038589,2024,TE,QB_TEAM_ENVIRONMENT,1.0,1,1,HIGH_LOCKED_LAGGED_PBP,confirmation
00-0038720,2024,TE,QB_TEAM_ENVIRONMENT,1.0,1,1,HIGH_LOCKED_LAGGED_PBP,confirmation
00-0038783,2024,TE,QB_TEAM_ENVIRONMENT,1.0,1,1,HIGH_LOCKED_LAGGED_PBP,confirmation
00-0038935,2024,TE,QB_TEAM_ENVIRONMENT,1.0,1,1,HIGH_LOCKED_LAGGED_PBP,confirmation
00-0039041,2024,TE,QB_TEAM_ENVIRONMENT,1.0,1,1,HIGH_LOCKED_LAGGED_PBP,confirmation
00-0039066,2024,TE,QB_TEAM_ENVIRONMENT,1.0,1,1,HIGH_LOCKED_LAGGED_PBP,confirmation
00-0026158,2025,QB,QB_TEAM_ENVIRONMENT,1.0,1,1,HIGH_LOCKED_LAGGED_PBP,confirmation
00-0026300,2025,QB,QB_TEAM_ENVIRONMENT,1.0,1,1,HIGH_LOCKED_LAGGED_PBP,confirmation
00-0027973,2025,QB,QB_TEAM_ENVIRONMENT,1.0,1,1,HIGH_LOCKED_LAGGED_PBP,confirmation
00-0028118,2025,QB,QB_TEAM_ENVIRONMENT,1.0,1,1,HIGH_LOCKED_LAGGED_PBP,confirmation
00-0029604,2025,QB,QB_TEAM_ENVIRONMENT,1.0,1,1,HIGH_LOCKED_LAGGED_PBP,confirmation
00-0030565,2025,QB,QB_TEAM_ENVIRONMENT,1.0,1,1,HIGH_LOCKED_LAGGED_PBP,confirmation
00-0031345,2025,QB,QB_TEAM_ENVIRONMENT,1.0,1,1,HIGH_LOCKED_LAGGED_PBP,confirmation
00-0031503,2025,QB,QB_TEAM_ENVIRONMENT,1.0,1,1,HIGH_LOCKED_LAGGED_PBP,confirmation
00-0032434,2025,QB,QB_TEAM_ENVIRONMENT,1.0,1,1,HIGH_LOCKED_LAGGED_PBP,confirmation
00-0032950,2025,QB,QB_TEAM_ENVIRONMENT,1.0,1,1,HIGH_LOCKED_LAGGED_PBP,confirmation
00-0033077,2025,QB,QB_TEAM_ENVIRONMENT,1.0,1,1,HIGH_LOCKED_LAGGED_PBP,confirmation
00-0033119,2025,QB,QB_TEAM_ENVIRONMENT,1.0,1,1,HIGH_LOCKED_LAGGED_PBP,confirmation
00-0033319,2025,QB,QB_TEAM_ENVIRONMENT,1.0,1,1,HIGH_LOCKED_LAGGED_PBP,confirmation
00-0033662,2025,QB,QB_TEAM_ENVIRONMENT,1.0,1,1,HIGH_LOCKED_LAGGED_PBP,confirmation
00-0033949,2025,QB,QB_TEAM_ENVIRONMENT,1.0,1,1,HIGH_LOCKED_LAGGED_PBP,confirmation
00-0034577,2025,QB,QB_TEAM_ENVIRONMENT,1.0,1,1,HIGH_LOCKED_LAGGED_PBP,confirmation
00-0035100,2025,QB,QB_TEAM_ENVIRONMENT,0.0,0,0,HIGH_LOCKED_LAGGED_PBP,confirmation
00-0035228,2025,QB,QB_TEAM_ENVIRONMENT,1.0,1,1,HIGH_LOCKED_LAGGED_PBP,confirmation
00-0035289,2025,QB,QB_TEAM_ENVIRONMENT,1.0,1,1,HIGH_LOCKED_LAGGED_PBP,confirmation
00-0035704,2025,QB,QB_TEAM_ENVIRONMENT,1.0,1,1,HIGH_LOCKED_LAGGED_PBP,confirmation
00-0035710,2025,QB,QB_TEAM_ENVIRONMENT,1.0,1,1,HIGH_LOCKED_LAGGED_PBP,confirmation
00-0035993,2025,QB,QB_TEAM_ENVIRONMENT,1.0,1,1,HIGH_LOCKED_LAGGED_PBP,confirmation
00-0036212,2025,QB,QB_TEAM_ENVIRONMENT,1.0,1,1,HIGH_LOCKED_LAGGED_PBP,confirmation
00-0036442,2025,QB,QB_TEAM_ENVIRONMENT,1.0,1,1,HIGH_LOCKED_LAGGED_PBP,confirmation
00-0036898,2025,QB,QB_TEAM_ENVIRONMENT,1.0,1,1,HIGH_LOCKED_LAGGED_PBP,confirmation
00-0037012,2025,QB,QB_TEAM_ENVIRONMENT,1.0,1,1,HIGH_LOCKED_LAGGED_PBP,confirmation
00-0037324,2025,QB,QB_TEAM_ENVIRONMENT,1.0,1,1,HIGH_LOCKED_LAGGED_PBP,confirmation
00-0038128,2025,QB,QB_TEAM_ENVIRONMENT,1.0,1,1,HIGH_LOCKED_LAGGED_PBP,confirmation
00-0038400,2025,QB,QB_TEAM_ENVIRONMENT,1.0,1,1,HIGH_LOCKED_LAGGED_PBP,confirmation
00-0038416,2025,QB,QB_TEAM_ENVIRONMENT,1.0,1,1,HIGH_LOCKED_LAGGED_PBP,confirmation
00-0038579,2025,QB,QB_TEAM_ENVIRONMENT,1.0,1,1,HIGH_LOCKED_LAGGED_PBP,confirmation
00-0038582,2025,QB,QB_TEAM_ENVIRONMENT,1.0,1,1,HIGH_LOCKED_LAGGED_PBP,confirmation
00-0039164,2025,QB,QB_TEAM_ENVIRONMENT,1.0,1,1,HIGH_LOCKED_LAGGED_PBP,confirmation
00-0039376,2025,QB,QB_TEAM_ENVIRONMENT,1.0,1,1,HIGH_LOCKED_LAGGED_PBP,confirmation
00-0039398,2025,QB,QB_TEAM_ENVIRONMENT,1.0,1,1,HIGH_LOCKED_LAGGED_PBP,confirmation
00-0039917,2025,QB,QB_TEAM_ENVIRONMENT,1.0,1,1,HIGH_LOCKED_LAGGED_PBP,confirmation
00-0031687,2025,RB,QB_TEAM_ENVIRONMENT,1.0,1,1,HIGH_LOCKED_LAGGED_PBP,confirmation
00-0032104,2025,RB,QB_TEAM_ENVIRONMENT,1.0,1,1,HIGH_LOCKED_LAGGED_PBP,confirmation
00-0033376,2025,RB,QB_TEAM_ENVIRONMENT,1.0,1,1,HIGH_LOCKED_LAGGED_PBP,confirmation
00-0033553,2025,RB,QB_TEAM_ENVIRONMENT,1.0,1,1,HIGH_LOCKED_LAGGED_PBP,confirmation
00-0033906,2025,RB,QB_TEAM_ENVIRONMENT,1.0,1,1,HIGH_LOCKED_LAGGED_PBP,confirmation
00-0035243,2025,RB,QB_TEAM_ENVIRONMENT,1.0,1,1,HIGH_LOCKED_LAGGED_PBP,confirmation
00-0035250,2025,RB,QB_TEAM_ENVIRONMENT,1.0,1,1,HIGH_LOCKED_LAGGED_PBP,confirmation
00-0035261,2025,RB,QB_TEAM_ENVIRONMENT,1.0,1,1,HIGH_LOCKED_LAGGED_PBP,confirmation
00-0035291,2025,RB,QB_TEAM_ENVIRONMENT,0.0,0,0,HIGH_LOCKED_LAGGED_PBP,confirmation
00-0035311,2025,RB,QB_TEAM_ENVIRONMENT,1.0,1,1,HIGH_LOCKED_LAGGED_PBP,confirmation
00-0035594,2025,RB,QB_TEAM_ENVIRONMENT,1.0,1,1,HIGH_LOCKED_LAGGED_PBP,confirmation
00-0035726,2025,RB,QB_TEAM_ENVIRONMENT,0.0,0,0,HIGH_LOCKED_LAGGED_PBP,confirmation
00-0036223,2025,RB,QB_TEAM_ENVIRONMENT,1.0,1,1,HIGH_LOCKED_LAGGED_PBP,confirmation
00-0036328,2025,RB,QB_TEAM_ENVIRONMENT,1.0,1,1,HIGH_LOCKED_LAGGED_PBP,confirmation
00-0036360,2025,RB,QB_TEAM_ENVIRONMENT,1.0,1,1,HIGH_LOCKED_LAGGED_PBP,confirmation
00-0036425,2025,RB,QB_TEAM_ENVIRONMENT,1.0,1,1,HIGH_LOCKED_LAGGED_PBP,confirmation
00-0036569,2025,RB,QB_TEAM_ENVIRONMENT,0.0,0,0,HIGH_LOCKED_LAGGED_PBP,confirmation
00-0036842,2025,RB,QB_TEAM_ENVIRONMENT,0.0,0,0,HIGH_LOCKED_LAGGED_PBP,confirmation
00-0036906,2025,RB,QB_TEAM_ENVIRONMENT,1.0,1,1,HIGH_LOCKED_LAGGED_PBP,confirmation
00-0036924,2025,RB,QB_TEAM_ENVIRONMENT,1.0,1,1,HIGH_LOCKED_LAGGED_PBP,confirmation
00-0036950,2025,RB,QB_TEAM_ENVIRONMENT,0.0,0,0,HIGH_LOCKED_LAGGED_PBP,confirmation
00-0036984,2025,RB,QB_TEAM_ENVIRONMENT,1.0,1,1,HIGH_LOCKED_LAGGED_PBP,confirmation
00-0037120,2025,RB,QB_TEAM_ENVIRONMENT,1.0,1,1,HIGH_LOCKED_LAGGED_PBP,confirmation
00-0037263,2025,RB,QB_TEAM_ENVIRONMENT,1.0,1,1,HIGH_LOCKED_LAGGED_PBP,confirmation
00-0037267,2025,RB,QB_TEAM_ENVIRONMENT,1.0,1,1,HIGH_LOCKED_LAGGED_PBP,confirmation
00-0037525,2025,RB,QB_TEAM_ENVIRONMENT,1.0,1,1,HIGH_LOCKED_LAGGED_PBP,confirmation
00-0037594,2025,RB,QB_TEAM_ENVIRONMENT,1.0,1,1,HIGH_LOCKED_LAGGED_PBP,confirmation
00-0038040,2025,RB,QB_TEAM_ENVIRONMENT,1.0,1,1,HIGH_LOCKED_LAGGED_PBP,confirmation
00-0038120,2025,RB,QB_TEAM_ENVIRONMENT,1.0,1,1,HIGH_LOCKED_LAGGED_PBP,confirmation
00-0038396,2025,RB,QB_TEAM_ENVIRONMENT,1.0,1,1,HIGH_LOCKED_LAGGED_PBP,confirmation
00-0038542,2025,RB,QB_TEAM_ENVIRONMENT,1.0,1,1,HIGH_LOCKED_LAGGED_PBP,confirmation
00-0038551,2025,RB,QB_TEAM_ENVIRONMENT,1.0,1,1,HIGH_LOCKED_LAGGED_PBP,confirmation
00-0038597,2025,RB,QB_TEAM_ENVIRONMENT,1.0,1,1,HIGH_LOCKED_LAGGED_PBP,confirmation
00-0038611,2025,RB,QB_TEAM_ENVIRONMENT,1.0,1,1,HIGH_LOCKED_LAGGED_PBP,confirmation
00-0038678,2025,RB,QB_TEAM_ENVIRONMENT,1.0,1,1,HIGH_LOCKED_LAGGED_PBP,confirmation
00-0038705,2025,RB,QB_TEAM_ENVIRONMENT,1.0,1,1,HIGH_LOCKED_LAGGED_PBP,confirmation
00-0038738,2025,RB,QB_TEAM_ENVIRONMENT,1.0,1,1,HIGH_LOCKED_LAGGED_PBP,confirmation
00-0038951,2025,RB,QB_TEAM_ENVIRONMENT,1.0,1,1,HIGH_LOCKED_LAGGED_PBP,confirmation
00-0039021,2025,RB,QB_TEAM_ENVIRONMENT,1.0,1,1,HIGH_LOCKED_LAGGED_PBP,confirmation
00-0039032,2025,RB,QB_TEAM_ENVIRONMENT,1.0,1,1,HIGH_LOCKED_LAGGED_PBP,confirmation
00-0039040,2025,RB,QB_TEAM_ENVIRONMENT,1.0,1,1,HIGH_LOCKED_LAGGED_PBP,confirmation
00-0039363,2025,RB,QB_TEAM_ENVIRONMENT,1.0,1,1,HIGH_LOCKED_LAGGED_PBP,confirmation
00-0039364,2025,RB,QB_TEAM_ENVIRONMENT,1.0,1,1,HIGH_LOCKED_LAGGED_PBP,confirmation
00-0039373,2025,RB,QB_TEAM_ENVIRONMENT,1.0,1,1,HIGH_LOCKED_LAGGED_PBP,confirmation
00-0039384,2025,RB,QB_TEAM_ENVIRONMENT,1.0,1,1,HIGH_LOCKED_LAGGED_PBP,confirmation
00-0039407,2025,RB,QB_TEAM_ENVIRONMENT,1.0,1,1,HIGH_LOCKED_LAGGED_PBP,confirmation
00-0039757,2025,RB,QB_TEAM_ENVIRONMENT,1.0,1,1,HIGH_LOCKED_LAGGED_PBP,confirmation
00-0039794,2025,RB,QB_TEAM_ENVIRONMENT,1.0,1,1,HIGH_LOCKED_LAGGED_PBP,confirmation
00-0039796,2025,RB,QB_TEAM_ENVIRONMENT,1.0,1,1,HIGH_LOCKED_LAGGED_PBP,confirmation
00-0039798,2025,RB,QB_TEAM_ENVIRONMENT,1.0,1,1,HIGH_LOCKED_LAGGED_PBP,confirmation
00-0039874,2025,RB,QB_TEAM_ENVIRONMENT,1.0,1,1,HIGH_LOCKED_LAGGED_PBP,confirmation
00-0039921,2025,RB,QB_TEAM_ENVIRONMENT,1.0,1,1,HIGH_LOCKED_LAGGED_PBP,confirmation
00-0031763,2025,WR,QB_TEAM_ENVIRONMENT,1.0,1,1,HIGH_LOCKED_LAGGED_PBP,confirmation
00-0032211,2025,WR,QB_TEAM_ENVIRONMENT,1.0,1,1,HIGH_LOCKED_LAGGED_PBP,confirmation
00-0032385,2025,WR,QB_TEAM_ENVIRONMENT,1.0,1,1,HIGH_LOCKED_LAGGED_PBP,confirmation
00-0032688,2025,WR,QB_TEAM_ENVIRONMENT,1.0,1,1,HIGH_LOCKED_LAGGED_PBP,confirmation
00-0033040,2025,WR,QB_TEAM_ENVIRONMENT,1.0,1,1,HIGH_LOCKED_LAGGED_PBP,confirmation
00-0033589,2025,WR,QB_TEAM_ENVIRONMENT,1.0,1,1,HIGH_LOCKED_LAGGED_PBP,confirmation
00-0033591,2025,WR,QB_TEAM_ENVIRONMENT,1.0,1,1,HIGH_LOCKED_LAGGED_PBP,confirmation
00-0033891,2025,WR,QB_TEAM_ENVIRONMENT,1.0,1,1,HIGH_LOCKED_LAGGED_PBP,confirmation
00-0033921,2025,WR,QB_TEAM_ENVIRONMENT,1.0,1,1,HIGH_LOCKED_LAGGED_PBP,confirmation
00-0033943,2025,WR,QB_TEAM_ENVIRONMENT,1.0,1,1,HIGH_LOCKED_LAGGED_PBP,confirmation
00-0034054,2025,WR,QB_TEAM_ENVIRONMENT,1.0,1,1,HIGH_LOCKED_LAGGED_PBP,confirmation
00-0034407,2025,WR,QB_TEAM_ENVIRONMENT,1.0,1,1,HIGH_LOCKED_LAGGED_PBP,confirmation
00-0034418,2025,WR,QB_TEAM_ENVIRONMENT,1.0,1,1,HIGH_LOCKED_LAGGED_PBP,confirmation
00-0034521,2025,WR,QB_TEAM_ENVIRONMENT,1.0,1,1,HIGH_LOCKED_LAGGED_PBP,confirmation
00-0034837,2025,WR,QB_TEAM_ENVIRONMENT,1.0,1,1,HIGH_LOCKED_LAGGED_PBP,confirmation
00-0034854,2025,WR,QB_TEAM_ENVIRONMENT,1.0,1,1,HIGH_LOCKED_LAGGED_PBP,confirmation
00-0034860,2025,WR,QB_TEAM_ENVIRONMENT,1.0,1,1,HIGH_LOCKED_LAGGED_PBP,confirmation
00-0035021,2025,WR,QB_TEAM_ENVIRONMENT,1.0,1,1,HIGH_LOCKED_LAGGED_PBP,confirmation
00-0035298,2025,WR,QB_TEAM_ENVIRONMENT,1.0,1,1,HIGH_LOCKED_LAGGED_PBP,confirmation
00-0035500,2025,WR,QB_TEAM_ENVIRONMENT,1.0,1,1,HIGH_LOCKED_LAGGED_PBP,confirmation
00-0035535,2025,WR,QB_TEAM_ENVIRONMENT,1.0,1,1,HIGH_LOCKED_LAGGED_PBP,confirmation
00-0035544,2025,WR,QB_TEAM_ENVIRONMENT,1.0,1,1,HIGH_LOCKED_LAGGED_PBP,confirmation
00-0035602,2025,WR,QB_TEAM_ENVIRONMENT,1.0,1,1,HIGH_LOCKED_LAGGED_PBP,confirmation
00-0035639,2025,WR,QB_TEAM_ENVIRONMENT,1.0,1,1,HIGH_LOCKED_LAGGED_PBP,confirmation
00-0035719,2025,WR,QB_TEAM_ENVIRONMENT,1.0,1,1,HIGH_LOCKED_LAGGED_PBP,confirmation
00-0035891,2025,WR,QB_TEAM_ENVIRONMENT,1.0,1,1,HIGH_LOCKED_LAGGED_PBP,confirmation
00-0036133,2025,WR,QB_TEAM_ENVIRONMENT,1.0,1,1,HIGH_LOCKED_LAGGED_PBP,confirmation
00-0036165,2025,WR,QB_TEAM_ENVIRONMENT,1.0,1,1,HIGH_LOCKED_LAGGED_PBP,confirmation
00-0036176,2025,WR,QB_TEAM_ENVIRONMENT,1.0,1,1,HIGH_LOCKED_LAGGED_PBP,confirmation
00-0036182,2025,WR,QB_TEAM_ENVIRONMENT,1.0,1,1,HIGH_LOCKED_LAGGED_PBP,confirmation
00-0036252,2025,WR,QB_TEAM_ENVIRONMENT,1.0,1,1,HIGH_LOCKED_LAGGED_PBP,confirmation
00-0036309,2025,WR,QB_TEAM_ENVIRONMENT,1.0,1,1,HIGH_LOCKED_LAGGED_PBP,confirmation
00-0036358,2025,WR,QB_TEAM_ENVIRONMENT,1.0,1,1,HIGH_LOCKED_LAGGED_PBP,confirmation
00-0036407,2025,WR,QB_TEAM_ENVIRONMENT,1.0,1,1,HIGH_LOCKED_LAGGED_PBP,confirmation
00-0036410,2025,WR,QB_TEAM_ENVIRONMENT,1.0,1,1,HIGH_LOCKED_LAGGED_PBP,confirmation
00-0036427,2025,WR,QB_TEAM_ENVIRONMENT,1.0,1,1,HIGH_LOCKED_LAGGED_PBP,confirmation
00-0036463,2025,WR,QB_TEAM_ENVIRONMENT,1.0,1,1,HIGH_LOCKED_LAGGED_PBP,confirmation
00-0036497,2025,WR,QB_TEAM_ENVIRONMENT,1.0,1,1,HIGH_LOCKED_LAGGED_PBP,confirmation
00-0036527,2025,WR,QB_TEAM_ENVIRONMENT,1.0,1,1,HIGH_LOCKED_LAGGED_PBP,confirmation
00-0036613,2025,WR,QB_TEAM_ENVIRONMENT,1.0,1,1,HIGH_LOCKED_LAGGED_PBP,confirmation
00-0036620,2025,WR,QB_TEAM_ENVIRONMENT,1.0,1,1,HIGH_LOCKED_LAGGED_PBP,confirmation
00-0036646,2025,WR,QB_TEAM_ENVIRONMENT,1.0,1,1,HIGH_LOCKED_LAGGED_PBP,confirmation
00-0036841,2025,WR,QB_TEAM_ENVIRONMENT,1.0,1,1,HIGH_LOCKED_LAGGED_PBP,confirmation
00-0036900,2025,WR,QB_TEAM_ENVIRONMENT,1.0,1,1,HIGH_LOCKED_LAGGED_PBP,confirmation
00-0036988,2025,WR,QB_TEAM_ENVIRONMENT,1.0,1,1,HIGH_LOCKED_LAGGED_PBP,confirmation
00-0037231,2025,WR,QB_TEAM_ENVIRONMENT,1.0,1,1,HIGH_LOCKED_LAGGED_PBP,confirmation
00-0037238,2025,WR,QB_TEAM_ENVIRONMENT,1.0,1,1,HIGH_LOCKED_LAGGED_PBP,confirmation
00-0037239,2025,WR,QB_TEAM_ENVIRONMENT,1.0,1,1,HIGH_LOCKED_LAGGED_PBP,confirmation
00-0037380,2025,WR,QB_TEAM_ENVIRONMENT,0.0,0,0,HIGH_LOCKED_LAGGED_PBP,confirmation
00-0037487,2025,WR,QB_TEAM_ENVIRONMENT,1.0,1,1,HIGH_LOCKED_LAGGED_PBP,confirmation
00-0037524,2025,WR,QB_TEAM_ENVIRONMENT,1.0,1,1,HIGH_LOCKED_LAGGED_PBP,confirmation
00-0037664,2025,WR,QB_TEAM_ENVIRONMENT,1.0,1,1,HIGH_LOCKED_LAGGED_PBP,confirmation
00-0037666,2025,WR,QB_TEAM_ENVIRONMENT,1.0,1,1,HIGH_LOCKED_LAGGED_PBP,confirmation
00-0037740,2025,WR,QB_TEAM_ENVIRONMENT,1.0,1,1,HIGH_LOCKED_LAGGED_PBP,confirmation
00-0037742,2025,WR,QB_TEAM_ENVIRONMENT,1.0,1,1,HIGH_LOCKED_LAGGED_PBP,confirmation
00-0037801,2025,WR,QB_TEAM_ENVIRONMENT,1.0,1,1,HIGH_LOCKED_LAGGED_PBP,confirmation
00-0038104,2025,WR,QB_TEAM_ENVIRONMENT,1.0,1,1,HIGH_LOCKED_LAGGED_PBP,confirmation
00-0038117,2025,WR,QB_TEAM_ENVIRONMENT,1.0,1,1,HIGH_LOCKED_LAGGED_PBP,confirmation
00-0038496,2025,WR,QB_TEAM_ENVIRONMENT,1.0,1,1,HIGH_LOCKED_LAGGED_PBP,confirmation
00-0038559,2025,WR,QB_TEAM_ENVIRONMENT,1.0,1,1,HIGH_LOCKED_LAGGED_PBP,confirmation
00-0038563,2025,WR,QB_TEAM_ENVIRONMENT,1.0,1,1,HIGH_LOCKED_LAGGED_PBP,confirmation
00-0038576,2025,WR,QB_TEAM_ENVIRONMENT,1.0,1,1,HIGH_LOCKED_LAGGED_PBP,confirmation
00-0038619,2025,WR,QB_TEAM_ENVIRONMENT,1.0,1,1,HIGH_LOCKED_LAGGED_PBP,confirmation
00-0038640,2025,WR,QB_TEAM_ENVIRONMENT,1.0,1,1,HIGH_LOCKED_LAGGED_PBP,confirmation
00-0038647,2025,WR,QB_TEAM_ENVIRONMENT,1.0,1,1,HIGH_LOCKED_LAGGED_PBP,confirmation
00-0038938,2025,WR,QB_TEAM_ENVIRONMENT,1.0,1,1,HIGH_LOCKED_LAGGED_PBP,confirmation
00-0038979,2025,WR,QB_TEAM_ENVIRONMENT,1.0,1,1,HIGH_LOCKED_LAGGED_PBP,confirmation
00-0038997,2025,WR,QB_TEAM_ENVIRONMENT,1.0,1,1,HIGH_LOCKED_LAGGED_PBP,confirmation
00-0039062,2025,WR,QB_TEAM_ENVIRONMENT,1.0,1,1,HIGH_LOCKED_LAGGED_PBP,confirmation
00-0039064,2025,WR,QB_TEAM_ENVIRONMENT,1.0,1,1,HIGH_LOCKED_LAGGED_PBP,confirmation
00-0039067,2025,WR,QB_TEAM_ENVIRONMENT,1.0,1,1,HIGH_LOCKED_LAGGED_PBP,confirmation
00-0039337,2025,WR,QB_TEAM_ENVIRONMENT,1.0,1,1,HIGH_LOCKED_LAGGED_PBP,confirmation
00-0039379,2025,WR,QB_TEAM_ENVIRONMENT,1.0,1,1,HIGH_LOCKED_LAGGED_PBP,confirmation
00-0039394,2025,WR,QB_TEAM_ENVIRONMENT,1.0,1,1,HIGH_LOCKED_LAGGED_PBP,confirmation
00-0039410,2025,WR,QB_TEAM_ENVIRONMENT,1.0,1,1,HIGH_LOCKED_LAGGED_PBP,confirmation
00-0039451,2025,WR,QB_TEAM_ENVIRONMENT,1.0,1,1,HIGH_LOCKED_LAGGED_PBP,confirmation
00-0039521,2025,WR,QB_TEAM_ENVIRONMENT,1.0,1,1,HIGH_LOCKED_LAGGED_PBP,confirmation
00-0039589,2025,WR,QB_TEAM_ENVIRONMENT,1.0,1,1,HIGH_LOCKED_LAGGED_PBP,confirmation
00-0039623,2025,WR,QB_TEAM_ENVIRONMENT,1.0,1,1,HIGH_LOCKED_LAGGED_PBP,confirmation
00-0039650,2025,WR,QB_TEAM_ENVIRONMENT,1.0,1,1,HIGH_LOCKED_LAGGED_PBP,confirmation
00-0039792,2025,WR,QB_TEAM_ENVIRONMENT,1.0,1,1,HIGH_LOCKED_LAGGED_PBP,confirmation
00-0039816,2025,WR,QB_TEAM_ENVIRONMENT,1.0,1,1,HIGH_LOCKED_LAGGED_PBP,confirmation
00-0039849,2025,WR,QB_TEAM_ENVIRONMENT,1.0,1,1,HIGH_LOCKED_LAGGED_PBP,confirmation
00-0039880,2025,WR,QB_TEAM_ENVIRONMENT,1.0,1,1,HIGH_LOCKED_LAGGED_PBP,confirmation
00-0039890,2025,WR,QB_TEAM_ENVIRONMENT,1.0,1,1,HIGH_LOCKED_LAGGED_PBP,confirmation
00-0039920,2025,WR,QB_TEAM_ENVIRONMENT,1.0,1,1,HIGH_LOCKED_LAGGED_PBP,confirmation
00-0024243,2025,TE,QB_TEAM_ENVIRONMENT,1.0,1,1,HIGH_LOCKED_LAGGED_PBP,confirmation
00-0031484,2025,TE,QB_TEAM_ENVIRONMENT,1.0,1,1,HIGH_LOCKED_LAGGED_PBP,confirmation
00-0033217,2025,TE,QB_TEAM_ENVIRONMENT,1.0,1,1,HIGH_LOCKED_LAGGED_PBP,confirmation
00-0033357,2025,TE,QB_TEAM_ENVIRONMENT,1.0,1,1,HIGH_LOCKED_LAGGED_PBP,confirmation
00-0033439,2025,TE,QB_TEAM_ENVIRONMENT,1.0,1,1,HIGH_LOCKED_LAGGED_PBP,confirmation
00-0033455,2025,TE,QB_TEAM_ENVIRONMENT,0.0,0,0,HIGH_LOCKED_LAGGED_PBP,confirmation
00-0033885,2025,TE,QB_TEAM_ENVIRONMENT,1.0,1,1,HIGH_LOCKED_LAGGED_PBP,confirmation
00-0034073,2025,TE,QB_TEAM_ENVIRONMENT,1.0,1,1,HIGH_LOCKED_LAGGED_PBP,confirmation
00-0034270,2025,TE,QB_TEAM_ENVIRONMENT,1.0,1,1,HIGH_LOCKED_LAGGED_PBP,confirmation
00-0034365,2025,TE,QB_TEAM_ENVIRONMENT,1.0,1,1,HIGH_LOCKED_LAGGED_PBP,confirmation
00-0034613,2025,TE,QB_TEAM_ENVIRONMENT,1.0,1,1,HIGH_LOCKED_LAGGED_PBP,confirmation
00-0034829,2025,TE,QB_TEAM_ENVIRONMENT,1.0,1,1,HIGH_LOCKED_LAGGED_PBP,confirmation
00-0034981,2025,TE,QB_TEAM_ENVIRONMENT,1.0,1,1,HIGH_LOCKED_LAGGED_PBP,confirmation
00-0035631,2025,TE,QB_TEAM_ENVIRONMENT,1.0,1,1,HIGH_LOCKED_LAGGED_PBP,confirmation
00-0035644,2025,TE,QB_TEAM_ENVIRONMENT,1.0,1,1,HIGH_LOCKED_LAGGED_PBP,confirmation
00-0036040,2025,TE,QB_TEAM_ENVIRONMENT,1.0,1,1,HIGH_LOCKED_LAGGED_PBP,confirmation
00-0036332,2025,TE,QB_TEAM_ENVIRONMENT,1.0,1,1,HIGH_LOCKED_LAGGED_PBP,confirmation
00-0036429,2025,TE,QB_TEAM_ENVIRONMENT,1.0,1,1,HIGH_LOCKED_LAGGED_PBP,confirmation
00-0036534,2025,TE,QB_TEAM_ENVIRONMENT,1.0,1,1,HIGH_LOCKED_LAGGED_PBP,confirmation
00-0036590,2025,TE,QB_TEAM_ENVIRONMENT,1.0,1,1,HIGH_LOCKED_LAGGED_PBP,confirmation
00-0036741,2025,TE,QB_TEAM_ENVIRONMENT,1.0,1,1,HIGH_LOCKED_LAGGED_PBP,confirmation
00-0036754,2025,TE,QB_TEAM_ENVIRONMENT,1.0,1,1,HIGH_LOCKED_LAGGED_PBP,confirmation
00-0036825,2025,TE,QB_TEAM_ENVIRONMENT,1.0,1,1,HIGH_LOCKED_LAGGED_PBP,confirmation
00-0036876,2025,TE,QB_TEAM_ENVIRONMENT,1.0,1,1,HIGH_LOCKED_LAGGED_PBP,confirmation
00-0036970,2025,TE,QB_TEAM_ENVIRONMENT,1.0,1,1,HIGH_LOCKED_LAGGED_PBP,confirmation
00-0037252,2025,TE,QB_TEAM_ENVIRONMENT,1.0,1,1,HIGH_LOCKED_LAGGED_PBP,confirmation
00-0037292,2025,TE,QB_TEAM_ENVIRONMENT,1.0,1,1,HIGH_LOCKED_LAGGED_PBP,confirmation
00-0037311,2025,TE,QB_TEAM_ENVIRONMENT,0.0,0,0,HIGH_LOCKED_LAGGED_PBP,confirmation
00-0037348,2025,TE,QB_TEAM_ENVIRONMENT,1.0,1,1,HIGH_LOCKED_LAGGED_PBP,confirmation
00-0037475,2025,TE,QB_TEAM_ENVIRONMENT,1.0,1,1,HIGH_LOCKED_LAGGED_PBP,confirmation
00-0037744,2025,TE,QB_TEAM_ENVIRONMENT,1.0,1,1,HIGH_LOCKED_LAGGED_PBP,confirmation
00-0037805,2025,TE,QB_TEAM_ENVIRONMENT,1.0,1,1,HIGH_LOCKED_LAGGED_PBP,confirmation
00-0037809,2025,TE,QB_TEAM_ENVIRONMENT,1.0,1,1,HIGH_LOCKED_LAGGED_PBP,confirmation
00-0038041,2025,TE,QB_TEAM_ENVIRONMENT,1.0,1,1,HIGH_LOCKED_LAGGED_PBP,confirmation
00-0038115,2025,TE,QB_TEAM_ENVIRONMENT,1.0,1,1,HIGH_LOCKED_LAGGED_PBP,confirmation
00-0038394,2025,TE,QB_TEAM_ENVIRONMENT,1.0,1,1,HIGH_LOCKED_LAGGED_PBP,confirmation
00-0038498,2025,TE,QB_TEAM_ENVIRONMENT,1.0,1,1,HIGH_LOCKED_LAGGED_PBP,confirmation
00-0038547,2025,TE,QB_TEAM_ENVIRONMENT,1.0,1,1,HIGH_LOCKED_LAGGED_PBP,confirmation
00-0038590,2025,TE,QB_TEAM_ENVIRONMENT,0.0,0,0,HIGH_LOCKED_LAGGED_PBP,confirmation
00-0038643,2025,TE,QB_TEAM_ENVIRONMENT,1.0,1,1,HIGH_LOCKED_LAGGED_PBP,confirmation
00-0038710,2025,TE,QB_TEAM_ENVIRONMENT,1.0,1,1,HIGH_LOCKED_LAGGED_PBP,confirmation
00-0038720,2025,TE,QB_TEAM_ENVIRONMENT,1.0,1,1,HIGH_LOCKED_LAGGED_PBP,confirmation
00-0038735,2025,TE,QB_TEAM_ENVIRONMENT,0.0,0,0,HIGH_LOCKED_LAGGED_PBP,confirmation
00-0038809,2025,TE,QB_TEAM_ENVIRONMENT,1.0,1,1,HIGH_LOCKED_LAGGED_PBP,confirmation
00-0039041,2025,TE,QB_TEAM_ENVIRONMENT,1.0,1,1,HIGH_LOCKED_LAGGED_PBP,confirmation
00-0039050,2025,TE,QB_TEAM_ENVIRONMENT,1.0,1,1,HIGH_LOCKED_LAGGED_PBP,confirmation
00-0039066,2025,TE,QB_TEAM_ENVIRONMENT,1.0,1,1,HIGH_LOCKED_LAGGED_PBP,confirmation
00-0039338,2025,TE,QB_TEAM_ENVIRONMENT,1.0,1,1,HIGH_LOCKED_LAGGED_PBP,confirmation
00-0039356,2025,TE,QB_TEAM_ENVIRONMENT,1.0,1,1,HIGH_LOCKED_LAGGED_PBP,confirmation
00-0039458,2025,TE,QB_TEAM_ENVIRONMENT,1.0,1,1,HIGH_LOCKED_LAGGED_PBP,confirmation
00-0039530,2025,TE,QB_TEAM_ENVIRONMENT,1.0,1,1,HIGH_LOCKED_LAGGED_PBP,confirmation
00-0039631,2025,TE,QB_TEAM_ENVIRONMENT,1.0,1,1,HIGH_LOCKED_LAGGED_PBP,confirmation
00-0039648,2025,TE,QB_TEAM_ENVIRONMENT,1.0,1,1,HIGH_LOCKED_LAGGED_PBP,confirmation
00-0039737,2025,TE,QB_TEAM_ENVIRONMENT,1.0,1,1,HIGH_LOCKED_LAGGED_PBP,confirmation
00-0039754,2025,TE,QB_TEAM_ENVIRONMENT,1.0,1,1,HIGH_LOCKED_LAGGED_PBP,confirmation
00-0039824,2025,TE,QB_TEAM_ENVIRONMENT,1.0,1,1,HIGH_LOCKED_LAGGED_PBP,confirmation
00-0039847,2025,TE,QB_TEAM_ENVIRONMENT,1.0,1,1,HIGH_LOCKED_LAGGED_PBP,confirmation
00-0026143,2022,QB,OL_ENVIRONMENT,1.0,1,1,HIGH_LOCKED_LAGGED_PBP,confirmation
00-0026158,2022,QB,OL_ENVIRONMENT,1.0,1,1,HIGH_LOCKED_LAGGED_PBP,confirmation
00-0026544,2022,QB,OL_ENVIRONMENT,0.0,0,0,HIGH_LOCKED_LAGGED_PBP,confirmation
00-0026625,2022,QB,OL_ENVIRONMENT,1.0,1,1,HIGH_LOCKED_LAGGED_PBP,confirmation
00-0027688,2022,QB,OL_ENVIRONMENT,1.0,1,1,HIGH_LOCKED_LAGGED_PBP,confirmation
00-0027948,2022,QB,OL_ENVIRONMENT,1.0,1,1,HIGH_LOCKED_LAGGED_PBP,confirmation
00-0027973,2022,QB,OL_ENVIRONMENT,1.0,1,1,HIGH_LOCKED_LAGGED_PBP,confirmation
00-0028118,2022,QB,OL_ENVIRONMENT,1.0,1,1,HIGH_LOCKED_LAGGED_PBP,confirmation
00-0028986,2022,QB,OL_ENVIRONMENT,1.0,1,1,HIGH_LOCKED_LAGGED_PBP,confirmation
00-0029263,2022,QB,OL_ENVIRONMENT,1.0,1,1,HIGH_LOCKED_LAGGED_PBP,confirmation
00-0029567,2022,QB,OL_ENVIRONMENT,1.0,1,1,HIGH_LOCKED_LAGGED_PBP,confirmation
00-0031237,2022,QB,OL_ENVIRONMENT,1.0,1,1,HIGH_LOCKED_LAGGED_PBP,confirmation
00-0031503,2022,QB,OL_ENVIRONMENT,1.0,1,1,HIGH_LOCKED_LAGGED_PBP,confirmation
00-0031800,2022,QB,OL_ENVIRONMENT,1.0,1,1,HIGH_LOCKED_LAGGED_PBP,confirmation
00-0032156,2022,QB,OL_ENVIRONMENT,1.0,1,1,HIGH_LOCKED_LAGGED_PBP,confirmation
00-0032268,2022,QB,OL_ENVIRONMENT,1.0,1,1,HIGH_LOCKED_LAGGED_PBP,confirmation
00-0032434,2022,QB,OL_ENVIRONMENT,1.0,1,1,HIGH_LOCKED_LAGGED_PBP,confirmation
00-0032950,2022,QB,OL_ENVIRONMENT,1.0,1,1,HIGH_LOCKED_LAGGED_PBP,confirmation
00-0033106,2022,QB,OL_ENVIRONMENT,1.0,1,1,HIGH_LOCKED_LAGGED_PBP,confirmation
00-0033119,2022,QB,OL_ENVIRONMENT,1.0,1,1,HIGH_LOCKED_LAGGED_PBP,confirmation
00-0033275,2022,QB,OL_ENVIRONMENT,1.0,1,1,HIGH_LOCKED_LAGGED_PBP,confirmation
00-0033319,2022,QB,OL_ENVIRONMENT,1.0,1,1,HIGH_LOCKED_LAGGED_PBP,confirmation
00-0033550,2022,QB,OL_ENVIRONMENT,0.0,0,0,HIGH_LOCKED_LAGGED_PBP,confirmation
00-0033662,2022,QB,OL_ENVIRONMENT,1.0,1,1,HIGH_LOCKED_LAGGED_PBP,confirmation
00-0033936,2022,QB,OL_ENVIRONMENT,1.0,1,1,HIGH_LOCKED_LAGGED_PBP,confirmation
00-0033958,2022,QB,OL_ENVIRONMENT,1.0,1,1,HIGH_LOCKED_LAGGED_PBP,confirmation
00-0034177,2022,QB,OL_ENVIRONMENT,1.0,1,1,HIGH_LOCKED_LAGGED_PBP,confirmation
00-0034401,2022,QB,OL_ENVIRONMENT,1.0,1,1,HIGH_LOCKED_LAGGED_PBP,confirmation
00-0034577,2022,QB,OL_ENVIRONMENT,1.0,1,1,HIGH_LOCKED_LAGGED_PBP,confirmation
00-0034796,2022,QB,OL_ENVIRONMENT,1.0,1,1,HIGH_LOCKED_LAGGED_PBP,confirmation
00-0034855,2022,QB,OL_ENVIRONMENT,1.0,1,1,HIGH_LOCKED_LAGGED_PBP,confirmation
00-0034869,2022,QB,OL_ENVIRONMENT,1.0,1,1,HIGH_LOCKED_LAGGED_PBP,confirmation
00-0034899,2022,QB,OL_ENVIRONMENT,1.0,1,1,HIGH_LOCKED_LAGGED_PBP,confirmation
00-0034955,2022,QB,OL_ENVIRONMENT,1.0,1,1,HIGH_LOCKED_LAGGED_PBP,confirmation
00-0035040,2022,QB,OL_ENVIRONMENT,1.0,1,1,HIGH_LOCKED_LAGGED_PBP,confirmation
00-0035752,2022,QB,OL_ENVIRONMENT,1.0,1,1,HIGH_LOCKED_LAGGED_PBP,confirmation
00-0036212,2022,QB,OL_ENVIRONMENT,1.0,1,1,HIGH_LOCKED_LAGGED_PBP,confirmation
00-0036226,2022,QB,OL_ENVIRONMENT,1.0,1,1,HIGH_LOCKED_LAGGED_PBP,confirmation
00-0036264,2022,QB,OL_ENVIRONMENT,1.0,1,1,HIGH_LOCKED_LAGGED_PBP,confirmation
00-0036879,2022,QB,OL_ENVIRONMENT,1.0,1,1,HIGH_LOCKED_LAGGED_PBP,confirmation
00-0036898,2022,QB,OL_ENVIRONMENT,1.0,1,1,HIGH_LOCKED_LAGGED_PBP,confirmation
00-0036945,2022,QB,OL_ENVIRONMENT,1.0,1,1,HIGH_LOCKED_LAGGED_PBP,confirmation
00-0037012,2022,QB,OL_ENVIRONMENT,1.0,1,1,HIGH_LOCKED_LAGGED_PBP,confirmation
00-0037013,2022,QB,OL_ENVIRONMENT,1.0,1,1,HIGH_LOCKED_LAGGED_PBP,confirmation
00-0027966,2022,RB,OL_ENVIRONMENT,1.0,1,1,HIGH_LOCKED_LAGGED_PBP,confirmation
00-0030288,2022,RB,OL_ENVIRONMENT,1.0,1,1,HIGH_LOCKED_LAGGED_PBP,confirmation
00-0030513,2022,RB,OL_ENVIRONMENT,1.0,1,1,HIGH_LOCKED_LAGGED_PBP,confirmation
00-0030578,2022,RB,OL_ENVIRONMENT,1.0,1,1,HIGH_LOCKED_LAGGED_PBP,confirmation
00-0030874,2022,RB,OL_ENVIRONMENT,1.0,1,1,HIGH_LOCKED_LAGGED_PBP,confirmation
00-0031687,2022,RB,OL_ENVIRONMENT,1.0,1,1,HIGH_LOCKED_LAGGED_PBP,confirmation
00-0031806,2022,RB,OL_ENVIRONMENT,1.0,1,1,HIGH_LOCKED_LAGGED_PBP,confirmation
00-0032058,2022,RB,OL_ENVIRONMENT,1.0,1,1,HIGH_LOCKED_LAGGED_PBP,confirmation
00-0032063,2022,RB,OL_ENVIRONMENT,1.0,1,1,HIGH_LOCKED_LAGGED_PBP,confirmation
00-0032104,2022,RB,OL_ENVIRONMENT,1.0,1,1,HIGH_LOCKED_LAGGED_PBP,confirmation
00-0032144,2022,RB,OL_ENVIRONMENT,1.0,1,1,HIGH_LOCKED_LAGGED_PBP,confirmation
00-0032187,2022,RB,OL_ENVIRONMENT,1.0,1,1,HIGH_LOCKED_LAGGED_PBP,confirmation
00-0032257,2022,RB,OL_ENVIRONMENT,1.0,1,1,HIGH_LOCKED_LAGGED_PBP,confirmation
00-0032450,2022,RB,OL_ENVIRONMENT,1.0,1,1,HIGH_LOCKED_LAGGED_PBP,confirmation
00-0032602,2022,RB,OL_ENVIRONMENT,1.0,1,1,HIGH_LOCKED_LAGGED_PBP,confirmation
00-0032975,2022,RB,OL_ENVIRONMENT,1.0,1,1,HIGH_LOCKED_LAGGED_PBP,confirmation
00-0033118,2022,RB,OL_ENVIRONMENT,1.0,1,1,HIGH_LOCKED_LAGGED_PBP,confirmation
00-0033725,2022,RB,OL_ENVIRONMENT,1.0,1,1,HIGH_LOCKED_LAGGED_PBP,confirmation
00-0033854,2022,RB,OL_ENVIRONMENT,1.0,1,1,HIGH_LOCKED_LAGGED_PBP,confirmation
00-0033906,2022,RB,OL_ENVIRONMENT,1.0,1,1,HIGH_LOCKED_LAGGED_PBP,confirmation
00-0033923,2022,RB,OL_ENVIRONMENT,1.0,1,1,HIGH_LOCKED_LAGGED_PBP,confirmation
00-0033948,2022,RB,OL_ENVIRONMENT,1.0,1,1,HIGH_LOCKED_LAGGED_PBP,confirmation
00-0033951,2022,RB,OL_ENVIRONMENT,1.0,1,1,HIGH_LOCKED_LAGGED_PBP,confirmation
00-0034109,2022,RB,OL_ENVIRONMENT,1.0,1,1,HIGH_LOCKED_LAGGED_PBP,confirmation
00-0034164,2022,RB,OL_ENVIRONMENT,1.0,1,1,HIGH_LOCKED_LAGGED_PBP,confirmation
00-0034208,2022,RB,OL_ENVIRONMENT,1.0,1,1,HIGH_LOCKED_LAGGED_PBP,confirmation
00-0034400,2022,RB,OL_ENVIRONMENT,0.0,0,0,HIGH_LOCKED_LAGGED_PBP,confirmation
00-0034440,2022,RB,OL_ENVIRONMENT,1.0,1,1,HIGH_LOCKED_LAGGED_PBP,confirmation
00-0034578,2022,RB,OL_ENVIRONMENT,1.0,1,1,HIGH_LOCKED_LAGGED_PBP,confirmation
00-0034750,2022,RB,OL_ENVIRONMENT,1.0,1,1,HIGH_LOCKED_LAGGED_PBP,confirmation
00-0034791,2022,RB,OL_ENVIRONMENT,1.0,1,1,HIGH_LOCKED_LAGGED_PBP,confirmation
00-0034838,2022,RB,OL_ENVIRONMENT,1.0,1,1,HIGH_LOCKED_LAGGED_PBP,confirmation
00-0035184,2022,RB,OL_ENVIRONMENT,1.0,1,1,HIGH_LOCKED_LAGGED_PBP,confirmation
00-0035273,2022,RB,OL_ENVIRONMENT,1.0,1,1,HIGH_LOCKED_LAGGED_PBP,confirmation
00-0035304,2022,RB,OL_ENVIRONMENT,0.0,0,0,HIGH_LOCKED_LAGGED_PBP,confirmation
00-0035311,2022,RB,OL_ENVIRONMENT,1.0,1,1,HIGH_LOCKED_LAGGED_PBP,confirmation
00-0035537,2022,RB,OL_ENVIRONMENT,1.0,1,1,HIGH_LOCKED_LAGGED_PBP,confirmation
00-0035567,2022,RB,OL_ENVIRONMENT,1.0,1,1,HIGH_LOCKED_LAGGED_PBP,confirmation
00-0035594,2022,RB,OL_ENVIRONMENT,1.0,1,1,HIGH_LOCKED_LAGGED_PBP,confirmation
00-0035628,2022,RB,OL_ENVIRONMENT,1.0,1,1,HIGH_LOCKED_LAGGED_PBP,confirmation
00-0035685,2022,RB,OL_ENVIRONMENT,1.0,1,1,HIGH_LOCKED_LAGGED_PBP,confirmation
00-0035831,2022,RB,OL_ENVIRONMENT,1.0,1,1,HIGH_LOCKED_LAGGED_PBP,confirmation
00-0035860,2022,RB,OL_ENVIRONMENT,1.0,1,1,HIGH_LOCKED_LAGGED_PBP,confirmation
00-0035924,2022,RB,OL_ENVIRONMENT,1.0,1,1,HIGH_LOCKED_LAGGED_PBP,confirmation
00-0035973,2022,RB,OL_ENVIRONMENT,1.0,1,1,HIGH_LOCKED_LAGGED_PBP,confirmation
00-0036096,2022,RB,OL_ENVIRONMENT,1.0,1,1,HIGH_LOCKED_LAGGED_PBP,confirmation
00-0036223,2022,RB,OL_ENVIRONMENT,1.0,1,1,HIGH_LOCKED_LAGGED_PBP,confirmation
00-0036275,2022,RB,OL_ENVIRONMENT,1.0,1,1,HIGH_LOCKED_LAGGED_PBP,confirmation
00-0036297,2022,RB,OL_ENVIRONMENT,1.0,1,1,HIGH_LOCKED_LAGGED_PBP,confirmation
00-0036328,2022,RB,OL_ENVIRONMENT,1.0,1,1,HIGH_LOCKED_LAGGED_PBP,confirmation
00-0036336,2022,RB,OL_ENVIRONMENT,1.0,1,1,HIGH_LOCKED_LAGGED_PBP,confirmation
00-0036457,2022,RB,OL_ENVIRONMENT,1.0,1,1,HIGH_LOCKED_LAGGED_PBP,confirmation
00-0036493,2022,RB,OL_ENVIRONMENT,1.0,1,1,HIGH_LOCKED_LAGGED_PBP,confirmation
00-0036555,2022,RB,OL_ENVIRONMENT,1.0,1,1,HIGH_LOCKED_LAGGED_PBP,confirmation
00-0036650,2022,RB,OL_ENVIRONMENT,1.0,1,1,HIGH_LOCKED_LAGGED_PBP,confirmation
00-0036654,2022,RB,OL_ENVIRONMENT,1.0,1,1,HIGH_LOCKED_LAGGED_PBP,confirmation
00-0036669,2022,RB,OL_ENVIRONMENT,1.0,1,1,HIGH_LOCKED_LAGGED_PBP,confirmation
00-0036755,2022,RB,OL_ENVIRONMENT,1.0,1,1,HIGH_LOCKED_LAGGED_PBP,confirmation
00-0036906,2022,RB,OL_ENVIRONMENT,1.0,1,1,HIGH_LOCKED_LAGGED_PBP,confirmation
00-0036924,2022,RB,OL_ENVIRONMENT,1.0,1,1,HIGH_LOCKED_LAGGED_PBP,confirmation
00-0036950,2022,RB,OL_ENVIRONMENT,0.0,0,0,HIGH_LOCKED_LAGGED_PBP,confirmation
00-0036997,2022,RB,OL_ENVIRONMENT,1.0,1,1,HIGH_LOCKED_LAGGED_PBP,confirmation
00-0027691,2022,WR,OL_ENVIRONMENT,1.0,1,1,HIGH_LOCKED_LAGGED_PBP,confirmation
00-0029664,2022,WR,OL_ENVIRONMENT,1.0,1,1,HIGH_LOCKED_LAGGED_PBP,confirmation
00-0030068,2022,WR,OL_ENVIRONMENT,1.0,1,1,HIGH_LOCKED_LAGGED_PBP,confirmation
00-0030431,2022,WR,OL_ENVIRONMENT,1.0,1,1,HIGH_LOCKED_LAGGED_PBP,confirmation
00-0030564,2022,WR,OL_ENVIRONMENT,1.0,1,1,HIGH_LOCKED_LAGGED_PBP,confirmation
00-0031236,2022,WR,OL_ENVIRONMENT,1.0,1,1,HIGH_LOCKED_LAGGED_PBP,confirmation
00-0031382,2022,WR,OL_ENVIRONMENT,1.0,1,1,HIGH_LOCKED_LAGGED_PBP,confirmation
00-0031428,2022,WR,OL_ENVIRONMENT,1.0,1,1,HIGH_LOCKED_LAGGED_PBP,confirmation
00-0031545,2022,WR,OL_ENVIRONMENT,1.0,1,1,HIGH_LOCKED_LAGGED_PBP,confirmation
00-0031547,2022,WR,OL_ENVIRONMENT,1.0,1,1,HIGH_LOCKED_LAGGED_PBP,confirmation
00-0031868,2022,WR,OL_ENVIRONMENT,1.0,1,1,HIGH_LOCKED_LAGGED_PBP,confirmation
00-0031941,2022,WR,OL_ENVIRONMENT,1.0,1,1,HIGH_LOCKED_LAGGED_PBP,confirmation
00-0032128,2022,WR,OL_ENVIRONMENT,1.0,1,1,HIGH_LOCKED_LAGGED_PBP,confirmation
00-0032200,2022,WR,OL_ENVIRONMENT,1.0,1,1,HIGH_LOCKED_LAGGED_PBP,confirmation
00-0032208,2022,WR,OL_ENVIRONMENT,1.0,1,1,HIGH_LOCKED_LAGGED_PBP,confirmation
00-0032385,2022,WR,OL_ENVIRONMENT,1.0,1,1,HIGH_LOCKED_LAGGED_PBP,confirmation
00-0032398,2022,WR,OL_ENVIRONMENT,1.0,1,1,HIGH_LOCKED_LAGGED_PBP,confirmation
00-0032464,2022,WR,OL_ENVIRONMENT,1.0,1,1,HIGH_LOCKED_LAGGED_PBP,confirmation
00-0032543,2022,WR,OL_ENVIRONMENT,1.0,1,1,HIGH_LOCKED_LAGGED_PBP,confirmation
00-0032688,2022,WR,OL_ENVIRONMENT,1.0,1,1,HIGH_LOCKED_LAGGED_PBP,confirmation
00-0032951,2022,WR,OL_ENVIRONMENT,1.0,1,1,HIGH_LOCKED_LAGGED_PBP,confirmation
00-0033111,2022,WR,OL_ENVIRONMENT,1.0,1,1,HIGH_LOCKED_LAGGED_PBP,confirmation
00-0033282,2022,WR,OL_ENVIRONMENT,1.0,1,1,HIGH_LOCKED_LAGGED_PBP,confirmation
00-0033367,2022,WR,OL_ENVIRONMENT,1.0,1,1,HIGH_LOCKED_LAGGED_PBP,confirmation
00-0033386,2022,WR,OL_ENVIRONMENT,1.0,1,1,HIGH_LOCKED_LAGGED_PBP,confirmation
00-0033536,2022,WR,OL_ENVIRONMENT,1.0,1,1,HIGH_LOCKED_LAGGED_PBP,confirmation
00-0033555,2022,WR,OL_ENVIRONMENT,1.0,1,1,HIGH_LOCKED_LAGGED_PBP,confirmation
00-0033681,2022,WR,OL_ENVIRONMENT,1.0,1,1,HIGH_LOCKED_LAGGED_PBP,confirmation
00-0033871,2022,WR,OL_ENVIRONMENT,1.0,1,1,HIGH_LOCKED_LAGGED_PBP,confirmation
00-0033932,2022,WR,OL_ENVIRONMENT,1.0,1,1,HIGH_LOCKED_LAGGED_PBP,confirmation
00-0033943,2022,WR,OL_ENVIRONMENT,1.0,1,1,HIGH_LOCKED_LAGGED_PBP,confirmation
00-0034052,2022,WR,OL_ENVIRONMENT,1.0,1,1,HIGH_LOCKED_LAGGED_PBP,confirmation
00-0034104,2022,WR,OL_ENVIRONMENT,1.0,1,1,HIGH_LOCKED_LAGGED_PBP,confirmation
00-0034317,2022,WR,OL_ENVIRONMENT,1.0,1,1,HIGH_LOCKED_LAGGED_PBP,confirmation
00-0034348,2022,WR,OL_ENVIRONMENT,1.0,1,1,HIGH_LOCKED_LAGGED_PBP,confirmation
00-0034366,2022,WR,OL_ENVIRONMENT,1.0,1,1,HIGH_LOCKED_LAGGED_PBP,confirmation
00-0034419,2022,WR,OL_ENVIRONMENT,1.0,1,1,HIGH_LOCKED_LAGGED_PBP,confirmation
00-0034765,2022,WR,OL_ENVIRONMENT,1.0,1,1,HIGH_LOCKED_LAGGED_PBP,confirmation
00-0034777,2022,WR,OL_ENVIRONMENT,1.0,1,1,HIGH_LOCKED_LAGGED_PBP,confirmation
00-0034827,2022,WR,OL_ENVIRONMENT,1.0,1,1,HIGH_LOCKED_LAGGED_PBP,confirmation
00-0034854,2022,WR,OL_ENVIRONMENT,1.0,1,1,HIGH_LOCKED_LAGGED_PBP,confirmation
00-0034860,2022,WR,OL_ENVIRONMENT,1.0,1,1,HIGH_LOCKED_LAGGED_PBP,confirmation
00-0034930,2022,WR,OL_ENVIRONMENT,1.0,1,1,HIGH_LOCKED_LAGGED_PBP,confirmation
00-0035021,2022,WR,OL_ENVIRONMENT,1.0,1,1,HIGH_LOCKED_LAGGED_PBP,confirmation
00-0035022,2022,WR,OL_ENVIRONMENT,1.0,1,1,HIGH_LOCKED_LAGGED_PBP,confirmation
00-0035208,2022,WR,OL_ENVIRONMENT,1.0,1,1,HIGH_LOCKED_LAGGED_PBP,confirmation
00-0035215,2022,WR,OL_ENVIRONMENT,1.0,1,1,HIGH_LOCKED_LAGGED_PBP,confirmation
00-0035359,2022,WR,OL_ENVIRONMENT,1.0,1,1,HIGH_LOCKED_LAGGED_PBP,confirmation
00-0035406,2022,WR,OL_ENVIRONMENT,1.0,1,1,HIGH_LOCKED_LAGGED_PBP,confirmation
00-0035414,2022,WR,OL_ENVIRONMENT,1.0,1,1,HIGH_LOCKED_LAGGED_PBP,confirmation
00-0035432,2022,WR,OL_ENVIRONMENT,1.0,1,1,HIGH_LOCKED_LAGGED_PBP,confirmation
00-0035500,2022,WR,OL_ENVIRONMENT,1.0,1,1,HIGH_LOCKED_LAGGED_PBP,confirmation
00-0035510,2022,WR,OL_ENVIRONMENT,1.0,1,1,HIGH_LOCKED_LAGGED_PBP,confirmation
00-0035527,2022,WR,OL_ENVIRONMENT,1.0,1,1,HIGH_LOCKED_LAGGED_PBP,confirmation
00-0035544,2022,WR,OL_ENVIRONMENT,1.0,1,1,HIGH_LOCKED_LAGGED_PBP,confirmation
00-0035593,2022,WR,OL_ENVIRONMENT,1.0,1,1,HIGH_LOCKED_LAGGED_PBP,confirmation
00-0035621,2022,WR,OL_ENVIRONMENT,0.0,0,0,HIGH_LOCKED_LAGGED_PBP,confirmation
00-0035639,2022,WR,OL_ENVIRONMENT,1.0,1,1,HIGH_LOCKED_LAGGED_PBP,confirmation
00-0035659,2022,WR,OL_ENVIRONMENT,1.0,1,1,HIGH_LOCKED_LAGGED_PBP,confirmation
00-0035662,2022,WR,OL_ENVIRONMENT,1.0,1,1,HIGH_LOCKED_LAGGED_PBP,confirmation
00-0035703,2022,WR,OL_ENVIRONMENT,1.0,1,1,HIGH_LOCKED_LAGGED_PBP,confirmation
00-0035864,2022,WR,OL_ENVIRONMENT,1.0,1,1,HIGH_LOCKED_LAGGED_PBP,confirmation
00-0035891,2022,WR,OL_ENVIRONMENT,1.0,1,1,HIGH_LOCKED_LAGGED_PBP,confirmation
00-0035976,2022,WR,OL_ENVIRONMENT,0.0,0,0,HIGH_LOCKED_LAGGED_PBP,confirmation
00-0036176,2022,WR,OL_ENVIRONMENT,0.0,0,0,HIGH_LOCKED_LAGGED_PBP,confirmation
00-0036219,2022,WR,OL_ENVIRONMENT,1.0,1,1,HIGH_LOCKED_LAGGED_PBP,confirmation
00-0036228,2022,WR,OL_ENVIRONMENT,1.0,1,1,HIGH_LOCKED_LAGGED_PBP,confirmation
00-0036233,2022,WR,OL_ENVIRONMENT,1.0,1,1,HIGH_LOCKED_LAGGED_PBP,confirmation
00-0036247,2022,WR,OL_ENVIRONMENT,1.0,1,1,HIGH_LOCKED_LAGGED_PBP,confirmation
00-0036252,2022,WR,OL_ENVIRONMENT,1.0,1,1,HIGH_LOCKED_LAGGED_PBP,confirmation
00-0036255,2022,WR,OL_ENVIRONMENT,1.0,1,1,HIGH_LOCKED_LAGGED_PBP,confirmation
00-0036268,2022,WR,OL_ENVIRONMENT,1.0,1,1,HIGH_LOCKED_LAGGED_PBP,confirmation
00-0036277,2022,WR,OL_ENVIRONMENT,1.0,1,1,HIGH_LOCKED_LAGGED_PBP,confirmation
00-0036309,2022,WR,OL_ENVIRONMENT,1.0,1,1,HIGH_LOCKED_LAGGED_PBP,confirmation
00-0036331,2022,WR,OL_ENVIRONMENT,1.0,1,1,HIGH_LOCKED_LAGGED_PBP,confirmation
00-0036407,2022,WR,OL_ENVIRONMENT,1.0,1,1,HIGH_LOCKED_LAGGED_PBP,confirmation
00-0036412,2022,WR,OL_ENVIRONMENT,1.0,1,1,HIGH_LOCKED_LAGGED_PBP,confirmation
00-0036439,2022,WR,OL_ENVIRONMENT,1.0,1,1,HIGH_LOCKED_LAGGED_PBP,confirmation
00-0036482,2022,WR,OL_ENVIRONMENT,1.0,1,1,HIGH_LOCKED_LAGGED_PBP,confirmation
00-0036550,2022,WR,OL_ENVIRONMENT,1.0,1,1,HIGH_LOCKED_LAGGED_PBP,confirmation
00-0036554,2022,WR,OL_ENVIRONMENT,1.0,1,1,HIGH_LOCKED_LAGGED_PBP,confirmation
00-0036572,2022,WR,OL_ENVIRONMENT,1.0,1,1,HIGH_LOCKED_LAGGED_PBP,confirmation
00-0036620,2022,WR,OL_ENVIRONMENT,1.0,1,1,HIGH_LOCKED_LAGGED_PBP,confirmation
00-0036626,2022,WR,OL_ENVIRONMENT,1.0,1,1,HIGH_LOCKED_LAGGED_PBP,confirmation
00-0036627,2022,WR,OL_ENVIRONMENT,1.0,1,1,HIGH_LOCKED_LAGGED_PBP,confirmation
00-0036630,2022,WR,OL_ENVIRONMENT,1.0,1,1,HIGH_LOCKED_LAGGED_PBP,confirmation
00-0036635,2022,WR,OL_ENVIRONMENT,1.0,1,1,HIGH_LOCKED_LAGGED_PBP,confirmation
00-0036671,2022,WR,OL_ENVIRONMENT,1.0,1,1,HIGH_LOCKED_LAGGED_PBP,confirmation
00-0036849,2022,WR,OL_ENVIRONMENT,0.0,0,0,HIGH_LOCKED_LAGGED_PBP,confirmation
00-0036858,2022,WR,OL_ENVIRONMENT,0.0,0,0,HIGH_LOCKED_LAGGED_PBP,confirmation
00-0036918,2022,WR,OL_ENVIRONMENT,0.0,0,0,HIGH_LOCKED_LAGGED_PBP,confirmation
00-0036951,2022,WR,OL_ENVIRONMENT,1.0,1,1,HIGH_LOCKED_LAGGED_PBP,confirmation
00-0036955,2022,WR,OL_ENVIRONMENT,1.0,1,1,HIGH_LOCKED_LAGGED_PBP,confirmation
00-0036963,2022,WR,OL_ENVIRONMENT,1.0,1,1,HIGH_LOCKED_LAGGED_PBP,confirmation
00-0036980,2022,WR,OL_ENVIRONMENT,1.0,1,1,HIGH_LOCKED_LAGGED_PBP,confirmation
00-0036999,2022,WR,OL_ENVIRONMENT,1.0,1,1,HIGH_LOCKED_LAGGED_PBP,confirmation
00-0027981,2022,TE,OL_ENVIRONMENT,1.0,1,1,HIGH_LOCKED_LAGGED_PBP,confirmation
00-0030108,2022,TE,OL_ENVIRONMENT,1.0,1,1,HIGH_LOCKED_LAGGED_PBP,confirmation
00-0031260,2022,TE,OL_ENVIRONMENT,1.0,1,1,HIGH_LOCKED_LAGGED_PBP,confirmation
00-0031384,2022,TE,OL_ENVIRONMENT,1.0,1,1,HIGH_LOCKED_LAGGED_PBP,confirmation
00-0031558,2022,TE,OL_ENVIRONMENT,1.0,1,1,HIGH_LOCKED_LAGGED_PBP,confirmation
00-0031585,2022,TE,OL_ENVIRONMENT,1.0,1,1,HIGH_LOCKED_LAGGED_PBP,confirmation
00-0031598,2022,TE,OL_ENVIRONMENT,1.0,1,1,HIGH_LOCKED_LAGGED_PBP,confirmation
00-0031690,2022,TE,OL_ENVIRONMENT,1.0,1,1,HIGH_LOCKED_LAGGED_PBP,confirmation
00-0032141,2022,TE,OL_ENVIRONMENT,1.0,1,1,HIGH_LOCKED_LAGGED_PBP,confirmation
00-0032214,2022,TE,OL_ENVIRONMENT,1.0,1,1,HIGH_LOCKED_LAGGED_PBP,confirmation
00-0032392,2022,TE,OL_ENVIRONMENT,1.0,1,1,HIGH_LOCKED_LAGGED_PBP,confirmation
00-0032394,2022,TE,OL_ENVIRONMENT,1.0,1,1,HIGH_LOCKED_LAGGED_PBP,confirmation
00-0032725,2022,TE,OL_ENVIRONMENT,1.0,1,1,HIGH_LOCKED_LAGGED_PBP,confirmation
00-0032986,2022,TE,OL_ENVIRONMENT,0.0,0,0,HIGH_LOCKED_LAGGED_PBP,confirmation
00-0033217,2022,TE,OL_ENVIRONMENT,1.0,1,1,HIGH_LOCKED_LAGGED_PBP,confirmation
00-0033357,2022,TE,OL_ENVIRONMENT,1.0,1,1,HIGH_LOCKED_LAGGED_PBP,confirmation
00-0033439,2022,TE,OL_ENVIRONMENT,1.0,1,1,HIGH_LOCKED_LAGGED_PBP,confirmation
00-0033576,2022,TE,OL_ENVIRONMENT,1.0,1,1,HIGH_LOCKED_LAGGED_PBP,confirmation
00-0033757,2022,TE,OL_ENVIRONMENT,1.0,1,1,HIGH_LOCKED_LAGGED_PBP,confirmation
00-0033858,2022,TE,OL_ENVIRONMENT,1.0,1,1,HIGH_LOCKED_LAGGED_PBP,confirmation
00-0033885,2022,TE,OL_ENVIRONMENT,1.0,1,1,HIGH_LOCKED_LAGGED_PBP,confirmation
00-0034011,2022,TE,OL_ENVIRONMENT,1.0,1,1,HIGH_LOCKED_LAGGED_PBP,confirmation
00-0034073,2022,TE,OL_ENVIRONMENT,1.0,1,1,HIGH_LOCKED_LAGGED_PBP,confirmation
00-0034159,2022,TE,OL_ENVIRONMENT,1.0,1,1,HIGH_LOCKED_LAGGED_PBP,confirmation
00-0034193,2022,TE,OL_ENVIRONMENT,1.0,1,1,HIGH_LOCKED_LAGGED_PBP,confirmation
00-0034270,2022,TE,OL_ENVIRONMENT,1.0,1,1,HIGH_LOCKED_LAGGED_PBP,confirmation
00-0034364,2022,TE,OL_ENVIRONMENT,1.0,1,1,HIGH_LOCKED_LAGGED_PBP,confirmation
00-0034365,2022,TE,OL_ENVIRONMENT,1.0,1,1,HIGH_LOCKED_LAGGED_PBP,confirmation
00-0035259,2022,TE,OL_ENVIRONMENT,1.0,1,1,HIGH_LOCKED_LAGGED_PBP,confirmation
00-0035308,2022,TE,OL_ENVIRONMENT,1.0,1,1,HIGH_LOCKED_LAGGED_PBP,confirmation
00-0035345,2022,TE,OL_ENVIRONMENT,1.0,1,1,HIGH_LOCKED_LAGGED_PBP,confirmation
00-0035356,2022,TE,OL_ENVIRONMENT,1.0,1,1,HIGH_LOCKED_LAGGED_PBP,confirmation
00-0035562,2022,TE,OL_ENVIRONMENT,1.0,1,1,HIGH_LOCKED_LAGGED_PBP,confirmation
00-0035572,2022,TE,OL_ENVIRONMENT,1.0,1,1,HIGH_LOCKED_LAGGED_PBP,confirmation
00-0035624,2022,TE,OL_ENVIRONMENT,1.0,1,1,HIGH_LOCKED_LAGGED_PBP,confirmation
00-0035823,2022,TE,OL_ENVIRONMENT,1.0,1,1,HIGH_LOCKED_LAGGED_PBP,confirmation
00-0035956,2022,TE,OL_ENVIRONMENT,1.0,1,1,HIGH_LOCKED_LAGGED_PBP,confirmation
00-0036005,2022,TE,OL_ENVIRONMENT,0.0,0,0,HIGH_LOCKED_LAGGED_PBP,confirmation
00-0036040,2022,TE,OL_ENVIRONMENT,1.0,1,1,HIGH_LOCKED_LAGGED_PBP,confirmation
00-0036232,2022,TE,OL_ENVIRONMENT,1.0,1,1,HIGH_LOCKED_LAGGED_PBP,confirmation
00-0036250,2022,TE,OL_ENVIRONMENT,1.0,1,1,HIGH_LOCKED_LAGGED_PBP,confirmation
00-0036290,2022,TE,OL_ENVIRONMENT,1.0,1,1,HIGH_LOCKED_LAGGED_PBP,confirmation
00-0036422,2022,TE,OL_ENVIRONMENT,1.0,1,1,HIGH_LOCKED_LAGGED_PBP,confirmation
00-0036423,2022,TE,OL_ENVIRONMENT,1.0,1,1,HIGH_LOCKED_LAGGED_PBP,confirmation
00-0036438,2022,TE,OL_ENVIRONMENT,1.0,1,1,HIGH_LOCKED_LAGGED_PBP,confirmation
00-0036510,2022,TE,OL_ENVIRONMENT,1.0,1,1,HIGH_LOCKED_LAGGED_PBP,confirmation
00-0036534,2022,TE,OL_ENVIRONMENT,1.0,1,1,HIGH_LOCKED_LAGGED_PBP,confirmation
00-0036556,2022,TE,OL_ENVIRONMENT,1.0,1,1,HIGH_LOCKED_LAGGED_PBP,confirmation
00-0036628,2022,TE,OL_ENVIRONMENT,1.0,1,1,HIGH_LOCKED_LAGGED_PBP,confirmation
00-0036692,2022,TE,OL_ENVIRONMENT,0.0,0,0,HIGH_LOCKED_LAGGED_PBP,confirmation
00-0036754,2022,TE,OL_ENVIRONMENT,1.0,1,1,HIGH_LOCKED_LAGGED_PBP,confirmation
00-0036825,2022,TE,OL_ENVIRONMENT,1.0,1,1,HIGH_LOCKED_LAGGED_PBP,confirmation
00-0036876,2022,TE,OL_ENVIRONMENT,1.0,1,1,HIGH_LOCKED_LAGGED_PBP,confirmation
00-0036887,2022,TE,OL_ENVIRONMENT,1.0,1,1,HIGH_LOCKED_LAGGED_PBP,confirmation
00-0036970,2022,TE,OL_ENVIRONMENT,1.0,1,1,HIGH_LOCKED_LAGGED_PBP,confirmation
00-0037005,2022,TE,OL_ENVIRONMENT,1.0,1,1,HIGH_LOCKED_LAGGED_PBP,confirmation
00-0023459,2023,QB,OL_ENVIRONMENT,1.0,1,1,HIGH_LOCKED_LAGGED_PBP,confirmation
00-0026625,2023,QB,OL_ENVIRONMENT,1.0,1,1,HIGH_LOCKED_LAGGED_PBP,confirmation
00-0027948,2023,QB,OL_ENVIRONMENT,1.0,1,1,HIGH_LOCKED_LAGGED_PBP,confirmation
00-0027973,2023,QB,OL_ENVIRONMENT,1.0,1,1,HIGH_LOCKED_LAGGED_PBP,confirmation
00-0028118,2023,QB,OL_ENVIRONMENT,1.0,1,1,HIGH_LOCKED_LAGGED_PBP,confirmation
00-0028986,2023,QB,OL_ENVIRONMENT,1.0,1,1,HIGH_LOCKED_LAGGED_PBP,confirmation
00-0029263,2023,QB,OL_ENVIRONMENT,1.0,1,1,HIGH_LOCKED_LAGGED_PBP,confirmation
00-0029701,2023,QB,OL_ENVIRONMENT,1.0,1,1,HIGH_LOCKED_LAGGED_PBP,confirmation
00-0031237,2023,QB,OL_ENVIRONMENT,1.0,1,1,HIGH_LOCKED_LAGGED_PBP,confirmation
00-0031280,2023,QB,OL_ENVIRONMENT,1.0,1,1,HIGH_LOCKED_LAGGED_PBP,confirmation
00-0031345,2023,QB,OL_ENVIRONMENT,1.0,1,1,HIGH_LOCKED_LAGGED_PBP,confirmation
00-0031503,2023,QB,OL_ENVIRONMENT,1.0,1,1,HIGH_LOCKED_LAGGED_PBP,confirmation
00-0031800,2023,QB,OL_ENVIRONMENT,1.0,1,1,HIGH_LOCKED_LAGGED_PBP,confirmation
00-0032156,2023,QB,OL_ENVIRONMENT,1.0,1,1,HIGH_LOCKED_LAGGED_PBP,confirmation
00-0032268,2023,QB,OL_ENVIRONMENT,1.0,1,1,HIGH_LOCKED_LAGGED_PBP,confirmation
00-0032436,2023,QB,OL_ENVIRONMENT,1.0,1,1,HIGH_LOCKED_LAGGED_PBP,confirmation
00-0032950,2023,QB,OL_ENVIRONMENT,1.0,1,1,HIGH_LOCKED_LAGGED_PBP,confirmation
00-0033119,2023,QB,OL_ENVIRONMENT,1.0,1,1,HIGH_LOCKED_LAGGED_PBP,confirmation
00-0033275,2023,QB,OL_ENVIRONMENT,1.0,1,1,HIGH_LOCKED_LAGGED_PBP,confirmation
00-0033319,2023,QB,OL_ENVIRONMENT,1.0,1,1,HIGH_LOCKED_LAGGED_PBP,confirmation
00-0033537,2023,QB,OL_ENVIRONMENT,1.0,1,1,HIGH_LOCKED_LAGGED_PBP,confirmation
00-0033662,2023,QB,OL_ENVIRONMENT,1.0,1,1,HIGH_LOCKED_LAGGED_PBP,confirmation
00-0033869,2023,QB,OL_ENVIRONMENT,1.0,1,1,HIGH_LOCKED_LAGGED_PBP,confirmation
00-0033936,2023,QB,OL_ENVIRONMENT,1.0,1,1,HIGH_LOCKED_LAGGED_PBP,confirmation
00-0033949,2023,QB,OL_ENVIRONMENT,1.0,1,1,HIGH_LOCKED_LAGGED_PBP,confirmation
00-0033958,2023,QB,OL_ENVIRONMENT,1.0,1,1,HIGH_LOCKED_LAGGED_PBP,confirmation
00-0034177,2023,QB,OL_ENVIRONMENT,1.0,1,1,HIGH_LOCKED_LAGGED_PBP,confirmation
00-0034401,2023,QB,OL_ENVIRONMENT,1.0,1,1,HIGH_LOCKED_LAGGED_PBP,confirmation
00-0034577,2023,QB,OL_ENVIRONMENT,1.0,1,1,HIGH_LOCKED_LAGGED_PBP,confirmation
00-0034869,2023,QB,OL_ENVIRONMENT,1.0,1,1,HIGH_LOCKED_LAGGED_PBP,confirmation
00-0034955,2023,QB,OL_ENVIRONMENT,1.0,1,1,HIGH_LOCKED_LAGGED_PBP,confirmation
00-0035228,2023,QB,OL_ENVIRONMENT,1.0,1,1,HIGH_LOCKED_LAGGED_PBP,confirmation
00-0035264,2023,QB,OL_ENVIRONMENT,1.0,1,1,HIGH_LOCKED_LAGGED_PBP,confirmation
00-0036928,2023,QB,OL_ENVIRONMENT,1.0,1,1,HIGH_LOCKED_LAGGED_PBP,confirmation
00-0036945,2023,QB,OL_ENVIRONMENT,1.0,1,1,HIGH_LOCKED_LAGGED_PBP,confirmation
00-0036972,2023,QB,OL_ENVIRONMENT,1.0,1,1,HIGH_LOCKED_LAGGED_PBP,confirmation
00-0037013,2023,QB,OL_ENVIRONMENT,1.0,1,1,HIGH_LOCKED_LAGGED_PBP,confirmation
00-0037077,2023,QB,OL_ENVIRONMENT,1.0,1,1,HIGH_LOCKED_LAGGED_PBP,confirmation
00-0038102,2023,QB,OL_ENVIRONMENT,1.0,1,1,HIGH_LOCKED_LAGGED_PBP,confirmation
00-0038108,2023,QB,OL_ENVIRONMENT,1.0,1,1,HIGH_LOCKED_LAGGED_PBP,confirmation
00-0038122,2023,QB,OL_ENVIRONMENT,1.0,1,1,HIGH_LOCKED_LAGGED_PBP,confirmation
00-0038128,2023,QB,OL_ENVIRONMENT,1.0,1,1,HIGH_LOCKED_LAGGED_PBP,confirmation
00-0029239,2023,RB,OL_ENVIRONMENT,1.0,1,1,HIGH_LOCKED_LAGGED_PBP,confirmation
00-0030578,2023,RB,OL_ENVIRONMENT,1.0,1,1,HIGH_LOCKED_LAGGED_PBP,confirmation
00-0030874,2023,RB,OL_ENVIRONMENT,1.0,1,1,HIGH_LOCKED_LAGGED_PBP,confirmation
00-0032104,2023,RB,OL_ENVIRONMENT,1.0,1,1,HIGH_LOCKED_LAGGED_PBP,confirmation
00-0032144,2023,RB,OL_ENVIRONMENT,1.0,1,1,HIGH_LOCKED_LAGGED_PBP,confirmation
00-0032450,2023,RB,OL_ENVIRONMENT,1.0,1,1,HIGH_LOCKED_LAGGED_PBP,confirmation
00-0032764,2023,RB,OL_ENVIRONMENT,1.0,1,1,HIGH_LOCKED_LAGGED_PBP,confirmation
00-0032975,2023,RB,OL_ENVIRONMENT,1.0,1,1,HIGH_LOCKED_LAGGED_PBP,confirmation
00-0033118,2023,RB,OL_ENVIRONMENT,1.0,1,1,HIGH_LOCKED_LAGGED_PBP,confirmation
00-0033553,2023,RB,OL_ENVIRONMENT,1.0,1,1,HIGH_LOCKED_LAGGED_PBP,confirmation
00-0033906,2023,RB,OL_ENVIRONMENT,1.0,1,1,HIGH_LOCKED_LAGGED_PBP,confirmation
00-0033925,2023,RB,OL_ENVIRONMENT,1.0,1,1,HIGH_LOCKED_LAGGED_PBP,confirmation
00-0033948,2023,RB,OL_ENVIRONMENT,1.0,1,1,HIGH_LOCKED_LAGGED_PBP,confirmation
00-0034208,2023,RB,OL_ENVIRONMENT,1.0,1,1,HIGH_LOCKED_LAGGED_PBP,confirmation
00-0034750,2023,RB,OL_ENVIRONMENT,1.0,1,1,HIGH_LOCKED_LAGGED_PBP,confirmation
00-0034791,2023,RB,OL_ENVIRONMENT,1.0,1,1,HIGH_LOCKED_LAGGED_PBP,confirmation
00-0034838,2023,RB,OL_ENVIRONMENT,1.0,1,1,HIGH_LOCKED_LAGGED_PBP,confirmation
00-0035184,2023,RB,OL_ENVIRONMENT,1.0,1,1,HIGH_LOCKED_LAGGED_PBP,confirmation
00-0035594,2023,RB,OL_ENVIRONMENT,1.0,1,1,HIGH_LOCKED_LAGGED_PBP,confirmation
00-0035628,2023,RB,OL_ENVIRONMENT,1.0,1,1,HIGH_LOCKED_LAGGED_PBP,confirmation
00-0035657,2023,RB,OL_ENVIRONMENT,1.0,1,1,HIGH_LOCKED_LAGGED_PBP,confirmation
00-0035664,2023,RB,OL_ENVIRONMENT,1.0,1,1,HIGH_LOCKED_LAGGED_PBP,confirmation
00-0035700,2023,RB,OL_ENVIRONMENT,1.0,1,1,HIGH_LOCKED_LAGGED_PBP,confirmation
00-0035726,2023,RB,OL_ENVIRONMENT,1.0,1,1,HIGH_LOCKED_LAGGED_PBP,confirmation
00-0035831,2023,RB,OL_ENVIRONMENT,1.0,1,1,HIGH_LOCKED_LAGGED_PBP,confirmation
00-0035860,2023,RB,OL_ENVIRONMENT,1.0,1,1,HIGH_LOCKED_LAGGED_PBP,confirmation
00-0035924,2023,RB,OL_ENVIRONMENT,1.0,1,1,HIGH_LOCKED_LAGGED_PBP,confirmation
00-0036187,2023,RB,OL_ENVIRONMENT,1.0,1,1,HIGH_LOCKED_LAGGED_PBP,confirmation
00-0036223,2023,RB,OL_ENVIRONMENT,1.0,1,1,HIGH_LOCKED_LAGGED_PBP,confirmation
00-0036251,2023,RB,OL_ENVIRONMENT,1.0,1,1,HIGH_LOCKED_LAGGED_PBP,confirmation
00-0036265,2023,RB,OL_ENVIRONMENT,1.0,1,1,HIGH_LOCKED_LAGGED_PBP,confirmation
00-0036297,2023,RB,OL_ENVIRONMENT,1.0,1,1,HIGH_LOCKED_LAGGED_PBP,confirmation
00-0036328,2023,RB,OL_ENVIRONMENT,1.0,1,1,HIGH_LOCKED_LAGGED_PBP,confirmation
00-0036336,2023,RB,OL_ENVIRONMENT,1.0,1,1,HIGH_LOCKED_LAGGED_PBP,confirmation
00-0036414,2023,RB,OL_ENVIRONMENT,1.0,1,1,HIGH_LOCKED_LAGGED_PBP,confirmation
00-0036450,2023,RB,OL_ENVIRONMENT,1.0,1,1,HIGH_LOCKED_LAGGED_PBP,confirmation
00-0036493,2023,RB,OL_ENVIRONMENT,1.0,1,1,HIGH_LOCKED_LAGGED_PBP,confirmation
00-0036555,2023,RB,OL_ENVIRONMENT,1.0,1,1,HIGH_LOCKED_LAGGED_PBP,confirmation
00-0036857,2023,RB,OL_ENVIRONMENT,1.0,1,1,HIGH_LOCKED_LAGGED_PBP,confirmation
00-0036860,2023,RB,OL_ENVIRONMENT,0.0,0,0,HIGH_LOCKED_LAGGED_PBP,confirmation
00-0036875,2023,RB,OL_ENVIRONMENT,1.0,1,1,HIGH_LOCKED_LAGGED_PBP,confirmation
00-0036906,2023,RB,OL_ENVIRONMENT,1.0,1,1,HIGH_LOCKED_LAGGED_PBP,confirmation
00-0036924,2023,RB,OL_ENVIRONMENT,1.0,1,1,HIGH_LOCKED_LAGGED_PBP,confirmation
00-0036984,2023,RB,OL_ENVIRONMENT,1.0,1,1,HIGH_LOCKED_LAGGED_PBP,confirmation
00-0036997,2023,RB,OL_ENVIRONMENT,1.0,1,1,HIGH_LOCKED_LAGGED_PBP,confirmation
00-0037157,2023,RB,OL_ENVIRONMENT,1.0,1,1,HIGH_LOCKED_LAGGED_PBP,confirmation
00-0037263,2023,RB,OL_ENVIRONMENT,1.0,1,1,HIGH_LOCKED_LAGGED_PBP,confirmation
00-0037276,2023,RB,OL_ENVIRONMENT,1.0,1,1,HIGH_LOCKED_LAGGED_PBP,confirmation
00-0037286,2023,RB,OL_ENVIRONMENT,1.0,1,1,HIGH_LOCKED_LAGGED_PBP,confirmation
00-0037299,2023,RB,OL_ENVIRONMENT,1.0,1,1,HIGH_LOCKED_LAGGED_PBP,confirmation
00-0037429,2023,RB,OL_ENVIRONMENT,1.0,1,1,HIGH_LOCKED_LAGGED_PBP,confirmation
00-0037563,2023,RB,OL_ENVIRONMENT,1.0,1,1,HIGH_LOCKED_LAGGED_PBP,confirmation
00-0037594,2023,RB,OL_ENVIRONMENT,1.0,1,1,HIGH_LOCKED_LAGGED_PBP,confirmation
00-0037746,2023,RB,OL_ENVIRONMENT,1.0,1,1,HIGH_LOCKED_LAGGED_PBP,confirmation
00-0037827,2023,RB,OL_ENVIRONMENT,1.0,1,1,HIGH_LOCKED_LAGGED_PBP,confirmation
00-0038040,2023,RB,OL_ENVIRONMENT,1.0,1,1,HIGH_LOCKED_LAGGED_PBP,confirmation
00-0038045,2023,RB,OL_ENVIRONMENT,1.0,1,1,HIGH_LOCKED_LAGGED_PBP,confirmation
00-0038098,2023,RB,OL_ENVIRONMENT,1.0,1,1,HIGH_LOCKED_LAGGED_PBP,confirmation
00-0038120,2023,RB,OL_ENVIRONMENT,1.0,1,1,HIGH_LOCKED_LAGGED_PBP,confirmation
00-0026293,2023,WR,OL_ENVIRONMENT,0.0,0,0,HIGH_LOCKED_LAGGED_PBP,confirmation
00-0028002,2023,WR,OL_ENVIRONMENT,1.0,1,1,HIGH_LOCKED_LAGGED_PBP,confirmation
00-0030564,2023,WR,OL_ENVIRONMENT,1.0,1,1,HIGH_LOCKED_LAGGED_PBP,confirmation
00-0031381,2023,WR,OL_ENVIRONMENT,1.0,1,1,HIGH_LOCKED_LAGGED_PBP,confirmation
00-0031547,2023,WR,OL_ENVIRONMENT,1.0,1,1,HIGH_LOCKED_LAGGED_PBP,confirmation
00-0031868,2023,WR,OL_ENVIRONMENT,1.0,1,1,HIGH_LOCKED_LAGGED_PBP,confirmation
00-0031941,2023,WR,OL_ENVIRONMENT,1.0,1,1,HIGH_LOCKED_LAGGED_PBP,confirmation
00-0032200,2023,WR,OL_ENVIRONMENT,1.0,1,1,HIGH_LOCKED_LAGGED_PBP,confirmation
00-0032208,2023,WR,OL_ENVIRONMENT,1.0,1,1,HIGH_LOCKED_LAGGED_PBP,confirmation
00-0032385,2023,WR,OL_ENVIRONMENT,1.0,1,1,HIGH_LOCKED_LAGGED_PBP,confirmation
00-0032398,2023,WR,OL_ENVIRONMENT,1.0,1,1,HIGH_LOCKED_LAGGED_PBP,confirmation
00-0032464,2023,WR,OL_ENVIRONMENT,1.0,1,1,HIGH_LOCKED_LAGGED_PBP,confirmation
00-0032543,2023,WR,OL_ENVIRONMENT,0.0,0,0,HIGH_LOCKED_LAGGED_PBP,confirmation
00-0032688,2023,WR,OL_ENVIRONMENT,1.0,1,1,HIGH_LOCKED_LAGGED_PBP,confirmation
00-0032765,2023,WR,OL_ENVIRONMENT,1.0,1,1,HIGH_LOCKED_LAGGED_PBP,confirmation
00-0032951,2023,WR,OL_ENVIRONMENT,1.0,1,1,HIGH_LOCKED_LAGGED_PBP,confirmation
00-0033282,2023,WR,OL_ENVIRONMENT,1.0,1,1,HIGH_LOCKED_LAGGED_PBP,confirmation
00-0033307,2023,WR,OL_ENVIRONMENT,1.0,1,1,HIGH_LOCKED_LAGGED_PBP,confirmation
00-0033536,2023,WR,OL_ENVIRONMENT,1.0,1,1,HIGH_LOCKED_LAGGED_PBP,confirmation
00-0033555,2023,WR,OL_ENVIRONMENT,1.0,1,1,HIGH_LOCKED_LAGGED_PBP,confirmation
00-0034279,2023,WR,OL_ENVIRONMENT,1.0,1,1,HIGH_LOCKED_LAGGED_PBP,confirmation
00-0034297,2023,WR,OL_ENVIRONMENT,1.0,1,1,HIGH_LOCKED_LAGGED_PBP,confirmation
00-0034317,2023,WR,OL_ENVIRONMENT,1.0,1,1,HIGH_LOCKED_LAGGED_PBP,confirmation
00-0034348,2023,WR,OL_ENVIRONMENT,1.0,1,1,HIGH_LOCKED_LAGGED_PBP,confirmation
00-0034521,2023,WR,OL_ENVIRONMENT,1.0,1,1,HIGH_LOCKED_LAGGED_PBP,confirmation
00-0034646,2023,WR,OL_ENVIRONMENT,1.0,1,1,HIGH_LOCKED_LAGGED_PBP,confirmation
00-0034777,2023,WR,OL_ENVIRONMENT,1.0,1,1,HIGH_LOCKED_LAGGED_PBP,confirmation
00-0034827,2023,WR,OL_ENVIRONMENT,1.0,1,1,HIGH_LOCKED_LAGGED_PBP,confirmation
00-0034854,2023,WR,OL_ENVIRONMENT,1.0,1,1,HIGH_LOCKED_LAGGED_PBP,confirmation
00-0034960,2023,WR,OL_ENVIRONMENT,1.0,1,1,HIGH_LOCKED_LAGGED_PBP,confirmation
00-0034983,2023,WR,OL_ENVIRONMENT,1.0,1,1,HIGH_LOCKED_LAGGED_PBP,confirmation
00-0035298,2023,WR,OL_ENVIRONMENT,1.0,1,1,HIGH_LOCKED_LAGGED_PBP,confirmation
00-0035406,2023,WR,OL_ENVIRONMENT,1.0,1,1,HIGH_LOCKED_LAGGED_PBP,confirmation
00-0035414,2023,WR,OL_ENVIRONMENT,1.0,1,1,HIGH_LOCKED_LAGGED_PBP,confirmation
00-0035500,2023,WR,OL_ENVIRONMENT,1.0,1,1,HIGH_LOCKED_LAGGED_PBP,confirmation
00-0035593,2023,WR,OL_ENVIRONMENT,1.0,1,1,HIGH_LOCKED_LAGGED_PBP,confirmation
00-0035639,2023,WR,OL_ENVIRONMENT,1.0,1,1,HIGH_LOCKED_LAGGED_PBP,confirmation
00-0035645,2023,WR,OL_ENVIRONMENT,1.0,1,1,HIGH_LOCKED_LAGGED_PBP,confirmation
00-0035659,2023,WR,OL_ENVIRONMENT,1.0,1,1,HIGH_LOCKED_LAGGED_PBP,confirmation
00-0035662,2023,WR,OL_ENVIRONMENT,1.0,1,1,HIGH_LOCKED_LAGGED_PBP,confirmation
00-0035703,2023,WR,OL_ENVIRONMENT,1.0,1,1,HIGH_LOCKED_LAGGED_PBP,confirmation
00-0035876,2023,WR,OL_ENVIRONMENT,1.0,1,1,HIGH_LOCKED_LAGGED_PBP,confirmation
00-0036176,2023,WR,OL_ENVIRONMENT,1.0,1,1,HIGH_LOCKED_LAGGED_PBP,confirmation
00-0036182,2023,WR,OL_ENVIRONMENT,1.0,1,1,HIGH_LOCKED_LAGGED_PBP,confirmation
00-0036252,2023,WR,OL_ENVIRONMENT,1.0,1,1,HIGH_LOCKED_LAGGED_PBP,confirmation
00-0036268,2023,WR,OL_ENVIRONMENT,1.0,1,1,HIGH_LOCKED_LAGGED_PBP,confirmation
00-0036309,2023,WR,OL_ENVIRONMENT,1.0,1,1,HIGH_LOCKED_LAGGED_PBP,confirmation
00-0036326,2023,WR,OL_ENVIRONMENT,1.0,1,1,HIGH_LOCKED_LAGGED_PBP,confirmation
00-0036407,2023,WR,OL_ENVIRONMENT,1.0,1,1,HIGH_LOCKED_LAGGED_PBP,confirmation
00-0036415,2023,WR,OL_ENVIRONMENT,1.0,1,1,HIGH_LOCKED_LAGGED_PBP,confirmation
00-0036482,2023,WR,OL_ENVIRONMENT,1.0,1,1,HIGH_LOCKED_LAGGED_PBP,confirmation
00-0036527,2023,WR,OL_ENVIRONMENT,1.0,1,1,HIGH_LOCKED_LAGGED_PBP,confirmation
00-0036620,2023,WR,OL_ENVIRONMENT,1.0,1,1,HIGH_LOCKED_LAGGED_PBP,confirmation
00-0036626,2023,WR,OL_ENVIRONMENT,1.0,1,1,HIGH_LOCKED_LAGGED_PBP,confirmation
00-0036630,2023,WR,OL_ENVIRONMENT,1.0,1,1,HIGH_LOCKED_LAGGED_PBP,confirmation
00-0036635,2023,WR,OL_ENVIRONMENT,1.0,1,1,HIGH_LOCKED_LAGGED_PBP,confirmation
00-0036646,2023,WR,OL_ENVIRONMENT,1.0,1,1,HIGH_LOCKED_LAGGED_PBP,confirmation
00-0036877,2023,WR,OL_ENVIRONMENT,1.0,1,1,HIGH_LOCKED_LAGGED_PBP,confirmation
00-0036936,2023,WR,OL_ENVIRONMENT,1.0,1,1,HIGH_LOCKED_LAGGED_PBP,confirmation
00-0036955,2023,WR,OL_ENVIRONMENT,1.0,1,1,HIGH_LOCKED_LAGGED_PBP,confirmation
00-0036991,2023,WR,OL_ENVIRONMENT,1.0,1,1,HIGH_LOCKED_LAGGED_PBP,confirmation
00-0037098,2023,WR,OL_ENVIRONMENT,1.0,1,1,HIGH_LOCKED_LAGGED_PBP,confirmation
00-0037238,2023,WR,OL_ENVIRONMENT,1.0,1,1,HIGH_LOCKED_LAGGED_PBP,confirmation
00-0037239,2023,WR,OL_ENVIRONMENT,1.0,1,1,HIGH_LOCKED_LAGGED_PBP,confirmation
00-0037272,2023,WR,OL_ENVIRONMENT,1.0,1,1,HIGH_LOCKED_LAGGED_PBP,confirmation
00-0037273,2023,WR,OL_ENVIRONMENT,1.0,1,1,HIGH_LOCKED_LAGGED_PBP,confirmation
00-0037291,2023,WR,OL_ENVIRONMENT,1.0,1,1,HIGH_LOCKED_LAGGED_PBP,confirmation
00-0037382,2023,WR,OL_ENVIRONMENT,1.0,1,1,HIGH_LOCKED_LAGGED_PBP,confirmation
00-0037545,2023,WR,OL_ENVIRONMENT,1.0,1,1,HIGH_LOCKED_LAGGED_PBP,confirmation
00-0037664,2023,WR,OL_ENVIRONMENT,1.0,1,1,HIGH_LOCKED_LAGGED_PBP,confirmation
00-0037740,2023,WR,OL_ENVIRONMENT,1.0,1,1,HIGH_LOCKED_LAGGED_PBP,confirmation
00-0037741,2023,WR,OL_ENVIRONMENT,1.0,1,1,HIGH_LOCKED_LAGGED_PBP,confirmation
00-0037742,2023,WR,OL_ENVIRONMENT,1.0,1,1,HIGH_LOCKED_LAGGED_PBP,confirmation
00-0037745,2023,WR,OL_ENVIRONMENT,1.0,1,1,HIGH_LOCKED_LAGGED_PBP,confirmation
00-0038092,2023,WR,OL_ENVIRONMENT,1.0,1,1,HIGH_LOCKED_LAGGED_PBP,confirmation
00-0038104,2023,WR,OL_ENVIRONMENT,1.0,1,1,HIGH_LOCKED_LAGGED_PBP,confirmation
00-0038117,2023,WR,OL_ENVIRONMENT,1.0,1,1,HIGH_LOCKED_LAGGED_PBP,confirmation
00-0024243,2023,TE,OL_ENVIRONMENT,1.0,1,1,HIGH_LOCKED_LAGGED_PBP,confirmation
00-0030061,2023,TE,OL_ENVIRONMENT,1.0,1,1,HIGH_LOCKED_LAGGED_PBP,confirmation
00-0031260,2023,TE,OL_ENVIRONMENT,1.0,1,1,HIGH_LOCKED_LAGGED_PBP,confirmation
00-0031585,2023,TE,OL_ENVIRONMENT,1.0,1,1,HIGH_LOCKED_LAGGED_PBP,confirmation
00-0031610,2023,TE,OL_ENVIRONMENT,1.0,1,1,HIGH_LOCKED_LAGGED_PBP,confirmation
00-0032134,2023,TE,OL_ENVIRONMENT,1.0,1,1,HIGH_LOCKED_LAGGED_PBP,confirmation
00-0032141,2023,TE,OL_ENVIRONMENT,1.0,1,1,HIGH_LOCKED_LAGGED_PBP,confirmation
00-0032214,2023,TE,OL_ENVIRONMENT,1.0,1,1,HIGH_LOCKED_LAGGED_PBP,confirmation
00-0032392,2023,TE,OL_ENVIRONMENT,1.0,1,1,HIGH_LOCKED_LAGGED_PBP,confirmation
00-0032394,2023,TE,OL_ENVIRONMENT,1.0,1,1,HIGH_LOCKED_LAGGED_PBP,confirmation
00-0032725,2023,TE,OL_ENVIRONMENT,1.0,1,1,HIGH_LOCKED_LAGGED_PBP,confirmation
00-0033090,2023,TE,OL_ENVIRONMENT,1.0,1,1,HIGH_LOCKED_LAGGED_PBP,confirmation
00-0033217,2023,TE,OL_ENVIRONMENT,1.0,1,1,HIGH_LOCKED_LAGGED_PBP,confirmation
00-0033357,2023,TE,OL_ENVIRONMENT,1.0,1,1,HIGH_LOCKED_LAGGED_PBP,confirmation
00-0033439,2023,TE,OL_ENVIRONMENT,1.0,1,1,HIGH_LOCKED_LAGGED_PBP,confirmation
00-0033576,2023,TE,OL_ENVIRONMENT,1.0,1,1,HIGH_LOCKED_LAGGED_PBP,confirmation
00-0033757,2023,TE,OL_ENVIRONMENT,1.0,1,1,HIGH_LOCKED_LAGGED_PBP,confirmation
00-0033858,2023,TE,OL_ENVIRONMENT,1.0,1,1,HIGH_LOCKED_LAGGED_PBP,confirmation
00-0034073,2023,TE,OL_ENVIRONMENT,1.0,1,1,HIGH_LOCKED_LAGGED_PBP,confirmation
00-0034159,2023,TE,OL_ENVIRONMENT,1.0,1,1,HIGH_LOCKED_LAGGED_PBP,confirmation
00-0034193,2023,TE,OL_ENVIRONMENT,0.0,0,0,HIGH_LOCKED_LAGGED_PBP,confirmation
00-0034270,2023,TE,OL_ENVIRONMENT,1.0,1,1,HIGH_LOCKED_LAGGED_PBP,confirmation
00-0034364,2023,TE,OL_ENVIRONMENT,1.0,1,1,HIGH_LOCKED_LAGGED_PBP,confirmation
00-0034365,2023,TE,OL_ENVIRONMENT,1.0,1,1,HIGH_LOCKED_LAGGED_PBP,confirmation
00-0034613,2023,TE,OL_ENVIRONMENT,1.0,1,1,HIGH_LOCKED_LAGGED_PBP,confirmation
00-0034981,2023,TE,OL_ENVIRONMENT,1.0,1,1,HIGH_LOCKED_LAGGED_PBP,confirmation
00-0035259,2023,TE,OL_ENVIRONMENT,1.0,1,1,HIGH_LOCKED_LAGGED_PBP,confirmation
00-0035562,2023,TE,OL_ENVIRONMENT,1.0,1,1,HIGH_LOCKED_LAGGED_PBP,confirmation
00-0035572,2023,TE,OL_ENVIRONMENT,1.0,1,1,HIGH_LOCKED_LAGGED_PBP,confirmation
00-0035631,2023,TE,OL_ENVIRONMENT,1.0,1,1,HIGH_LOCKED_LAGGED_PBP,confirmation
00-0035956,2023,TE,OL_ENVIRONMENT,1.0,1,1,HIGH_LOCKED_LAGGED_PBP,confirmation
00-0036040,2023,TE,OL_ENVIRONMENT,1.0,1,1,HIGH_LOCKED_LAGGED_PBP,confirmation
00-0036290,2023,TE,OL_ENVIRONMENT,1.0,1,1,HIGH_LOCKED_LAGGED_PBP,confirmation
00-0036422,2023,TE,OL_ENVIRONMENT,1.0,1,1,HIGH_LOCKED_LAGGED_PBP,confirmation
00-0036423,2023,TE,OL_ENVIRONMENT,1.0,1,1,HIGH_LOCKED_LAGGED_PBP,confirmation
00-0036424,2023,TE,OL_ENVIRONMENT,1.0,1,1,HIGH_LOCKED_LAGGED_PBP,confirmation
00-0036438,2023,TE,OL_ENVIRONMENT,1.0,1,1,HIGH_LOCKED_LAGGED_PBP,confirmation
00-0036510,2023,TE,OL_ENVIRONMENT,0.0,0,0,HIGH_LOCKED_LAGGED_PBP,confirmation
00-0036628,2023,TE,OL_ENVIRONMENT,1.0,1,1,HIGH_LOCKED_LAGGED_PBP,confirmation
00-0036876,2023,TE,OL_ENVIRONMENT,1.0,1,1,HIGH_LOCKED_LAGGED_PBP,confirmation
00-0036887,2023,TE,OL_ENVIRONMENT,1.0,1,1,HIGH_LOCKED_LAGGED_PBP,confirmation
00-0036970,2023,TE,OL_ENVIRONMENT,1.0,1,1,HIGH_LOCKED_LAGGED_PBP,confirmation
00-0037005,2023,TE,OL_ENVIRONMENT,1.0,1,1,HIGH_LOCKED_LAGGED_PBP,confirmation
00-0037078,2023,TE,OL_ENVIRONMENT,1.0,1,1,HIGH_LOCKED_LAGGED_PBP,confirmation
00-0037086,2023,TE,OL_ENVIRONMENT,1.0,1,1,HIGH_LOCKED_LAGGED_PBP,confirmation
00-0037252,2023,TE,OL_ENVIRONMENT,1.0,1,1,HIGH_LOCKED_LAGGED_PBP,confirmation
00-0037277,2023,TE,OL_ENVIRONMENT,1.0,1,1,HIGH_LOCKED_LAGGED_PBP,confirmation
00-0037282,2023,TE,OL_ENVIRONMENT,1.0,1,1,HIGH_LOCKED_LAGGED_PBP,confirmation
00-0037475,2023,TE,OL_ENVIRONMENT,1.0,1,1,HIGH_LOCKED_LAGGED_PBP,confirmation
00-0037744,2023,TE,OL_ENVIRONMENT,1.0,1,1,HIGH_LOCKED_LAGGED_PBP,confirmation
00-0037805,2023,TE,OL_ENVIRONMENT,1.0,1,1,HIGH_LOCKED_LAGGED_PBP,confirmation
00-0037809,2023,TE,OL_ENVIRONMENT,1.0,1,1,HIGH_LOCKED_LAGGED_PBP,confirmation
00-0023459,2024,QB,OL_ENVIRONMENT,1.0,1,1,HIGH_LOCKED_LAGGED_PBP,confirmation
00-0027973,2024,QB,OL_ENVIRONMENT,1.0,1,1,HIGH_LOCKED_LAGGED_PBP,confirmation
00-0028118,2024,QB,OL_ENVIRONMENT,1.0,1,1,HIGH_LOCKED_LAGGED_PBP,confirmation
00-0029604,2024,QB,OL_ENVIRONMENT,1.0,1,1,HIGH_LOCKED_LAGGED_PBP,confirmation
00-0030565,2024,QB,OL_ENVIRONMENT,1.0,1,1,HIGH_LOCKED_LAGGED_PBP,confirmation
00-0031280,2024,QB,OL_ENVIRONMENT,1.0,1,1,HIGH_LOCKED_LAGGED_PBP,confirmation
00-0031345,2024,QB,OL_ENVIRONMENT,1.0,1,1,HIGH_LOCKED_LAGGED_PBP,confirmation
00-0031503,2024,QB,OL_ENVIRONMENT,1.0,1,1,HIGH_LOCKED_LAGGED_PBP,confirmation
00-0031800,2024,QB,OL_ENVIRONMENT,1.0,1,1,HIGH_LOCKED_LAGGED_PBP,confirmation
00-0032950,2024,QB,OL_ENVIRONMENT,1.0,1,1,HIGH_LOCKED_LAGGED_PBP,confirmation
00-0033119,2024,QB,OL_ENVIRONMENT,1.0,1,1,HIGH_LOCKED_LAGGED_PBP,confirmation
00-0033319,2024,QB,OL_ENVIRONMENT,1.0,1,1,HIGH_LOCKED_LAGGED_PBP,confirmation
00-0033537,2024,QB,OL_ENVIRONMENT,1.0,1,1,HIGH_LOCKED_LAGGED_PBP,confirmation
00-0033662,2024,QB,OL_ENVIRONMENT,1.0,1,1,HIGH_LOCKED_LAGGED_PBP,confirmation
00-0033949,2024,QB,OL_ENVIRONMENT,1.0,1,1,HIGH_LOCKED_LAGGED_PBP,confirmation
00-0034177,2024,QB,OL_ENVIRONMENT,1.0,1,1,HIGH_LOCKED_LAGGED_PBP,confirmation
00-0034401,2024,QB,OL_ENVIRONMENT,1.0,1,1,HIGH_LOCKED_LAGGED_PBP,confirmation
00-0034577,2024,QB,OL_ENVIRONMENT,0.0,0,0,HIGH_LOCKED_LAGGED_PBP,confirmation
00-0035100,2024,QB,OL_ENVIRONMENT,1.0,1,1,HIGH_LOCKED_LAGGED_PBP,confirmation
00-0035228,2024,QB,OL_ENVIRONMENT,1.0,1,1,HIGH_LOCKED_LAGGED_PBP,confirmation
00-0035264,2024,QB,OL_ENVIRONMENT,1.0,1,1,HIGH_LOCKED_LAGGED_PBP,confirmation
00-0035289,2024,QB,OL_ENVIRONMENT,1.0,1,1,HIGH_LOCKED_LAGGED_PBP,confirmation
00-0035704,2024,QB,OL_ENVIRONMENT,1.0,1,1,HIGH_LOCKED_LAGGED_PBP,confirmation
00-0035710,2024,QB,OL_ENVIRONMENT,1.0,1,1,HIGH_LOCKED_LAGGED_PBP,confirmation
00-0035993,2024,QB,OL_ENVIRONMENT,1.0,1,1,HIGH_LOCKED_LAGGED_PBP,confirmation
00-0036442,2024,QB,OL_ENVIRONMENT,1.0,1,1,HIGH_LOCKED_LAGGED_PBP,confirmation
00-0036928,2024,QB,OL_ENVIRONMENT,1.0,1,1,HIGH_LOCKED_LAGGED_PBP,confirmation
00-0036971,2024,QB,OL_ENVIRONMENT,1.0,1,1,HIGH_LOCKED_LAGGED_PBP,confirmation
00-0036972,2024,QB,OL_ENVIRONMENT,1.0,1,1,HIGH_LOCKED_LAGGED_PBP,confirmation
00-0037077,2024,QB,OL_ENVIRONMENT,1.0,1,1,HIGH_LOCKED_LAGGED_PBP,confirmation
00-0038108,2024,QB,OL_ENVIRONMENT,1.0,1,1,HIGH_LOCKED_LAGGED_PBP,confirmation
00-0038122,2024,QB,OL_ENVIRONMENT,1.0,1,1,HIGH_LOCKED_LAGGED_PBP,confirmation
00-0038128,2024,QB,OL_ENVIRONMENT,1.0,1,1,HIGH_LOCKED_LAGGED_PBP,confirmation
00-0038416,2024,QB,OL_ENVIRONMENT,1.0,1,1,HIGH_LOCKED_LAGGED_PBP,confirmation
00-0038476,2024,QB,OL_ENVIRONMENT,1.0,1,1,HIGH_LOCKED_LAGGED_PBP,confirmation
00-0038579,2024,QB,OL_ENVIRONMENT,1.0,1,1,HIGH_LOCKED_LAGGED_PBP,confirmation
00-0038582,2024,QB,OL_ENVIRONMENT,1.0,1,1,HIGH_LOCKED_LAGGED_PBP,confirmation
00-0038583,2024,QB,OL_ENVIRONMENT,1.0,1,1,HIGH_LOCKED_LAGGED_PBP,confirmation
00-0039150,2024,QB,OL_ENVIRONMENT,1.0,1,1,HIGH_LOCKED_LAGGED_PBP,confirmation
00-0039152,2024,QB,OL_ENVIRONMENT,1.0,1,1,HIGH_LOCKED_LAGGED_PBP,confirmation
00-0039164,2024,QB,OL_ENVIRONMENT,1.0,1,1,HIGH_LOCKED_LAGGED_PBP,confirmation
00-0032104,2024,RB,OL_ENVIRONMENT,1.0,1,1,HIGH_LOCKED_LAGGED_PBP,confirmation
00-0033045,2024,RB,OL_ENVIRONMENT,1.0,1,1,HIGH_LOCKED_LAGGED_PBP,confirmation
00-0033376,2024,RB,OL_ENVIRONMENT,1.0,1,1,HIGH_LOCKED_LAGGED_PBP,confirmation
00-0033553,2024,RB,OL_ENVIRONMENT,1.0,1,1,HIGH_LOCKED_LAGGED_PBP,confirmation
00-0033906,2024,RB,OL_ENVIRONMENT,1.0,1,1,HIGH_LOCKED_LAGGED_PBP,confirmation
00-0033925,2024,RB,OL_ENVIRONMENT,1.0,1,1,HIGH_LOCKED_LAGGED_PBP,confirmation
00-0033948,2024,RB,OL_ENVIRONMENT,1.0,1,1,HIGH_LOCKED_LAGGED_PBP,confirmation
00-0034208,2024,RB,OL_ENVIRONMENT,1.0,1,1,HIGH_LOCKED_LAGGED_PBP,confirmation
00-0034791,2024,RB,OL_ENVIRONMENT,1.0,1,1,HIGH_LOCKED_LAGGED_PBP,confirmation
00-0034972,2024,RB,OL_ENVIRONMENT,1.0,1,1,HIGH_LOCKED_LAGGED_PBP,confirmation
00-0035243,2024,RB,OL_ENVIRONMENT,1.0,1,1,HIGH_LOCKED_LAGGED_PBP,confirmation
00-0035291,2024,RB,OL_ENVIRONMENT,1.0,1,1,HIGH_LOCKED_LAGGED_PBP,confirmation
00-0035594,2024,RB,OL_ENVIRONMENT,1.0,1,1,HIGH_LOCKED_LAGGED_PBP,confirmation
00-0035628,2024,RB,OL_ENVIRONMENT,1.0,1,1,HIGH_LOCKED_LAGGED_PBP,confirmation
00-0035726,2024,RB,OL_ENVIRONMENT,1.0,1,1,HIGH_LOCKED_LAGGED_PBP,confirmation
00-0035806,2024,RB,OL_ENVIRONMENT,1.0,1,1,HIGH_LOCKED_LAGGED_PBP,confirmation
00-0035860,2024,RB,OL_ENVIRONMENT,1.0,1,1,HIGH_LOCKED_LAGGED_PBP,confirmation
00-0035924,2024,RB,OL_ENVIRONMENT,1.0,1,1,HIGH_LOCKED_LAGGED_PBP,confirmation
00-0036223,2024,RB,OL_ENVIRONMENT,1.0,1,1,HIGH_LOCKED_LAGGED_PBP,confirmation
00-0036251,2024,RB,OL_ENVIRONMENT,1.0,1,1,HIGH_LOCKED_LAGGED_PBP,confirmation
00-0036297,2024,RB,OL_ENVIRONMENT,1.0,1,1,HIGH_LOCKED_LAGGED_PBP,confirmation
00-0036328,2024,RB,OL_ENVIRONMENT,1.0,1,1,HIGH_LOCKED_LAGGED_PBP,confirmation
00-0036370,2024,RB,OL_ENVIRONMENT,1.0,1,1,HIGH_LOCKED_LAGGED_PBP,confirmation
00-0036425,2024,RB,OL_ENVIRONMENT,1.0,1,1,HIGH_LOCKED_LAGGED_PBP,confirmation
00-0036450,2024,RB,OL_ENVIRONMENT,1.0,1,1,HIGH_LOCKED_LAGGED_PBP,confirmation
00-0036555,2024,RB,OL_ENVIRONMENT,1.0,1,1,HIGH_LOCKED_LAGGED_PBP,confirmation
00-0036569,2024,RB,OL_ENVIRONMENT,1.0,1,1,HIGH_LOCKED_LAGGED_PBP,confirmation
00-0036842,2024,RB,OL_ENVIRONMENT,1.0,1,1,HIGH_LOCKED_LAGGED_PBP,confirmation
00-0036875,2024,RB,OL_ENVIRONMENT,1.0,1,1,HIGH_LOCKED_LAGGED_PBP,confirmation
00-0036906,2024,RB,OL_ENVIRONMENT,1.0,1,1,HIGH_LOCKED_LAGGED_PBP,confirmation
00-0036924,2024,RB,OL_ENVIRONMENT,1.0,1,1,HIGH_LOCKED_LAGGED_PBP,confirmation
00-0036973,2024,RB,OL_ENVIRONMENT,1.0,1,1,HIGH_LOCKED_LAGGED_PBP,confirmation
00-0036984,2024,RB,OL_ENVIRONMENT,1.0,1,1,HIGH_LOCKED_LAGGED_PBP,confirmation
00-0037120,2024,RB,OL_ENVIRONMENT,1.0,1,1,HIGH_LOCKED_LAGGED_PBP,confirmation
00-0037263,2024,RB,OL_ENVIRONMENT,1.0,1,1,HIGH_LOCKED_LAGGED_PBP,confirmation
00-0037299,2024,RB,OL_ENVIRONMENT,1.0,1,1,HIGH_LOCKED_LAGGED_PBP,confirmation
00-0037429,2024,RB,OL_ENVIRONMENT,1.0,1,1,HIGH_LOCKED_LAGGED_PBP,confirmation
00-0037525,2024,RB,OL_ENVIRONMENT,1.0,1,1,HIGH_LOCKED_LAGGED_PBP,confirmation
00-0037594,2024,RB,OL_ENVIRONMENT,0.0,0,0,HIGH_LOCKED_LAGGED_PBP,confirmation
00-0037827,2024,RB,OL_ENVIRONMENT,1.0,1,1,HIGH_LOCKED_LAGGED_PBP,confirmation
00-0038040,2024,RB,OL_ENVIRONMENT,1.0,1,1,HIGH_LOCKED_LAGGED_PBP,confirmation
00-0038098,2024,RB,OL_ENVIRONMENT,1.0,1,1,HIGH_LOCKED_LAGGED_PBP,confirmation
00-0038120,2024,RB,OL_ENVIRONMENT,1.0,1,1,HIGH_LOCKED_LAGGED_PBP,confirmation
00-0038134,2024,RB,OL_ENVIRONMENT,1.0,1,1,HIGH_LOCKED_LAGGED_PBP,confirmation
00-0038396,2024,RB,OL_ENVIRONMENT,1.0,1,1,HIGH_LOCKED_LAGGED_PBP,confirmation
00-0038488,2024,RB,OL_ENVIRONMENT,0.0,0,0,HIGH_LOCKED_LAGGED_PBP,confirmation
00-0038542,2024,RB,OL_ENVIRONMENT,1.0,1,1,HIGH_LOCKED_LAGGED_PBP,confirmation
00-0038551,2024,RB,OL_ENVIRONMENT,1.0,1,1,HIGH_LOCKED_LAGGED_PBP,confirmation
00-0038555,2024,RB,OL_ENVIRONMENT,1.0,1,1,HIGH_LOCKED_LAGGED_PBP,confirmation
00-0038597,2024,RB,OL_ENVIRONMENT,1.0,1,1,HIGH_LOCKED_LAGGED_PBP,confirmation
00-0038611,2024,RB,OL_ENVIRONMENT,1.0,1,1,HIGH_LOCKED_LAGGED_PBP,confirmation
00-0038622,2024,RB,OL_ENVIRONMENT,1.0,1,1,HIGH_LOCKED_LAGGED_PBP,confirmation
00-0038678,2024,RB,OL_ENVIRONMENT,1.0,1,1,HIGH_LOCKED_LAGGED_PBP,confirmation
00-0038705,2024,RB,OL_ENVIRONMENT,1.0,1,1,HIGH_LOCKED_LAGGED_PBP,confirmation
00-0038738,2024,RB,OL_ENVIRONMENT,1.0,1,1,HIGH_LOCKED_LAGGED_PBP,confirmation
00-0038951,2024,RB,OL_ENVIRONMENT,1.0,1,1,HIGH_LOCKED_LAGGED_PBP,confirmation
00-0039021,2024,RB,OL_ENVIRONMENT,1.0,1,1,HIGH_LOCKED_LAGGED_PBP,confirmation
00-0039032,2024,RB,OL_ENVIRONMENT,1.0,1,1,HIGH_LOCKED_LAGGED_PBP,confirmation
00-0039165,2024,RB,OL_ENVIRONMENT,1.0,1,1,HIGH_LOCKED_LAGGED_PBP,confirmation
00-0030035,2024,WR,OL_ENVIRONMENT,1.0,1,1,HIGH_LOCKED_LAGGED_PBP,confirmation
00-0030279,2024,WR,OL_ENVIRONMENT,1.0,1,1,HIGH_LOCKED_LAGGED_PBP,confirmation
00-0031381,2024,WR,OL_ENVIRONMENT,1.0,1,1,HIGH_LOCKED_LAGGED_PBP,confirmation
00-0031763,2024,WR,OL_ENVIRONMENT,1.0,1,1,HIGH_LOCKED_LAGGED_PBP,confirmation
00-0032211,2024,WR,OL_ENVIRONMENT,1.0,1,1,HIGH_LOCKED_LAGGED_PBP,confirmation
00-0032385,2024,WR,OL_ENVIRONMENT,1.0,1,1,HIGH_LOCKED_LAGGED_PBP,confirmation
00-0032543,2024,WR,OL_ENVIRONMENT,1.0,1,1,HIGH_LOCKED_LAGGED_PBP,confirmation
00-0032688,2024,WR,OL_ENVIRONMENT,1.0,1,1,HIGH_LOCKED_LAGGED_PBP,confirmation
00-0033009,2024,WR,OL_ENVIRONMENT,1.0,1,1,HIGH_LOCKED_LAGGED_PBP,confirmation
00-0033251,2024,WR,OL_ENVIRONMENT,1.0,1,1,HIGH_LOCKED_LAGGED_PBP,confirmation
00-0033292,2024,WR,OL_ENVIRONMENT,1.0,1,1,HIGH_LOCKED_LAGGED_PBP,confirmation
00-0033307,2024,WR,OL_ENVIRONMENT,1.0,1,1,HIGH_LOCKED_LAGGED_PBP,confirmation
00-0033891,2024,WR,OL_ENVIRONMENT,1.0,1,1,HIGH_LOCKED_LAGGED_PBP,confirmation
00-0034521,2024,WR,OL_ENVIRONMENT,1.0,1,1,HIGH_LOCKED_LAGGED_PBP,confirmation
00-0034775,2024,WR,OL_ENVIRONMENT,1.0,1,1,HIGH_LOCKED_LAGGED_PBP,confirmation
00-0034827,2024,WR,OL_ENVIRONMENT,1.0,1,1,HIGH_LOCKED_LAGGED_PBP,confirmation
00-0034837,2024,WR,OL_ENVIRONMENT,1.0,1,1,HIGH_LOCKED_LAGGED_PBP,confirmation
00-0034854,2024,WR,OL_ENVIRONMENT,1.0,1,1,HIGH_LOCKED_LAGGED_PBP,confirmation
00-0034960,2024,WR,OL_ENVIRONMENT,1.0,1,1,HIGH_LOCKED_LAGGED_PBP,confirmation
00-0035164,2024,WR,OL_ENVIRONMENT,1.0,1,1,HIGH_LOCKED_LAGGED_PBP,confirmation
00-0035298,2024,WR,OL_ENVIRONMENT,1.0,1,1,HIGH_LOCKED_LAGGED_PBP,confirmation
00-0035341,2024,WR,OL_ENVIRONMENT,1.0,1,1,HIGH_LOCKED_LAGGED_PBP,confirmation
00-0035406,2024,WR,OL_ENVIRONMENT,1.0,1,1,HIGH_LOCKED_LAGGED_PBP,confirmation
00-0035500,2024,WR,OL_ENVIRONMENT,1.0,1,1,HIGH_LOCKED_LAGGED_PBP,confirmation
00-0035535,2024,WR,OL_ENVIRONMENT,1.0,1,1,HIGH_LOCKED_LAGGED_PBP,confirmation
00-0035639,2024,WR,OL_ENVIRONMENT,1.0,1,1,HIGH_LOCKED_LAGGED_PBP,confirmation
00-0035640,2024,WR,OL_ENVIRONMENT,1.0,1,1,HIGH_LOCKED_LAGGED_PBP,confirmation
00-0036165,2024,WR,OL_ENVIRONMENT,1.0,1,1,HIGH_LOCKED_LAGGED_PBP,confirmation
00-0036176,2024,WR,OL_ENVIRONMENT,1.0,1,1,HIGH_LOCKED_LAGGED_PBP,confirmation
00-0036182,2024,WR,OL_ENVIRONMENT,1.0,1,1,HIGH_LOCKED_LAGGED_PBP,confirmation
00-0036196,2024,WR,OL_ENVIRONMENT,1.0,1,1,HIGH_LOCKED_LAGGED_PBP,confirmation
00-0036252,2024,WR,OL_ENVIRONMENT,1.0,1,1,HIGH_LOCKED_LAGGED_PBP,confirmation
00-0036254,2024,WR,OL_ENVIRONMENT,1.0,1,1,HIGH_LOCKED_LAGGED_PBP,confirmation
00-0036268,2024,WR,OL_ENVIRONMENT,1.0,1,1,HIGH_LOCKED_LAGGED_PBP,confirmation
00-0036309,2024,WR,OL_ENVIRONMENT,1.0,1,1,HIGH_LOCKED_LAGGED_PBP,confirmation
00-0036345,2024,WR,OL_ENVIRONMENT,1.0,1,1,HIGH_LOCKED_LAGGED_PBP,confirmation
00-0036387,2024,WR,OL_ENVIRONMENT,1.0,1,1,HIGH_LOCKED_LAGGED_PBP,confirmation
00-0036407,2024,WR,OL_ENVIRONMENT,1.0,1,1,HIGH_LOCKED_LAGGED_PBP,confirmation
00-0036410,2024,WR,OL_ENVIRONMENT,1.0,1,1,HIGH_LOCKED_LAGGED_PBP,confirmation
00-0036427,2024,WR,OL_ENVIRONMENT,1.0,1,1,HIGH_LOCKED_LAGGED_PBP,confirmation
00-0036497,2024,WR,OL_ENVIRONMENT,1.0,1,1,HIGH_LOCKED_LAGGED_PBP,confirmation
00-0036527,2024,WR,OL_ENVIRONMENT,0.0,0,0,HIGH_LOCKED_LAGGED_PBP,confirmation
00-0036620,2024,WR,OL_ENVIRONMENT,1.0,1,1,HIGH_LOCKED_LAGGED_PBP,confirmation
00-0036635,2024,WR,OL_ENVIRONMENT,1.0,1,1,HIGH_LOCKED_LAGGED_PBP,confirmation
00-0036646,2024,WR,OL_ENVIRONMENT,1.0,1,1,HIGH_LOCKED_LAGGED_PBP,confirmation
00-0036877,2024,WR,OL_ENVIRONMENT,0.0,0,0,HIGH_LOCKED_LAGGED_PBP,confirmation
00-0036900,2024,WR,OL_ENVIRONMENT,1.0,1,1,HIGH_LOCKED_LAGGED_PBP,confirmation
00-0036913,2024,WR,OL_ENVIRONMENT,1.0,1,1,HIGH_LOCKED_LAGGED_PBP,confirmation
00-0036955,2024,WR,OL_ENVIRONMENT,1.0,1,1,HIGH_LOCKED_LAGGED_PBP,confirmation
00-0036988,2024,WR,OL_ENVIRONMENT,1.0,1,1,HIGH_LOCKED_LAGGED_PBP,confirmation
00-0037093,2024,WR,OL_ENVIRONMENT,0.0,0,0,HIGH_LOCKED_LAGGED_PBP,confirmation
00-0037156,2024,WR,OL_ENVIRONMENT,1.0,1,1,HIGH_LOCKED_LAGGED_PBP,confirmation
00-0037216,2024,WR,OL_ENVIRONMENT,1.0,1,1,HIGH_LOCKED_LAGGED_PBP,confirmation
00-0037238,2024,WR,OL_ENVIRONMENT,1.0,1,1,HIGH_LOCKED_LAGGED_PBP,confirmation
00-0037239,2024,WR,OL_ENVIRONMENT,1.0,1,1,HIGH_LOCKED_LAGGED_PBP,confirmation
00-0037272,2024,WR,OL_ENVIRONMENT,0.0,0,0,HIGH_LOCKED_LAGGED_PBP,confirmation
00-0037382,2024,WR,OL_ENVIRONMENT,1.0,1,1,HIGH_LOCKED_LAGGED_PBP,confirmation
00-0037545,2024,WR,OL_ENVIRONMENT,1.0,1,1,HIGH_LOCKED_LAGGED_PBP,confirmation
00-0037664,2024,WR,OL_ENVIRONMENT,1.0,1,1,HIGH_LOCKED_LAGGED_PBP,confirmation
00-0037740,2024,WR,OL_ENVIRONMENT,1.0,1,1,HIGH_LOCKED_LAGGED_PBP,confirmation
00-0037742,2024,WR,OL_ENVIRONMENT,1.0,1,1,HIGH_LOCKED_LAGGED_PBP,confirmation
00-0037745,2024,WR,OL_ENVIRONMENT,1.0,1,1,HIGH_LOCKED_LAGGED_PBP,confirmation
00-0038090,2024,WR,OL_ENVIRONMENT,1.0,1,1,HIGH_LOCKED_LAGGED_PBP,confirmation
00-0038092,2024,WR,OL_ENVIRONMENT,1.0,1,1,HIGH_LOCKED_LAGGED_PBP,confirmation
00-0038104,2024,WR,OL_ENVIRONMENT,1.0,1,1,HIGH_LOCKED_LAGGED_PBP,confirmation
00-0038117,2024,WR,OL_ENVIRONMENT,1.0,1,1,HIGH_LOCKED_LAGGED_PBP,confirmation
00-0038496,2024,WR,OL_ENVIRONMENT,1.0,1,1,HIGH_LOCKED_LAGGED_PBP,confirmation
00-0038543,2024,WR,OL_ENVIRONMENT,1.0,1,1,HIGH_LOCKED_LAGGED_PBP,confirmation
00-0038559,2024,WR,OL_ENVIRONMENT,1.0,1,1,HIGH_LOCKED_LAGGED_PBP,confirmation
00-0038563,2024,WR,OL_ENVIRONMENT,1.0,1,1,HIGH_LOCKED_LAGGED_PBP,confirmation
00-0038576,2024,WR,OL_ENVIRONMENT,1.0,1,1,HIGH_LOCKED_LAGGED_PBP,confirmation
00-0038606,2024,WR,OL_ENVIRONMENT,1.0,1,1,HIGH_LOCKED_LAGGED_PBP,confirmation
00-0038608,2024,WR,OL_ENVIRONMENT,1.0,1,1,HIGH_LOCKED_LAGGED_PBP,confirmation
00-0038619,2024,WR,OL_ENVIRONMENT,1.0,1,1,HIGH_LOCKED_LAGGED_PBP,confirmation
00-0038621,2024,WR,OL_ENVIRONMENT,1.0,1,1,HIGH_LOCKED_LAGGED_PBP,confirmation
00-0038640,2024,WR,OL_ENVIRONMENT,1.0,1,1,HIGH_LOCKED_LAGGED_PBP,confirmation
00-0038647,2024,WR,OL_ENVIRONMENT,1.0,1,1,HIGH_LOCKED_LAGGED_PBP,confirmation
00-0038752,2024,WR,OL_ENVIRONMENT,1.0,1,1,HIGH_LOCKED_LAGGED_PBP,confirmation
00-0038821,2024,WR,OL_ENVIRONMENT,1.0,1,1,HIGH_LOCKED_LAGGED_PBP,confirmation
00-0038938,2024,WR,OL_ENVIRONMENT,1.0,1,1,HIGH_LOCKED_LAGGED_PBP,confirmation
00-0038941,2024,WR,OL_ENVIRONMENT,1.0,1,1,HIGH_LOCKED_LAGGED_PBP,confirmation
00-0038977,2024,WR,OL_ENVIRONMENT,1.0,1,1,HIGH_LOCKED_LAGGED_PBP,confirmation
00-0038979,2024,WR,OL_ENVIRONMENT,1.0,1,1,HIGH_LOCKED_LAGGED_PBP,confirmation
00-0038997,2024,WR,OL_ENVIRONMENT,1.0,1,1,HIGH_LOCKED_LAGGED_PBP,confirmation
00-0039062,2024,WR,OL_ENVIRONMENT,1.0,1,1,HIGH_LOCKED_LAGGED_PBP,confirmation
00-0024243,2024,TE,OL_ENVIRONMENT,1.0,1,1,HIGH_LOCKED_LAGGED_PBP,confirmation
00-0031484,2024,TE,OL_ENVIRONMENT,1.0,1,1,HIGH_LOCKED_LAGGED_PBP,confirmation
00-0031585,2024,TE,OL_ENVIRONMENT,1.0,1,1,HIGH_LOCKED_LAGGED_PBP,confirmation
00-0032134,2024,TE,OL_ENVIRONMENT,1.0,1,1,HIGH_LOCKED_LAGGED_PBP,confirmation
00-0032141,2024,TE,OL_ENVIRONMENT,1.0,1,1,HIGH_LOCKED_LAGGED_PBP,confirmation
00-0032392,2024,TE,OL_ENVIRONMENT,1.0,1,1,HIGH_LOCKED_LAGGED_PBP,confirmation
00-0032394,2024,TE,OL_ENVIRONMENT,1.0,1,1,HIGH_LOCKED_LAGGED_PBP,confirmation
00-0033090,2024,TE,OL_ENVIRONMENT,1.0,1,1,HIGH_LOCKED_LAGGED_PBP,confirmation
00-0033217,2024,TE,OL_ENVIRONMENT,1.0,1,1,HIGH_LOCKED_LAGGED_PBP,confirmation
00-0033357,2024,TE,OL_ENVIRONMENT,1.0,1,1,HIGH_LOCKED_LAGGED_PBP,confirmation
00-0033439,2024,TE,OL_ENVIRONMENT,1.0,1,1,HIGH_LOCKED_LAGGED_PBP,confirmation
00-0033576,2024,TE,OL_ENVIRONMENT,1.0,1,1,HIGH_LOCKED_LAGGED_PBP,confirmation
00-0033858,2024,TE,OL_ENVIRONMENT,1.0,1,1,HIGH_LOCKED_LAGGED_PBP,confirmation
00-0033881,2024,TE,OL_ENVIRONMENT,1.0,1,1,HIGH_LOCKED_LAGGED_PBP,confirmation
00-0033895,2024,TE,OL_ENVIRONMENT,1.0,1,1,HIGH_LOCKED_LAGGED_PBP,confirmation
00-0034073,2024,TE,OL_ENVIRONMENT,1.0,1,1,HIGH_LOCKED_LAGGED_PBP,confirmation
00-0034270,2024,TE,OL_ENVIRONMENT,1.0,1,1,HIGH_LOCKED_LAGGED_PBP,confirmation
00-0034364,2024,TE,OL_ENVIRONMENT,1.0,1,1,HIGH_LOCKED_LAGGED_PBP,confirmation
00-0034365,2024,TE,OL_ENVIRONMENT,1.0,1,1,HIGH_LOCKED_LAGGED_PBP,confirmation
00-0034613,2024,TE,OL_ENVIRONMENT,1.0,1,1,HIGH_LOCKED_LAGGED_PBP,confirmation
00-0034829,2024,TE,OL_ENVIRONMENT,1.0,1,1,HIGH_LOCKED_LAGGED_PBP,confirmation
00-0034830,2024,TE,OL_ENVIRONMENT,1.0,1,1,HIGH_LOCKED_LAGGED_PBP,confirmation
00-0034981,2024,TE,OL_ENVIRONMENT,1.0,1,1,HIGH_LOCKED_LAGGED_PBP,confirmation
00-0035631,2024,TE,OL_ENVIRONMENT,1.0,1,1,HIGH_LOCKED_LAGGED_PBP,confirmation
00-0035644,2024,TE,OL_ENVIRONMENT,1.0,1,1,HIGH_LOCKED_LAGGED_PBP,confirmation
00-0036040,2024,TE,OL_ENVIRONMENT,1.0,1,1,HIGH_LOCKED_LAGGED_PBP,confirmation
00-0036290,2024,TE,OL_ENVIRONMENT,1.0,1,1,HIGH_LOCKED_LAGGED_PBP,confirmation
00-0036438,2024,TE,OL_ENVIRONMENT,1.0,1,1,HIGH_LOCKED_LAGGED_PBP,confirmation
00-0036510,2024,TE,OL_ENVIRONMENT,1.0,1,1,HIGH_LOCKED_LAGGED_PBP,confirmation
00-0036741,2024,TE,OL_ENVIRONMENT,1.0,1,1,HIGH_LOCKED_LAGGED_PBP,confirmation
00-0036876,2024,TE,OL_ENVIRONMENT,1.0,1,1,HIGH_LOCKED_LAGGED_PBP,confirmation
00-0036887,2024,TE,OL_ENVIRONMENT,1.0,1,1,HIGH_LOCKED_LAGGED_PBP,confirmation
00-0036970,2024,TE,OL_ENVIRONMENT,1.0,1,1,HIGH_LOCKED_LAGGED_PBP,confirmation
00-0037005,2024,TE,OL_ENVIRONMENT,1.0,1,1,HIGH_LOCKED_LAGGED_PBP,confirmation
00-0037252,2024,TE,OL_ENVIRONMENT,1.0,1,1,HIGH_LOCKED_LAGGED_PBP,confirmation
00-0037292,2024,TE,OL_ENVIRONMENT,1.0,1,1,HIGH_LOCKED_LAGGED_PBP,confirmation
00-0037451,2024,TE,OL_ENVIRONMENT,1.0,1,1,HIGH_LOCKED_LAGGED_PBP,confirmation
00-0037475,2024,TE,OL_ENVIRONMENT,1.0,1,1,HIGH_LOCKED_LAGGED_PBP,confirmation
00-0037569,2024,TE,OL_ENVIRONMENT,1.0,1,1,HIGH_LOCKED_LAGGED_PBP,confirmation
00-0037744,2024,TE,OL_ENVIRONMENT,1.0,1,1,HIGH_LOCKED_LAGGED_PBP,confirmation
00-0037805,2024,TE,OL_ENVIRONMENT,1.0,1,1,HIGH_LOCKED_LAGGED_PBP,confirmation
00-0037809,2024,TE,OL_ENVIRONMENT,1.0,1,1,HIGH_LOCKED_LAGGED_PBP,confirmation
00-0038115,2024,TE,OL_ENVIRONMENT,1.0,1,1,HIGH_LOCKED_LAGGED_PBP,confirmation
00-0038394,2024,TE,OL_ENVIRONMENT,1.0,1,1,HIGH_LOCKED_LAGGED_PBP,confirmation
00-0038589,2024,TE,OL_ENVIRONMENT,1.0,1,1,HIGH_LOCKED_LAGGED_PBP,confirmation
00-0038720,2024,TE,OL_ENVIRONMENT,1.0,1,1,HIGH_LOCKED_LAGGED_PBP,confirmation
00-0038783,2024,TE,OL_ENVIRONMENT,1.0,1,1,HIGH_LOCKED_LAGGED_PBP,confirmation
00-0038935,2024,TE,OL_ENVIRONMENT,1.0,1,1,HIGH_LOCKED_LAGGED_PBP,confirmation
00-0039041,2024,TE,OL_ENVIRONMENT,1.0,1,1,HIGH_LOCKED_LAGGED_PBP,confirmation
00-0039066,2024,TE,OL_ENVIRONMENT,1.0,1,1,HIGH_LOCKED_LAGGED_PBP,confirmation
00-0026158,2025,QB,OL_ENVIRONMENT,1.0,1,1,HIGH_LOCKED_LAGGED_PBP,confirmation
00-0026300,2025,QB,OL_ENVIRONMENT,1.0,1,1,HIGH_LOCKED_LAGGED_PBP,confirmation
00-0027973,2025,QB,OL_ENVIRONMENT,1.0,1,1,HIGH_LOCKED_LAGGED_PBP,confirmation
00-0028118,2025,QB,OL_ENVIRONMENT,1.0,1,1,HIGH_LOCKED_LAGGED_PBP,confirmation
00-0029604,2025,QB,OL_ENVIRONMENT,1.0,1,1,HIGH_LOCKED_LAGGED_PBP,confirmation
00-0030565,2025,QB,OL_ENVIRONMENT,1.0,1,1,HIGH_LOCKED_LAGGED_PBP,confirmation
00-0031345,2025,QB,OL_ENVIRONMENT,1.0,1,1,HIGH_LOCKED_LAGGED_PBP,confirmation
00-0031503,2025,QB,OL_ENVIRONMENT,1.0,1,1,HIGH_LOCKED_LAGGED_PBP,confirmation
00-0032434,2025,QB,OL_ENVIRONMENT,1.0,1,1,HIGH_LOCKED_LAGGED_PBP,confirmation
00-0032950,2025,QB,OL_ENVIRONMENT,1.0,1,1,HIGH_LOCKED_LAGGED_PBP,confirmation
00-0033077,2025,QB,OL_ENVIRONMENT,1.0,1,1,HIGH_LOCKED_LAGGED_PBP,confirmation
00-0033119,2025,QB,OL_ENVIRONMENT,1.0,1,1,HIGH_LOCKED_LAGGED_PBP,confirmation
00-0033319,2025,QB,OL_ENVIRONMENT,1.0,1,1,HIGH_LOCKED_LAGGED_PBP,confirmation
00-0033662,2025,QB,OL_ENVIRONMENT,1.0,1,1,HIGH_LOCKED_LAGGED_PBP,confirmation
00-0033949,2025,QB,OL_ENVIRONMENT,1.0,1,1,HIGH_LOCKED_LAGGED_PBP,confirmation
00-0034577,2025,QB,OL_ENVIRONMENT,1.0,1,1,HIGH_LOCKED_LAGGED_PBP,confirmation
00-0035100,2025,QB,OL_ENVIRONMENT,0.0,0,0,HIGH_LOCKED_LAGGED_PBP,confirmation
00-0035228,2025,QB,OL_ENVIRONMENT,1.0,1,1,HIGH_LOCKED_LAGGED_PBP,confirmation
00-0035289,2025,QB,OL_ENVIRONMENT,1.0,1,1,HIGH_LOCKED_LAGGED_PBP,confirmation
00-0035704,2025,QB,OL_ENVIRONMENT,1.0,1,1,HIGH_LOCKED_LAGGED_PBP,confirmation
00-0035710,2025,QB,OL_ENVIRONMENT,1.0,1,1,HIGH_LOCKED_LAGGED_PBP,confirmation
00-0035993,2025,QB,OL_ENVIRONMENT,1.0,1,1,HIGH_LOCKED_LAGGED_PBP,confirmation
00-0036212,2025,QB,OL_ENVIRONMENT,1.0,1,1,HIGH_LOCKED_LAGGED_PBP,confirmation
00-0036442,2025,QB,OL_ENVIRONMENT,1.0,1,1,HIGH_LOCKED_LAGGED_PBP,confirmation
00-0036898,2025,QB,OL_ENVIRONMENT,1.0,1,1,HIGH_LOCKED_LAGGED_PBP,confirmation
00-0037012,2025,QB,OL_ENVIRONMENT,1.0,1,1,HIGH_LOCKED_LAGGED_PBP,confirmation
00-0037324,2025,QB,OL_ENVIRONMENT,1.0,1,1,HIGH_LOCKED_LAGGED_PBP,confirmation
00-0038128,2025,QB,OL_ENVIRONMENT,1.0,1,1,HIGH_LOCKED_LAGGED_PBP,confirmation
00-0038400,2025,QB,OL_ENVIRONMENT,1.0,1,1,HIGH_LOCKED_LAGGED_PBP,confirmation
00-0038416,2025,QB,OL_ENVIRONMENT,1.0,1,1,HIGH_LOCKED_LAGGED_PBP,confirmation
00-0038579,2025,QB,OL_ENVIRONMENT,1.0,1,1,HIGH_LOCKED_LAGGED_PBP,confirmation
00-0038582,2025,QB,OL_ENVIRONMENT,1.0,1,1,HIGH_LOCKED_LAGGED_PBP,confirmation
00-0039164,2025,QB,OL_ENVIRONMENT,1.0,1,1,HIGH_LOCKED_LAGGED_PBP,confirmation
00-0039376,2025,QB,OL_ENVIRONMENT,1.0,1,1,HIGH_LOCKED_LAGGED_PBP,confirmation
00-0039398,2025,QB,OL_ENVIRONMENT,1.0,1,1,HIGH_LOCKED_LAGGED_PBP,confirmation
00-0039917,2025,QB,OL_ENVIRONMENT,1.0,1,1,HIGH_LOCKED_LAGGED_PBP,confirmation
00-0031687,2025,RB,OL_ENVIRONMENT,1.0,1,1,HIGH_LOCKED_LAGGED_PBP,confirmation
00-0032104,2025,RB,OL_ENVIRONMENT,1.0,1,1,HIGH_LOCKED_LAGGED_PBP,confirmation
00-0033376,2025,RB,OL_ENVIRONMENT,1.0,1,1,HIGH_LOCKED_LAGGED_PBP,confirmation
00-0033553,2025,RB,OL_ENVIRONMENT,1.0,1,1,HIGH_LOCKED_LAGGED_PBP,confirmation
00-0033906,2025,RB,OL_ENVIRONMENT,1.0,1,1,HIGH_LOCKED_LAGGED_PBP,confirmation
00-0035243,2025,RB,OL_ENVIRONMENT,1.0,1,1,HIGH_LOCKED_LAGGED_PBP,confirmation
00-0035250,2025,RB,OL_ENVIRONMENT,1.0,1,1,HIGH_LOCKED_LAGGED_PBP,confirmation
00-0035261,2025,RB,OL_ENVIRONMENT,1.0,1,1,HIGH_LOCKED_LAGGED_PBP,confirmation
00-0035291,2025,RB,OL_ENVIRONMENT,0.0,0,0,HIGH_LOCKED_LAGGED_PBP,confirmation
00-0035311,2025,RB,OL_ENVIRONMENT,1.0,1,1,HIGH_LOCKED_LAGGED_PBP,confirmation
00-0035594,2025,RB,OL_ENVIRONMENT,1.0,1,1,HIGH_LOCKED_LAGGED_PBP,confirmation
00-0035726,2025,RB,OL_ENVIRONMENT,0.0,0,0,HIGH_LOCKED_LAGGED_PBP,confirmation
00-0036223,2025,RB,OL_ENVIRONMENT,1.0,1,1,HIGH_LOCKED_LAGGED_PBP,confirmation
00-0036328,2025,RB,OL_ENVIRONMENT,1.0,1,1,HIGH_LOCKED_LAGGED_PBP,confirmation
00-0036360,2025,RB,OL_ENVIRONMENT,1.0,1,1,HIGH_LOCKED_LAGGED_PBP,confirmation
00-0036425,2025,RB,OL_ENVIRONMENT,1.0,1,1,HIGH_LOCKED_LAGGED_PBP,confirmation
00-0036569,2025,RB,OL_ENVIRONMENT,0.0,0,0,HIGH_LOCKED_LAGGED_PBP,confirmation
00-0036842,2025,RB,OL_ENVIRONMENT,0.0,0,0,HIGH_LOCKED_LAGGED_PBP,confirmation
00-0036906,2025,RB,OL_ENVIRONMENT,1.0,1,1,HIGH_LOCKED_LAGGED_PBP,confirmation
00-0036924,2025,RB,OL_ENVIRONMENT,1.0,1,1,HIGH_LOCKED_LAGGED_PBP,confirmation
00-0036950,2025,RB,OL_ENVIRONMENT,0.0,0,0,HIGH_LOCKED_LAGGED_PBP,confirmation
00-0036984,2025,RB,OL_ENVIRONMENT,1.0,1,1,HIGH_LOCKED_LAGGED_PBP,confirmation
00-0037120,2025,RB,OL_ENVIRONMENT,1.0,1,1,HIGH_LOCKED_LAGGED_PBP,confirmation
00-0037263,2025,RB,OL_ENVIRONMENT,1.0,1,1,HIGH_LOCKED_LAGGED_PBP,confirmation
00-0037267,2025,RB,OL_ENVIRONMENT,1.0,1,1,HIGH_LOCKED_LAGGED_PBP,confirmation
00-0037525,2025,RB,OL_ENVIRONMENT,1.0,1,1,HIGH_LOCKED_LAGGED_PBP,confirmation
00-0037594,2025,RB,OL_ENVIRONMENT,1.0,1,1,HIGH_LOCKED_LAGGED_PBP,confirmation
00-0038040,2025,RB,OL_ENVIRONMENT,1.0,1,1,HIGH_LOCKED_LAGGED_PBP,confirmation
00-0038120,2025,RB,OL_ENVIRONMENT,1.0,1,1,HIGH_LOCKED_LAGGED_PBP,confirmation
00-0038396,2025,RB,OL_ENVIRONMENT,1.0,1,1,HIGH_LOCKED_LAGGED_PBP,confirmation
00-0038542,2025,RB,OL_ENVIRONMENT,1.0,1,1,HIGH_LOCKED_LAGGED_PBP,confirmation
00-0038551,2025,RB,OL_ENVIRONMENT,1.0,1,1,HIGH_LOCKED_LAGGED_PBP,confirmation
00-0038597,2025,RB,OL_ENVIRONMENT,1.0,1,1,HIGH_LOCKED_LAGGED_PBP,confirmation
00-0038611,2025,RB,OL_ENVIRONMENT,1.0,1,1,HIGH_LOCKED_LAGGED_PBP,confirmation
00-0038678,2025,RB,OL_ENVIRONMENT,1.0,1,1,HIGH_LOCKED_LAGGED_PBP,confirmation
00-0038705,2025,RB,OL_ENVIRONMENT,1.0,1,1,HIGH_LOCKED_LAGGED_PBP,confirmation
00-0038738,2025,RB,OL_ENVIRONMENT,1.0,1,1,HIGH_LOCKED_LAGGED_PBP,confirmation
00-0038951,2025,RB,OL_ENVIRONMENT,1.0,1,1,HIGH_LOCKED_LAGGED_PBP,confirmation
00-0039021,2025,RB,OL_ENVIRONMENT,1.0,1,1,HIGH_LOCKED_LAGGED_PBP,confirmation
00-0039032,2025,RB,OL_ENVIRONMENT,1.0,1,1,HIGH_LOCKED_LAGGED_PBP,confirmation
00-0039040,2025,RB,OL_ENVIRONMENT,1.0,1,1,HIGH_LOCKED_LAGGED_PBP,confirmation
00-0039363,2025,RB,OL_ENVIRONMENT,1.0,1,1,HIGH_LOCKED_LAGGED_PBP,confirmation
00-0039364,2025,RB,OL_ENVIRONMENT,1.0,1,1,HIGH_LOCKED_LAGGED_PBP,confirmation
00-0039373,2025,RB,OL_ENVIRONMENT,1.0,1,1,HIGH_LOCKED_LAGGED_PBP,confirmation
00-0039384,2025,RB,OL_ENVIRONMENT,1.0,1,1,HIGH_LOCKED_LAGGED_PBP,confirmation
00-0039407,2025,RB,OL_ENVIRONMENT,1.0,1,1,HIGH_LOCKED_LAGGED_PBP,confirmation
00-0039757,2025,RB,OL_ENVIRONMENT,1.0,1,1,HIGH_LOCKED_LAGGED_PBP,confirmation
00-0039794,2025,RB,OL_ENVIRONMENT,1.0,1,1,HIGH_LOCKED_LAGGED_PBP,confirmation
00-0039796,2025,RB,OL_ENVIRONMENT,1.0,1,1,HIGH_LOCKED_LAGGED_PBP,confirmation
00-0039798,2025,RB,OL_ENVIRONMENT,1.0,1,1,HIGH_LOCKED_LAGGED_PBP,confirmation
00-0039874,2025,RB,OL_ENVIRONMENT,1.0,1,1,HIGH_LOCKED_LAGGED_PBP,confirmation
00-0039921,2025,RB,OL_ENVIRONMENT,1.0,1,1,HIGH_LOCKED_LAGGED_PBP,confirmation
00-0031763,2025,WR,OL_ENVIRONMENT,1.0,1,1,HIGH_LOCKED_LAGGED_PBP,confirmation
00-0032211,2025,WR,OL_ENVIRONMENT,1.0,1,1,HIGH_LOCKED_LAGGED_PBP,confirmation
00-0032385,2025,WR,OL_ENVIRONMENT,1.0,1,1,HIGH_LOCKED_LAGGED_PBP,confirmation
00-0032688,2025,WR,OL_ENVIRONMENT,1.0,1,1,HIGH_LOCKED_LAGGED_PBP,confirmation
00-0033040,2025,WR,OL_ENVIRONMENT,1.0,1,1,HIGH_LOCKED_LAGGED_PBP,confirmation
00-0033589,2025,WR,OL_ENVIRONMENT,1.0,1,1,HIGH_LOCKED_LAGGED_PBP,confirmation
00-0033591,2025,WR,OL_ENVIRONMENT,1.0,1,1,HIGH_LOCKED_LAGGED_PBP,confirmation
00-0033891,2025,WR,OL_ENVIRONMENT,1.0,1,1,HIGH_LOCKED_LAGGED_PBP,confirmation
00-0033921,2025,WR,OL_ENVIRONMENT,1.0,1,1,HIGH_LOCKED_LAGGED_PBP,confirmation
00-0033943,2025,WR,OL_ENVIRONMENT,1.0,1,1,HIGH_LOCKED_LAGGED_PBP,confirmation
00-0034054,2025,WR,OL_ENVIRONMENT,1.0,1,1,HIGH_LOCKED_LAGGED_PBP,confirmation
00-0034407,2025,WR,OL_ENVIRONMENT,1.0,1,1,HIGH_LOCKED_LAGGED_PBP,confirmation
00-0034418,2025,WR,OL_ENVIRONMENT,1.0,1,1,HIGH_LOCKED_LAGGED_PBP,confirmation
00-0034521,2025,WR,OL_ENVIRONMENT,1.0,1,1,HIGH_LOCKED_LAGGED_PBP,confirmation
00-0034837,2025,WR,OL_ENVIRONMENT,1.0,1,1,HIGH_LOCKED_LAGGED_PBP,confirmation
00-0034854,2025,WR,OL_ENVIRONMENT,1.0,1,1,HIGH_LOCKED_LAGGED_PBP,confirmation
00-0034860,2025,WR,OL_ENVIRONMENT,1.0,1,1,HIGH_LOCKED_LAGGED_PBP,confirmation
00-0035021,2025,WR,OL_ENVIRONMENT,1.0,1,1,HIGH_LOCKED_LAGGED_PBP,confirmation
00-0035298,2025,WR,OL_ENVIRONMENT,1.0,1,1,HIGH_LOCKED_LAGGED_PBP,confirmation
00-0035500,2025,WR,OL_ENVIRONMENT,1.0,1,1,HIGH_LOCKED_LAGGED_PBP,confirmation
00-0035535,2025,WR,OL_ENVIRONMENT,1.0,1,1,HIGH_LOCKED_LAGGED_PBP,confirmation
00-0035544,2025,WR,OL_ENVIRONMENT,1.0,1,1,HIGH_LOCKED_LAGGED_PBP,confirmation
00-0035602,2025,WR,OL_ENVIRONMENT,1.0,1,1,HIGH_LOCKED_LAGGED_PBP,confirmation
00-0035639,2025,WR,OL_ENVIRONMENT,1.0,1,1,HIGH_LOCKED_LAGGED_PBP,confirmation
00-0035719,2025,WR,OL_ENVIRONMENT,1.0,1,1,HIGH_LOCKED_LAGGED_PBP,confirmation
00-0035891,2025,WR,OL_ENVIRONMENT,1.0,1,1,HIGH_LOCKED_LAGGED_PBP,confirmation
00-0036133,2025,WR,OL_ENVIRONMENT,1.0,1,1,HIGH_LOCKED_LAGGED_PBP,confirmation
00-0036165,2025,WR,OL_ENVIRONMENT,1.0,1,1,HIGH_LOCKED_LAGGED_PBP,confirmation
00-0036176,2025,WR,OL_ENVIRONMENT,1.0,1,1,HIGH_LOCKED_LAGGED_PBP,confirmation
00-0036182,2025,WR,OL_ENVIRONMENT,1.0,1,1,HIGH_LOCKED_LAGGED_PBP,confirmation
00-0036252,2025,WR,OL_ENVIRONMENT,1.0,1,1,HIGH_LOCKED_LAGGED_PBP,confirmation
00-0036309,2025,WR,OL_ENVIRONMENT,1.0,1,1,HIGH_LOCKED_LAGGED_PBP,confirmation
00-0036358,2025,WR,OL_ENVIRONMENT,1.0,1,1,HIGH_LOCKED_LAGGED_PBP,confirmation
00-0036407,2025,WR,OL_ENVIRONMENT,1.0,1,1,HIGH_LOCKED_LAGGED_PBP,confirmation
00-0036410,2025,WR,OL_ENVIRONMENT,1.0,1,1,HIGH_LOCKED_LAGGED_PBP,confirmation
00-0036427,2025,WR,OL_ENVIRONMENT,1.0,1,1,HIGH_LOCKED_LAGGED_PBP,confirmation
00-0036463,2025,WR,OL_ENVIRONMENT,1.0,1,1,HIGH_LOCKED_LAGGED_PBP,confirmation
00-0036497,2025,WR,OL_ENVIRONMENT,1.0,1,1,HIGH_LOCKED_LAGGED_PBP,confirmation
00-0036527,2025,WR,OL_ENVIRONMENT,1.0,1,1,HIGH_LOCKED_LAGGED_PBP,confirmation
00-0036613,2025,WR,OL_ENVIRONMENT,1.0,1,1,HIGH_LOCKED_LAGGED_PBP,confirmation
00-0036620,2025,WR,OL_ENVIRONMENT,1.0,1,1,HIGH_LOCKED_LAGGED_PBP,confirmation
00-0036646,2025,WR,OL_ENVIRONMENT,1.0,1,1,HIGH_LOCKED_LAGGED_PBP,confirmation
00-0036841,2025,WR,OL_ENVIRONMENT,1.0,1,1,HIGH_LOCKED_LAGGED_PBP,confirmation
00-0036900,2025,WR,OL_ENVIRONMENT,1.0,1,1,HIGH_LOCKED_LAGGED_PBP,confirmation
00-0036988,2025,WR,OL_ENVIRONMENT,1.0,1,1,HIGH_LOCKED_LAGGED_PBP,confirmation
00-0037231,2025,WR,OL_ENVIRONMENT,1.0,1,1,HIGH_LOCKED_LAGGED_PBP,confirmation
00-0037238,2025,WR,OL_ENVIRONMENT,1.0,1,1,HIGH_LOCKED_LAGGED_PBP,confirmation
00-0037239,2025,WR,OL_ENVIRONMENT,1.0,1,1,HIGH_LOCKED_LAGGED_PBP,confirmation
00-0037380,2025,WR,OL_ENVIRONMENT,0.0,0,0,HIGH_LOCKED_LAGGED_PBP,confirmation
00-0037487,2025,WR,OL_ENVIRONMENT,1.0,1,1,HIGH_LOCKED_LAGGED_PBP,confirmation
00-0037524,2025,WR,OL_ENVIRONMENT,1.0,1,1,HIGH_LOCKED_LAGGED_PBP,confirmation
00-0037664,2025,WR,OL_ENVIRONMENT,1.0,1,1,HIGH_LOCKED_LAGGED_PBP,confirmation
00-0037666,2025,WR,OL_ENVIRONMENT,1.0,1,1,HIGH_LOCKED_LAGGED_PBP,confirmation
00-0037740,2025,WR,OL_ENVIRONMENT,1.0,1,1,HIGH_LOCKED_LAGGED_PBP,confirmation
00-0037742,2025,WR,OL_ENVIRONMENT,1.0,1,1,HIGH_LOCKED_LAGGED_PBP,confirmation
00-0037801,2025,WR,OL_ENVIRONMENT,1.0,1,1,HIGH_LOCKED_LAGGED_PBP,confirmation
00-0038104,2025,WR,OL_ENVIRONMENT,1.0,1,1,HIGH_LOCKED_LAGGED_PBP,confirmation
00-0038117,2025,WR,OL_ENVIRONMENT,1.0,1,1,HIGH_LOCKED_LAGGED_PBP,confirmation
00-0038496,2025,WR,OL_ENVIRONMENT,1.0,1,1,HIGH_LOCKED_LAGGED_PBP,confirmation
00-0038559,2025,WR,OL_ENVIRONMENT,1.0,1,1,HIGH_LOCKED_LAGGED_PBP,confirmation
00-0038563,2025,WR,OL_ENVIRONMENT,1.0,1,1,HIGH_LOCKED_LAGGED_PBP,confirmation
00-0038576,2025,WR,OL_ENVIRONMENT,1.0,1,1,HIGH_LOCKED_LAGGED_PBP,confirmation
00-0038619,2025,WR,OL_ENVIRONMENT,1.0,1,1,HIGH_LOCKED_LAGGED_PBP,confirmation
00-0038640,2025,WR,OL_ENVIRONMENT,1.0,1,1,HIGH_LOCKED_LAGGED_PBP,confirmation
00-0038647,2025,WR,OL_ENVIRONMENT,1.0,1,1,HIGH_LOCKED_LAGGED_PBP,confirmation
00-0038938,2025,WR,OL_ENVIRONMENT,1.0,1,1,HIGH_LOCKED_LAGGED_PBP,confirmation
00-0038979,2025,WR,OL_ENVIRONMENT,1.0,1,1,HIGH_LOCKED_LAGGED_PBP,confirmation
00-0038997,2025,WR,OL_ENVIRONMENT,1.0,1,1,HIGH_LOCKED_LAGGED_PBP,confirmation
00-0039062,2025,WR,OL_ENVIRONMENT,1.0,1,1,HIGH_LOCKED_LAGGED_PBP,confirmation
00-0039064,2025,WR,OL_ENVIRONMENT,1.0,1,1,HIGH_LOCKED_LAGGED_PBP,confirmation
00-0039067,2025,WR,OL_ENVIRONMENT,1.0,1,1,HIGH_LOCKED_LAGGED_PBP,confirmation
00-0039337,2025,WR,OL_ENVIRONMENT,1.0,1,1,HIGH_LOCKED_LAGGED_PBP,confirmation
00-0039379,2025,WR,OL_ENVIRONMENT,1.0,1,1,HIGH_LOCKED_LAGGED_PBP,confirmation
00-0039394,2025,WR,OL_ENVIRONMENT,1.0,1,1,HIGH_LOCKED_LAGGED_PBP,confirmation
00-0039410,2025,WR,OL_ENVIRONMENT,1.0,1,1,HIGH_LOCKED_LAGGED_PBP,confirmation
00-0039451,2025,WR,OL_ENVIRONMENT,1.0,1,1,HIGH_LOCKED_LAGGED_PBP,confirmation
00-0039521,2025,WR,OL_ENVIRONMENT,1.0,1,1,HIGH_LOCKED_LAGGED_PBP,confirmation
00-0039589,2025,WR,OL_ENVIRONMENT,1.0,1,1,HIGH_LOCKED_LAGGED_PBP,confirmation
00-0039623,2025,WR,OL_ENVIRONMENT,1.0,1,1,HIGH_LOCKED_LAGGED_PBP,confirmation
00-0039650,2025,WR,OL_ENVIRONMENT,1.0,1,1,HIGH_LOCKED_LAGGED_PBP,confirmation
00-0039792,2025,WR,OL_ENVIRONMENT,1.0,1,1,HIGH_LOCKED_LAGGED_PBP,confirmation
00-0039816,2025,WR,OL_ENVIRONMENT,1.0,1,1,HIGH_LOCKED_LAGGED_PBP,confirmation
00-0039849,2025,WR,OL_ENVIRONMENT,1.0,1,1,HIGH_LOCKED_LAGGED_PBP,confirmation
00-0039880,2025,WR,OL_ENVIRONMENT,1.0,1,1,HIGH_LOCKED_LAGGED_PBP,confirmation
00-0039890,2025,WR,OL_ENVIRONMENT,1.0,1,1,HIGH_LOCKED_LAGGED_PBP,confirmation
00-0039920,2025,WR,OL_ENVIRONMENT,1.0,1,1,HIGH_LOCKED_LAGGED_PBP,confirmation
00-0024243,2025,TE,OL_ENVIRONMENT,1.0,1,1,HIGH_LOCKED_LAGGED_PBP,confirmation
00-0031484,2025,TE,OL_ENVIRONMENT,1.0,1,1,HIGH_LOCKED_LAGGED_PBP,confirmation
00-0033217,2025,TE,OL_ENVIRONMENT,1.0,1,1,HIGH_LOCKED_LAGGED_PBP,confirmation
00-0033357,2025,TE,OL_ENVIRONMENT,1.0,1,1,HIGH_LOCKED_LAGGED_PBP,confirmation
00-0033439,2025,TE,OL_ENVIRONMENT,1.0,1,1,HIGH_LOCKED_LAGGED_PBP,confirmation
00-0033455,2025,TE,OL_ENVIRONMENT,0.0,0,0,HIGH_LOCKED_LAGGED_PBP,confirmation
00-0033885,2025,TE,OL_ENVIRONMENT,1.0,1,1,HIGH_LOCKED_LAGGED_PBP,confirmation
00-0034073,2025,TE,OL_ENVIRONMENT,1.0,1,1,HIGH_LOCKED_LAGGED_PBP,confirmation
00-0034270,2025,TE,OL_ENVIRONMENT,1.0,1,1,HIGH_LOCKED_LAGGED_PBP,confirmation
00-0034365,2025,TE,OL_ENVIRONMENT,1.0,1,1,HIGH_LOCKED_LAGGED_PBP,confirmation
00-0034613,2025,TE,OL_ENVIRONMENT,1.0,1,1,HIGH_LOCKED_LAGGED_PBP,confirmation
00-0034829,2025,TE,OL_ENVIRONMENT,1.0,1,1,HIGH_LOCKED_LAGGED_PBP,confirmation
00-0034981,2025,TE,OL_ENVIRONMENT,1.0,1,1,HIGH_LOCKED_LAGGED_PBP,confirmation
00-0035631,2025,TE,OL_ENVIRONMENT,1.0,1,1,HIGH_LOCKED_LAGGED_PBP,confirmation
00-0035644,2025,TE,OL_ENVIRONMENT,1.0,1,1,HIGH_LOCKED_LAGGED_PBP,confirmation
00-0036040,2025,TE,OL_ENVIRONMENT,1.0,1,1,HIGH_LOCKED_LAGGED_PBP,confirmation
00-0036332,2025,TE,OL_ENVIRONMENT,1.0,1,1,HIGH_LOCKED_LAGGED_PBP,confirmation
00-0036429,2025,TE,OL_ENVIRONMENT,1.0,1,1,HIGH_LOCKED_LAGGED_PBP,confirmation
00-0036534,2025,TE,OL_ENVIRONMENT,1.0,1,1,HIGH_LOCKED_LAGGED_PBP,confirmation
00-0036590,2025,TE,OL_ENVIRONMENT,1.0,1,1,HIGH_LOCKED_LAGGED_PBP,confirmation
00-0036741,2025,TE,OL_ENVIRONMENT,1.0,1,1,HIGH_LOCKED_LAGGED_PBP,confirmation
00-0036754,2025,TE,OL_ENVIRONMENT,1.0,1,1,HIGH_LOCKED_LAGGED_PBP,confirmation
00-0036825,2025,TE,OL_ENVIRONMENT,1.0,1,1,HIGH_LOCKED_LAGGED_PBP,confirmation
00-0036876,2025,TE,OL_ENVIRONMENT,1.0,1,1,HIGH_LOCKED_LAGGED_PBP,confirmation
00-0036970,2025,TE,OL_ENVIRONMENT,1.0,1,1,HIGH_LOCKED_LAGGED_PBP,confirmation
00-0037252,2025,TE,OL_ENVIRONMENT,1.0,1,1,HIGH_LOCKED_LAGGED_PBP,confirmation
00-0037292,2025,TE,OL_ENVIRONMENT,1.0,1,1,HIGH_LOCKED_LAGGED_PBP,confirmation
00-0037311,2025,TE,OL_ENVIRONMENT,0.0,0,0,HIGH_LOCKED_LAGGED_PBP,confirmation
00-0037348,2025,TE,OL_ENVIRONMENT,1.0,1,1,HIGH_LOCKED_LAGGED_PBP,confirmation
00-0037475,2025,TE,OL_ENVIRONMENT,1.0,1,1,HIGH_LOCKED_LAGGED_PBP,confirmation
00-0037744,2025,TE,OL_ENVIRONMENT,1.0,1,1,HIGH_LOCKED_LAGGED_PBP,confirmation
00-0037805,2025,TE,OL_ENVIRONMENT,1.0,1,1,HIGH_LOCKED_LAGGED_PBP,confirmation
00-0037809,2025,TE,OL_ENVIRONMENT,1.0,1,1,HIGH_LOCKED_LAGGED_PBP,confirmation
00-0038041,2025,TE,OL_ENVIRONMENT,1.0,1,1,HIGH_LOCKED_LAGGED_PBP,confirmation
00-0038115,2025,TE,OL_ENVIRONMENT,1.0,1,1,HIGH_LOCKED_LAGGED_PBP,confirmation
00-0038394,2025,TE,OL_ENVIRONMENT,1.0,1,1,HIGH_LOCKED_LAGGED_PBP,confirmation
00-0038498,2025,TE,OL_ENVIRONMENT,1.0,1,1,HIGH_LOCKED_LAGGED_PBP,confirmation
00-0038547,2025,TE,OL_ENVIRONMENT,1.0,1,1,HIGH_LOCKED_LAGGED_PBP,confirmation
00-0038590,2025,TE,OL_ENVIRONMENT,0.0,0,0,HIGH_LOCKED_LAGGED_PBP,confirmation
00-0038643,2025,TE,OL_ENVIRONMENT,1.0,1,1,HIGH_LOCKED_LAGGED_PBP,confirmation
00-0038710,2025,TE,OL_ENVIRONMENT,1.0,1,1,HIGH_LOCKED_LAGGED_PBP,confirmation
00-0038720,2025,TE,OL_ENVIRONMENT,1.0,1,1,HIGH_LOCKED_LAGGED_PBP,confirmation
00-0038735,2025,TE,OL_ENVIRONMENT,0.0,0,0,HIGH_LOCKED_LAGGED_PBP,confirmation
00-0038809,2025,TE,OL_ENVIRONMENT,1.0,1,1,HIGH_LOCKED_LAGGED_PBP,confirmation
00-0039041,2025,TE,OL_ENVIRONMENT,1.0,1,1,HIGH_LOCKED_LAGGED_PBP,confirmation
00-0039050,2025,TE,OL_ENVIRONMENT,1.0,1,1,HIGH_LOCKED_LAGGED_PBP,confirmation
00-0039066,2025,TE,OL_ENVIRONMENT,1.0,1,1,HIGH_LOCKED_LAGGED_PBP,confirmation
00-0039338,2025,TE,OL_ENVIRONMENT,1.0,1,1,HIGH_LOCKED_LAGGED_PBP,confirmation
00-0039356,2025,TE,OL_ENVIRONMENT,1.0,1,1,HIGH_LOCKED_LAGGED_PBP,confirmation
00-0039458,2025,TE,OL_ENVIRONMENT,1.0,1,1,HIGH_LOCKED_LAGGED_PBP,confirmation
00-0039530,2025,TE,OL_ENVIRONMENT,1.0,1,1,HIGH_LOCKED_LAGGED_PBP,confirmation
00-0039631,2025,TE,OL_ENVIRONMENT,1.0,1,1,HIGH_LOCKED_LAGGED_PBP,confirmation
00-0039648,2025,TE,OL_ENVIRONMENT,1.0,1,1,HIGH_LOCKED_LAGGED_PBP,confirmation
00-0039737,2025,TE,OL_ENVIRONMENT,1.0,1,1,HIGH_LOCKED_LAGGED_PBP,confirmation
00-0039754,2025,TE,OL_ENVIRONMENT,1.0,1,1,HIGH_LOCKED_LAGGED_PBP,confirmation
00-0039824,2025,TE,OL_ENVIRONMENT,1.0,1,1,HIGH_LOCKED_LAGGED_PBP,confirmation
00-0039847,2025,TE,OL_ENVIRONMENT,1.0,1,1,HIGH_LOCKED_LAGGED_PBP,confirmation
00-0026143,2022,QB,AGE_DRAFT_INTERACTIONS,1.0,1,1,HIGH_LOCKED_LAGGED_PBP,confirmation
00-0026158,2022,QB,AGE_DRAFT_INTERACTIONS,1.0,1,1,HIGH_LOCKED_LAGGED_PBP,confirmation
00-0026544,2022,QB,AGE_DRAFT_INTERACTIONS,1.0,1,0,HIGH_LOCKED_LAGGED_PBP,confirmation
00-0026625,2022,QB,AGE_DRAFT_INTERACTIONS,1.0,1,1,HIGH_LOCKED_LAGGED_PBP,confirmation
00-0027688,2022,QB,AGE_DRAFT_INTERACTIONS,1.0,1,1,HIGH_LOCKED_LAGGED_PBP,confirmation
00-0027948,2022,QB,AGE_DRAFT_INTERACTIONS,1.0,1,1,HIGH_LOCKED_LAGGED_PBP,confirmation
00-0027973,2022,QB,AGE_DRAFT_INTERACTIONS,1.0,1,1,HIGH_LOCKED_LAGGED_PBP,confirmation
00-0028118,2022,QB,AGE_DRAFT_INTERACTIONS,1.0,1,1,HIGH_LOCKED_LAGGED_PBP,confirmation
00-0028986,2022,QB,AGE_DRAFT_INTERACTIONS,1.0,1,1,HIGH_LOCKED_LAGGED_PBP,confirmation
00-0029263,2022,QB,AGE_DRAFT_INTERACTIONS,1.0,1,1,HIGH_LOCKED_LAGGED_PBP,confirmation
00-0029567,2022,QB,AGE_DRAFT_INTERACTIONS,1.0,1,1,HIGH_LOCKED_LAGGED_PBP,confirmation
00-0031237,2022,QB,AGE_DRAFT_INTERACTIONS,1.0,1,1,HIGH_LOCKED_LAGGED_PBP,confirmation
00-0031503,2022,QB,AGE_DRAFT_INTERACTIONS,1.0,1,1,HIGH_LOCKED_LAGGED_PBP,confirmation
00-0031800,2022,QB,AGE_DRAFT_INTERACTIONS,1.0,1,1,HIGH_LOCKED_LAGGED_PBP,confirmation
00-0032156,2022,QB,AGE_DRAFT_INTERACTIONS,1.0,1,1,HIGH_LOCKED_LAGGED_PBP,confirmation
00-0032268,2022,QB,AGE_DRAFT_INTERACTIONS,1.0,1,1,HIGH_LOCKED_LAGGED_PBP,confirmation
00-0032434,2022,QB,AGE_DRAFT_INTERACTIONS,1.0,1,1,HIGH_LOCKED_LAGGED_PBP,confirmation
00-0032950,2022,QB,AGE_DRAFT_INTERACTIONS,1.0,1,1,HIGH_LOCKED_LAGGED_PBP,confirmation
00-0033106,2022,QB,AGE_DRAFT_INTERACTIONS,1.0,1,1,HIGH_LOCKED_LAGGED_PBP,confirmation
00-0033119,2022,QB,AGE_DRAFT_INTERACTIONS,1.0,1,1,HIGH_LOCKED_LAGGED_PBP,confirmation
00-0033275,2022,QB,AGE_DRAFT_INTERACTIONS,1.0,1,1,HIGH_LOCKED_LAGGED_PBP,confirmation
00-0033319,2022,QB,AGE_DRAFT_INTERACTIONS,1.0,1,1,HIGH_LOCKED_LAGGED_PBP,confirmation
00-0033550,2022,QB,AGE_DRAFT_INTERACTIONS,1.0,1,0,HIGH_LOCKED_LAGGED_PBP,confirmation
00-0033662,2022,QB,AGE_DRAFT_INTERACTIONS,1.0,1,1,HIGH_LOCKED_LAGGED_PBP,confirmation
00-0033936,2022,QB,AGE_DRAFT_INTERACTIONS,1.0,1,1,HIGH_LOCKED_LAGGED_PBP,confirmation
00-0033958,2022,QB,AGE_DRAFT_INTERACTIONS,1.0,1,1,HIGH_LOCKED_LAGGED_PBP,confirmation
00-0034177,2022,QB,AGE_DRAFT_INTERACTIONS,1.0,1,1,HIGH_LOCKED_LAGGED_PBP,confirmation
00-0034401,2022,QB,AGE_DRAFT_INTERACTIONS,1.0,1,1,HIGH_LOCKED_LAGGED_PBP,confirmation
00-0034577,2022,QB,AGE_DRAFT_INTERACTIONS,1.0,1,1,HIGH_LOCKED_LAGGED_PBP,confirmation
00-0034796,2022,QB,AGE_DRAFT_INTERACTIONS,1.0,1,1,HIGH_LOCKED_LAGGED_PBP,confirmation
00-0034855,2022,QB,AGE_DRAFT_INTERACTIONS,1.0,1,1,HIGH_LOCKED_LAGGED_PBP,confirmation
00-0034869,2022,QB,AGE_DRAFT_INTERACTIONS,1.0,1,1,HIGH_LOCKED_LAGGED_PBP,confirmation
00-0034899,2022,QB,AGE_DRAFT_INTERACTIONS,1.0,1,1,HIGH_LOCKED_LAGGED_PBP,confirmation
00-0034955,2022,QB,AGE_DRAFT_INTERACTIONS,1.0,1,1,HIGH_LOCKED_LAGGED_PBP,confirmation
00-0035040,2022,QB,AGE_DRAFT_INTERACTIONS,1.0,1,1,HIGH_LOCKED_LAGGED_PBP,confirmation
00-0035752,2022,QB,AGE_DRAFT_INTERACTIONS,1.0,1,1,HIGH_LOCKED_LAGGED_PBP,confirmation
00-0036212,2022,QB,AGE_DRAFT_INTERACTIONS,1.0,1,1,HIGH_LOCKED_LAGGED_PBP,confirmation
00-0036226,2022,QB,AGE_DRAFT_INTERACTIONS,1.0,1,1,HIGH_LOCKED_LAGGED_PBP,confirmation
00-0036264,2022,QB,AGE_DRAFT_INTERACTIONS,1.0,1,1,HIGH_LOCKED_LAGGED_PBP,confirmation
00-0036879,2022,QB,AGE_DRAFT_INTERACTIONS,1.0,1,1,HIGH_LOCKED_LAGGED_PBP,confirmation
00-0036898,2022,QB,AGE_DRAFT_INTERACTIONS,1.0,1,1,HIGH_LOCKED_LAGGED_PBP,confirmation
00-0036945,2022,QB,AGE_DRAFT_INTERACTIONS,1.0,1,1,HIGH_LOCKED_LAGGED_PBP,confirmation
00-0037012,2022,QB,AGE_DRAFT_INTERACTIONS,1.0,1,1,HIGH_LOCKED_LAGGED_PBP,confirmation
00-0037013,2022,QB,AGE_DRAFT_INTERACTIONS,1.0,1,1,HIGH_LOCKED_LAGGED_PBP,confirmation
00-0027966,2022,RB,AGE_DRAFT_INTERACTIONS,1.0,1,1,HIGH_LOCKED_LAGGED_PBP,confirmation
00-0030288,2022,RB,AGE_DRAFT_INTERACTIONS,1.0,1,1,HIGH_LOCKED_LAGGED_PBP,confirmation
00-0030513,2022,RB,AGE_DRAFT_INTERACTIONS,1.0,1,1,HIGH_LOCKED_LAGGED_PBP,confirmation
00-0030578,2022,RB,AGE_DRAFT_INTERACTIONS,1.0,1,1,HIGH_LOCKED_LAGGED_PBP,confirmation
00-0030874,2022,RB,AGE_DRAFT_INTERACTIONS,1.0,1,1,HIGH_LOCKED_LAGGED_PBP,confirmation
00-0031687,2022,RB,AGE_DRAFT_INTERACTIONS,1.0,1,1,HIGH_LOCKED_LAGGED_PBP,confirmation
00-0031806,2022,RB,AGE_DRAFT_INTERACTIONS,1.0,1,1,HIGH_LOCKED_LAGGED_PBP,confirmation
00-0032058,2022,RB,AGE_DRAFT_INTERACTIONS,1.0,1,1,HIGH_LOCKED_LAGGED_PBP,confirmation
00-0032063,2022,RB,AGE_DRAFT_INTERACTIONS,1.0,1,1,HIGH_LOCKED_LAGGED_PBP,confirmation
00-0032104,2022,RB,AGE_DRAFT_INTERACTIONS,1.0,1,1,HIGH_LOCKED_LAGGED_PBP,confirmation
00-0032144,2022,RB,AGE_DRAFT_INTERACTIONS,1.0,1,1,HIGH_LOCKED_LAGGED_PBP,confirmation
00-0032187,2022,RB,AGE_DRAFT_INTERACTIONS,1.0,1,1,HIGH_LOCKED_LAGGED_PBP,confirmation
00-0032257,2022,RB,AGE_DRAFT_INTERACTIONS,1.0,1,1,HIGH_LOCKED_LAGGED_PBP,confirmation
00-0032450,2022,RB,AGE_DRAFT_INTERACTIONS,1.0,1,1,HIGH_LOCKED_LAGGED_PBP,confirmation
00-0032602,2022,RB,AGE_DRAFT_INTERACTIONS,1.0,1,1,HIGH_LOCKED_LAGGED_PBP,confirmation
00-0032975,2022,RB,AGE_DRAFT_INTERACTIONS,1.0,1,1,HIGH_LOCKED_LAGGED_PBP,confirmation
00-0033118,2022,RB,AGE_DRAFT_INTERACTIONS,1.0,1,1,HIGH_LOCKED_LAGGED_PBP,confirmation
00-0033725,2022,RB,AGE_DRAFT_INTERACTIONS,1.0,1,1,HIGH_LOCKED_LAGGED_PBP,confirmation
00-0033854,2022,RB,AGE_DRAFT_INTERACTIONS,1.0,1,1,HIGH_LOCKED_LAGGED_PBP,confirmation
00-0033906,2022,RB,AGE_DRAFT_INTERACTIONS,1.0,1,1,HIGH_LOCKED_LAGGED_PBP,confirmation
00-0033923,2022,RB,AGE_DRAFT_INTERACTIONS,1.0,1,1,HIGH_LOCKED_LAGGED_PBP,confirmation
00-0033948,2022,RB,AGE_DRAFT_INTERACTIONS,1.0,1,1,HIGH_LOCKED_LAGGED_PBP,confirmation
00-0033951,2022,RB,AGE_DRAFT_INTERACTIONS,1.0,1,1,HIGH_LOCKED_LAGGED_PBP,confirmation
00-0034109,2022,RB,AGE_DRAFT_INTERACTIONS,1.0,1,1,HIGH_LOCKED_LAGGED_PBP,confirmation
00-0034164,2022,RB,AGE_DRAFT_INTERACTIONS,1.0,1,1,HIGH_LOCKED_LAGGED_PBP,confirmation
00-0034208,2022,RB,AGE_DRAFT_INTERACTIONS,1.0,1,1,HIGH_LOCKED_LAGGED_PBP,confirmation
00-0034400,2022,RB,AGE_DRAFT_INTERACTIONS,1.0,1,0,HIGH_LOCKED_LAGGED_PBP,confirmation
00-0034440,2022,RB,AGE_DRAFT_INTERACTIONS,1.0,1,1,HIGH_LOCKED_LAGGED_PBP,confirmation
00-0034578,2022,RB,AGE_DRAFT_INTERACTIONS,1.0,1,1,HIGH_LOCKED_LAGGED_PBP,confirmation
00-0034750,2022,RB,AGE_DRAFT_INTERACTIONS,1.0,1,1,HIGH_LOCKED_LAGGED_PBP,confirmation
00-0034791,2022,RB,AGE_DRAFT_INTERACTIONS,1.0,1,1,HIGH_LOCKED_LAGGED_PBP,confirmation
00-0034838,2022,RB,AGE_DRAFT_INTERACTIONS,1.0,1,1,HIGH_LOCKED_LAGGED_PBP,confirmation
00-0035184,2022,RB,AGE_DRAFT_INTERACTIONS,1.0,1,1,HIGH_LOCKED_LAGGED_PBP,confirmation
00-0035273,2022,RB,AGE_DRAFT_INTERACTIONS,1.0,1,1,HIGH_LOCKED_LAGGED_PBP,confirmation
00-0035304,2022,RB,AGE_DRAFT_INTERACTIONS,1.0,1,0,HIGH_LOCKED_LAGGED_PBP,confirmation
00-0035311,2022,RB,AGE_DRAFT_INTERACTIONS,1.0,1,1,HIGH_LOCKED_LAGGED_PBP,confirmation
00-0035537,2022,RB,AGE_DRAFT_INTERACTIONS,1.0,1,1,HIGH_LOCKED_LAGGED_PBP,confirmation
00-0035567,2022,RB,AGE_DRAFT_INTERACTIONS,1.0,1,1,HIGH_LOCKED_LAGGED_PBP,confirmation
00-0035594,2022,RB,AGE_DRAFT_INTERACTIONS,1.0,1,1,HIGH_LOCKED_LAGGED_PBP,confirmation
00-0035628,2022,RB,AGE_DRAFT_INTERACTIONS,1.0,1,1,HIGH_LOCKED_LAGGED_PBP,confirmation
00-0035685,2022,RB,AGE_DRAFT_INTERACTIONS,1.0,1,1,HIGH_LOCKED_LAGGED_PBP,confirmation
00-0035831,2022,RB,AGE_DRAFT_INTERACTIONS,1.0,1,1,HIGH_LOCKED_LAGGED_PBP,confirmation
00-0035860,2022,RB,AGE_DRAFT_INTERACTIONS,1.0,1,1,HIGH_LOCKED_LAGGED_PBP,confirmation
00-0035924,2022,RB,AGE_DRAFT_INTERACTIONS,1.0,1,1,HIGH_LOCKED_LAGGED_PBP,confirmation
00-0035973,2022,RB,AGE_DRAFT_INTERACTIONS,1.0,1,1,HIGH_LOCKED_LAGGED_PBP,confirmation
00-0036096,2022,RB,AGE_DRAFT_INTERACTIONS,1.0,1,1,HIGH_LOCKED_LAGGED_PBP,confirmation
00-0036223,2022,RB,AGE_DRAFT_INTERACTIONS,1.0,1,1,HIGH_LOCKED_LAGGED_PBP,confirmation
00-0036275,2022,RB,AGE_DRAFT_INTERACTIONS,1.0,1,1,HIGH_LOCKED_LAGGED_PBP,confirmation
00-0036297,2022,RB,AGE_DRAFT_INTERACTIONS,1.0,1,1,HIGH_LOCKED_LAGGED_PBP,confirmation
00-0036328,2022,RB,AGE_DRAFT_INTERACTIONS,1.0,1,1,HIGH_LOCKED_LAGGED_PBP,confirmation
00-0036336,2022,RB,AGE_DRAFT_INTERACTIONS,1.0,1,1,HIGH_LOCKED_LAGGED_PBP,confirmation
00-0036457,2022,RB,AGE_DRAFT_INTERACTIONS,1.0,1,1,HIGH_LOCKED_LAGGED_PBP,confirmation
00-0036493,2022,RB,AGE_DRAFT_INTERACTIONS,1.0,1,1,HIGH_LOCKED_LAGGED_PBP,confirmation
00-0036555,2022,RB,AGE_DRAFT_INTERACTIONS,1.0,1,1,HIGH_LOCKED_LAGGED_PBP,confirmation
00-0036650,2022,RB,AGE_DRAFT_INTERACTIONS,1.0,1,1,HIGH_LOCKED_LAGGED_PBP,confirmation
00-0036654,2022,RB,AGE_DRAFT_INTERACTIONS,1.0,1,1,HIGH_LOCKED_LAGGED_PBP,confirmation
00-0036669,2022,RB,AGE_DRAFT_INTERACTIONS,1.0,1,1,HIGH_LOCKED_LAGGED_PBP,confirmation
00-0036755,2022,RB,AGE_DRAFT_INTERACTIONS,1.0,1,1,HIGH_LOCKED_LAGGED_PBP,confirmation
00-0036906,2022,RB,AGE_DRAFT_INTERACTIONS,1.0,1,1,HIGH_LOCKED_LAGGED_PBP,confirmation
00-0036924,2022,RB,AGE_DRAFT_INTERACTIONS,1.0,1,1,HIGH_LOCKED_LAGGED_PBP,confirmation
00-0036950,2022,RB,AGE_DRAFT_INTERACTIONS,1.0,1,0,HIGH_LOCKED_LAGGED_PBP,confirmation
00-0036997,2022,RB,AGE_DRAFT_INTERACTIONS,1.0,1,1,HIGH_LOCKED_LAGGED_PBP,confirmation
00-0027691,2022,WR,AGE_DRAFT_INTERACTIONS,1.0,1,1,HIGH_LOCKED_LAGGED_PBP,confirmation
00-0029664,2022,WR,AGE_DRAFT_INTERACTIONS,1.0,1,1,HIGH_LOCKED_LAGGED_PBP,confirmation
00-0030068,2022,WR,AGE_DRAFT_INTERACTIONS,1.0,1,1,HIGH_LOCKED_LAGGED_PBP,confirmation
00-0030431,2022,WR,AGE_DRAFT_INTERACTIONS,1.0,1,1,HIGH_LOCKED_LAGGED_PBP,confirmation
00-0030564,2022,WR,AGE_DRAFT_INTERACTIONS,1.0,1,1,HIGH_LOCKED_LAGGED_PBP,confirmation
00-0031236,2022,WR,AGE_DRAFT_INTERACTIONS,1.0,1,1,HIGH_LOCKED_LAGGED_PBP,confirmation
00-0031382,2022,WR,AGE_DRAFT_INTERACTIONS,1.0,1,1,HIGH_LOCKED_LAGGED_PBP,confirmation
00-0031428,2022,WR,AGE_DRAFT_INTERACTIONS,1.0,1,1,HIGH_LOCKED_LAGGED_PBP,confirmation
00-0031545,2022,WR,AGE_DRAFT_INTERACTIONS,1.0,1,1,HIGH_LOCKED_LAGGED_PBP,confirmation
00-0031547,2022,WR,AGE_DRAFT_INTERACTIONS,1.0,1,1,HIGH_LOCKED_LAGGED_PBP,confirmation
00-0031868,2022,WR,AGE_DRAFT_INTERACTIONS,1.0,1,1,HIGH_LOCKED_LAGGED_PBP,confirmation
00-0031941,2022,WR,AGE_DRAFT_INTERACTIONS,1.0,1,1,HIGH_LOCKED_LAGGED_PBP,confirmation
00-0032128,2022,WR,AGE_DRAFT_INTERACTIONS,1.0,1,1,HIGH_LOCKED_LAGGED_PBP,confirmation
00-0032200,2022,WR,AGE_DRAFT_INTERACTIONS,1.0,1,1,HIGH_LOCKED_LAGGED_PBP,confirmation
00-0032208,2022,WR,AGE_DRAFT_INTERACTIONS,1.0,1,1,HIGH_LOCKED_LAGGED_PBP,confirmation
00-0032385,2022,WR,AGE_DRAFT_INTERACTIONS,1.0,1,1,HIGH_LOCKED_LAGGED_PBP,confirmation
00-0032398,2022,WR,AGE_DRAFT_INTERACTIONS,1.0,1,1,HIGH_LOCKED_LAGGED_PBP,confirmation
00-0032464,2022,WR,AGE_DRAFT_INTERACTIONS,1.0,1,1,HIGH_LOCKED_LAGGED_PBP,confirmation
00-0032543,2022,WR,AGE_DRAFT_INTERACTIONS,1.0,1,1,HIGH_LOCKED_LAGGED_PBP,confirmation
00-0032688,2022,WR,AGE_DRAFT_INTERACTIONS,1.0,1,1,HIGH_LOCKED_LAGGED_PBP,confirmation
00-0032951,2022,WR,AGE_DRAFT_INTERACTIONS,1.0,1,1,HIGH_LOCKED_LAGGED_PBP,confirmation
00-0033111,2022,WR,AGE_DRAFT_INTERACTIONS,1.0,1,1,HIGH_LOCKED_LAGGED_PBP,confirmation
00-0033282,2022,WR,AGE_DRAFT_INTERACTIONS,1.0,1,1,HIGH_LOCKED_LAGGED_PBP,confirmation
00-0033367,2022,WR,AGE_DRAFT_INTERACTIONS,1.0,1,1,HIGH_LOCKED_LAGGED_PBP,confirmation
00-0033386,2022,WR,AGE_DRAFT_INTERACTIONS,1.0,1,1,HIGH_LOCKED_LAGGED_PBP,confirmation
00-0033536,2022,WR,AGE_DRAFT_INTERACTIONS,1.0,1,1,HIGH_LOCKED_LAGGED_PBP,confirmation
00-0033555,2022,WR,AGE_DRAFT_INTERACTIONS,1.0,1,1,HIGH_LOCKED_LAGGED_PBP,confirmation
00-0033681,2022,WR,AGE_DRAFT_INTERACTIONS,1.0,1,1,HIGH_LOCKED_LAGGED_PBP,confirmation
00-0033871,2022,WR,AGE_DRAFT_INTERACTIONS,1.0,1,1,HIGH_LOCKED_LAGGED_PBP,confirmation
00-0033932,2022,WR,AGE_DRAFT_INTERACTIONS,1.0,1,1,HIGH_LOCKED_LAGGED_PBP,confirmation
00-0033943,2022,WR,AGE_DRAFT_INTERACTIONS,1.0,1,1,HIGH_LOCKED_LAGGED_PBP,confirmation
00-0034052,2022,WR,AGE_DRAFT_INTERACTIONS,1.0,1,1,HIGH_LOCKED_LAGGED_PBP,confirmation
00-0034104,2022,WR,AGE_DRAFT_INTERACTIONS,1.0,1,1,HIGH_LOCKED_LAGGED_PBP,confirmation
00-0034317,2022,WR,AGE_DRAFT_INTERACTIONS,1.0,1,1,HIGH_LOCKED_LAGGED_PBP,confirmation
00-0034348,2022,WR,AGE_DRAFT_INTERACTIONS,1.0,1,1,HIGH_LOCKED_LAGGED_PBP,confirmation
00-0034366,2022,WR,AGE_DRAFT_INTERACTIONS,1.0,1,1,HIGH_LOCKED_LAGGED_PBP,confirmation
00-0034419,2022,WR,AGE_DRAFT_INTERACTIONS,1.0,1,1,HIGH_LOCKED_LAGGED_PBP,confirmation
00-0034765,2022,WR,AGE_DRAFT_INTERACTIONS,1.0,1,1,HIGH_LOCKED_LAGGED_PBP,confirmation
00-0034777,2022,WR,AGE_DRAFT_INTERACTIONS,1.0,1,1,HIGH_LOCKED_LAGGED_PBP,confirmation
00-0034827,2022,WR,AGE_DRAFT_INTERACTIONS,1.0,1,1,HIGH_LOCKED_LAGGED_PBP,confirmation
00-0034854,2022,WR,AGE_DRAFT_INTERACTIONS,1.0,1,1,HIGH_LOCKED_LAGGED_PBP,confirmation
00-0034860,2022,WR,AGE_DRAFT_INTERACTIONS,1.0,1,1,HIGH_LOCKED_LAGGED_PBP,confirmation
00-0034930,2022,WR,AGE_DRAFT_INTERACTIONS,1.0,1,1,HIGH_LOCKED_LAGGED_PBP,confirmation
00-0035021,2022,WR,AGE_DRAFT_INTERACTIONS,1.0,1,1,HIGH_LOCKED_LAGGED_PBP,confirmation
00-0035022,2022,WR,AGE_DRAFT_INTERACTIONS,1.0,1,1,HIGH_LOCKED_LAGGED_PBP,confirmation
00-0035208,2022,WR,AGE_DRAFT_INTERACTIONS,1.0,1,1,HIGH_LOCKED_LAGGED_PBP,confirmation
00-0035215,2022,WR,AGE_DRAFT_INTERACTIONS,1.0,1,1,HIGH_LOCKED_LAGGED_PBP,confirmation
00-0035359,2022,WR,AGE_DRAFT_INTERACTIONS,1.0,1,1,HIGH_LOCKED_LAGGED_PBP,confirmation
00-0035406,2022,WR,AGE_DRAFT_INTERACTIONS,1.0,1,1,HIGH_LOCKED_LAGGED_PBP,confirmation
00-0035414,2022,WR,AGE_DRAFT_INTERACTIONS,1.0,1,1,HIGH_LOCKED_LAGGED_PBP,confirmation
00-0035432,2022,WR,AGE_DRAFT_INTERACTIONS,1.0,1,1,HIGH_LOCKED_LAGGED_PBP,confirmation
00-0035500,2022,WR,AGE_DRAFT_INTERACTIONS,1.0,1,1,HIGH_LOCKED_LAGGED_PBP,confirmation
00-0035510,2022,WR,AGE_DRAFT_INTERACTIONS,1.0,1,1,HIGH_LOCKED_LAGGED_PBP,confirmation
00-0035527,2022,WR,AGE_DRAFT_INTERACTIONS,1.0,1,1,HIGH_LOCKED_LAGGED_PBP,confirmation
00-0035544,2022,WR,AGE_DRAFT_INTERACTIONS,1.0,1,1,HIGH_LOCKED_LAGGED_PBP,confirmation
00-0035593,2022,WR,AGE_DRAFT_INTERACTIONS,1.0,1,1,HIGH_LOCKED_LAGGED_PBP,confirmation
00-0035621,2022,WR,AGE_DRAFT_INTERACTIONS,1.0,1,0,HIGH_LOCKED_LAGGED_PBP,confirmation
00-0035639,2022,WR,AGE_DRAFT_INTERACTIONS,1.0,1,1,HIGH_LOCKED_LAGGED_PBP,confirmation
00-0035659,2022,WR,AGE_DRAFT_INTERACTIONS,1.0,1,1,HIGH_LOCKED_LAGGED_PBP,confirmation
00-0035662,2022,WR,AGE_DRAFT_INTERACTIONS,1.0,1,1,HIGH_LOCKED_LAGGED_PBP,confirmation
00-0035703,2022,WR,AGE_DRAFT_INTERACTIONS,1.0,1,1,HIGH_LOCKED_LAGGED_PBP,confirmation
00-0035864,2022,WR,AGE_DRAFT_INTERACTIONS,1.0,1,1,HIGH_LOCKED_LAGGED_PBP,confirmation
00-0035891,2022,WR,AGE_DRAFT_INTERACTIONS,1.0,1,1,HIGH_LOCKED_LAGGED_PBP,confirmation
00-0035976,2022,WR,AGE_DRAFT_INTERACTIONS,1.0,1,0,HIGH_LOCKED_LAGGED_PBP,confirmation
00-0036176,2022,WR,AGE_DRAFT_INTERACTIONS,1.0,1,0,HIGH_LOCKED_LAGGED_PBP,confirmation
00-0036219,2022,WR,AGE_DRAFT_INTERACTIONS,1.0,1,1,HIGH_LOCKED_LAGGED_PBP,confirmation
00-0036228,2022,WR,AGE_DRAFT_INTERACTIONS,1.0,1,1,HIGH_LOCKED_LAGGED_PBP,confirmation
00-0036233,2022,WR,AGE_DRAFT_INTERACTIONS,1.0,1,1,HIGH_LOCKED_LAGGED_PBP,confirmation
00-0036247,2022,WR,AGE_DRAFT_INTERACTIONS,1.0,1,1,HIGH_LOCKED_LAGGED_PBP,confirmation
00-0036252,2022,WR,AGE_DRAFT_INTERACTIONS,1.0,1,1,HIGH_LOCKED_LAGGED_PBP,confirmation
00-0036255,2022,WR,AGE_DRAFT_INTERACTIONS,1.0,1,1,HIGH_LOCKED_LAGGED_PBP,confirmation
00-0036268,2022,WR,AGE_DRAFT_INTERACTIONS,1.0,1,1,HIGH_LOCKED_LAGGED_PBP,confirmation
00-0036277,2022,WR,AGE_DRAFT_INTERACTIONS,1.0,1,1,HIGH_LOCKED_LAGGED_PBP,confirmation
00-0036309,2022,WR,AGE_DRAFT_INTERACTIONS,1.0,1,1,HIGH_LOCKED_LAGGED_PBP,confirmation
00-0036331,2022,WR,AGE_DRAFT_INTERACTIONS,1.0,1,1,HIGH_LOCKED_LAGGED_PBP,confirmation
00-0036407,2022,WR,AGE_DRAFT_INTERACTIONS,1.0,1,1,HIGH_LOCKED_LAGGED_PBP,confirmation
00-0036412,2022,WR,AGE_DRAFT_INTERACTIONS,1.0,1,1,HIGH_LOCKED_LAGGED_PBP,confirmation
00-0036439,2022,WR,AGE_DRAFT_INTERACTIONS,1.0,1,1,HIGH_LOCKED_LAGGED_PBP,confirmation
00-0036482,2022,WR,AGE_DRAFT_INTERACTIONS,1.0,1,1,HIGH_LOCKED_LAGGED_PBP,confirmation
00-0036550,2022,WR,AGE_DRAFT_INTERACTIONS,1.0,1,1,HIGH_LOCKED_LAGGED_PBP,confirmation
00-0036554,2022,WR,AGE_DRAFT_INTERACTIONS,1.0,1,1,HIGH_LOCKED_LAGGED_PBP,confirmation
00-0036572,2022,WR,AGE_DRAFT_INTERACTIONS,1.0,1,1,HIGH_LOCKED_LAGGED_PBP,confirmation
00-0036620,2022,WR,AGE_DRAFT_INTERACTIONS,1.0,1,1,HIGH_LOCKED_LAGGED_PBP,confirmation
00-0036626,2022,WR,AGE_DRAFT_INTERACTIONS,1.0,1,1,HIGH_LOCKED_LAGGED_PBP,confirmation
00-0036627,2022,WR,AGE_DRAFT_INTERACTIONS,1.0,1,1,HIGH_LOCKED_LAGGED_PBP,confirmation
00-0036630,2022,WR,AGE_DRAFT_INTERACTIONS,1.0,1,1,HIGH_LOCKED_LAGGED_PBP,confirmation
00-0036635,2022,WR,AGE_DRAFT_INTERACTIONS,1.0,1,1,HIGH_LOCKED_LAGGED_PBP,confirmation
00-0036671,2022,WR,AGE_DRAFT_INTERACTIONS,1.0,1,1,HIGH_LOCKED_LAGGED_PBP,confirmation
00-0036849,2022,WR,AGE_DRAFT_INTERACTIONS,1.0,1,0,HIGH_LOCKED_LAGGED_PBP,confirmation
00-0036858,2022,WR,AGE_DRAFT_INTERACTIONS,1.0,1,0,HIGH_LOCKED_LAGGED_PBP,confirmation
00-0036918,2022,WR,AGE_DRAFT_INTERACTIONS,1.0,1,0,HIGH_LOCKED_LAGGED_PBP,confirmation
00-0036951,2022,WR,AGE_DRAFT_INTERACTIONS,1.0,1,1,HIGH_LOCKED_LAGGED_PBP,confirmation
00-0036955,2022,WR,AGE_DRAFT_INTERACTIONS,1.0,1,1,HIGH_LOCKED_LAGGED_PBP,confirmation
00-0036963,2022,WR,AGE_DRAFT_INTERACTIONS,1.0,1,1,HIGH_LOCKED_LAGGED_PBP,confirmation
00-0036980,2022,WR,AGE_DRAFT_INTERACTIONS,1.0,1,1,HIGH_LOCKED_LAGGED_PBP,confirmation
00-0036999,2022,WR,AGE_DRAFT_INTERACTIONS,1.0,1,1,HIGH_LOCKED_LAGGED_PBP,confirmation
00-0027981,2022,TE,AGE_DRAFT_INTERACTIONS,1.0,1,1,HIGH_LOCKED_LAGGED_PBP,confirmation
00-0030108,2022,TE,AGE_DRAFT_INTERACTIONS,1.0,1,1,HIGH_LOCKED_LAGGED_PBP,confirmation
00-0031260,2022,TE,AGE_DRAFT_INTERACTIONS,1.0,1,1,HIGH_LOCKED_LAGGED_PBP,confirmation
00-0031384,2022,TE,AGE_DRAFT_INTERACTIONS,1.0,1,1,HIGH_LOCKED_LAGGED_PBP,confirmation
00-0031558,2022,TE,AGE_DRAFT_INTERACTIONS,1.0,1,1,HIGH_LOCKED_LAGGED_PBP,confirmation
00-0031585,2022,TE,AGE_DRAFT_INTERACTIONS,1.0,1,1,HIGH_LOCKED_LAGGED_PBP,confirmation
00-0031598,2022,TE,AGE_DRAFT_INTERACTIONS,1.0,1,1,HIGH_LOCKED_LAGGED_PBP,confirmation
00-0031690,2022,TE,AGE_DRAFT_INTERACTIONS,1.0,1,1,HIGH_LOCKED_LAGGED_PBP,confirmation
00-0032141,2022,TE,AGE_DRAFT_INTERACTIONS,1.0,1,1,HIGH_LOCKED_LAGGED_PBP,confirmation
00-0032214,2022,TE,AGE_DRAFT_INTERACTIONS,1.0,1,1,HIGH_LOCKED_LAGGED_PBP,confirmation
00-0032392,2022,TE,AGE_DRAFT_INTERACTIONS,1.0,1,1,HIGH_LOCKED_LAGGED_PBP,confirmation
00-0032394,2022,TE,AGE_DRAFT_INTERACTIONS,1.0,1,1,HIGH_LOCKED_LAGGED_PBP,confirmation
00-0032725,2022,TE,AGE_DRAFT_INTERACTIONS,1.0,1,1,HIGH_LOCKED_LAGGED_PBP,confirmation
00-0032986,2022,TE,AGE_DRAFT_INTERACTIONS,1.0,1,0,HIGH_LOCKED_LAGGED_PBP,confirmation
00-0033217,2022,TE,AGE_DRAFT_INTERACTIONS,1.0,1,1,HIGH_LOCKED_LAGGED_PBP,confirmation
00-0033357,2022,TE,AGE_DRAFT_INTERACTIONS,1.0,1,1,HIGH_LOCKED_LAGGED_PBP,confirmation
00-0033439,2022,TE,AGE_DRAFT_INTERACTIONS,1.0,1,1,HIGH_LOCKED_LAGGED_PBP,confirmation
00-0033576,2022,TE,AGE_DRAFT_INTERACTIONS,1.0,1,1,HIGH_LOCKED_LAGGED_PBP,confirmation
00-0033757,2022,TE,AGE_DRAFT_INTERACTIONS,1.0,1,1,HIGH_LOCKED_LAGGED_PBP,confirmation
00-0033858,2022,TE,AGE_DRAFT_INTERACTIONS,1.0,1,1,HIGH_LOCKED_LAGGED_PBP,confirmation
00-0033885,2022,TE,AGE_DRAFT_INTERACTIONS,1.0,1,1,HIGH_LOCKED_LAGGED_PBP,confirmation
00-0034011,2022,TE,AGE_DRAFT_INTERACTIONS,1.0,1,1,HIGH_LOCKED_LAGGED_PBP,confirmation
00-0034073,2022,TE,AGE_DRAFT_INTERACTIONS,1.0,1,1,HIGH_LOCKED_LAGGED_PBP,confirmation
00-0034159,2022,TE,AGE_DRAFT_INTERACTIONS,1.0,1,1,HIGH_LOCKED_LAGGED_PBP,confirmation
00-0034193,2022,TE,AGE_DRAFT_INTERACTIONS,1.0,1,1,HIGH_LOCKED_LAGGED_PBP,confirmation
00-0034270,2022,TE,AGE_DRAFT_INTERACTIONS,1.0,1,1,HIGH_LOCKED_LAGGED_PBP,confirmation
00-0034364,2022,TE,AGE_DRAFT_INTERACTIONS,1.0,1,1,HIGH_LOCKED_LAGGED_PBP,confirmation
00-0034365,2022,TE,AGE_DRAFT_INTERACTIONS,1.0,1,1,HIGH_LOCKED_LAGGED_PBP,confirmation
00-0035259,2022,TE,AGE_DRAFT_INTERACTIONS,1.0,1,1,HIGH_LOCKED_LAGGED_PBP,confirmation
00-0035308,2022,TE,AGE_DRAFT_INTERACTIONS,1.0,1,1,HIGH_LOCKED_LAGGED_PBP,confirmation
00-0035345,2022,TE,AGE_DRAFT_INTERACTIONS,1.0,1,1,HIGH_LOCKED_LAGGED_PBP,confirmation
00-0035356,2022,TE,AGE_DRAFT_INTERACTIONS,1.0,1,1,HIGH_LOCKED_LAGGED_PBP,confirmation
00-0035562,2022,TE,AGE_DRAFT_INTERACTIONS,1.0,1,1,HIGH_LOCKED_LAGGED_PBP,confirmation
00-0035572,2022,TE,AGE_DRAFT_INTERACTIONS,1.0,1,1,HIGH_LOCKED_LAGGED_PBP,confirmation
00-0035624,2022,TE,AGE_DRAFT_INTERACTIONS,1.0,1,1,HIGH_LOCKED_LAGGED_PBP,confirmation
00-0035823,2022,TE,AGE_DRAFT_INTERACTIONS,1.0,1,1,HIGH_LOCKED_LAGGED_PBP,confirmation
00-0035956,2022,TE,AGE_DRAFT_INTERACTIONS,1.0,1,1,HIGH_LOCKED_LAGGED_PBP,confirmation
00-0036005,2022,TE,AGE_DRAFT_INTERACTIONS,1.0,1,0,HIGH_LOCKED_LAGGED_PBP,confirmation
00-0036040,2022,TE,AGE_DRAFT_INTERACTIONS,1.0,1,1,HIGH_LOCKED_LAGGED_PBP,confirmation
00-0036232,2022,TE,AGE_DRAFT_INTERACTIONS,1.0,1,1,HIGH_LOCKED_LAGGED_PBP,confirmation
00-0036250,2022,TE,AGE_DRAFT_INTERACTIONS,1.0,1,1,HIGH_LOCKED_LAGGED_PBP,confirmation
00-0036290,2022,TE,AGE_DRAFT_INTERACTIONS,1.0,1,1,HIGH_LOCKED_LAGGED_PBP,confirmation
00-0036422,2022,TE,AGE_DRAFT_INTERACTIONS,1.0,1,1,HIGH_LOCKED_LAGGED_PBP,confirmation
00-0036423,2022,TE,AGE_DRAFT_INTERACTIONS,1.0,1,1,HIGH_LOCKED_LAGGED_PBP,confirmation
00-0036438,2022,TE,AGE_DRAFT_INTERACTIONS,1.0,1,1,HIGH_LOCKED_LAGGED_PBP,confirmation
00-0036510,2022,TE,AGE_DRAFT_INTERACTIONS,1.0,1,1,HIGH_LOCKED_LAGGED_PBP,confirmation
00-0036534,2022,TE,AGE_DRAFT_INTERACTIONS,1.0,1,1,HIGH_LOCKED_LAGGED_PBP,confirmation
00-0036556,2022,TE,AGE_DRAFT_INTERACTIONS,1.0,1,1,HIGH_LOCKED_LAGGED_PBP,confirmation
00-0036628,2022,TE,AGE_DRAFT_INTERACTIONS,1.0,1,1,HIGH_LOCKED_LAGGED_PBP,confirmation
00-0036692,2022,TE,AGE_DRAFT_INTERACTIONS,1.0,1,0,HIGH_LOCKED_LAGGED_PBP,confirmation
00-0036754,2022,TE,AGE_DRAFT_INTERACTIONS,1.0,1,1,HIGH_LOCKED_LAGGED_PBP,confirmation
00-0036825,2022,TE,AGE_DRAFT_INTERACTIONS,1.0,1,1,HIGH_LOCKED_LAGGED_PBP,confirmation
00-0036876,2022,TE,AGE_DRAFT_INTERACTIONS,1.0,1,1,HIGH_LOCKED_LAGGED_PBP,confirmation
00-0036887,2022,TE,AGE_DRAFT_INTERACTIONS,1.0,1,1,HIGH_LOCKED_LAGGED_PBP,confirmation
00-0036970,2022,TE,AGE_DRAFT_INTERACTIONS,1.0,1,1,HIGH_LOCKED_LAGGED_PBP,confirmation
00-0037005,2022,TE,AGE_DRAFT_INTERACTIONS,1.0,1,1,HIGH_LOCKED_LAGGED_PBP,confirmation
00-0023459,2023,QB,AGE_DRAFT_INTERACTIONS,1.0,1,1,HIGH_LOCKED_LAGGED_PBP,confirmation
00-0026625,2023,QB,AGE_DRAFT_INTERACTIONS,1.0,1,1,HIGH_LOCKED_LAGGED_PBP,confirmation
00-0027948,2023,QB,AGE_DRAFT_INTERACTIONS,1.0,1,1,HIGH_LOCKED_LAGGED_PBP,confirmation
00-0027973,2023,QB,AGE_DRAFT_INTERACTIONS,1.0,1,1,HIGH_LOCKED_LAGGED_PBP,confirmation
00-0028118,2023,QB,AGE_DRAFT_INTERACTIONS,1.0,1,1,HIGH_LOCKED_LAGGED_PBP,confirmation
00-0028986,2023,QB,AGE_DRAFT_INTERACTIONS,1.0,1,1,HIGH_LOCKED_LAGGED_PBP,confirmation
00-0029263,2023,QB,AGE_DRAFT_INTERACTIONS,1.0,1,1,HIGH_LOCKED_LAGGED_PBP,confirmation
00-0029701,2023,QB,AGE_DRAFT_INTERACTIONS,1.0,1,1,HIGH_LOCKED_LAGGED_PBP,confirmation
00-0031237,2023,QB,AGE_DRAFT_INTERACTIONS,1.0,1,1,HIGH_LOCKED_LAGGED_PBP,confirmation
00-0031280,2023,QB,AGE_DRAFT_INTERACTIONS,1.0,1,1,HIGH_LOCKED_LAGGED_PBP,confirmation
00-0031345,2023,QB,AGE_DRAFT_INTERACTIONS,1.0,1,1,HIGH_LOCKED_LAGGED_PBP,confirmation
00-0031503,2023,QB,AGE_DRAFT_INTERACTIONS,1.0,1,1,HIGH_LOCKED_LAGGED_PBP,confirmation
00-0031800,2023,QB,AGE_DRAFT_INTERACTIONS,1.0,1,1,HIGH_LOCKED_LAGGED_PBP,confirmation
00-0032156,2023,QB,AGE_DRAFT_INTERACTIONS,1.0,1,1,HIGH_LOCKED_LAGGED_PBP,confirmation
00-0032268,2023,QB,AGE_DRAFT_INTERACTIONS,1.0,1,1,HIGH_LOCKED_LAGGED_PBP,confirmation
00-0032436,2023,QB,AGE_DRAFT_INTERACTIONS,1.0,1,1,HIGH_LOCKED_LAGGED_PBP,confirmation
00-0032950,2023,QB,AGE_DRAFT_INTERACTIONS,1.0,1,1,HIGH_LOCKED_LAGGED_PBP,confirmation
00-0033119,2023,QB,AGE_DRAFT_INTERACTIONS,1.0,1,1,HIGH_LOCKED_LAGGED_PBP,confirmation
00-0033275,2023,QB,AGE_DRAFT_INTERACTIONS,1.0,1,1,HIGH_LOCKED_LAGGED_PBP,confirmation
00-0033319,2023,QB,AGE_DRAFT_INTERACTIONS,1.0,1,1,HIGH_LOCKED_LAGGED_PBP,confirmation
00-0033537,2023,QB,AGE_DRAFT_INTERACTIONS,1.0,1,1,HIGH_LOCKED_LAGGED_PBP,confirmation
00-0033662,2023,QB,AGE_DRAFT_INTERACTIONS,1.0,1,1,HIGH_LOCKED_LAGGED_PBP,confirmation
00-0033869,2023,QB,AGE_DRAFT_INTERACTIONS,1.0,1,1,HIGH_LOCKED_LAGGED_PBP,confirmation
00-0033936,2023,QB,AGE_DRAFT_INTERACTIONS,1.0,1,1,HIGH_LOCKED_LAGGED_PBP,confirmation
00-0033949,2023,QB,AGE_DRAFT_INTERACTIONS,1.0,1,1,HIGH_LOCKED_LAGGED_PBP,confirmation
00-0033958,2023,QB,AGE_DRAFT_INTERACTIONS,1.0,1,1,HIGH_LOCKED_LAGGED_PBP,confirmation
00-0034177,2023,QB,AGE_DRAFT_INTERACTIONS,1.0,1,1,HIGH_LOCKED_LAGGED_PBP,confirmation
00-0034401,2023,QB,AGE_DRAFT_INTERACTIONS,1.0,1,1,HIGH_LOCKED_LAGGED_PBP,confirmation
00-0034577,2023,QB,AGE_DRAFT_INTERACTIONS,1.0,1,1,HIGH_LOCKED_LAGGED_PBP,confirmation
00-0034869,2023,QB,AGE_DRAFT_INTERACTIONS,1.0,1,1,HIGH_LOCKED_LAGGED_PBP,confirmation
00-0034955,2023,QB,AGE_DRAFT_INTERACTIONS,1.0,1,1,HIGH_LOCKED_LAGGED_PBP,confirmation
00-0035228,2023,QB,AGE_DRAFT_INTERACTIONS,1.0,1,1,HIGH_LOCKED_LAGGED_PBP,confirmation
00-0035264,2023,QB,AGE_DRAFT_INTERACTIONS,1.0,1,1,HIGH_LOCKED_LAGGED_PBP,confirmation
00-0036928,2023,QB,AGE_DRAFT_INTERACTIONS,1.0,1,1,HIGH_LOCKED_LAGGED_PBP,confirmation
00-0036945,2023,QB,AGE_DRAFT_INTERACTIONS,1.0,1,1,HIGH_LOCKED_LAGGED_PBP,confirmation
00-0036972,2023,QB,AGE_DRAFT_INTERACTIONS,1.0,1,1,HIGH_LOCKED_LAGGED_PBP,confirmation
00-0037013,2023,QB,AGE_DRAFT_INTERACTIONS,1.0,1,1,HIGH_LOCKED_LAGGED_PBP,confirmation
00-0037077,2023,QB,AGE_DRAFT_INTERACTIONS,1.0,1,1,HIGH_LOCKED_LAGGED_PBP,confirmation
00-0038102,2023,QB,AGE_DRAFT_INTERACTIONS,1.0,1,1,HIGH_LOCKED_LAGGED_PBP,confirmation
00-0038108,2023,QB,AGE_DRAFT_INTERACTIONS,1.0,1,1,HIGH_LOCKED_LAGGED_PBP,confirmation
00-0038122,2023,QB,AGE_DRAFT_INTERACTIONS,1.0,1,1,HIGH_LOCKED_LAGGED_PBP,confirmation
00-0038128,2023,QB,AGE_DRAFT_INTERACTIONS,1.0,1,1,HIGH_LOCKED_LAGGED_PBP,confirmation
00-0029239,2023,RB,AGE_DRAFT_INTERACTIONS,1.0,1,1,HIGH_LOCKED_LAGGED_PBP,confirmation
00-0030578,2023,RB,AGE_DRAFT_INTERACTIONS,1.0,1,1,HIGH_LOCKED_LAGGED_PBP,confirmation
00-0030874,2023,RB,AGE_DRAFT_INTERACTIONS,1.0,1,1,HIGH_LOCKED_LAGGED_PBP,confirmation
00-0032104,2023,RB,AGE_DRAFT_INTERACTIONS,1.0,1,1,HIGH_LOCKED_LAGGED_PBP,confirmation
00-0032144,2023,RB,AGE_DRAFT_INTERACTIONS,1.0,1,1,HIGH_LOCKED_LAGGED_PBP,confirmation
00-0032450,2023,RB,AGE_DRAFT_INTERACTIONS,1.0,1,1,HIGH_LOCKED_LAGGED_PBP,confirmation
00-0032764,2023,RB,AGE_DRAFT_INTERACTIONS,1.0,1,1,HIGH_LOCKED_LAGGED_PBP,confirmation
00-0032975,2023,RB,AGE_DRAFT_INTERACTIONS,1.0,1,1,HIGH_LOCKED_LAGGED_PBP,confirmation
00-0033118,2023,RB,AGE_DRAFT_INTERACTIONS,1.0,1,1,HIGH_LOCKED_LAGGED_PBP,confirmation
00-0033553,2023,RB,AGE_DRAFT_INTERACTIONS,1.0,1,1,HIGH_LOCKED_LAGGED_PBP,confirmation
00-0033906,2023,RB,AGE_DRAFT_INTERACTIONS,1.0,1,1,HIGH_LOCKED_LAGGED_PBP,confirmation
00-0033925,2023,RB,AGE_DRAFT_INTERACTIONS,1.0,1,1,HIGH_LOCKED_LAGGED_PBP,confirmation
00-0033948,2023,RB,AGE_DRAFT_INTERACTIONS,1.0,1,1,HIGH_LOCKED_LAGGED_PBP,confirmation
00-0034208,2023,RB,AGE_DRAFT_INTERACTIONS,1.0,1,1,HIGH_LOCKED_LAGGED_PBP,confirmation
00-0034750,2023,RB,AGE_DRAFT_INTERACTIONS,1.0,1,1,HIGH_LOCKED_LAGGED_PBP,confirmation
00-0034791,2023,RB,AGE_DRAFT_INTERACTIONS,1.0,1,1,HIGH_LOCKED_LAGGED_PBP,confirmation
00-0034838,2023,RB,AGE_DRAFT_INTERACTIONS,1.0,1,1,HIGH_LOCKED_LAGGED_PBP,confirmation
00-0035184,2023,RB,AGE_DRAFT_INTERACTIONS,1.0,1,1,HIGH_LOCKED_LAGGED_PBP,confirmation
00-0035594,2023,RB,AGE_DRAFT_INTERACTIONS,1.0,1,1,HIGH_LOCKED_LAGGED_PBP,confirmation
00-0035628,2023,RB,AGE_DRAFT_INTERACTIONS,1.0,1,1,HIGH_LOCKED_LAGGED_PBP,confirmation
00-0035657,2023,RB,AGE_DRAFT_INTERACTIONS,1.0,1,1,HIGH_LOCKED_LAGGED_PBP,confirmation
00-0035664,2023,RB,AGE_DRAFT_INTERACTIONS,1.0,1,1,HIGH_LOCKED_LAGGED_PBP,confirmation
00-0035700,2023,RB,AGE_DRAFT_INTERACTIONS,1.0,1,1,HIGH_LOCKED_LAGGED_PBP,confirmation
00-0035726,2023,RB,AGE_DRAFT_INTERACTIONS,1.0,1,1,HIGH_LOCKED_LAGGED_PBP,confirmation
00-0035831,2023,RB,AGE_DRAFT_INTERACTIONS,1.0,1,1,HIGH_LOCKED_LAGGED_PBP,confirmation
00-0035860,2023,RB,AGE_DRAFT_INTERACTIONS,1.0,1,1,HIGH_LOCKED_LAGGED_PBP,confirmation
00-0035924,2023,RB,AGE_DRAFT_INTERACTIONS,1.0,1,1,HIGH_LOCKED_LAGGED_PBP,confirmation
00-0036187,2023,RB,AGE_DRAFT_INTERACTIONS,1.0,1,1,HIGH_LOCKED_LAGGED_PBP,confirmation
00-0036223,2023,RB,AGE_DRAFT_INTERACTIONS,1.0,1,1,HIGH_LOCKED_LAGGED_PBP,confirmation
00-0036251,2023,RB,AGE_DRAFT_INTERACTIONS,1.0,1,1,HIGH_LOCKED_LAGGED_PBP,confirmation
00-0036265,2023,RB,AGE_DRAFT_INTERACTIONS,1.0,1,1,HIGH_LOCKED_LAGGED_PBP,confirmation
00-0036297,2023,RB,AGE_DRAFT_INTERACTIONS,1.0,1,1,HIGH_LOCKED_LAGGED_PBP,confirmation
00-0036328,2023,RB,AGE_DRAFT_INTERACTIONS,1.0,1,1,HIGH_LOCKED_LAGGED_PBP,confirmation
00-0036336,2023,RB,AGE_DRAFT_INTERACTIONS,1.0,1,1,HIGH_LOCKED_LAGGED_PBP,confirmation
00-0036414,2023,RB,AGE_DRAFT_INTERACTIONS,1.0,1,1,HIGH_LOCKED_LAGGED_PBP,confirmation
00-0036450,2023,RB,AGE_DRAFT_INTERACTIONS,1.0,1,1,HIGH_LOCKED_LAGGED_PBP,confirmation
00-0036493,2023,RB,AGE_DRAFT_INTERACTIONS,1.0,1,1,HIGH_LOCKED_LAGGED_PBP,confirmation
00-0036555,2023,RB,AGE_DRAFT_INTERACTIONS,1.0,1,1,HIGH_LOCKED_LAGGED_PBP,confirmation
00-0036857,2023,RB,AGE_DRAFT_INTERACTIONS,1.0,1,1,HIGH_LOCKED_LAGGED_PBP,confirmation
00-0036860,2023,RB,AGE_DRAFT_INTERACTIONS,1.0,1,0,HIGH_LOCKED_LAGGED_PBP,confirmation
00-0036875,2023,RB,AGE_DRAFT_INTERACTIONS,1.0,1,1,HIGH_LOCKED_LAGGED_PBP,confirmation
00-0036906,2023,RB,AGE_DRAFT_INTERACTIONS,1.0,1,1,HIGH_LOCKED_LAGGED_PBP,confirmation
00-0036924,2023,RB,AGE_DRAFT_INTERACTIONS,1.0,1,1,HIGH_LOCKED_LAGGED_PBP,confirmation
00-0036984,2023,RB,AGE_DRAFT_INTERACTIONS,1.0,1,1,HIGH_LOCKED_LAGGED_PBP,confirmation
00-0036997,2023,RB,AGE_DRAFT_INTERACTIONS,1.0,1,1,HIGH_LOCKED_LAGGED_PBP,confirmation
00-0037157,2023,RB,AGE_DRAFT_INTERACTIONS,1.0,1,1,HIGH_LOCKED_LAGGED_PBP,confirmation
00-0037263,2023,RB,AGE_DRAFT_INTERACTIONS,1.0,1,1,HIGH_LOCKED_LAGGED_PBP,confirmation
00-0037276,2023,RB,AGE_DRAFT_INTERACTIONS,1.0,1,1,HIGH_LOCKED_LAGGED_PBP,confirmation
00-0037286,2023,RB,AGE_DRAFT_INTERACTIONS,1.0,1,1,HIGH_LOCKED_LAGGED_PBP,confirmation
00-0037299,2023,RB,AGE_DRAFT_INTERACTIONS,1.0,1,1,HIGH_LOCKED_LAGGED_PBP,confirmation
00-0037429,2023,RB,AGE_DRAFT_INTERACTIONS,1.0,1,1,HIGH_LOCKED_LAGGED_PBP,confirmation
00-0037563,2023,RB,AGE_DRAFT_INTERACTIONS,1.0,1,1,HIGH_LOCKED_LAGGED_PBP,confirmation
00-0037594,2023,RB,AGE_DRAFT_INTERACTIONS,1.0,1,1,HIGH_LOCKED_LAGGED_PBP,confirmation
00-0037746,2023,RB,AGE_DRAFT_INTERACTIONS,1.0,1,1,HIGH_LOCKED_LAGGED_PBP,confirmation
00-0037827,2023,RB,AGE_DRAFT_INTERACTIONS,1.0,1,1,HIGH_LOCKED_LAGGED_PBP,confirmation
00-0038040,2023,RB,AGE_DRAFT_INTERACTIONS,1.0,1,1,HIGH_LOCKED_LAGGED_PBP,confirmation
00-0038045,2023,RB,AGE_DRAFT_INTERACTIONS,1.0,1,1,HIGH_LOCKED_LAGGED_PBP,confirmation
00-0038098,2023,RB,AGE_DRAFT_INTERACTIONS,1.0,1,1,HIGH_LOCKED_LAGGED_PBP,confirmation
00-0038120,2023,RB,AGE_DRAFT_INTERACTIONS,1.0,1,1,HIGH_LOCKED_LAGGED_PBP,confirmation
00-0026293,2023,WR,AGE_DRAFT_INTERACTIONS,1.0,1,0,HIGH_LOCKED_LAGGED_PBP,confirmation
00-0028002,2023,WR,AGE_DRAFT_INTERACTIONS,1.0,1,1,HIGH_LOCKED_LAGGED_PBP,confirmation
00-0030564,2023,WR,AGE_DRAFT_INTERACTIONS,1.0,1,1,HIGH_LOCKED_LAGGED_PBP,confirmation
00-0031381,2023,WR,AGE_DRAFT_INTERACTIONS,1.0,1,1,HIGH_LOCKED_LAGGED_PBP,confirmation
00-0031547,2023,WR,AGE_DRAFT_INTERACTIONS,1.0,1,1,HIGH_LOCKED_LAGGED_PBP,confirmation
00-0031868,2023,WR,AGE_DRAFT_INTERACTIONS,1.0,1,1,HIGH_LOCKED_LAGGED_PBP,confirmation
00-0031941,2023,WR,AGE_DRAFT_INTERACTIONS,1.0,1,1,HIGH_LOCKED_LAGGED_PBP,confirmation
00-0032200,2023,WR,AGE_DRAFT_INTERACTIONS,1.0,1,1,HIGH_LOCKED_LAGGED_PBP,confirmation
00-0032208,2023,WR,AGE_DRAFT_INTERACTIONS,1.0,1,1,HIGH_LOCKED_LAGGED_PBP,confirmation
00-0032385,2023,WR,AGE_DRAFT_INTERACTIONS,1.0,1,1,HIGH_LOCKED_LAGGED_PBP,confirmation
00-0032398,2023,WR,AGE_DRAFT_INTERACTIONS,1.0,1,1,HIGH_LOCKED_LAGGED_PBP,confirmation
00-0032464,2023,WR,AGE_DRAFT_INTERACTIONS,1.0,1,1,HIGH_LOCKED_LAGGED_PBP,confirmation
00-0032543,2023,WR,AGE_DRAFT_INTERACTIONS,1.0,1,0,HIGH_LOCKED_LAGGED_PBP,confirmation
00-0032688,2023,WR,AGE_DRAFT_INTERACTIONS,1.0,1,1,HIGH_LOCKED_LAGGED_PBP,confirmation
00-0032765,2023,WR,AGE_DRAFT_INTERACTIONS,1.0,1,1,HIGH_LOCKED_LAGGED_PBP,confirmation
00-0032951,2023,WR,AGE_DRAFT_INTERACTIONS,1.0,1,1,HIGH_LOCKED_LAGGED_PBP,confirmation
00-0033282,2023,WR,AGE_DRAFT_INTERACTIONS,1.0,1,1,HIGH_LOCKED_LAGGED_PBP,confirmation
00-0033307,2023,WR,AGE_DRAFT_INTERACTIONS,1.0,1,1,HIGH_LOCKED_LAGGED_PBP,confirmation
00-0033536,2023,WR,AGE_DRAFT_INTERACTIONS,1.0,1,1,HIGH_LOCKED_LAGGED_PBP,confirmation
00-0033555,2023,WR,AGE_DRAFT_INTERACTIONS,1.0,1,1,HIGH_LOCKED_LAGGED_PBP,confirmation
00-0034279,2023,WR,AGE_DRAFT_INTERACTIONS,1.0,1,1,HIGH_LOCKED_LAGGED_PBP,confirmation
00-0034297,2023,WR,AGE_DRAFT_INTERACTIONS,1.0,1,1,HIGH_LOCKED_LAGGED_PBP,confirmation
00-0034317,2023,WR,AGE_DRAFT_INTERACTIONS,1.0,1,1,HIGH_LOCKED_LAGGED_PBP,confirmation
00-0034348,2023,WR,AGE_DRAFT_INTERACTIONS,1.0,1,1,HIGH_LOCKED_LAGGED_PBP,confirmation
00-0034521,2023,WR,AGE_DRAFT_INTERACTIONS,1.0,1,1,HIGH_LOCKED_LAGGED_PBP,confirmation
00-0034646,2023,WR,AGE_DRAFT_INTERACTIONS,1.0,1,1,HIGH_LOCKED_LAGGED_PBP,confirmation
00-0034777,2023,WR,AGE_DRAFT_INTERACTIONS,1.0,1,1,HIGH_LOCKED_LAGGED_PBP,confirmation
00-0034827,2023,WR,AGE_DRAFT_INTERACTIONS,1.0,1,1,HIGH_LOCKED_LAGGED_PBP,confirmation
00-0034854,2023,WR,AGE_DRAFT_INTERACTIONS,1.0,1,1,HIGH_LOCKED_LAGGED_PBP,confirmation
00-0034960,2023,WR,AGE_DRAFT_INTERACTIONS,1.0,1,1,HIGH_LOCKED_LAGGED_PBP,confirmation
00-0034983,2023,WR,AGE_DRAFT_INTERACTIONS,1.0,1,1,HIGH_LOCKED_LAGGED_PBP,confirmation
00-0035298,2023,WR,AGE_DRAFT_INTERACTIONS,1.0,1,1,HIGH_LOCKED_LAGGED_PBP,confirmation
00-0035406,2023,WR,AGE_DRAFT_INTERACTIONS,1.0,1,1,HIGH_LOCKED_LAGGED_PBP,confirmation
00-0035414,2023,WR,AGE_DRAFT_INTERACTIONS,1.0,1,1,HIGH_LOCKED_LAGGED_PBP,confirmation
00-0035500,2023,WR,AGE_DRAFT_INTERACTIONS,1.0,1,1,HIGH_LOCKED_LAGGED_PBP,confirmation
00-0035593,2023,WR,AGE_DRAFT_INTERACTIONS,1.0,1,1,HIGH_LOCKED_LAGGED_PBP,confirmation
00-0035639,2023,WR,AGE_DRAFT_INTERACTIONS,1.0,1,1,HIGH_LOCKED_LAGGED_PBP,confirmation
00-0035645,2023,WR,AGE_DRAFT_INTERACTIONS,1.0,1,1,HIGH_LOCKED_LAGGED_PBP,confirmation
00-0035659,2023,WR,AGE_DRAFT_INTERACTIONS,1.0,1,1,HIGH_LOCKED_LAGGED_PBP,confirmation
00-0035662,2023,WR,AGE_DRAFT_INTERACTIONS,1.0,1,1,HIGH_LOCKED_LAGGED_PBP,confirmation
00-0035703,2023,WR,AGE_DRAFT_INTERACTIONS,1.0,1,1,HIGH_LOCKED_LAGGED_PBP,confirmation
00-0035876,2023,WR,AGE_DRAFT_INTERACTIONS,1.0,1,1,HIGH_LOCKED_LAGGED_PBP,confirmation
00-0036176,2023,WR,AGE_DRAFT_INTERACTIONS,1.0,1,1,HIGH_LOCKED_LAGGED_PBP,confirmation
00-0036182,2023,WR,AGE_DRAFT_INTERACTIONS,1.0,1,1,HIGH_LOCKED_LAGGED_PBP,confirmation
00-0036252,2023,WR,AGE_DRAFT_INTERACTIONS,1.0,1,1,HIGH_LOCKED_LAGGED_PBP,confirmation
00-0036268,2023,WR,AGE_DRAFT_INTERACTIONS,1.0,1,1,HIGH_LOCKED_LAGGED_PBP,confirmation
00-0036309,2023,WR,AGE_DRAFT_INTERACTIONS,1.0,1,1,HIGH_LOCKED_LAGGED_PBP,confirmation
00-0036326,2023,WR,AGE_DRAFT_INTERACTIONS,1.0,1,1,HIGH_LOCKED_LAGGED_PBP,confirmation
00-0036407,2023,WR,AGE_DRAFT_INTERACTIONS,1.0,1,1,HIGH_LOCKED_LAGGED_PBP,confirmation
00-0036415,2023,WR,AGE_DRAFT_INTERACTIONS,1.0,1,1,HIGH_LOCKED_LAGGED_PBP,confirmation
00-0036482,2023,WR,AGE_DRAFT_INTERACTIONS,1.0,1,1,HIGH_LOCKED_LAGGED_PBP,confirmation
00-0036527,2023,WR,AGE_DRAFT_INTERACTIONS,1.0,1,1,HIGH_LOCKED_LAGGED_PBP,confirmation
00-0036620,2023,WR,AGE_DRAFT_INTERACTIONS,1.0,1,1,HIGH_LOCKED_LAGGED_PBP,confirmation
00-0036626,2023,WR,AGE_DRAFT_INTERACTIONS,1.0,1,1,HIGH_LOCKED_LAGGED_PBP,confirmation
00-0036630,2023,WR,AGE_DRAFT_INTERACTIONS,1.0,1,1,HIGH_LOCKED_LAGGED_PBP,confirmation
00-0036635,2023,WR,AGE_DRAFT_INTERACTIONS,1.0,1,1,HIGH_LOCKED_LAGGED_PBP,confirmation
00-0036646,2023,WR,AGE_DRAFT_INTERACTIONS,1.0,1,1,HIGH_LOCKED_LAGGED_PBP,confirmation
00-0036877,2023,WR,AGE_DRAFT_INTERACTIONS,1.0,1,1,HIGH_LOCKED_LAGGED_PBP,confirmation
00-0036936,2023,WR,AGE_DRAFT_INTERACTIONS,1.0,1,1,HIGH_LOCKED_LAGGED_PBP,confirmation
00-0036955,2023,WR,AGE_DRAFT_INTERACTIONS,1.0,1,1,HIGH_LOCKED_LAGGED_PBP,confirmation
00-0036991,2023,WR,AGE_DRAFT_INTERACTIONS,1.0,1,1,HIGH_LOCKED_LAGGED_PBP,confirmation
00-0037098,2023,WR,AGE_DRAFT_INTERACTIONS,1.0,1,1,HIGH_LOCKED_LAGGED_PBP,confirmation
00-0037238,2023,WR,AGE_DRAFT_INTERACTIONS,1.0,1,1,HIGH_LOCKED_LAGGED_PBP,confirmation
00-0037239,2023,WR,AGE_DRAFT_INTERACTIONS,1.0,1,1,HIGH_LOCKED_LAGGED_PBP,confirmation
00-0037272,2023,WR,AGE_DRAFT_INTERACTIONS,1.0,1,1,HIGH_LOCKED_LAGGED_PBP,confirmation
00-0037273,2023,WR,AGE_DRAFT_INTERACTIONS,1.0,1,1,HIGH_LOCKED_LAGGED_PBP,confirmation
00-0037291,2023,WR,AGE_DRAFT_INTERACTIONS,1.0,1,1,HIGH_LOCKED_LAGGED_PBP,confirmation
00-0037382,2023,WR,AGE_DRAFT_INTERACTIONS,1.0,1,1,HIGH_LOCKED_LAGGED_PBP,confirmation
00-0037545,2023,WR,AGE_DRAFT_INTERACTIONS,1.0,1,1,HIGH_LOCKED_LAGGED_PBP,confirmation
00-0037664,2023,WR,AGE_DRAFT_INTERACTIONS,1.0,1,1,HIGH_LOCKED_LAGGED_PBP,confirmation
00-0037740,2023,WR,AGE_DRAFT_INTERACTIONS,1.0,1,1,HIGH_LOCKED_LAGGED_PBP,confirmation
00-0037741,2023,WR,AGE_DRAFT_INTERACTIONS,1.0,1,1,HIGH_LOCKED_LAGGED_PBP,confirmation
00-0037742,2023,WR,AGE_DRAFT_INTERACTIONS,1.0,1,1,HIGH_LOCKED_LAGGED_PBP,confirmation
00-0037745,2023,WR,AGE_DRAFT_INTERACTIONS,1.0,1,1,HIGH_LOCKED_LAGGED_PBP,confirmation
00-0038092,2023,WR,AGE_DRAFT_INTERACTIONS,1.0,1,1,HIGH_LOCKED_LAGGED_PBP,confirmation
00-0038104,2023,WR,AGE_DRAFT_INTERACTIONS,1.0,1,1,HIGH_LOCKED_LAGGED_PBP,confirmation
00-0038117,2023,WR,AGE_DRAFT_INTERACTIONS,1.0,1,1,HIGH_LOCKED_LAGGED_PBP,confirmation
00-0024243,2023,TE,AGE_DRAFT_INTERACTIONS,1.0,1,1,HIGH_LOCKED_LAGGED_PBP,confirmation
00-0030061,2023,TE,AGE_DRAFT_INTERACTIONS,1.0,1,1,HIGH_LOCKED_LAGGED_PBP,confirmation
00-0031260,2023,TE,AGE_DRAFT_INTERACTIONS,1.0,1,1,HIGH_LOCKED_LAGGED_PBP,confirmation
00-0031585,2023,TE,AGE_DRAFT_INTERACTIONS,1.0,1,1,HIGH_LOCKED_LAGGED_PBP,confirmation
00-0031610,2023,TE,AGE_DRAFT_INTERACTIONS,1.0,1,1,HIGH_LOCKED_LAGGED_PBP,confirmation
00-0032134,2023,TE,AGE_DRAFT_INTERACTIONS,1.0,1,1,HIGH_LOCKED_LAGGED_PBP,confirmation
00-0032141,2023,TE,AGE_DRAFT_INTERACTIONS,1.0,1,1,HIGH_LOCKED_LAGGED_PBP,confirmation
00-0032214,2023,TE,AGE_DRAFT_INTERACTIONS,1.0,1,1,HIGH_LOCKED_LAGGED_PBP,confirmation
00-0032392,2023,TE,AGE_DRAFT_INTERACTIONS,1.0,1,1,HIGH_LOCKED_LAGGED_PBP,confirmation
00-0032394,2023,TE,AGE_DRAFT_INTERACTIONS,1.0,1,1,HIGH_LOCKED_LAGGED_PBP,confirmation
00-0032725,2023,TE,AGE_DRAFT_INTERACTIONS,1.0,1,1,HIGH_LOCKED_LAGGED_PBP,confirmation
00-0033090,2023,TE,AGE_DRAFT_INTERACTIONS,1.0,1,1,HIGH_LOCKED_LAGGED_PBP,confirmation
00-0033217,2023,TE,AGE_DRAFT_INTERACTIONS,1.0,1,1,HIGH_LOCKED_LAGGED_PBP,confirmation
00-0033357,2023,TE,AGE_DRAFT_INTERACTIONS,1.0,1,1,HIGH_LOCKED_LAGGED_PBP,confirmation
00-0033439,2023,TE,AGE_DRAFT_INTERACTIONS,1.0,1,1,HIGH_LOCKED_LAGGED_PBP,confirmation
00-0033576,2023,TE,AGE_DRAFT_INTERACTIONS,1.0,1,1,HIGH_LOCKED_LAGGED_PBP,confirmation
00-0033757,2023,TE,AGE_DRAFT_INTERACTIONS,1.0,1,1,HIGH_LOCKED_LAGGED_PBP,confirmation
00-0033858,2023,TE,AGE_DRAFT_INTERACTIONS,1.0,1,1,HIGH_LOCKED_LAGGED_PBP,confirmation
00-0034073,2023,TE,AGE_DRAFT_INTERACTIONS,1.0,1,1,HIGH_LOCKED_LAGGED_PBP,confirmation
00-0034159,2023,TE,AGE_DRAFT_INTERACTIONS,1.0,1,1,HIGH_LOCKED_LAGGED_PBP,confirmation
00-0034193,2023,TE,AGE_DRAFT_INTERACTIONS,1.0,1,0,HIGH_LOCKED_LAGGED_PBP,confirmation
00-0034270,2023,TE,AGE_DRAFT_INTERACTIONS,1.0,1,1,HIGH_LOCKED_LAGGED_PBP,confirmation
00-0034364,2023,TE,AGE_DRAFT_INTERACTIONS,1.0,1,1,HIGH_LOCKED_LAGGED_PBP,confirmation
00-0034365,2023,TE,AGE_DRAFT_INTERACTIONS,1.0,1,1,HIGH_LOCKED_LAGGED_PBP,confirmation
00-0034613,2023,TE,AGE_DRAFT_INTERACTIONS,1.0,1,1,HIGH_LOCKED_LAGGED_PBP,confirmation
00-0034981,2023,TE,AGE_DRAFT_INTERACTIONS,1.0,1,1,HIGH_LOCKED_LAGGED_PBP,confirmation
00-0035259,2023,TE,AGE_DRAFT_INTERACTIONS,1.0,1,1,HIGH_LOCKED_LAGGED_PBP,confirmation
00-0035562,2023,TE,AGE_DRAFT_INTERACTIONS,1.0,1,1,HIGH_LOCKED_LAGGED_PBP,confirmation
00-0035572,2023,TE,AGE_DRAFT_INTERACTIONS,1.0,1,1,HIGH_LOCKED_LAGGED_PBP,confirmation
00-0035631,2023,TE,AGE_DRAFT_INTERACTIONS,1.0,1,1,HIGH_LOCKED_LAGGED_PBP,confirmation
00-0035956,2023,TE,AGE_DRAFT_INTERACTIONS,1.0,1,1,HIGH_LOCKED_LAGGED_PBP,confirmation
00-0036040,2023,TE,AGE_DRAFT_INTERACTIONS,1.0,1,1,HIGH_LOCKED_LAGGED_PBP,confirmation
00-0036290,2023,TE,AGE_DRAFT_INTERACTIONS,1.0,1,1,HIGH_LOCKED_LAGGED_PBP,confirmation
00-0036422,2023,TE,AGE_DRAFT_INTERACTIONS,1.0,1,1,HIGH_LOCKED_LAGGED_PBP,confirmation
00-0036423,2023,TE,AGE_DRAFT_INTERACTIONS,1.0,1,1,HIGH_LOCKED_LAGGED_PBP,confirmation
00-0036424,2023,TE,AGE_DRAFT_INTERACTIONS,1.0,1,1,HIGH_LOCKED_LAGGED_PBP,confirmation
00-0036438,2023,TE,AGE_DRAFT_INTERACTIONS,1.0,1,1,HIGH_LOCKED_LAGGED_PBP,confirmation
00-0036510,2023,TE,AGE_DRAFT_INTERACTIONS,1.0,1,0,HIGH_LOCKED_LAGGED_PBP,confirmation
00-0036628,2023,TE,AGE_DRAFT_INTERACTIONS,1.0,1,1,HIGH_LOCKED_LAGGED_PBP,confirmation
00-0036876,2023,TE,AGE_DRAFT_INTERACTIONS,1.0,1,1,HIGH_LOCKED_LAGGED_PBP,confirmation
00-0036887,2023,TE,AGE_DRAFT_INTERACTIONS,1.0,1,1,HIGH_LOCKED_LAGGED_PBP,confirmation
00-0036970,2023,TE,AGE_DRAFT_INTERACTIONS,1.0,1,1,HIGH_LOCKED_LAGGED_PBP,confirmation
00-0037005,2023,TE,AGE_DRAFT_INTERACTIONS,1.0,1,1,HIGH_LOCKED_LAGGED_PBP,confirmation
00-0037078,2023,TE,AGE_DRAFT_INTERACTIONS,1.0,1,1,HIGH_LOCKED_LAGGED_PBP,confirmation
00-0037086,2023,TE,AGE_DRAFT_INTERACTIONS,1.0,1,1,HIGH_LOCKED_LAGGED_PBP,confirmation
00-0037252,2023,TE,AGE_DRAFT_INTERACTIONS,1.0,1,1,HIGH_LOCKED_LAGGED_PBP,confirmation
00-0037277,2023,TE,AGE_DRAFT_INTERACTIONS,1.0,1,1,HIGH_LOCKED_LAGGED_PBP,confirmation
00-0037282,2023,TE,AGE_DRAFT_INTERACTIONS,1.0,1,1,HIGH_LOCKED_LAGGED_PBP,confirmation
00-0037475,2023,TE,AGE_DRAFT_INTERACTIONS,1.0,1,1,HIGH_LOCKED_LAGGED_PBP,confirmation
00-0037744,2023,TE,AGE_DRAFT_INTERACTIONS,1.0,1,1,HIGH_LOCKED_LAGGED_PBP,confirmation
00-0037805,2023,TE,AGE_DRAFT_INTERACTIONS,1.0,1,1,HIGH_LOCKED_LAGGED_PBP,confirmation
00-0037809,2023,TE,AGE_DRAFT_INTERACTIONS,1.0,1,1,HIGH_LOCKED_LAGGED_PBP,confirmation
00-0023459,2024,QB,AGE_DRAFT_INTERACTIONS,1.0,1,1,HIGH_LOCKED_LAGGED_PBP,confirmation
00-0027973,2024,QB,AGE_DRAFT_INTERACTIONS,1.0,1,1,HIGH_LOCKED_LAGGED_PBP,confirmation
00-0028118,2024,QB,AGE_DRAFT_INTERACTIONS,1.0,1,1,HIGH_LOCKED_LAGGED_PBP,confirmation
00-0029604,2024,QB,AGE_DRAFT_INTERACTIONS,1.0,1,1,HIGH_LOCKED_LAGGED_PBP,confirmation
00-0030565,2024,QB,AGE_DRAFT_INTERACTIONS,1.0,1,1,HIGH_LOCKED_LAGGED_PBP,confirmation
00-0031280,2024,QB,AGE_DRAFT_INTERACTIONS,1.0,1,1,HIGH_LOCKED_LAGGED_PBP,confirmation
00-0031345,2024,QB,AGE_DRAFT_INTERACTIONS,1.0,1,1,HIGH_LOCKED_LAGGED_PBP,confirmation
00-0031503,2024,QB,AGE_DRAFT_INTERACTIONS,1.0,1,1,HIGH_LOCKED_LAGGED_PBP,confirmation
00-0031800,2024,QB,AGE_DRAFT_INTERACTIONS,1.0,1,1,HIGH_LOCKED_LAGGED_PBP,confirmation
00-0032950,2024,QB,AGE_DRAFT_INTERACTIONS,1.0,1,1,HIGH_LOCKED_LAGGED_PBP,confirmation
00-0033119,2024,QB,AGE_DRAFT_INTERACTIONS,1.0,1,1,HIGH_LOCKED_LAGGED_PBP,confirmation
00-0033319,2024,QB,AGE_DRAFT_INTERACTIONS,1.0,1,1,HIGH_LOCKED_LAGGED_PBP,confirmation
00-0033537,2024,QB,AGE_DRAFT_INTERACTIONS,1.0,1,1,HIGH_LOCKED_LAGGED_PBP,confirmation
00-0033662,2024,QB,AGE_DRAFT_INTERACTIONS,1.0,1,1,HIGH_LOCKED_LAGGED_PBP,confirmation
00-0033949,2024,QB,AGE_DRAFT_INTERACTIONS,1.0,1,1,HIGH_LOCKED_LAGGED_PBP,confirmation
00-0034177,2024,QB,AGE_DRAFT_INTERACTIONS,1.0,1,1,HIGH_LOCKED_LAGGED_PBP,confirmation
00-0034401,2024,QB,AGE_DRAFT_INTERACTIONS,1.0,1,1,HIGH_LOCKED_LAGGED_PBP,confirmation
00-0034577,2024,QB,AGE_DRAFT_INTERACTIONS,1.0,1,0,HIGH_LOCKED_LAGGED_PBP,confirmation
00-0035100,2024,QB,AGE_DRAFT_INTERACTIONS,1.0,1,1,HIGH_LOCKED_LAGGED_PBP,confirmation
00-0035228,2024,QB,AGE_DRAFT_INTERACTIONS,1.0,1,1,HIGH_LOCKED_LAGGED_PBP,confirmation
00-0035264,2024,QB,AGE_DRAFT_INTERACTIONS,1.0,1,1,HIGH_LOCKED_LAGGED_PBP,confirmation
00-0035289,2024,QB,AGE_DRAFT_INTERACTIONS,1.0,1,1,HIGH_LOCKED_LAGGED_PBP,confirmation
00-0035704,2024,QB,AGE_DRAFT_INTERACTIONS,1.0,1,1,HIGH_LOCKED_LAGGED_PBP,confirmation
00-0035710,2024,QB,AGE_DRAFT_INTERACTIONS,1.0,1,1,HIGH_LOCKED_LAGGED_PBP,confirmation
00-0035993,2024,QB,AGE_DRAFT_INTERACTIONS,1.0,1,1,HIGH_LOCKED_LAGGED_PBP,confirmation
00-0036442,2024,QB,AGE_DRAFT_INTERACTIONS,1.0,1,1,HIGH_LOCKED_LAGGED_PBP,confirmation
00-0036928,2024,QB,AGE_DRAFT_INTERACTIONS,1.0,1,1,HIGH_LOCKED_LAGGED_PBP,confirmation
00-0036971,2024,QB,AGE_DRAFT_INTERACTIONS,1.0,1,1,HIGH_LOCKED_LAGGED_PBP,confirmation
00-0036972,2024,QB,AGE_DRAFT_INTERACTIONS,1.0,1,1,HIGH_LOCKED_LAGGED_PBP,confirmation
00-0037077,2024,QB,AGE_DRAFT_INTERACTIONS,1.0,1,1,HIGH_LOCKED_LAGGED_PBP,confirmation
00-0038108,2024,QB,AGE_DRAFT_INTERACTIONS,1.0,1,1,HIGH_LOCKED_LAGGED_PBP,confirmation
00-0038122,2024,QB,AGE_DRAFT_INTERACTIONS,1.0,1,1,HIGH_LOCKED_LAGGED_PBP,confirmation
00-0038128,2024,QB,AGE_DRAFT_INTERACTIONS,1.0,1,1,HIGH_LOCKED_LAGGED_PBP,confirmation
00-0038416,2024,QB,AGE_DRAFT_INTERACTIONS,1.0,1,1,HIGH_LOCKED_LAGGED_PBP,confirmation
00-0038476,2024,QB,AGE_DRAFT_INTERACTIONS,1.0,1,1,HIGH_LOCKED_LAGGED_PBP,confirmation
00-0038579,2024,QB,AGE_DRAFT_INTERACTIONS,1.0,1,1,HIGH_LOCKED_LAGGED_PBP,confirmation
00-0038582,2024,QB,AGE_DRAFT_INTERACTIONS,1.0,1,1,HIGH_LOCKED_LAGGED_PBP,confirmation
00-0038583,2024,QB,AGE_DRAFT_INTERACTIONS,1.0,1,1,HIGH_LOCKED_LAGGED_PBP,confirmation
00-0039150,2024,QB,AGE_DRAFT_INTERACTIONS,1.0,1,1,HIGH_LOCKED_LAGGED_PBP,confirmation
00-0039152,2024,QB,AGE_DRAFT_INTERACTIONS,1.0,1,1,HIGH_LOCKED_LAGGED_PBP,confirmation
00-0039164,2024,QB,AGE_DRAFT_INTERACTIONS,1.0,1,1,HIGH_LOCKED_LAGGED_PBP,confirmation
00-0032104,2024,RB,AGE_DRAFT_INTERACTIONS,1.0,1,1,HIGH_LOCKED_LAGGED_PBP,confirmation
00-0033045,2024,RB,AGE_DRAFT_INTERACTIONS,1.0,1,1,HIGH_LOCKED_LAGGED_PBP,confirmation
00-0033376,2024,RB,AGE_DRAFT_INTERACTIONS,1.0,1,1,HIGH_LOCKED_LAGGED_PBP,confirmation
00-0033553,2024,RB,AGE_DRAFT_INTERACTIONS,1.0,1,1,HIGH_LOCKED_LAGGED_PBP,confirmation
00-0033906,2024,RB,AGE_DRAFT_INTERACTIONS,1.0,1,1,HIGH_LOCKED_LAGGED_PBP,confirmation
00-0033925,2024,RB,AGE_DRAFT_INTERACTIONS,1.0,1,1,HIGH_LOCKED_LAGGED_PBP,confirmation
00-0033948,2024,RB,AGE_DRAFT_INTERACTIONS,1.0,1,1,HIGH_LOCKED_LAGGED_PBP,confirmation
00-0034208,2024,RB,AGE_DRAFT_INTERACTIONS,1.0,1,1,HIGH_LOCKED_LAGGED_PBP,confirmation
00-0034791,2024,RB,AGE_DRAFT_INTERACTIONS,1.0,1,1,HIGH_LOCKED_LAGGED_PBP,confirmation
00-0034972,2024,RB,AGE_DRAFT_INTERACTIONS,1.0,1,1,HIGH_LOCKED_LAGGED_PBP,confirmation
00-0035243,2024,RB,AGE_DRAFT_INTERACTIONS,1.0,1,1,HIGH_LOCKED_LAGGED_PBP,confirmation
00-0035291,2024,RB,AGE_DRAFT_INTERACTIONS,1.0,1,1,HIGH_LOCKED_LAGGED_PBP,confirmation
00-0035594,2024,RB,AGE_DRAFT_INTERACTIONS,1.0,1,1,HIGH_LOCKED_LAGGED_PBP,confirmation
00-0035628,2024,RB,AGE_DRAFT_INTERACTIONS,1.0,1,1,HIGH_LOCKED_LAGGED_PBP,confirmation
00-0035726,2024,RB,AGE_DRAFT_INTERACTIONS,1.0,1,1,HIGH_LOCKED_LAGGED_PBP,confirmation
00-0035806,2024,RB,AGE_DRAFT_INTERACTIONS,1.0,1,1,HIGH_LOCKED_LAGGED_PBP,confirmation
00-0035860,2024,RB,AGE_DRAFT_INTERACTIONS,1.0,1,1,HIGH_LOCKED_LAGGED_PBP,confirmation
00-0035924,2024,RB,AGE_DRAFT_INTERACTIONS,1.0,1,1,HIGH_LOCKED_LAGGED_PBP,confirmation
00-0036223,2024,RB,AGE_DRAFT_INTERACTIONS,1.0,1,1,HIGH_LOCKED_LAGGED_PBP,confirmation
00-0036251,2024,RB,AGE_DRAFT_INTERACTIONS,1.0,1,1,HIGH_LOCKED_LAGGED_PBP,confirmation
00-0036297,2024,RB,AGE_DRAFT_INTERACTIONS,1.0,1,1,HIGH_LOCKED_LAGGED_PBP,confirmation
00-0036328,2024,RB,AGE_DRAFT_INTERACTIONS,1.0,1,1,HIGH_LOCKED_LAGGED_PBP,confirmation
00-0036370,2024,RB,AGE_DRAFT_INTERACTIONS,1.0,1,1,HIGH_LOCKED_LAGGED_PBP,confirmation
00-0036425,2024,RB,AGE_DRAFT_INTERACTIONS,1.0,1,1,HIGH_LOCKED_LAGGED_PBP,confirmation
00-0036450,2024,RB,AGE_DRAFT_INTERACTIONS,1.0,1,1,HIGH_LOCKED_LAGGED_PBP,confirmation
00-0036555,2024,RB,AGE_DRAFT_INTERACTIONS,1.0,1,1,HIGH_LOCKED_LAGGED_PBP,confirmation
00-0036569,2024,RB,AGE_DRAFT_INTERACTIONS,1.0,1,1,HIGH_LOCKED_LAGGED_PBP,confirmation
00-0036842,2024,RB,AGE_DRAFT_INTERACTIONS,1.0,1,1,HIGH_LOCKED_LAGGED_PBP,confirmation
00-0036875,2024,RB,AGE_DRAFT_INTERACTIONS,1.0,1,1,HIGH_LOCKED_LAGGED_PBP,confirmation
00-0036906,2024,RB,AGE_DRAFT_INTERACTIONS,1.0,1,1,HIGH_LOCKED_LAGGED_PBP,confirmation
00-0036924,2024,RB,AGE_DRAFT_INTERACTIONS,1.0,1,1,HIGH_LOCKED_LAGGED_PBP,confirmation
00-0036973,2024,RB,AGE_DRAFT_INTERACTIONS,1.0,1,1,HIGH_LOCKED_LAGGED_PBP,confirmation
00-0036984,2024,RB,AGE_DRAFT_INTERACTIONS,1.0,1,1,HIGH_LOCKED_LAGGED_PBP,confirmation
00-0037120,2024,RB,AGE_DRAFT_INTERACTIONS,1.0,1,1,HIGH_LOCKED_LAGGED_PBP,confirmation
00-0037263,2024,RB,AGE_DRAFT_INTERACTIONS,1.0,1,1,HIGH_LOCKED_LAGGED_PBP,confirmation
00-0037299,2024,RB,AGE_DRAFT_INTERACTIONS,1.0,1,1,HIGH_LOCKED_LAGGED_PBP,confirmation
00-0037429,2024,RB,AGE_DRAFT_INTERACTIONS,1.0,1,1,HIGH_LOCKED_LAGGED_PBP,confirmation
00-0037525,2024,RB,AGE_DRAFT_INTERACTIONS,1.0,1,1,HIGH_LOCKED_LAGGED_PBP,confirmation
00-0037594,2024,RB,AGE_DRAFT_INTERACTIONS,1.0,1,0,HIGH_LOCKED_LAGGED_PBP,confirmation
00-0037827,2024,RB,AGE_DRAFT_INTERACTIONS,1.0,1,1,HIGH_LOCKED_LAGGED_PBP,confirmation
00-0038040,2024,RB,AGE_DRAFT_INTERACTIONS,1.0,1,1,HIGH_LOCKED_LAGGED_PBP,confirmation
00-0038098,2024,RB,AGE_DRAFT_INTERACTIONS,1.0,1,1,HIGH_LOCKED_LAGGED_PBP,confirmation
00-0038120,2024,RB,AGE_DRAFT_INTERACTIONS,1.0,1,1,HIGH_LOCKED_LAGGED_PBP,confirmation
00-0038134,2024,RB,AGE_DRAFT_INTERACTIONS,1.0,1,1,HIGH_LOCKED_LAGGED_PBP,confirmation
00-0038396,2024,RB,AGE_DRAFT_INTERACTIONS,1.0,1,1,HIGH_LOCKED_LAGGED_PBP,confirmation
00-0038488,2024,RB,AGE_DRAFT_INTERACTIONS,1.0,1,0,HIGH_LOCKED_LAGGED_PBP,confirmation
00-0038542,2024,RB,AGE_DRAFT_INTERACTIONS,1.0,1,1,HIGH_LOCKED_LAGGED_PBP,confirmation
00-0038551,2024,RB,AGE_DRAFT_INTERACTIONS,1.0,1,1,HIGH_LOCKED_LAGGED_PBP,confirmation
00-0038555,2024,RB,AGE_DRAFT_INTERACTIONS,1.0,1,1,HIGH_LOCKED_LAGGED_PBP,confirmation
00-0038597,2024,RB,AGE_DRAFT_INTERACTIONS,1.0,1,1,HIGH_LOCKED_LAGGED_PBP,confirmation
00-0038611,2024,RB,AGE_DRAFT_INTERACTIONS,1.0,1,1,HIGH_LOCKED_LAGGED_PBP,confirmation
00-0038622,2024,RB,AGE_DRAFT_INTERACTIONS,1.0,1,1,HIGH_LOCKED_LAGGED_PBP,confirmation
00-0038678,2024,RB,AGE_DRAFT_INTERACTIONS,1.0,1,1,HIGH_LOCKED_LAGGED_PBP,confirmation
00-0038705,2024,RB,AGE_DRAFT_INTERACTIONS,1.0,1,1,HIGH_LOCKED_LAGGED_PBP,confirmation
00-0038738,2024,RB,AGE_DRAFT_INTERACTIONS,1.0,1,1,HIGH_LOCKED_LAGGED_PBP,confirmation
00-0038951,2024,RB,AGE_DRAFT_INTERACTIONS,1.0,1,1,HIGH_LOCKED_LAGGED_PBP,confirmation
00-0039021,2024,RB,AGE_DRAFT_INTERACTIONS,1.0,1,1,HIGH_LOCKED_LAGGED_PBP,confirmation
00-0039032,2024,RB,AGE_DRAFT_INTERACTIONS,1.0,1,1,HIGH_LOCKED_LAGGED_PBP,confirmation
00-0039165,2024,RB,AGE_DRAFT_INTERACTIONS,1.0,1,1,HIGH_LOCKED_LAGGED_PBP,confirmation
00-0030035,2024,WR,AGE_DRAFT_INTERACTIONS,1.0,1,1,HIGH_LOCKED_LAGGED_PBP,confirmation
00-0030279,2024,WR,AGE_DRAFT_INTERACTIONS,1.0,1,1,HIGH_LOCKED_LAGGED_PBP,confirmation
00-0031381,2024,WR,AGE_DRAFT_INTERACTIONS,1.0,1,1,HIGH_LOCKED_LAGGED_PBP,confirmation
00-0031763,2024,WR,AGE_DRAFT_INTERACTIONS,1.0,1,1,HIGH_LOCKED_LAGGED_PBP,confirmation
00-0032211,2024,WR,AGE_DRAFT_INTERACTIONS,1.0,1,1,HIGH_LOCKED_LAGGED_PBP,confirmation
00-0032385,2024,WR,AGE_DRAFT_INTERACTIONS,1.0,1,1,HIGH_LOCKED_LAGGED_PBP,confirmation
00-0032543,2024,WR,AGE_DRAFT_INTERACTIONS,1.0,1,1,HIGH_LOCKED_LAGGED_PBP,confirmation
00-0032688,2024,WR,AGE_DRAFT_INTERACTIONS,1.0,1,1,HIGH_LOCKED_LAGGED_PBP,confirmation
00-0033009,2024,WR,AGE_DRAFT_INTERACTIONS,1.0,1,1,HIGH_LOCKED_LAGGED_PBP,confirmation
00-0033251,2024,WR,AGE_DRAFT_INTERACTIONS,1.0,1,1,HIGH_LOCKED_LAGGED_PBP,confirmation
00-0033292,2024,WR,AGE_DRAFT_INTERACTIONS,1.0,1,1,HIGH_LOCKED_LAGGED_PBP,confirmation
00-0033307,2024,WR,AGE_DRAFT_INTERACTIONS,1.0,1,1,HIGH_LOCKED_LAGGED_PBP,confirmation
00-0033891,2024,WR,AGE_DRAFT_INTERACTIONS,1.0,1,1,HIGH_LOCKED_LAGGED_PBP,confirmation
00-0034521,2024,WR,AGE_DRAFT_INTERACTIONS,1.0,1,1,HIGH_LOCKED_LAGGED_PBP,confirmation
00-0034775,2024,WR,AGE_DRAFT_INTERACTIONS,1.0,1,1,HIGH_LOCKED_LAGGED_PBP,confirmation
00-0034827,2024,WR,AGE_DRAFT_INTERACTIONS,1.0,1,1,HIGH_LOCKED_LAGGED_PBP,confirmation
00-0034837,2024,WR,AGE_DRAFT_INTERACTIONS,1.0,1,1,HIGH_LOCKED_LAGGED_PBP,confirmation
00-0034854,2024,WR,AGE_DRAFT_INTERACTIONS,1.0,1,1,HIGH_LOCKED_LAGGED_PBP,confirmation
00-0034960,2024,WR,AGE_DRAFT_INTERACTIONS,1.0,1,1,HIGH_LOCKED_LAGGED_PBP,confirmation
00-0035164,2024,WR,AGE_DRAFT_INTERACTIONS,1.0,1,1,HIGH_LOCKED_LAGGED_PBP,confirmation
00-0035298,2024,WR,AGE_DRAFT_INTERACTIONS,1.0,1,1,HIGH_LOCKED_LAGGED_PBP,confirmation
00-0035341,2024,WR,AGE_DRAFT_INTERACTIONS,1.0,1,1,HIGH_LOCKED_LAGGED_PBP,confirmation
00-0035406,2024,WR,AGE_DRAFT_INTERACTIONS,1.0,1,1,HIGH_LOCKED_LAGGED_PBP,confirmation
00-0035500,2024,WR,AGE_DRAFT_INTERACTIONS,1.0,1,1,HIGH_LOCKED_LAGGED_PBP,confirmation
00-0035535,2024,WR,AGE_DRAFT_INTERACTIONS,1.0,1,1,HIGH_LOCKED_LAGGED_PBP,confirmation
00-0035639,2024,WR,AGE_DRAFT_INTERACTIONS,1.0,1,1,HIGH_LOCKED_LAGGED_PBP,confirmation
00-0035640,2024,WR,AGE_DRAFT_INTERACTIONS,1.0,1,1,HIGH_LOCKED_LAGGED_PBP,confirmation
00-0036165,2024,WR,AGE_DRAFT_INTERACTIONS,1.0,1,1,HIGH_LOCKED_LAGGED_PBP,confirmation
00-0036176,2024,WR,AGE_DRAFT_INTERACTIONS,1.0,1,1,HIGH_LOCKED_LAGGED_PBP,confirmation
00-0036182,2024,WR,AGE_DRAFT_INTERACTIONS,1.0,1,1,HIGH_LOCKED_LAGGED_PBP,confirmation
00-0036196,2024,WR,AGE_DRAFT_INTERACTIONS,1.0,1,1,HIGH_LOCKED_LAGGED_PBP,confirmation
00-0036252,2024,WR,AGE_DRAFT_INTERACTIONS,1.0,1,1,HIGH_LOCKED_LAGGED_PBP,confirmation
00-0036254,2024,WR,AGE_DRAFT_INTERACTIONS,1.0,1,1,HIGH_LOCKED_LAGGED_PBP,confirmation
00-0036268,2024,WR,AGE_DRAFT_INTERACTIONS,1.0,1,1,HIGH_LOCKED_LAGGED_PBP,confirmation
00-0036309,2024,WR,AGE_DRAFT_INTERACTIONS,1.0,1,1,HIGH_LOCKED_LAGGED_PBP,confirmation
00-0036345,2024,WR,AGE_DRAFT_INTERACTIONS,1.0,1,1,HIGH_LOCKED_LAGGED_PBP,confirmation
00-0036387,2024,WR,AGE_DRAFT_INTERACTIONS,1.0,1,1,HIGH_LOCKED_LAGGED_PBP,confirmation
00-0036407,2024,WR,AGE_DRAFT_INTERACTIONS,1.0,1,1,HIGH_LOCKED_LAGGED_PBP,confirmation
00-0036410,2024,WR,AGE_DRAFT_INTERACTIONS,1.0,1,1,HIGH_LOCKED_LAGGED_PBP,confirmation
00-0036427,2024,WR,AGE_DRAFT_INTERACTIONS,1.0,1,1,HIGH_LOCKED_LAGGED_PBP,confirmation
00-0036497,2024,WR,AGE_DRAFT_INTERACTIONS,1.0,1,1,HIGH_LOCKED_LAGGED_PBP,confirmation
00-0036527,2024,WR,AGE_DRAFT_INTERACTIONS,1.0,1,0,HIGH_LOCKED_LAGGED_PBP,confirmation
00-0036620,2024,WR,AGE_DRAFT_INTERACTIONS,1.0,1,1,HIGH_LOCKED_LAGGED_PBP,confirmation
00-0036635,2024,WR,AGE_DRAFT_INTERACTIONS,1.0,1,1,HIGH_LOCKED_LAGGED_PBP,confirmation
00-0036646,2024,WR,AGE_DRAFT_INTERACTIONS,1.0,1,1,HIGH_LOCKED_LAGGED_PBP,confirmation
00-0036877,2024,WR,AGE_DRAFT_INTERACTIONS,1.0,1,0,HIGH_LOCKED_LAGGED_PBP,confirmation
00-0036900,2024,WR,AGE_DRAFT_INTERACTIONS,1.0,1,1,HIGH_LOCKED_LAGGED_PBP,confirmation
00-0036913,2024,WR,AGE_DRAFT_INTERACTIONS,1.0,1,1,HIGH_LOCKED_LAGGED_PBP,confirmation
00-0036955,2024,WR,AGE_DRAFT_INTERACTIONS,1.0,1,1,HIGH_LOCKED_LAGGED_PBP,confirmation
00-0036988,2024,WR,AGE_DRAFT_INTERACTIONS,1.0,1,1,HIGH_LOCKED_LAGGED_PBP,confirmation
00-0037093,2024,WR,AGE_DRAFT_INTERACTIONS,1.0,1,0,HIGH_LOCKED_LAGGED_PBP,confirmation
00-0037156,2024,WR,AGE_DRAFT_INTERACTIONS,1.0,1,1,HIGH_LOCKED_LAGGED_PBP,confirmation
00-0037216,2024,WR,AGE_DRAFT_INTERACTIONS,1.0,1,1,HIGH_LOCKED_LAGGED_PBP,confirmation
00-0037238,2024,WR,AGE_DRAFT_INTERACTIONS,1.0,1,1,HIGH_LOCKED_LAGGED_PBP,confirmation
00-0037239,2024,WR,AGE_DRAFT_INTERACTIONS,1.0,1,1,HIGH_LOCKED_LAGGED_PBP,confirmation
00-0037272,2024,WR,AGE_DRAFT_INTERACTIONS,1.0,1,0,HIGH_LOCKED_LAGGED_PBP,confirmation
00-0037382,2024,WR,AGE_DRAFT_INTERACTIONS,1.0,1,1,HIGH_LOCKED_LAGGED_PBP,confirmation
00-0037545,2024,WR,AGE_DRAFT_INTERACTIONS,1.0,1,1,HIGH_LOCKED_LAGGED_PBP,confirmation
00-0037664,2024,WR,AGE_DRAFT_INTERACTIONS,1.0,1,1,HIGH_LOCKED_LAGGED_PBP,confirmation
00-0037740,2024,WR,AGE_DRAFT_INTERACTIONS,1.0,1,1,HIGH_LOCKED_LAGGED_PBP,confirmation
00-0037742,2024,WR,AGE_DRAFT_INTERACTIONS,1.0,1,1,HIGH_LOCKED_LAGGED_PBP,confirmation
00-0037745,2024,WR,AGE_DRAFT_INTERACTIONS,1.0,1,1,HIGH_LOCKED_LAGGED_PBP,confirmation
00-0038090,2024,WR,AGE_DRAFT_INTERACTIONS,1.0,1,1,HIGH_LOCKED_LAGGED_PBP,confirmation
00-0038092,2024,WR,AGE_DRAFT_INTERACTIONS,1.0,1,1,HIGH_LOCKED_LAGGED_PBP,confirmation
00-0038104,2024,WR,AGE_DRAFT_INTERACTIONS,1.0,1,1,HIGH_LOCKED_LAGGED_PBP,confirmation
00-0038117,2024,WR,AGE_DRAFT_INTERACTIONS,1.0,1,1,HIGH_LOCKED_LAGGED_PBP,confirmation
00-0038496,2024,WR,AGE_DRAFT_INTERACTIONS,1.0,1,1,HIGH_LOCKED_LAGGED_PBP,confirmation
00-0038543,2024,WR,AGE_DRAFT_INTERACTIONS,1.0,1,1,HIGH_LOCKED_LAGGED_PBP,confirmation
00-0038559,2024,WR,AGE_DRAFT_INTERACTIONS,1.0,1,1,HIGH_LOCKED_LAGGED_PBP,confirmation
00-0038563,2024,WR,AGE_DRAFT_INTERACTIONS,1.0,1,1,HIGH_LOCKED_LAGGED_PBP,confirmation
00-0038576,2024,WR,AGE_DRAFT_INTERACTIONS,1.0,1,1,HIGH_LOCKED_LAGGED_PBP,confirmation
00-0038606,2024,WR,AGE_DRAFT_INTERACTIONS,1.0,1,1,HIGH_LOCKED_LAGGED_PBP,confirmation
00-0038608,2024,WR,AGE_DRAFT_INTERACTIONS,1.0,1,1,HIGH_LOCKED_LAGGED_PBP,confirmation
00-0038619,2024,WR,AGE_DRAFT_INTERACTIONS,1.0,1,1,HIGH_LOCKED_LAGGED_PBP,confirmation
00-0038621,2024,WR,AGE_DRAFT_INTERACTIONS,1.0,1,1,HIGH_LOCKED_LAGGED_PBP,confirmation
00-0038640,2024,WR,AGE_DRAFT_INTERACTIONS,1.0,1,1,HIGH_LOCKED_LAGGED_PBP,confirmation
00-0038647,2024,WR,AGE_DRAFT_INTERACTIONS,1.0,1,1,HIGH_LOCKED_LAGGED_PBP,confirmation
00-0038752,2024,WR,AGE_DRAFT_INTERACTIONS,1.0,1,1,HIGH_LOCKED_LAGGED_PBP,confirmation
00-0038821,2024,WR,AGE_DRAFT_INTERACTIONS,1.0,1,1,HIGH_LOCKED_LAGGED_PBP,confirmation
00-0038938,2024,WR,AGE_DRAFT_INTERACTIONS,1.0,1,1,HIGH_LOCKED_LAGGED_PBP,confirmation
00-0038941,2024,WR,AGE_DRAFT_INTERACTIONS,1.0,1,1,HIGH_LOCKED_LAGGED_PBP,confirmation
00-0038977,2024,WR,AGE_DRAFT_INTERACTIONS,1.0,1,1,HIGH_LOCKED_LAGGED_PBP,confirmation
00-0038979,2024,WR,AGE_DRAFT_INTERACTIONS,1.0,1,1,HIGH_LOCKED_LAGGED_PBP,confirmation
00-0038997,2024,WR,AGE_DRAFT_INTERACTIONS,1.0,1,1,HIGH_LOCKED_LAGGED_PBP,confirmation
00-0039062,2024,WR,AGE_DRAFT_INTERACTIONS,1.0,1,1,HIGH_LOCKED_LAGGED_PBP,confirmation
00-0024243,2024,TE,AGE_DRAFT_INTERACTIONS,1.0,1,1,HIGH_LOCKED_LAGGED_PBP,confirmation
00-0031484,2024,TE,AGE_DRAFT_INTERACTIONS,1.0,1,1,HIGH_LOCKED_LAGGED_PBP,confirmation
00-0031585,2024,TE,AGE_DRAFT_INTERACTIONS,1.0,1,1,HIGH_LOCKED_LAGGED_PBP,confirmation
00-0032134,2024,TE,AGE_DRAFT_INTERACTIONS,1.0,1,1,HIGH_LOCKED_LAGGED_PBP,confirmation
00-0032141,2024,TE,AGE_DRAFT_INTERACTIONS,1.0,1,1,HIGH_LOCKED_LAGGED_PBP,confirmation
00-0032392,2024,TE,AGE_DRAFT_INTERACTIONS,1.0,1,1,HIGH_LOCKED_LAGGED_PBP,confirmation
00-0032394,2024,TE,AGE_DRAFT_INTERACTIONS,1.0,1,1,HIGH_LOCKED_LAGGED_PBP,confirmation
00-0033090,2024,TE,AGE_DRAFT_INTERACTIONS,1.0,1,1,HIGH_LOCKED_LAGGED_PBP,confirmation
00-0033217,2024,TE,AGE_DRAFT_INTERACTIONS,1.0,1,1,HIGH_LOCKED_LAGGED_PBP,confirmation
00-0033357,2024,TE,AGE_DRAFT_INTERACTIONS,1.0,1,1,HIGH_LOCKED_LAGGED_PBP,confirmation
00-0033439,2024,TE,AGE_DRAFT_INTERACTIONS,1.0,1,1,HIGH_LOCKED_LAGGED_PBP,confirmation
00-0033576,2024,TE,AGE_DRAFT_INTERACTIONS,1.0,1,1,HIGH_LOCKED_LAGGED_PBP,confirmation
00-0033858,2024,TE,AGE_DRAFT_INTERACTIONS,1.0,1,1,HIGH_LOCKED_LAGGED_PBP,confirmation
00-0033881,2024,TE,AGE_DRAFT_INTERACTIONS,1.0,1,1,HIGH_LOCKED_LAGGED_PBP,confirmation
00-0033895,2024,TE,AGE_DRAFT_INTERACTIONS,1.0,1,1,HIGH_LOCKED_LAGGED_PBP,confirmation
00-0034073,2024,TE,AGE_DRAFT_INTERACTIONS,1.0,1,1,HIGH_LOCKED_LAGGED_PBP,confirmation
00-0034270,2024,TE,AGE_DRAFT_INTERACTIONS,1.0,1,1,HIGH_LOCKED_LAGGED_PBP,confirmation
00-0034364,2024,TE,AGE_DRAFT_INTERACTIONS,1.0,1,1,HIGH_LOCKED_LAGGED_PBP,confirmation
00-0034365,2024,TE,AGE_DRAFT_INTERACTIONS,1.0,1,1,HIGH_LOCKED_LAGGED_PBP,confirmation
00-0034613,2024,TE,AGE_DRAFT_INTERACTIONS,1.0,1,1,HIGH_LOCKED_LAGGED_PBP,confirmation
00-0034829,2024,TE,AGE_DRAFT_INTERACTIONS,1.0,1,1,HIGH_LOCKED_LAGGED_PBP,confirmation
00-0034830,2024,TE,AGE_DRAFT_INTERACTIONS,1.0,1,1,HIGH_LOCKED_LAGGED_PBP,confirmation
00-0034981,2024,TE,AGE_DRAFT_INTERACTIONS,1.0,1,1,HIGH_LOCKED_LAGGED_PBP,confirmation
00-0035631,2024,TE,AGE_DRAFT_INTERACTIONS,1.0,1,1,HIGH_LOCKED_LAGGED_PBP,confirmation
00-0035644,2024,TE,AGE_DRAFT_INTERACTIONS,1.0,1,1,HIGH_LOCKED_LAGGED_PBP,confirmation
00-0036040,2024,TE,AGE_DRAFT_INTERACTIONS,1.0,1,1,HIGH_LOCKED_LAGGED_PBP,confirmation
00-0036290,2024,TE,AGE_DRAFT_INTERACTIONS,1.0,1,1,HIGH_LOCKED_LAGGED_PBP,confirmation
00-0036438,2024,TE,AGE_DRAFT_INTERACTIONS,1.0,1,1,HIGH_LOCKED_LAGGED_PBP,confirmation
00-0036510,2024,TE,AGE_DRAFT_INTERACTIONS,1.0,1,1,HIGH_LOCKED_LAGGED_PBP,confirmation
00-0036741,2024,TE,AGE_DRAFT_INTERACTIONS,1.0,1,1,HIGH_LOCKED_LAGGED_PBP,confirmation
00-0036876,2024,TE,AGE_DRAFT_INTERACTIONS,1.0,1,1,HIGH_LOCKED_LAGGED_PBP,confirmation
00-0036887,2024,TE,AGE_DRAFT_INTERACTIONS,1.0,1,1,HIGH_LOCKED_LAGGED_PBP,confirmation
00-0036970,2024,TE,AGE_DRAFT_INTERACTIONS,1.0,1,1,HIGH_LOCKED_LAGGED_PBP,confirmation
00-0037005,2024,TE,AGE_DRAFT_INTERACTIONS,1.0,1,1,HIGH_LOCKED_LAGGED_PBP,confirmation
00-0037252,2024,TE,AGE_DRAFT_INTERACTIONS,1.0,1,1,HIGH_LOCKED_LAGGED_PBP,confirmation
00-0037292,2024,TE,AGE_DRAFT_INTERACTIONS,1.0,1,1,HIGH_LOCKED_LAGGED_PBP,confirmation
00-0037451,2024,TE,AGE_DRAFT_INTERACTIONS,1.0,1,1,HIGH_LOCKED_LAGGED_PBP,confirmation
00-0037475,2024,TE,AGE_DRAFT_INTERACTIONS,1.0,1,1,HIGH_LOCKED_LAGGED_PBP,confirmation
00-0037569,2024,TE,AGE_DRAFT_INTERACTIONS,1.0,1,1,HIGH_LOCKED_LAGGED_PBP,confirmation
00-0037744,2024,TE,AGE_DRAFT_INTERACTIONS,1.0,1,1,HIGH_LOCKED_LAGGED_PBP,confirmation
00-0037805,2024,TE,AGE_DRAFT_INTERACTIONS,1.0,1,1,HIGH_LOCKED_LAGGED_PBP,confirmation
00-0037809,2024,TE,AGE_DRAFT_INTERACTIONS,1.0,1,1,HIGH_LOCKED_LAGGED_PBP,confirmation
00-0038115,2024,TE,AGE_DRAFT_INTERACTIONS,1.0,1,1,HIGH_LOCKED_LAGGED_PBP,confirmation
00-0038394,2024,TE,AGE_DRAFT_INTERACTIONS,1.0,1,1,HIGH_LOCKED_LAGGED_PBP,confirmation
00-0038589,2024,TE,AGE_DRAFT_INTERACTIONS,1.0,1,1,HIGH_LOCKED_LAGGED_PBP,confirmation
00-0038720,2024,TE,AGE_DRAFT_INTERACTIONS,1.0,1,1,HIGH_LOCKED_LAGGED_PBP,confirmation
00-0038783,2024,TE,AGE_DRAFT_INTERACTIONS,1.0,1,1,HIGH_LOCKED_LAGGED_PBP,confirmation
00-0038935,2024,TE,AGE_DRAFT_INTERACTIONS,1.0,1,1,HIGH_LOCKED_LAGGED_PBP,confirmation
00-0039041,2024,TE,AGE_DRAFT_INTERACTIONS,1.0,1,1,HIGH_LOCKED_LAGGED_PBP,confirmation
00-0039066,2024,TE,AGE_DRAFT_INTERACTIONS,1.0,1,1,HIGH_LOCKED_LAGGED_PBP,confirmation
00-0026158,2025,QB,AGE_DRAFT_INTERACTIONS,1.0,1,1,HIGH_LOCKED_LAGGED_PBP,confirmation
00-0026300,2025,QB,AGE_DRAFT_INTERACTIONS,1.0,1,1,HIGH_LOCKED_LAGGED_PBP,confirmation
00-0027973,2025,QB,AGE_DRAFT_INTERACTIONS,1.0,1,1,HIGH_LOCKED_LAGGED_PBP,confirmation
00-0028118,2025,QB,AGE_DRAFT_INTERACTIONS,1.0,1,1,HIGH_LOCKED_LAGGED_PBP,confirmation
00-0029604,2025,QB,AGE_DRAFT_INTERACTIONS,1.0,1,1,HIGH_LOCKED_LAGGED_PBP,confirmation
00-0030565,2025,QB,AGE_DRAFT_INTERACTIONS,1.0,1,1,HIGH_LOCKED_LAGGED_PBP,confirmation
00-0031345,2025,QB,AGE_DRAFT_INTERACTIONS,1.0,1,1,HIGH_LOCKED_LAGGED_PBP,confirmation
00-0031503,2025,QB,AGE_DRAFT_INTERACTIONS,1.0,1,1,HIGH_LOCKED_LAGGED_PBP,confirmation
00-0032434,2025,QB,AGE_DRAFT_INTERACTIONS,1.0,1,1,HIGH_LOCKED_LAGGED_PBP,confirmation
00-0032950,2025,QB,AGE_DRAFT_INTERACTIONS,1.0,1,1,HIGH_LOCKED_LAGGED_PBP,confirmation
00-0033077,2025,QB,AGE_DRAFT_INTERACTIONS,1.0,1,1,HIGH_LOCKED_LAGGED_PBP,confirmation
00-0033119,2025,QB,AGE_DRAFT_INTERACTIONS,1.0,1,1,HIGH_LOCKED_LAGGED_PBP,confirmation
00-0033319,2025,QB,AGE_DRAFT_INTERACTIONS,1.0,1,1,HIGH_LOCKED_LAGGED_PBP,confirmation
00-0033662,2025,QB,AGE_DRAFT_INTERACTIONS,1.0,1,1,HIGH_LOCKED_LAGGED_PBP,confirmation
00-0033949,2025,QB,AGE_DRAFT_INTERACTIONS,1.0,1,1,HIGH_LOCKED_LAGGED_PBP,confirmation
00-0034577,2025,QB,AGE_DRAFT_INTERACTIONS,1.0,1,1,HIGH_LOCKED_LAGGED_PBP,confirmation
00-0035100,2025,QB,AGE_DRAFT_INTERACTIONS,1.0,1,0,HIGH_LOCKED_LAGGED_PBP,confirmation
00-0035228,2025,QB,AGE_DRAFT_INTERACTIONS,1.0,1,1,HIGH_LOCKED_LAGGED_PBP,confirmation
00-0035289,2025,QB,AGE_DRAFT_INTERACTIONS,1.0,1,1,HIGH_LOCKED_LAGGED_PBP,confirmation
00-0035704,2025,QB,AGE_DRAFT_INTERACTIONS,1.0,1,1,HIGH_LOCKED_LAGGED_PBP,confirmation
00-0035710,2025,QB,AGE_DRAFT_INTERACTIONS,1.0,1,1,HIGH_LOCKED_LAGGED_PBP,confirmation
00-0035993,2025,QB,AGE_DRAFT_INTERACTIONS,1.0,1,1,HIGH_LOCKED_LAGGED_PBP,confirmation
00-0036212,2025,QB,AGE_DRAFT_INTERACTIONS,1.0,1,1,HIGH_LOCKED_LAGGED_PBP,confirmation
00-0036442,2025,QB,AGE_DRAFT_INTERACTIONS,1.0,1,1,HIGH_LOCKED_LAGGED_PBP,confirmation
00-0036898,2025,QB,AGE_DRAFT_INTERACTIONS,1.0,1,1,HIGH_LOCKED_LAGGED_PBP,confirmation
00-0037012,2025,QB,AGE_DRAFT_INTERACTIONS,1.0,1,1,HIGH_LOCKED_LAGGED_PBP,confirmation
00-0037324,2025,QB,AGE_DRAFT_INTERACTIONS,1.0,1,1,HIGH_LOCKED_LAGGED_PBP,confirmation
00-0038128,2025,QB,AGE_DRAFT_INTERACTIONS,1.0,1,1,HIGH_LOCKED_LAGGED_PBP,confirmation
00-0038400,2025,QB,AGE_DRAFT_INTERACTIONS,1.0,1,1,HIGH_LOCKED_LAGGED_PBP,confirmation
00-0038416,2025,QB,AGE_DRAFT_INTERACTIONS,1.0,1,1,HIGH_LOCKED_LAGGED_PBP,confirmation
00-0038579,2025,QB,AGE_DRAFT_INTERACTIONS,1.0,1,1,HIGH_LOCKED_LAGGED_PBP,confirmation
00-0038582,2025,QB,AGE_DRAFT_INTERACTIONS,1.0,1,1,HIGH_LOCKED_LAGGED_PBP,confirmation
00-0039164,2025,QB,AGE_DRAFT_INTERACTIONS,1.0,1,1,HIGH_LOCKED_LAGGED_PBP,confirmation
00-0039376,2025,QB,AGE_DRAFT_INTERACTIONS,1.0,1,1,HIGH_LOCKED_LAGGED_PBP,confirmation
00-0039398,2025,QB,AGE_DRAFT_INTERACTIONS,1.0,1,1,HIGH_LOCKED_LAGGED_PBP,confirmation
00-0039917,2025,QB,AGE_DRAFT_INTERACTIONS,1.0,1,1,HIGH_LOCKED_LAGGED_PBP,confirmation
00-0031687,2025,RB,AGE_DRAFT_INTERACTIONS,1.0,1,1,HIGH_LOCKED_LAGGED_PBP,confirmation
00-0032104,2025,RB,AGE_DRAFT_INTERACTIONS,1.0,1,1,HIGH_LOCKED_LAGGED_PBP,confirmation
00-0033376,2025,RB,AGE_DRAFT_INTERACTIONS,1.0,1,1,HIGH_LOCKED_LAGGED_PBP,confirmation
00-0033553,2025,RB,AGE_DRAFT_INTERACTIONS,1.0,1,1,HIGH_LOCKED_LAGGED_PBP,confirmation
00-0033906,2025,RB,AGE_DRAFT_INTERACTIONS,1.0,1,1,HIGH_LOCKED_LAGGED_PBP,confirmation
00-0035243,2025,RB,AGE_DRAFT_INTERACTIONS,1.0,1,1,HIGH_LOCKED_LAGGED_PBP,confirmation
00-0035250,2025,RB,AGE_DRAFT_INTERACTIONS,1.0,1,1,HIGH_LOCKED_LAGGED_PBP,confirmation
00-0035261,2025,RB,AGE_DRAFT_INTERACTIONS,1.0,1,1,HIGH_LOCKED_LAGGED_PBP,confirmation
00-0035291,2025,RB,AGE_DRAFT_INTERACTIONS,1.0,1,0,HIGH_LOCKED_LAGGED_PBP,confirmation
00-0035311,2025,RB,AGE_DRAFT_INTERACTIONS,1.0,1,1,HIGH_LOCKED_LAGGED_PBP,confirmation
00-0035594,2025,RB,AGE_DRAFT_INTERACTIONS,1.0,1,1,HIGH_LOCKED_LAGGED_PBP,confirmation
00-0035726,2025,RB,AGE_DRAFT_INTERACTIONS,1.0,1,0,HIGH_LOCKED_LAGGED_PBP,confirmation
00-0036223,2025,RB,AGE_DRAFT_INTERACTIONS,1.0,1,1,HIGH_LOCKED_LAGGED_PBP,confirmation
00-0036328,2025,RB,AGE_DRAFT_INTERACTIONS,1.0,1,1,HIGH_LOCKED_LAGGED_PBP,confirmation
00-0036360,2025,RB,AGE_DRAFT_INTERACTIONS,1.0,1,1,HIGH_LOCKED_LAGGED_PBP,confirmation
00-0036425,2025,RB,AGE_DRAFT_INTERACTIONS,1.0,1,1,HIGH_LOCKED_LAGGED_PBP,confirmation
00-0036569,2025,RB,AGE_DRAFT_INTERACTIONS,1.0,1,0,HIGH_LOCKED_LAGGED_PBP,confirmation
00-0036842,2025,RB,AGE_DRAFT_INTERACTIONS,1.0,1,0,HIGH_LOCKED_LAGGED_PBP,confirmation
00-0036906,2025,RB,AGE_DRAFT_INTERACTIONS,1.0,1,1,HIGH_LOCKED_LAGGED_PBP,confirmation
00-0036924,2025,RB,AGE_DRAFT_INTERACTIONS,1.0,1,1,HIGH_LOCKED_LAGGED_PBP,confirmation
00-0036950,2025,RB,AGE_DRAFT_INTERACTIONS,1.0,1,0,HIGH_LOCKED_LAGGED_PBP,confirmation
00-0036984,2025,RB,AGE_DRAFT_INTERACTIONS,1.0,1,1,HIGH_LOCKED_LAGGED_PBP,confirmation
00-0037120,2025,RB,AGE_DRAFT_INTERACTIONS,1.0,1,1,HIGH_LOCKED_LAGGED_PBP,confirmation
00-0037263,2025,RB,AGE_DRAFT_INTERACTIONS,1.0,1,1,HIGH_LOCKED_LAGGED_PBP,confirmation
00-0037267,2025,RB,AGE_DRAFT_INTERACTIONS,1.0,1,1,HIGH_LOCKED_LAGGED_PBP,confirmation
00-0037525,2025,RB,AGE_DRAFT_INTERACTIONS,1.0,1,1,HIGH_LOCKED_LAGGED_PBP,confirmation
00-0037594,2025,RB,AGE_DRAFT_INTERACTIONS,1.0,1,1,HIGH_LOCKED_LAGGED_PBP,confirmation
00-0038040,2025,RB,AGE_DRAFT_INTERACTIONS,1.0,1,1,HIGH_LOCKED_LAGGED_PBP,confirmation
00-0038120,2025,RB,AGE_DRAFT_INTERACTIONS,1.0,1,1,HIGH_LOCKED_LAGGED_PBP,confirmation
00-0038396,2025,RB,AGE_DRAFT_INTERACTIONS,1.0,1,1,HIGH_LOCKED_LAGGED_PBP,confirmation
00-0038542,2025,RB,AGE_DRAFT_INTERACTIONS,1.0,1,1,HIGH_LOCKED_LAGGED_PBP,confirmation
00-0038551,2025,RB,AGE_DRAFT_INTERACTIONS,1.0,1,1,HIGH_LOCKED_LAGGED_PBP,confirmation
00-0038597,2025,RB,AGE_DRAFT_INTERACTIONS,1.0,1,1,HIGH_LOCKED_LAGGED_PBP,confirmation
00-0038611,2025,RB,AGE_DRAFT_INTERACTIONS,1.0,1,1,HIGH_LOCKED_LAGGED_PBP,confirmation
00-0038678,2025,RB,AGE_DRAFT_INTERACTIONS,1.0,1,1,HIGH_LOCKED_LAGGED_PBP,confirmation
00-0038705,2025,RB,AGE_DRAFT_INTERACTIONS,1.0,1,1,HIGH_LOCKED_LAGGED_PBP,confirmation
00-0038738,2025,RB,AGE_DRAFT_INTERACTIONS,1.0,1,1,HIGH_LOCKED_LAGGED_PBP,confirmation
00-0038951,2025,RB,AGE_DRAFT_INTERACTIONS,1.0,1,1,HIGH_LOCKED_LAGGED_PBP,confirmation
00-0039021,2025,RB,AGE_DRAFT_INTERACTIONS,1.0,1,1,HIGH_LOCKED_LAGGED_PBP,confirmation
00-0039032,2025,RB,AGE_DRAFT_INTERACTIONS,1.0,1,1,HIGH_LOCKED_LAGGED_PBP,confirmation
00-0039040,2025,RB,AGE_DRAFT_INTERACTIONS,1.0,1,1,HIGH_LOCKED_LAGGED_PBP,confirmation
00-0039363,2025,RB,AGE_DRAFT_INTERACTIONS,1.0,1,1,HIGH_LOCKED_LAGGED_PBP,confirmation
00-0039364,2025,RB,AGE_DRAFT_INTERACTIONS,1.0,1,1,HIGH_LOCKED_LAGGED_PBP,confirmation
00-0039373,2025,RB,AGE_DRAFT_INTERACTIONS,1.0,1,1,HIGH_LOCKED_LAGGED_PBP,confirmation
00-0039384,2025,RB,AGE_DRAFT_INTERACTIONS,1.0,1,1,HIGH_LOCKED_LAGGED_PBP,confirmation
00-0039407,2025,RB,AGE_DRAFT_INTERACTIONS,1.0,1,1,HIGH_LOCKED_LAGGED_PBP,confirmation
00-0039757,2025,RB,AGE_DRAFT_INTERACTIONS,1.0,1,1,HIGH_LOCKED_LAGGED_PBP,confirmation
00-0039794,2025,RB,AGE_DRAFT_INTERACTIONS,1.0,1,1,HIGH_LOCKED_LAGGED_PBP,confirmation
00-0039796,2025,RB,AGE_DRAFT_INTERACTIONS,1.0,1,1,HIGH_LOCKED_LAGGED_PBP,confirmation
00-0039798,2025,RB,AGE_DRAFT_INTERACTIONS,1.0,1,1,HIGH_LOCKED_LAGGED_PBP,confirmation
00-0039874,2025,RB,AGE_DRAFT_INTERACTIONS,1.0,1,1,HIGH_LOCKED_LAGGED_PBP,confirmation
00-0039921,2025,RB,AGE_DRAFT_INTERACTIONS,1.0,1,1,HIGH_LOCKED_LAGGED_PBP,confirmation
00-0031763,2025,WR,AGE_DRAFT_INTERACTIONS,1.0,1,1,HIGH_LOCKED_LAGGED_PBP,confirmation
00-0032211,2025,WR,AGE_DRAFT_INTERACTIONS,1.0,1,1,HIGH_LOCKED_LAGGED_PBP,confirmation
00-0032385,2025,WR,AGE_DRAFT_INTERACTIONS,1.0,1,1,HIGH_LOCKED_LAGGED_PBP,confirmation
00-0032688,2025,WR,AGE_DRAFT_INTERACTIONS,1.0,1,1,HIGH_LOCKED_LAGGED_PBP,confirmation
00-0033040,2025,WR,AGE_DRAFT_INTERACTIONS,1.0,1,1,HIGH_LOCKED_LAGGED_PBP,confirmation
00-0033589,2025,WR,AGE_DRAFT_INTERACTIONS,1.0,1,1,HIGH_LOCKED_LAGGED_PBP,confirmation
00-0033591,2025,WR,AGE_DRAFT_INTERACTIONS,1.0,1,1,HIGH_LOCKED_LAGGED_PBP,confirmation
00-0033891,2025,WR,AGE_DRAFT_INTERACTIONS,1.0,1,1,HIGH_LOCKED_LAGGED_PBP,confirmation
00-0033921,2025,WR,AGE_DRAFT_INTERACTIONS,1.0,1,1,HIGH_LOCKED_LAGGED_PBP,confirmation
00-0033943,2025,WR,AGE_DRAFT_INTERACTIONS,1.0,1,1,HIGH_LOCKED_LAGGED_PBP,confirmation
00-0034054,2025,WR,AGE_DRAFT_INTERACTIONS,1.0,1,1,HIGH_LOCKED_LAGGED_PBP,confirmation
00-0034407,2025,WR,AGE_DRAFT_INTERACTIONS,1.0,1,1,HIGH_LOCKED_LAGGED_PBP,confirmation
00-0034418,2025,WR,AGE_DRAFT_INTERACTIONS,1.0,1,1,HIGH_LOCKED_LAGGED_PBP,confirmation
00-0034521,2025,WR,AGE_DRAFT_INTERACTIONS,1.0,1,1,HIGH_LOCKED_LAGGED_PBP,confirmation
00-0034837,2025,WR,AGE_DRAFT_INTERACTIONS,1.0,1,1,HIGH_LOCKED_LAGGED_PBP,confirmation
00-0034854,2025,WR,AGE_DRAFT_INTERACTIONS,1.0,1,1,HIGH_LOCKED_LAGGED_PBP,confirmation
00-0034860,2025,WR,AGE_DRAFT_INTERACTIONS,1.0,1,1,HIGH_LOCKED_LAGGED_PBP,confirmation
00-0035021,2025,WR,AGE_DRAFT_INTERACTIONS,1.0,1,1,HIGH_LOCKED_LAGGED_PBP,confirmation
00-0035298,2025,WR,AGE_DRAFT_INTERACTIONS,1.0,1,1,HIGH_LOCKED_LAGGED_PBP,confirmation
00-0035500,2025,WR,AGE_DRAFT_INTERACTIONS,1.0,1,1,HIGH_LOCKED_LAGGED_PBP,confirmation
00-0035535,2025,WR,AGE_DRAFT_INTERACTIONS,1.0,1,1,HIGH_LOCKED_LAGGED_PBP,confirmation
00-0035544,2025,WR,AGE_DRAFT_INTERACTIONS,1.0,1,1,HIGH_LOCKED_LAGGED_PBP,confirmation
00-0035602,2025,WR,AGE_DRAFT_INTERACTIONS,1.0,1,1,HIGH_LOCKED_LAGGED_PBP,confirmation
00-0035639,2025,WR,AGE_DRAFT_INTERACTIONS,1.0,1,1,HIGH_LOCKED_LAGGED_PBP,confirmation
00-0035719,2025,WR,AGE_DRAFT_INTERACTIONS,1.0,1,1,HIGH_LOCKED_LAGGED_PBP,confirmation
00-0035891,2025,WR,AGE_DRAFT_INTERACTIONS,1.0,1,1,HIGH_LOCKED_LAGGED_PBP,confirmation
00-0036133,2025,WR,AGE_DRAFT_INTERACTIONS,1.0,1,1,HIGH_LOCKED_LAGGED_PBP,confirmation
00-0036165,2025,WR,AGE_DRAFT_INTERACTIONS,1.0,1,1,HIGH_LOCKED_LAGGED_PBP,confirmation
00-0036176,2025,WR,AGE_DRAFT_INTERACTIONS,1.0,1,1,HIGH_LOCKED_LAGGED_PBP,confirmation
00-0036182,2025,WR,AGE_DRAFT_INTERACTIONS,1.0,1,1,HIGH_LOCKED_LAGGED_PBP,confirmation
00-0036252,2025,WR,AGE_DRAFT_INTERACTIONS,1.0,1,1,HIGH_LOCKED_LAGGED_PBP,confirmation
00-0036309,2025,WR,AGE_DRAFT_INTERACTIONS,1.0,1,1,HIGH_LOCKED_LAGGED_PBP,confirmation
00-0036358,2025,WR,AGE_DRAFT_INTERACTIONS,1.0,1,1,HIGH_LOCKED_LAGGED_PBP,confirmation
00-0036407,2025,WR,AGE_DRAFT_INTERACTIONS,1.0,1,1,HIGH_LOCKED_LAGGED_PBP,confirmation
00-0036410,2025,WR,AGE_DRAFT_INTERACTIONS,1.0,1,1,HIGH_LOCKED_LAGGED_PBP,confirmation
00-0036427,2025,WR,AGE_DRAFT_INTERACTIONS,1.0,1,1,HIGH_LOCKED_LAGGED_PBP,confirmation
00-0036463,2025,WR,AGE_DRAFT_INTERACTIONS,1.0,1,1,HIGH_LOCKED_LAGGED_PBP,confirmation
00-0036497,2025,WR,AGE_DRAFT_INTERACTIONS,1.0,1,1,HIGH_LOCKED_LAGGED_PBP,confirmation
00-0036527,2025,WR,AGE_DRAFT_INTERACTIONS,1.0,1,1,HIGH_LOCKED_LAGGED_PBP,confirmation
00-0036613,2025,WR,AGE_DRAFT_INTERACTIONS,1.0,1,1,HIGH_LOCKED_LAGGED_PBP,confirmation
00-0036620,2025,WR,AGE_DRAFT_INTERACTIONS,1.0,1,1,HIGH_LOCKED_LAGGED_PBP,confirmation
00-0036646,2025,WR,AGE_DRAFT_INTERACTIONS,1.0,1,1,HIGH_LOCKED_LAGGED_PBP,confirmation
00-0036841,2025,WR,AGE_DRAFT_INTERACTIONS,1.0,1,1,HIGH_LOCKED_LAGGED_PBP,confirmation
00-0036900,2025,WR,AGE_DRAFT_INTERACTIONS,1.0,1,1,HIGH_LOCKED_LAGGED_PBP,confirmation
00-0036988,2025,WR,AGE_DRAFT_INTERACTIONS,1.0,1,1,HIGH_LOCKED_LAGGED_PBP,confirmation
00-0037231,2025,WR,AGE_DRAFT_INTERACTIONS,1.0,1,1,HIGH_LOCKED_LAGGED_PBP,confirmation
00-0037238,2025,WR,AGE_DRAFT_INTERACTIONS,1.0,1,1,HIGH_LOCKED_LAGGED_PBP,confirmation
00-0037239,2025,WR,AGE_DRAFT_INTERACTIONS,1.0,1,1,HIGH_LOCKED_LAGGED_PBP,confirmation
00-0037380,2025,WR,AGE_DRAFT_INTERACTIONS,1.0,1,0,HIGH_LOCKED_LAGGED_PBP,confirmation
00-0037487,2025,WR,AGE_DRAFT_INTERACTIONS,1.0,1,1,HIGH_LOCKED_LAGGED_PBP,confirmation
00-0037524,2025,WR,AGE_DRAFT_INTERACTIONS,1.0,1,1,HIGH_LOCKED_LAGGED_PBP,confirmation
00-0037664,2025,WR,AGE_DRAFT_INTERACTIONS,1.0,1,1,HIGH_LOCKED_LAGGED_PBP,confirmation
00-0037666,2025,WR,AGE_DRAFT_INTERACTIONS,1.0,1,1,HIGH_LOCKED_LAGGED_PBP,confirmation
00-0037740,2025,WR,AGE_DRAFT_INTERACTIONS,1.0,1,1,HIGH_LOCKED_LAGGED_PBP,confirmation
00-0037742,2025,WR,AGE_DRAFT_INTERACTIONS,1.0,1,1,HIGH_LOCKED_LAGGED_PBP,confirmation
00-0037801,2025,WR,AGE_DRAFT_INTERACTIONS,1.0,1,1,HIGH_LOCKED_LAGGED_PBP,confirmation
00-0038104,2025,WR,AGE_DRAFT_INTERACTIONS,1.0,1,1,HIGH_LOCKED_LAGGED_PBP,confirmation
00-0038117,2025,WR,AGE_DRAFT_INTERACTIONS,1.0,1,1,HIGH_LOCKED_LAGGED_PBP,confirmation
00-0038496,2025,WR,AGE_DRAFT_INTERACTIONS,1.0,1,1,HIGH_LOCKED_LAGGED_PBP,confirmation
00-0038559,2025,WR,AGE_DRAFT_INTERACTIONS,1.0,1,1,HIGH_LOCKED_LAGGED_PBP,confirmation
00-0038563,2025,WR,AGE_DRAFT_INTERACTIONS,1.0,1,1,HIGH_LOCKED_LAGGED_PBP,confirmation
00-0038576,2025,WR,AGE_DRAFT_INTERACTIONS,1.0,1,1,HIGH_LOCKED_LAGGED_PBP,confirmation
00-0038619,2025,WR,AGE_DRAFT_INTERACTIONS,1.0,1,1,HIGH_LOCKED_LAGGED_PBP,confirmation
00-0038640,2025,WR,AGE_DRAFT_INTERACTIONS,1.0,1,1,HIGH_LOCKED_LAGGED_PBP,confirmation
00-0038647,2025,WR,AGE_DRAFT_INTERACTIONS,1.0,1,1,HIGH_LOCKED_LAGGED_PBP,confirmation
00-0038938,2025,WR,AGE_DRAFT_INTERACTIONS,1.0,1,1,HIGH_LOCKED_LAGGED_PBP,confirmation
00-0038979,2025,WR,AGE_DRAFT_INTERACTIONS,1.0,1,1,HIGH_LOCKED_LAGGED_PBP,confirmation
00-0038997,2025,WR,AGE_DRAFT_INTERACTIONS,1.0,1,1,HIGH_LOCKED_LAGGED_PBP,confirmation
00-0039062,2025,WR,AGE_DRAFT_INTERACTIONS,1.0,1,1,HIGH_LOCKED_LAGGED_PBP,confirmation
00-0039064,2025,WR,AGE_DRAFT_INTERACTIONS,1.0,1,1,HIGH_LOCKED_LAGGED_PBP,confirmation
00-0039067,2025,WR,AGE_DRAFT_INTERACTIONS,1.0,1,1,HIGH_LOCKED_LAGGED_PBP,confirmation
00-0039337,2025,WR,AGE_DRAFT_INTERACTIONS,1.0,1,1,HIGH_LOCKED_LAGGED_PBP,confirmation
00-0039379,2025,WR,AGE_DRAFT_INTERACTIONS,1.0,1,1,HIGH_LOCKED_LAGGED_PBP,confirmation
00-0039394,2025,WR,AGE_DRAFT_INTERACTIONS,1.0,1,1,HIGH_LOCKED_LAGGED_PBP,confirmation
00-0039410,2025,WR,AGE_DRAFT_INTERACTIONS,1.0,1,1,HIGH_LOCKED_LAGGED_PBP,confirmation
00-0039451,2025,WR,AGE_DRAFT_INTERACTIONS,1.0,1,1,HIGH_LOCKED_LAGGED_PBP,confirmation
00-0039521,2025,WR,AGE_DRAFT_INTERACTIONS,1.0,1,1,HIGH_LOCKED_LAGGED_PBP,confirmation
00-0039589,2025,WR,AGE_DRAFT_INTERACTIONS,1.0,1,1,HIGH_LOCKED_LAGGED_PBP,confirmation
00-0039623,2025,WR,AGE_DRAFT_INTERACTIONS,1.0,1,1,HIGH_LOCKED_LAGGED_PBP,confirmation
00-0039650,2025,WR,AGE_DRAFT_INTERACTIONS,1.0,1,1,HIGH_LOCKED_LAGGED_PBP,confirmation
00-0039792,2025,WR,AGE_DRAFT_INTERACTIONS,1.0,1,1,HIGH_LOCKED_LAGGED_PBP,confirmation
00-0039816,2025,WR,AGE_DRAFT_INTERACTIONS,1.0,1,1,HIGH_LOCKED_LAGGED_PBP,confirmation
00-0039849,2025,WR,AGE_DRAFT_INTERACTIONS,1.0,1,1,HIGH_LOCKED_LAGGED_PBP,confirmation
00-0039880,2025,WR,AGE_DRAFT_INTERACTIONS,1.0,1,1,HIGH_LOCKED_LAGGED_PBP,confirmation
00-0039890,2025,WR,AGE_DRAFT_INTERACTIONS,1.0,1,1,HIGH_LOCKED_LAGGED_PBP,confirmation
00-0039920,2025,WR,AGE_DRAFT_INTERACTIONS,1.0,1,1,HIGH_LOCKED_LAGGED_PBP,confirmation
00-0024243,2025,TE,AGE_DRAFT_INTERACTIONS,1.0,1,1,HIGH_LOCKED_LAGGED_PBP,confirmation
00-0031484,2025,TE,AGE_DRAFT_INTERACTIONS,1.0,1,1,HIGH_LOCKED_LAGGED_PBP,confirmation
00-0033217,2025,TE,AGE_DRAFT_INTERACTIONS,1.0,1,1,HIGH_LOCKED_LAGGED_PBP,confirmation
00-0033357,2025,TE,AGE_DRAFT_INTERACTIONS,1.0,1,1,HIGH_LOCKED_LAGGED_PBP,confirmation
00-0033439,2025,TE,AGE_DRAFT_INTERACTIONS,1.0,1,1,HIGH_LOCKED_LAGGED_PBP,confirmation
00-0033455,2025,TE,AGE_DRAFT_INTERACTIONS,1.0,1,0,HIGH_LOCKED_LAGGED_PBP,confirmation
00-0033885,2025,TE,AGE_DRAFT_INTERACTIONS,1.0,1,1,HIGH_LOCKED_LAGGED_PBP,confirmation
00-0034073,2025,TE,AGE_DRAFT_INTERACTIONS,1.0,1,1,HIGH_LOCKED_LAGGED_PBP,confirmation
00-0034270,2025,TE,AGE_DRAFT_INTERACTIONS,1.0,1,1,HIGH_LOCKED_LAGGED_PBP,confirmation
00-0034365,2025,TE,AGE_DRAFT_INTERACTIONS,1.0,1,1,HIGH_LOCKED_LAGGED_PBP,confirmation
00-0034613,2025,TE,AGE_DRAFT_INTERACTIONS,1.0,1,1,HIGH_LOCKED_LAGGED_PBP,confirmation
00-0034829,2025,TE,AGE_DRAFT_INTERACTIONS,1.0,1,1,HIGH_LOCKED_LAGGED_PBP,confirmation
00-0034981,2025,TE,AGE_DRAFT_INTERACTIONS,1.0,1,1,HIGH_LOCKED_LAGGED_PBP,confirmation
00-0035631,2025,TE,AGE_DRAFT_INTERACTIONS,1.0,1,1,HIGH_LOCKED_LAGGED_PBP,confirmation
00-0035644,2025,TE,AGE_DRAFT_INTERACTIONS,1.0,1,1,HIGH_LOCKED_LAGGED_PBP,confirmation
00-0036040,2025,TE,AGE_DRAFT_INTERACTIONS,1.0,1,1,HIGH_LOCKED_LAGGED_PBP,confirmation
00-0036332,2025,TE,AGE_DRAFT_INTERACTIONS,1.0,1,1,HIGH_LOCKED_LAGGED_PBP,confirmation
00-0036429,2025,TE,AGE_DRAFT_INTERACTIONS,1.0,1,1,HIGH_LOCKED_LAGGED_PBP,confirmation
00-0036534,2025,TE,AGE_DRAFT_INTERACTIONS,1.0,1,1,HIGH_LOCKED_LAGGED_PBP,confirmation
00-0036590,2025,TE,AGE_DRAFT_INTERACTIONS,1.0,1,1,HIGH_LOCKED_LAGGED_PBP,confirmation
00-0036741,2025,TE,AGE_DRAFT_INTERACTIONS,1.0,1,1,HIGH_LOCKED_LAGGED_PBP,confirmation
00-0036754,2025,TE,AGE_DRAFT_INTERACTIONS,1.0,1,1,HIGH_LOCKED_LAGGED_PBP,confirmation
00-0036825,2025,TE,AGE_DRAFT_INTERACTIONS,1.0,1,1,HIGH_LOCKED_LAGGED_PBP,confirmation
00-0036876,2025,TE,AGE_DRAFT_INTERACTIONS,1.0,1,1,HIGH_LOCKED_LAGGED_PBP,confirmation
00-0036970,2025,TE,AGE_DRAFT_INTERACTIONS,1.0,1,1,HIGH_LOCKED_LAGGED_PBP,confirmation
00-0037252,2025,TE,AGE_DRAFT_INTERACTIONS,1.0,1,1,HIGH_LOCKED_LAGGED_PBP,confirmation
00-0037292,2025,TE,AGE_DRAFT_INTERACTIONS,1.0,1,1,HIGH_LOCKED_LAGGED_PBP,confirmation
00-0037311,2025,TE,AGE_DRAFT_INTERACTIONS,1.0,1,0,HIGH_LOCKED_LAGGED_PBP,confirmation
00-0037348,2025,TE,AGE_DRAFT_INTERACTIONS,1.0,1,1,HIGH_LOCKED_LAGGED_PBP,confirmation
00-0037475,2025,TE,AGE_DRAFT_INTERACTIONS,1.0,1,1,HIGH_LOCKED_LAGGED_PBP,confirmation
00-0037744,2025,TE,AGE_DRAFT_INTERACTIONS,1.0,1,1,HIGH_LOCKED_LAGGED_PBP,confirmation
00-0037805,2025,TE,AGE_DRAFT_INTERACTIONS,1.0,1,1,HIGH_LOCKED_LAGGED_PBP,confirmation
00-0037809,2025,TE,AGE_DRAFT_INTERACTIONS,1.0,1,1,HIGH_LOCKED_LAGGED_PBP,confirmation
00-0038041,2025,TE,AGE_DRAFT_INTERACTIONS,1.0,1,1,HIGH_LOCKED_LAGGED_PBP,confirmation
00-0038115,2025,TE,AGE_DRAFT_INTERACTIONS,1.0,1,1,HIGH_LOCKED_LAGGED_PBP,confirmation
00-0038394,2025,TE,AGE_DRAFT_INTERACTIONS,1.0,1,1,HIGH_LOCKED_LAGGED_PBP,confirmation
00-0038498,2025,TE,AGE_DRAFT_INTERACTIONS,1.0,1,1,HIGH_LOCKED_LAGGED_PBP,confirmation
00-0038547,2025,TE,AGE_DRAFT_INTERACTIONS,1.0,1,1,HIGH_LOCKED_LAGGED_PBP,confirmation
00-0038590,2025,TE,AGE_DRAFT_INTERACTIONS,1.0,1,0,HIGH_LOCKED_LAGGED_PBP,confirmation
00-0038643,2025,TE,AGE_DRAFT_INTERACTIONS,1.0,1,1,HIGH_LOCKED_LAGGED_PBP,confirmation
00-0038710,2025,TE,AGE_DRAFT_INTERACTIONS,1.0,1,1,HIGH_LOCKED_LAGGED_PBP,confirmation
00-0038720,2025,TE,AGE_DRAFT_INTERACTIONS,1.0,1,1,HIGH_LOCKED_LAGGED_PBP,confirmation
00-0038735,2025,TE,AGE_DRAFT_INTERACTIONS,1.0,1,0,HIGH_LOCKED_LAGGED_PBP,confirmation
00-0038809,2025,TE,AGE_DRAFT_INTERACTIONS,1.0,1,1,HIGH_LOCKED_LAGGED_PBP,confirmation
00-0039041,2025,TE,AGE_DRAFT_INTERACTIONS,1.0,1,1,HIGH_LOCKED_LAGGED_PBP,confirmation
00-0039050,2025,TE,AGE_DRAFT_INTERACTIONS,1.0,1,1,HIGH_LOCKED_LAGGED_PBP,confirmation
00-0039066,2025,TE,AGE_DRAFT_INTERACTIONS,1.0,1,1,HIGH_LOCKED_LAGGED_PBP,confirmation
00-0039338,2025,TE,AGE_DRAFT_INTERACTIONS,1.0,1,1,HIGH_LOCKED_LAGGED_PBP,confirmation
00-0039356,2025,TE,AGE_DRAFT_INTERACTIONS,1.0,1,1,HIGH_LOCKED_LAGGED_PBP,confirmation
00-0039458,2025,TE,AGE_DRAFT_INTERACTIONS,1.0,1,1,HIGH_LOCKED_LAGGED_PBP,confirmation
00-0039530,2025,TE,AGE_DRAFT_INTERACTIONS,1.0,1,1,HIGH_LOCKED_LAGGED_PBP,confirmation
00-0039631,2025,TE,AGE_DRAFT_INTERACTIONS,1.0,1,1,HIGH_LOCKED_LAGGED_PBP,confirmation
00-0039648,2025,TE,AGE_DRAFT_INTERACTIONS,1.0,1,1,HIGH_LOCKED_LAGGED_PBP,confirmation
00-0039737,2025,TE,AGE_DRAFT_INTERACTIONS,1.0,1,1,HIGH_LOCKED_LAGGED_PBP,confirmation
00-0039754,2025,TE,AGE_DRAFT_INTERACTIONS,1.0,1,1,HIGH_LOCKED_LAGGED_PBP,confirmation
00-0039824,2025,TE,AGE_DRAFT_INTERACTIONS,1.0,1,1,HIGH_LOCKED_LAGGED_PBP,confirmation
00-0039847,2025,TE,AGE_DRAFT_INTERACTIONS,1.0,1,1,HIGH_LOCKED_LAGGED_PBP,confirmation
00-0023459,2023,QB,SHORT_HISTORY_SCHEME,1.0,1,1,HIGH_LOCKED_LAGGED_FTN_SHORT_HISTORY,short_history_diagnostic
00-0026625,2023,QB,SHORT_HISTORY_SCHEME,1.0,1,1,HIGH_LOCKED_LAGGED_FTN_SHORT_HISTORY,short_history_diagnostic
00-0027948,2023,QB,SHORT_HISTORY_SCHEME,1.0,1,1,HIGH_LOCKED_LAGGED_FTN_SHORT_HISTORY,short_history_diagnostic
00-0027973,2023,QB,SHORT_HISTORY_SCHEME,1.0,1,1,HIGH_LOCKED_LAGGED_FTN_SHORT_HISTORY,short_history_diagnostic
00-0028118,2023,QB,SHORT_HISTORY_SCHEME,1.0,1,1,HIGH_LOCKED_LAGGED_FTN_SHORT_HISTORY,short_history_diagnostic
00-0028986,2023,QB,SHORT_HISTORY_SCHEME,1.0,1,1,HIGH_LOCKED_LAGGED_FTN_SHORT_HISTORY,short_history_diagnostic
00-0029263,2023,QB,SHORT_HISTORY_SCHEME,1.0,1,1,HIGH_LOCKED_LAGGED_FTN_SHORT_HISTORY,short_history_diagnostic
00-0029701,2023,QB,SHORT_HISTORY_SCHEME,1.0,1,1,HIGH_LOCKED_LAGGED_FTN_SHORT_HISTORY,short_history_diagnostic
00-0031237,2023,QB,SHORT_HISTORY_SCHEME,1.0,1,1,HIGH_LOCKED_LAGGED_FTN_SHORT_HISTORY,short_history_diagnostic
00-0031280,2023,QB,SHORT_HISTORY_SCHEME,1.0,1,1,HIGH_LOCKED_LAGGED_FTN_SHORT_HISTORY,short_history_diagnostic
00-0031345,2023,QB,SHORT_HISTORY_SCHEME,1.0,1,1,HIGH_LOCKED_LAGGED_FTN_SHORT_HISTORY,short_history_diagnostic
00-0031503,2023,QB,SHORT_HISTORY_SCHEME,1.0,1,1,HIGH_LOCKED_LAGGED_FTN_SHORT_HISTORY,short_history_diagnostic
00-0031800,2023,QB,SHORT_HISTORY_SCHEME,1.0,1,1,HIGH_LOCKED_LAGGED_FTN_SHORT_HISTORY,short_history_diagnostic
00-0032156,2023,QB,SHORT_HISTORY_SCHEME,1.0,1,1,HIGH_LOCKED_LAGGED_FTN_SHORT_HISTORY,short_history_diagnostic
00-0032268,2023,QB,SHORT_HISTORY_SCHEME,1.0,1,1,HIGH_LOCKED_LAGGED_FTN_SHORT_HISTORY,short_history_diagnostic
00-0032436,2023,QB,SHORT_HISTORY_SCHEME,1.0,1,1,HIGH_LOCKED_LAGGED_FTN_SHORT_HISTORY,short_history_diagnostic
00-0032950,2023,QB,SHORT_HISTORY_SCHEME,1.0,1,1,HIGH_LOCKED_LAGGED_FTN_SHORT_HISTORY,short_history_diagnostic
00-0033119,2023,QB,SHORT_HISTORY_SCHEME,1.0,1,1,HIGH_LOCKED_LAGGED_FTN_SHORT_HISTORY,short_history_diagnostic
00-0033275,2023,QB,SHORT_HISTORY_SCHEME,1.0,1,1,HIGH_LOCKED_LAGGED_FTN_SHORT_HISTORY,short_history_diagnostic
00-0033319,2023,QB,SHORT_HISTORY_SCHEME,1.0,1,1,HIGH_LOCKED_LAGGED_FTN_SHORT_HISTORY,short_history_diagnostic
00-0033537,2023,QB,SHORT_HISTORY_SCHEME,1.0,1,1,HIGH_LOCKED_LAGGED_FTN_SHORT_HISTORY,short_history_diagnostic
00-0033662,2023,QB,SHORT_HISTORY_SCHEME,1.0,1,1,HIGH_LOCKED_LAGGED_FTN_SHORT_HISTORY,short_history_diagnostic
00-0033869,2023,QB,SHORT_HISTORY_SCHEME,1.0,1,1,HIGH_LOCKED_LAGGED_FTN_SHORT_HISTORY,short_history_diagnostic
00-0033936,2023,QB,SHORT_HISTORY_SCHEME,1.0,1,1,HIGH_LOCKED_LAGGED_FTN_SHORT_HISTORY,short_history_diagnostic
00-0033949,2023,QB,SHORT_HISTORY_SCHEME,1.0,1,1,HIGH_LOCKED_LAGGED_FTN_SHORT_HISTORY,short_history_diagnostic
00-0033958,2023,QB,SHORT_HISTORY_SCHEME,1.0,1,1,HIGH_LOCKED_LAGGED_FTN_SHORT_HISTORY,short_history_diagnostic
00-0034177,2023,QB,SHORT_HISTORY_SCHEME,1.0,1,1,HIGH_LOCKED_LAGGED_FTN_SHORT_HISTORY,short_history_diagnostic
00-0034401,2023,QB,SHORT_HISTORY_SCHEME,1.0,1,1,HIGH_LOCKED_LAGGED_FTN_SHORT_HISTORY,short_history_diagnostic
00-0034577,2023,QB,SHORT_HISTORY_SCHEME,1.0,1,1,HIGH_LOCKED_LAGGED_FTN_SHORT_HISTORY,short_history_diagnostic
00-0034869,2023,QB,SHORT_HISTORY_SCHEME,1.0,1,1,HIGH_LOCKED_LAGGED_FTN_SHORT_HISTORY,short_history_diagnostic
00-0034955,2023,QB,SHORT_HISTORY_SCHEME,1.0,1,1,HIGH_LOCKED_LAGGED_FTN_SHORT_HISTORY,short_history_diagnostic
00-0035228,2023,QB,SHORT_HISTORY_SCHEME,1.0,1,1,HIGH_LOCKED_LAGGED_FTN_SHORT_HISTORY,short_history_diagnostic
00-0035264,2023,QB,SHORT_HISTORY_SCHEME,1.0,1,1,HIGH_LOCKED_LAGGED_FTN_SHORT_HISTORY,short_history_diagnostic
00-0036928,2023,QB,SHORT_HISTORY_SCHEME,1.0,1,1,HIGH_LOCKED_LAGGED_FTN_SHORT_HISTORY,short_history_diagnostic
00-0036945,2023,QB,SHORT_HISTORY_SCHEME,1.0,1,1,HIGH_LOCKED_LAGGED_FTN_SHORT_HISTORY,short_history_diagnostic
00-0036972,2023,QB,SHORT_HISTORY_SCHEME,1.0,1,1,HIGH_LOCKED_LAGGED_FTN_SHORT_HISTORY,short_history_diagnostic
00-0037013,2023,QB,SHORT_HISTORY_SCHEME,1.0,1,1,HIGH_LOCKED_LAGGED_FTN_SHORT_HISTORY,short_history_diagnostic
00-0037077,2023,QB,SHORT_HISTORY_SCHEME,1.0,1,1,HIGH_LOCKED_LAGGED_FTN_SHORT_HISTORY,short_history_diagnostic
00-0038102,2023,QB,SHORT_HISTORY_SCHEME,1.0,1,1,HIGH_LOCKED_LAGGED_FTN_SHORT_HISTORY,short_history_diagnostic
00-0038108,2023,QB,SHORT_HISTORY_SCHEME,1.0,1,1,HIGH_LOCKED_LAGGED_FTN_SHORT_HISTORY,short_history_diagnostic
00-0038122,2023,QB,SHORT_HISTORY_SCHEME,1.0,1,1,HIGH_LOCKED_LAGGED_FTN_SHORT_HISTORY,short_history_diagnostic
00-0038128,2023,QB,SHORT_HISTORY_SCHEME,1.0,1,1,HIGH_LOCKED_LAGGED_FTN_SHORT_HISTORY,short_history_diagnostic
00-0029239,2023,RB,SHORT_HISTORY_SCHEME,1.0,1,1,HIGH_LOCKED_LAGGED_FTN_SHORT_HISTORY,short_history_diagnostic
00-0030578,2023,RB,SHORT_HISTORY_SCHEME,1.0,1,1,HIGH_LOCKED_LAGGED_FTN_SHORT_HISTORY,short_history_diagnostic
00-0030874,2023,RB,SHORT_HISTORY_SCHEME,1.0,1,1,HIGH_LOCKED_LAGGED_FTN_SHORT_HISTORY,short_history_diagnostic
00-0032104,2023,RB,SHORT_HISTORY_SCHEME,1.0,1,1,HIGH_LOCKED_LAGGED_FTN_SHORT_HISTORY,short_history_diagnostic
00-0032144,2023,RB,SHORT_HISTORY_SCHEME,1.0,1,1,HIGH_LOCKED_LAGGED_FTN_SHORT_HISTORY,short_history_diagnostic
00-0032450,2023,RB,SHORT_HISTORY_SCHEME,1.0,1,1,HIGH_LOCKED_LAGGED_FTN_SHORT_HISTORY,short_history_diagnostic
00-0032764,2023,RB,SHORT_HISTORY_SCHEME,1.0,1,1,HIGH_LOCKED_LAGGED_FTN_SHORT_HISTORY,short_history_diagnostic
00-0032975,2023,RB,SHORT_HISTORY_SCHEME,1.0,1,1,HIGH_LOCKED_LAGGED_FTN_SHORT_HISTORY,short_history_diagnostic
00-0033118,2023,RB,SHORT_HISTORY_SCHEME,1.0,1,1,HIGH_LOCKED_LAGGED_FTN_SHORT_HISTORY,short_history_diagnostic
00-0033553,2023,RB,SHORT_HISTORY_SCHEME,1.0,1,1,HIGH_LOCKED_LAGGED_FTN_SHORT_HISTORY,short_history_diagnostic
00-0033906,2023,RB,SHORT_HISTORY_SCHEME,1.0,1,1,HIGH_LOCKED_LAGGED_FTN_SHORT_HISTORY,short_history_diagnostic
00-0033925,2023,RB,SHORT_HISTORY_SCHEME,1.0,1,1,HIGH_LOCKED_LAGGED_FTN_SHORT_HISTORY,short_history_diagnostic
00-0033948,2023,RB,SHORT_HISTORY_SCHEME,1.0,1,1,HIGH_LOCKED_LAGGED_FTN_SHORT_HISTORY,short_history_diagnostic
00-0034208,2023,RB,SHORT_HISTORY_SCHEME,1.0,1,1,HIGH_LOCKED_LAGGED_FTN_SHORT_HISTORY,short_history_diagnostic
00-0034750,2023,RB,SHORT_HISTORY_SCHEME,1.0,1,1,HIGH_LOCKED_LAGGED_FTN_SHORT_HISTORY,short_history_diagnostic
00-0034791,2023,RB,SHORT_HISTORY_SCHEME,1.0,1,1,HIGH_LOCKED_LAGGED_FTN_SHORT_HISTORY,short_history_diagnostic
00-0034838,2023,RB,SHORT_HISTORY_SCHEME,1.0,1,1,HIGH_LOCKED_LAGGED_FTN_SHORT_HISTORY,short_history_diagnostic
00-0035184,2023,RB,SHORT_HISTORY_SCHEME,1.0,1,1,HIGH_LOCKED_LAGGED_FTN_SHORT_HISTORY,short_history_diagnostic
00-0035594,2023,RB,SHORT_HISTORY_SCHEME,1.0,1,1,HIGH_LOCKED_LAGGED_FTN_SHORT_HISTORY,short_history_diagnostic
00-0035628,2023,RB,SHORT_HISTORY_SCHEME,1.0,1,1,HIGH_LOCKED_LAGGED_FTN_SHORT_HISTORY,short_history_diagnostic
00-0035657,2023,RB,SHORT_HISTORY_SCHEME,1.0,1,1,HIGH_LOCKED_LAGGED_FTN_SHORT_HISTORY,short_history_diagnostic
00-0035664,2023,RB,SHORT_HISTORY_SCHEME,1.0,1,1,HIGH_LOCKED_LAGGED_FTN_SHORT_HISTORY,short_history_diagnostic
00-0035700,2023,RB,SHORT_HISTORY_SCHEME,1.0,1,1,HIGH_LOCKED_LAGGED_FTN_SHORT_HISTORY,short_history_diagnostic
00-0035726,2023,RB,SHORT_HISTORY_SCHEME,1.0,1,1,HIGH_LOCKED_LAGGED_FTN_SHORT_HISTORY,short_history_diagnostic
00-0035831,2023,RB,SHORT_HISTORY_SCHEME,1.0,1,1,HIGH_LOCKED_LAGGED_FTN_SHORT_HISTORY,short_history_diagnostic
00-0035860,2023,RB,SHORT_HISTORY_SCHEME,1.0,1,1,HIGH_LOCKED_LAGGED_FTN_SHORT_HISTORY,short_history_diagnostic
00-0035924,2023,RB,SHORT_HISTORY_SCHEME,1.0,1,1,HIGH_LOCKED_LAGGED_FTN_SHORT_HISTORY,short_history_diagnostic
00-0036187,2023,RB,SHORT_HISTORY_SCHEME,1.0,1,1,HIGH_LOCKED_LAGGED_FTN_SHORT_HISTORY,short_history_diagnostic
00-0036223,2023,RB,SHORT_HISTORY_SCHEME,1.0,1,1,HIGH_LOCKED_LAGGED_FTN_SHORT_HISTORY,short_history_diagnostic
00-0036251,2023,RB,SHORT_HISTORY_SCHEME,1.0,1,1,HIGH_LOCKED_LAGGED_FTN_SHORT_HISTORY,short_history_diagnostic
00-0036265,2023,RB,SHORT_HISTORY_SCHEME,1.0,1,1,HIGH_LOCKED_LAGGED_FTN_SHORT_HISTORY,short_history_diagnostic
00-0036297,2023,RB,SHORT_HISTORY_SCHEME,1.0,1,1,HIGH_LOCKED_LAGGED_FTN_SHORT_HISTORY,short_history_diagnostic
00-0036328,2023,RB,SHORT_HISTORY_SCHEME,1.0,1,1,HIGH_LOCKED_LAGGED_FTN_SHORT_HISTORY,short_history_diagnostic
00-0036336,2023,RB,SHORT_HISTORY_SCHEME,1.0,1,1,HIGH_LOCKED_LAGGED_FTN_SHORT_HISTORY,short_history_diagnostic
00-0036414,2023,RB,SHORT_HISTORY_SCHEME,1.0,1,1,HIGH_LOCKED_LAGGED_FTN_SHORT_HISTORY,short_history_diagnostic
00-0036450,2023,RB,SHORT_HISTORY_SCHEME,1.0,1,1,HIGH_LOCKED_LAGGED_FTN_SHORT_HISTORY,short_history_diagnostic
00-0036493,2023,RB,SHORT_HISTORY_SCHEME,1.0,1,1,HIGH_LOCKED_LAGGED_FTN_SHORT_HISTORY,short_history_diagnostic
00-0036555,2023,RB,SHORT_HISTORY_SCHEME,1.0,1,1,HIGH_LOCKED_LAGGED_FTN_SHORT_HISTORY,short_history_diagnostic
00-0036857,2023,RB,SHORT_HISTORY_SCHEME,1.0,1,1,HIGH_LOCKED_LAGGED_FTN_SHORT_HISTORY,short_history_diagnostic
00-0036860,2023,RB,SHORT_HISTORY_SCHEME,0.0,0,0,HIGH_LOCKED_LAGGED_FTN_SHORT_HISTORY,short_history_diagnostic
00-0036875,2023,RB,SHORT_HISTORY_SCHEME,1.0,1,1,HIGH_LOCKED_LAGGED_FTN_SHORT_HISTORY,short_history_diagnostic
00-0036906,2023,RB,SHORT_HISTORY_SCHEME,1.0,1,1,HIGH_LOCKED_LAGGED_FTN_SHORT_HISTORY,short_history_diagnostic
00-0036924,2023,RB,SHORT_HISTORY_SCHEME,1.0,1,1,HIGH_LOCKED_LAGGED_FTN_SHORT_HISTORY,short_history_diagnostic
00-0036984,2023,RB,SHORT_HISTORY_SCHEME,1.0,1,1,HIGH_LOCKED_LAGGED_FTN_SHORT_HISTORY,short_history_diagnostic
00-0036997,2023,RB,SHORT_HISTORY_SCHEME,1.0,1,1,HIGH_LOCKED_LAGGED_FTN_SHORT_HISTORY,short_history_diagnostic
00-0037157,2023,RB,SHORT_HISTORY_SCHEME,1.0,1,1,HIGH_LOCKED_LAGGED_FTN_SHORT_HISTORY,short_history_diagnostic
00-0037263,2023,RB,SHORT_HISTORY_SCHEME,1.0,1,1,HIGH_LOCKED_LAGGED_FTN_SHORT_HISTORY,short_history_diagnostic
00-0037276,2023,RB,SHORT_HISTORY_SCHEME,1.0,1,1,HIGH_LOCKED_LAGGED_FTN_SHORT_HISTORY,short_history_diagnostic
00-0037286,2023,RB,SHORT_HISTORY_SCHEME,1.0,1,1,HIGH_LOCKED_LAGGED_FTN_SHORT_HISTORY,short_history_diagnostic
00-0037299,2023,RB,SHORT_HISTORY_SCHEME,1.0,1,1,HIGH_LOCKED_LAGGED_FTN_SHORT_HISTORY,short_history_diagnostic
00-0037429,2023,RB,SHORT_HISTORY_SCHEME,1.0,1,1,HIGH_LOCKED_LAGGED_FTN_SHORT_HISTORY,short_history_diagnostic
00-0037563,2023,RB,SHORT_HISTORY_SCHEME,1.0,1,1,HIGH_LOCKED_LAGGED_FTN_SHORT_HISTORY,short_history_diagnostic
00-0037594,2023,RB,SHORT_HISTORY_SCHEME,1.0,1,1,HIGH_LOCKED_LAGGED_FTN_SHORT_HISTORY,short_history_diagnostic
00-0037746,2023,RB,SHORT_HISTORY_SCHEME,1.0,1,1,HIGH_LOCKED_LAGGED_FTN_SHORT_HISTORY,short_history_diagnostic
00-0037827,2023,RB,SHORT_HISTORY_SCHEME,1.0,1,1,HIGH_LOCKED_LAGGED_FTN_SHORT_HISTORY,short_history_diagnostic
00-0038040,2023,RB,SHORT_HISTORY_SCHEME,1.0,1,1,HIGH_LOCKED_LAGGED_FTN_SHORT_HISTORY,short_history_diagnostic
00-0038045,2023,RB,SHORT_HISTORY_SCHEME,1.0,1,1,HIGH_LOCKED_LAGGED_FTN_SHORT_HISTORY,short_history_diagnostic
00-0038098,2023,RB,SHORT_HISTORY_SCHEME,1.0,1,1,HIGH_LOCKED_LAGGED_FTN_SHORT_HISTORY,short_history_diagnostic
00-0038120,2023,RB,SHORT_HISTORY_SCHEME,1.0,1,1,HIGH_LOCKED_LAGGED_FTN_SHORT_HISTORY,short_history_diagnostic
00-0026293,2023,WR,SHORT_HISTORY_SCHEME,0.0,0,0,HIGH_LOCKED_LAGGED_FTN_SHORT_HISTORY,short_history_diagnostic
00-0028002,2023,WR,SHORT_HISTORY_SCHEME,1.0,1,1,HIGH_LOCKED_LAGGED_FTN_SHORT_HISTORY,short_history_diagnostic
00-0030564,2023,WR,SHORT_HISTORY_SCHEME,1.0,1,1,HIGH_LOCKED_LAGGED_FTN_SHORT_HISTORY,short_history_diagnostic
00-0031381,2023,WR,SHORT_HISTORY_SCHEME,1.0,1,1,HIGH_LOCKED_LAGGED_FTN_SHORT_HISTORY,short_history_diagnostic
00-0031547,2023,WR,SHORT_HISTORY_SCHEME,1.0,1,1,HIGH_LOCKED_LAGGED_FTN_SHORT_HISTORY,short_history_diagnostic
00-0031868,2023,WR,SHORT_HISTORY_SCHEME,1.0,1,1,HIGH_LOCKED_LAGGED_FTN_SHORT_HISTORY,short_history_diagnostic
00-0031941,2023,WR,SHORT_HISTORY_SCHEME,1.0,1,1,HIGH_LOCKED_LAGGED_FTN_SHORT_HISTORY,short_history_diagnostic
00-0032200,2023,WR,SHORT_HISTORY_SCHEME,1.0,1,1,HIGH_LOCKED_LAGGED_FTN_SHORT_HISTORY,short_history_diagnostic
00-0032208,2023,WR,SHORT_HISTORY_SCHEME,1.0,1,1,HIGH_LOCKED_LAGGED_FTN_SHORT_HISTORY,short_history_diagnostic
00-0032385,2023,WR,SHORT_HISTORY_SCHEME,1.0,1,1,HIGH_LOCKED_LAGGED_FTN_SHORT_HISTORY,short_history_diagnostic
00-0032398,2023,WR,SHORT_HISTORY_SCHEME,1.0,1,1,HIGH_LOCKED_LAGGED_FTN_SHORT_HISTORY,short_history_diagnostic
00-0032464,2023,WR,SHORT_HISTORY_SCHEME,1.0,1,1,HIGH_LOCKED_LAGGED_FTN_SHORT_HISTORY,short_history_diagnostic
00-0032543,2023,WR,SHORT_HISTORY_SCHEME,0.0,0,0,HIGH_LOCKED_LAGGED_FTN_SHORT_HISTORY,short_history_diagnostic
00-0032688,2023,WR,SHORT_HISTORY_SCHEME,1.0,1,1,HIGH_LOCKED_LAGGED_FTN_SHORT_HISTORY,short_history_diagnostic
00-0032765,2023,WR,SHORT_HISTORY_SCHEME,1.0,1,1,HIGH_LOCKED_LAGGED_FTN_SHORT_HISTORY,short_history_diagnostic
00-0032951,2023,WR,SHORT_HISTORY_SCHEME,1.0,1,1,HIGH_LOCKED_LAGGED_FTN_SHORT_HISTORY,short_history_diagnostic
00-0033282,2023,WR,SHORT_HISTORY_SCHEME,1.0,1,1,HIGH_LOCKED_LAGGED_FTN_SHORT_HISTORY,short_history_diagnostic
00-0033307,2023,WR,SHORT_HISTORY_SCHEME,1.0,1,1,HIGH_LOCKED_LAGGED_FTN_SHORT_HISTORY,short_history_diagnostic
00-0033536,2023,WR,SHORT_HISTORY_SCHEME,1.0,1,1,HIGH_LOCKED_LAGGED_FTN_SHORT_HISTORY,short_history_diagnostic
00-0033555,2023,WR,SHORT_HISTORY_SCHEME,1.0,1,1,HIGH_LOCKED_LAGGED_FTN_SHORT_HISTORY,short_history_diagnostic
00-0034279,2023,WR,SHORT_HISTORY_SCHEME,1.0,1,1,HIGH_LOCKED_LAGGED_FTN_SHORT_HISTORY,short_history_diagnostic
00-0034297,2023,WR,SHORT_HISTORY_SCHEME,1.0,1,1,HIGH_LOCKED_LAGGED_FTN_SHORT_HISTORY,short_history_diagnostic
00-0034317,2023,WR,SHORT_HISTORY_SCHEME,1.0,1,1,HIGH_LOCKED_LAGGED_FTN_SHORT_HISTORY,short_history_diagnostic
00-0034348,2023,WR,SHORT_HISTORY_SCHEME,1.0,1,1,HIGH_LOCKED_LAGGED_FTN_SHORT_HISTORY,short_history_diagnostic
00-0034521,2023,WR,SHORT_HISTORY_SCHEME,1.0,1,1,HIGH_LOCKED_LAGGED_FTN_SHORT_HISTORY,short_history_diagnostic
00-0034646,2023,WR,SHORT_HISTORY_SCHEME,1.0,1,1,HIGH_LOCKED_LAGGED_FTN_SHORT_HISTORY,short_history_diagnostic
00-0034777,2023,WR,SHORT_HISTORY_SCHEME,1.0,1,1,HIGH_LOCKED_LAGGED_FTN_SHORT_HISTORY,short_history_diagnostic
00-0034827,2023,WR,SHORT_HISTORY_SCHEME,1.0,1,1,HIGH_LOCKED_LAGGED_FTN_SHORT_HISTORY,short_history_diagnostic
00-0034854,2023,WR,SHORT_HISTORY_SCHEME,1.0,1,1,HIGH_LOCKED_LAGGED_FTN_SHORT_HISTORY,short_history_diagnostic
00-0034960,2023,WR,SHORT_HISTORY_SCHEME,1.0,1,1,HIGH_LOCKED_LAGGED_FTN_SHORT_HISTORY,short_history_diagnostic
00-0034983,2023,WR,SHORT_HISTORY_SCHEME,1.0,1,1,HIGH_LOCKED_LAGGED_FTN_SHORT_HISTORY,short_history_diagnostic
00-0035298,2023,WR,SHORT_HISTORY_SCHEME,1.0,1,1,HIGH_LOCKED_LAGGED_FTN_SHORT_HISTORY,short_history_diagnostic
00-0035406,2023,WR,SHORT_HISTORY_SCHEME,1.0,1,1,HIGH_LOCKED_LAGGED_FTN_SHORT_HISTORY,short_history_diagnostic
00-0035414,2023,WR,SHORT_HISTORY_SCHEME,1.0,1,1,HIGH_LOCKED_LAGGED_FTN_SHORT_HISTORY,short_history_diagnostic
00-0035500,2023,WR,SHORT_HISTORY_SCHEME,1.0,1,1,HIGH_LOCKED_LAGGED_FTN_SHORT_HISTORY,short_history_diagnostic
00-0035593,2023,WR,SHORT_HISTORY_SCHEME,1.0,1,1,HIGH_LOCKED_LAGGED_FTN_SHORT_HISTORY,short_history_diagnostic
00-0035639,2023,WR,SHORT_HISTORY_SCHEME,1.0,1,1,HIGH_LOCKED_LAGGED_FTN_SHORT_HISTORY,short_history_diagnostic
00-0035645,2023,WR,SHORT_HISTORY_SCHEME,1.0,1,1,HIGH_LOCKED_LAGGED_FTN_SHORT_HISTORY,short_history_diagnostic
00-0035659,2023,WR,SHORT_HISTORY_SCHEME,1.0,1,1,HIGH_LOCKED_LAGGED_FTN_SHORT_HISTORY,short_history_diagnostic
00-0035662,2023,WR,SHORT_HISTORY_SCHEME,1.0,1,1,HIGH_LOCKED_LAGGED_FTN_SHORT_HISTORY,short_history_diagnostic
00-0035703,2023,WR,SHORT_HISTORY_SCHEME,1.0,1,1,HIGH_LOCKED_LAGGED_FTN_SHORT_HISTORY,short_history_diagnostic
00-0035876,2023,WR,SHORT_HISTORY_SCHEME,1.0,1,1,HIGH_LOCKED_LAGGED_FTN_SHORT_HISTORY,short_history_diagnostic
00-0036176,2023,WR,SHORT_HISTORY_SCHEME,1.0,1,1,HIGH_LOCKED_LAGGED_FTN_SHORT_HISTORY,short_history_diagnostic
00-0036182,2023,WR,SHORT_HISTORY_SCHEME,1.0,1,1,HIGH_LOCKED_LAGGED_FTN_SHORT_HISTORY,short_history_diagnostic
00-0036252,2023,WR,SHORT_HISTORY_SCHEME,1.0,1,1,HIGH_LOCKED_LAGGED_FTN_SHORT_HISTORY,short_history_diagnostic
00-0036268,2023,WR,SHORT_HISTORY_SCHEME,1.0,1,1,HIGH_LOCKED_LAGGED_FTN_SHORT_HISTORY,short_history_diagnostic
00-0036309,2023,WR,SHORT_HISTORY_SCHEME,1.0,1,1,HIGH_LOCKED_LAGGED_FTN_SHORT_HISTORY,short_history_diagnostic
00-0036326,2023,WR,SHORT_HISTORY_SCHEME,1.0,1,1,HIGH_LOCKED_LAGGED_FTN_SHORT_HISTORY,short_history_diagnostic
00-0036407,2023,WR,SHORT_HISTORY_SCHEME,1.0,1,1,HIGH_LOCKED_LAGGED_FTN_SHORT_HISTORY,short_history_diagnostic
00-0036415,2023,WR,SHORT_HISTORY_SCHEME,1.0,1,1,HIGH_LOCKED_LAGGED_FTN_SHORT_HISTORY,short_history_diagnostic
00-0036482,2023,WR,SHORT_HISTORY_SCHEME,1.0,1,1,HIGH_LOCKED_LAGGED_FTN_SHORT_HISTORY,short_history_diagnostic
00-0036527,2023,WR,SHORT_HISTORY_SCHEME,1.0,1,1,HIGH_LOCKED_LAGGED_FTN_SHORT_HISTORY,short_history_diagnostic
00-0036620,2023,WR,SHORT_HISTORY_SCHEME,1.0,1,1,HIGH_LOCKED_LAGGED_FTN_SHORT_HISTORY,short_history_diagnostic
00-0036626,2023,WR,SHORT_HISTORY_SCHEME,1.0,1,1,HIGH_LOCKED_LAGGED_FTN_SHORT_HISTORY,short_history_diagnostic
00-0036630,2023,WR,SHORT_HISTORY_SCHEME,1.0,1,1,HIGH_LOCKED_LAGGED_FTN_SHORT_HISTORY,short_history_diagnostic
00-0036635,2023,WR,SHORT_HISTORY_SCHEME,1.0,1,1,HIGH_LOCKED_LAGGED_FTN_SHORT_HISTORY,short_history_diagnostic
00-0036646,2023,WR,SHORT_HISTORY_SCHEME,1.0,1,1,HIGH_LOCKED_LAGGED_FTN_SHORT_HISTORY,short_history_diagnostic
00-0036877,2023,WR,SHORT_HISTORY_SCHEME,1.0,1,1,HIGH_LOCKED_LAGGED_FTN_SHORT_HISTORY,short_history_diagnostic
00-0036936,2023,WR,SHORT_HISTORY_SCHEME,1.0,1,1,HIGH_LOCKED_LAGGED_FTN_SHORT_HISTORY,short_history_diagnostic
00-0036955,2023,WR,SHORT_HISTORY_SCHEME,1.0,1,1,HIGH_LOCKED_LAGGED_FTN_SHORT_HISTORY,short_history_diagnostic
00-0036991,2023,WR,SHORT_HISTORY_SCHEME,1.0,1,1,HIGH_LOCKED_LAGGED_FTN_SHORT_HISTORY,short_history_diagnostic
00-0037098,2023,WR,SHORT_HISTORY_SCHEME,1.0,1,1,HIGH_LOCKED_LAGGED_FTN_SHORT_HISTORY,short_history_diagnostic
00-0037238,2023,WR,SHORT_HISTORY_SCHEME,1.0,1,1,HIGH_LOCKED_LAGGED_FTN_SHORT_HISTORY,short_history_diagnostic
00-0037239,2023,WR,SHORT_HISTORY_SCHEME,1.0,1,1,HIGH_LOCKED_LAGGED_FTN_SHORT_HISTORY,short_history_diagnostic
00-0037272,2023,WR,SHORT_HISTORY_SCHEME,1.0,1,1,HIGH_LOCKED_LAGGED_FTN_SHORT_HISTORY,short_history_diagnostic
00-0037273,2023,WR,SHORT_HISTORY_SCHEME,1.0,1,1,HIGH_LOCKED_LAGGED_FTN_SHORT_HISTORY,short_history_diagnostic
00-0037291,2023,WR,SHORT_HISTORY_SCHEME,1.0,1,1,HIGH_LOCKED_LAGGED_FTN_SHORT_HISTORY,short_history_diagnostic
00-0037382,2023,WR,SHORT_HISTORY_SCHEME,1.0,1,1,HIGH_LOCKED_LAGGED_FTN_SHORT_HISTORY,short_history_diagnostic
00-0037545,2023,WR,SHORT_HISTORY_SCHEME,1.0,1,1,HIGH_LOCKED_LAGGED_FTN_SHORT_HISTORY,short_history_diagnostic
00-0037664,2023,WR,SHORT_HISTORY_SCHEME,1.0,1,1,HIGH_LOCKED_LAGGED_FTN_SHORT_HISTORY,short_history_diagnostic
00-0037740,2023,WR,SHORT_HISTORY_SCHEME,1.0,1,1,HIGH_LOCKED_LAGGED_FTN_SHORT_HISTORY,short_history_diagnostic
00-0037741,2023,WR,SHORT_HISTORY_SCHEME,1.0,1,1,HIGH_LOCKED_LAGGED_FTN_SHORT_HISTORY,short_history_diagnostic
00-0037742,2023,WR,SHORT_HISTORY_SCHEME,1.0,1,1,HIGH_LOCKED_LAGGED_FTN_SHORT_HISTORY,short_history_diagnostic
00-0037745,2023,WR,SHORT_HISTORY_SCHEME,1.0,1,1,HIGH_LOCKED_LAGGED_FTN_SHORT_HISTORY,short_history_diagnostic
00-0038092,2023,WR,SHORT_HISTORY_SCHEME,1.0,1,1,HIGH_LOCKED_LAGGED_FTN_SHORT_HISTORY,short_history_diagnostic
00-0038104,2023,WR,SHORT_HISTORY_SCHEME,1.0,1,1,HIGH_LOCKED_LAGGED_FTN_SHORT_HISTORY,short_history_diagnostic
00-0038117,2023,WR,SHORT_HISTORY_SCHEME,1.0,1,1,HIGH_LOCKED_LAGGED_FTN_SHORT_HISTORY,short_history_diagnostic
00-0024243,2023,TE,SHORT_HISTORY_SCHEME,1.0,1,1,HIGH_LOCKED_LAGGED_FTN_SHORT_HISTORY,short_history_diagnostic
00-0030061,2023,TE,SHORT_HISTORY_SCHEME,1.0,1,1,HIGH_LOCKED_LAGGED_FTN_SHORT_HISTORY,short_history_diagnostic
00-0031260,2023,TE,SHORT_HISTORY_SCHEME,1.0,1,1,HIGH_LOCKED_LAGGED_FTN_SHORT_HISTORY,short_history_diagnostic
00-0031585,2023,TE,SHORT_HISTORY_SCHEME,1.0,1,1,HIGH_LOCKED_LAGGED_FTN_SHORT_HISTORY,short_history_diagnostic
00-0031610,2023,TE,SHORT_HISTORY_SCHEME,1.0,1,1,HIGH_LOCKED_LAGGED_FTN_SHORT_HISTORY,short_history_diagnostic
00-0032134,2023,TE,SHORT_HISTORY_SCHEME,1.0,1,1,HIGH_LOCKED_LAGGED_FTN_SHORT_HISTORY,short_history_diagnostic
00-0032141,2023,TE,SHORT_HISTORY_SCHEME,1.0,1,1,HIGH_LOCKED_LAGGED_FTN_SHORT_HISTORY,short_history_diagnostic
00-0032214,2023,TE,SHORT_HISTORY_SCHEME,1.0,1,1,HIGH_LOCKED_LAGGED_FTN_SHORT_HISTORY,short_history_diagnostic
00-0032392,2023,TE,SHORT_HISTORY_SCHEME,1.0,1,1,HIGH_LOCKED_LAGGED_FTN_SHORT_HISTORY,short_history_diagnostic
00-0032394,2023,TE,SHORT_HISTORY_SCHEME,1.0,1,1,HIGH_LOCKED_LAGGED_FTN_SHORT_HISTORY,short_history_diagnostic
00-0032725,2023,TE,SHORT_HISTORY_SCHEME,1.0,1,1,HIGH_LOCKED_LAGGED_FTN_SHORT_HISTORY,short_history_diagnostic
00-0033090,2023,TE,SHORT_HISTORY_SCHEME,1.0,1,1,HIGH_LOCKED_LAGGED_FTN_SHORT_HISTORY,short_history_diagnostic
00-0033217,2023,TE,SHORT_HISTORY_SCHEME,1.0,1,1,HIGH_LOCKED_LAGGED_FTN_SHORT_HISTORY,short_history_diagnostic
00-0033357,2023,TE,SHORT_HISTORY_SCHEME,1.0,1,1,HIGH_LOCKED_LAGGED_FTN_SHORT_HISTORY,short_history_diagnostic
00-0033439,2023,TE,SHORT_HISTORY_SCHEME,1.0,1,1,HIGH_LOCKED_LAGGED_FTN_SHORT_HISTORY,short_history_diagnostic
00-0033576,2023,TE,SHORT_HISTORY_SCHEME,1.0,1,1,HIGH_LOCKED_LAGGED_FTN_SHORT_HISTORY,short_history_diagnostic
00-0033757,2023,TE,SHORT_HISTORY_SCHEME,1.0,1,1,HIGH_LOCKED_LAGGED_FTN_SHORT_HISTORY,short_history_diagnostic
00-0033858,2023,TE,SHORT_HISTORY_SCHEME,1.0,1,1,HIGH_LOCKED_LAGGED_FTN_SHORT_HISTORY,short_history_diagnostic
00-0034073,2023,TE,SHORT_HISTORY_SCHEME,1.0,1,1,HIGH_LOCKED_LAGGED_FTN_SHORT_HISTORY,short_history_diagnostic
00-0034159,2023,TE,SHORT_HISTORY_SCHEME,1.0,1,1,HIGH_LOCKED_LAGGED_FTN_SHORT_HISTORY,short_history_diagnostic
00-0034193,2023,TE,SHORT_HISTORY_SCHEME,0.0,0,0,HIGH_LOCKED_LAGGED_FTN_SHORT_HISTORY,short_history_diagnostic
00-0034270,2023,TE,SHORT_HISTORY_SCHEME,1.0,1,1,HIGH_LOCKED_LAGGED_FTN_SHORT_HISTORY,short_history_diagnostic
00-0034364,2023,TE,SHORT_HISTORY_SCHEME,1.0,1,1,HIGH_LOCKED_LAGGED_FTN_SHORT_HISTORY,short_history_diagnostic
00-0034365,2023,TE,SHORT_HISTORY_SCHEME,1.0,1,1,HIGH_LOCKED_LAGGED_FTN_SHORT_HISTORY,short_history_diagnostic
00-0034613,2023,TE,SHORT_HISTORY_SCHEME,1.0,1,1,HIGH_LOCKED_LAGGED_FTN_SHORT_HISTORY,short_history_diagnostic
00-0034981,2023,TE,SHORT_HISTORY_SCHEME,1.0,1,1,HIGH_LOCKED_LAGGED_FTN_SHORT_HISTORY,short_history_diagnostic
00-0035259,2023,TE,SHORT_HISTORY_SCHEME,1.0,1,1,HIGH_LOCKED_LAGGED_FTN_SHORT_HISTORY,short_history_diagnostic
00-0035562,2023,TE,SHORT_HISTORY_SCHEME,1.0,1,1,HIGH_LOCKED_LAGGED_FTN_SHORT_HISTORY,short_history_diagnostic
00-0035572,2023,TE,SHORT_HISTORY_SCHEME,1.0,1,1,HIGH_LOCKED_LAGGED_FTN_SHORT_HISTORY,short_history_diagnostic
00-0035631,2023,TE,SHORT_HISTORY_SCHEME,1.0,1,1,HIGH_LOCKED_LAGGED_FTN_SHORT_HISTORY,short_history_diagnostic
00-0035956,2023,TE,SHORT_HISTORY_SCHEME,1.0,1,1,HIGH_LOCKED_LAGGED_FTN_SHORT_HISTORY,short_history_diagnostic
00-0036040,2023,TE,SHORT_HISTORY_SCHEME,1.0,1,1,HIGH_LOCKED_LAGGED_FTN_SHORT_HISTORY,short_history_diagnostic
00-0036290,2023,TE,SHORT_HISTORY_SCHEME,1.0,1,1,HIGH_LOCKED_LAGGED_FTN_SHORT_HISTORY,short_history_diagnostic
00-0036422,2023,TE,SHORT_HISTORY_SCHEME,1.0,1,1,HIGH_LOCKED_LAGGED_FTN_SHORT_HISTORY,short_history_diagnostic
00-0036423,2023,TE,SHORT_HISTORY_SCHEME,1.0,1,1,HIGH_LOCKED_LAGGED_FTN_SHORT_HISTORY,short_history_diagnostic
00-0036424,2023,TE,SHORT_HISTORY_SCHEME,1.0,1,1,HIGH_LOCKED_LAGGED_FTN_SHORT_HISTORY,short_history_diagnostic
00-0036438,2023,TE,SHORT_HISTORY_SCHEME,1.0,1,1,HIGH_LOCKED_LAGGED_FTN_SHORT_HISTORY,short_history_diagnostic
00-0036510,2023,TE,SHORT_HISTORY_SCHEME,0.0,0,0,HIGH_LOCKED_LAGGED_FTN_SHORT_HISTORY,short_history_diagnostic
00-0036628,2023,TE,SHORT_HISTORY_SCHEME,1.0,1,1,HIGH_LOCKED_LAGGED_FTN_SHORT_HISTORY,short_history_diagnostic
00-0036876,2023,TE,SHORT_HISTORY_SCHEME,1.0,1,1,HIGH_LOCKED_LAGGED_FTN_SHORT_HISTORY,short_history_diagnostic
00-0036887,2023,TE,SHORT_HISTORY_SCHEME,1.0,1,1,HIGH_LOCKED_LAGGED_FTN_SHORT_HISTORY,short_history_diagnostic
00-0036970,2023,TE,SHORT_HISTORY_SCHEME,1.0,1,1,HIGH_LOCKED_LAGGED_FTN_SHORT_HISTORY,short_history_diagnostic
00-0037005,2023,TE,SHORT_HISTORY_SCHEME,1.0,1,1,HIGH_LOCKED_LAGGED_FTN_SHORT_HISTORY,short_history_diagnostic
00-0037078,2023,TE,SHORT_HISTORY_SCHEME,1.0,1,1,HIGH_LOCKED_LAGGED_FTN_SHORT_HISTORY,short_history_diagnostic
00-0037086,2023,TE,SHORT_HISTORY_SCHEME,1.0,1,1,HIGH_LOCKED_LAGGED_FTN_SHORT_HISTORY,short_history_diagnostic
00-0037252,2023,TE,SHORT_HISTORY_SCHEME,1.0,1,1,HIGH_LOCKED_LAGGED_FTN_SHORT_HISTORY,short_history_diagnostic
00-0037277,2023,TE,SHORT_HISTORY_SCHEME,1.0,1,1,HIGH_LOCKED_LAGGED_FTN_SHORT_HISTORY,short_history_diagnostic
00-0037282,2023,TE,SHORT_HISTORY_SCHEME,1.0,1,1,HIGH_LOCKED_LAGGED_FTN_SHORT_HISTORY,short_history_diagnostic
00-0037475,2023,TE,SHORT_HISTORY_SCHEME,1.0,1,1,HIGH_LOCKED_LAGGED_FTN_SHORT_HISTORY,short_history_diagnostic
00-0037744,2023,TE,SHORT_HISTORY_SCHEME,1.0,1,1,HIGH_LOCKED_LAGGED_FTN_SHORT_HISTORY,short_history_diagnostic
00-0037805,2023,TE,SHORT_HISTORY_SCHEME,1.0,1,1,HIGH_LOCKED_LAGGED_FTN_SHORT_HISTORY,short_history_diagnostic
00-0037809,2023,TE,SHORT_HISTORY_SCHEME,1.0,1,1,HIGH_LOCKED_LAGGED_FTN_SHORT_HISTORY,short_history_diagnostic
00-0023459,2024,QB,SHORT_HISTORY_SCHEME,1.0,1,1,HIGH_LOCKED_LAGGED_FTN_SHORT_HISTORY,short_history_diagnostic
00-0027973,2024,QB,SHORT_HISTORY_SCHEME,1.0,1,1,HIGH_LOCKED_LAGGED_FTN_SHORT_HISTORY,short_history_diagnostic
00-0028118,2024,QB,SHORT_HISTORY_SCHEME,1.0,1,1,HIGH_LOCKED_LAGGED_FTN_SHORT_HISTORY,short_history_diagnostic
00-0029604,2024,QB,SHORT_HISTORY_SCHEME,1.0,1,1,HIGH_LOCKED_LAGGED_FTN_SHORT_HISTORY,short_history_diagnostic
00-0030565,2024,QB,SHORT_HISTORY_SCHEME,1.0,1,1,HIGH_LOCKED_LAGGED_FTN_SHORT_HISTORY,short_history_diagnostic
00-0031280,2024,QB,SHORT_HISTORY_SCHEME,1.0,1,1,HIGH_LOCKED_LAGGED_FTN_SHORT_HISTORY,short_history_diagnostic
00-0031345,2024,QB,SHORT_HISTORY_SCHEME,1.0,1,1,HIGH_LOCKED_LAGGED_FTN_SHORT_HISTORY,short_history_diagnostic
00-0031503,2024,QB,SHORT_HISTORY_SCHEME,1.0,1,1,HIGH_LOCKED_LAGGED_FTN_SHORT_HISTORY,short_history_diagnostic
00-0031800,2024,QB,SHORT_HISTORY_SCHEME,1.0,1,1,HIGH_LOCKED_LAGGED_FTN_SHORT_HISTORY,short_history_diagnostic
00-0032950,2024,QB,SHORT_HISTORY_SCHEME,1.0,1,1,HIGH_LOCKED_LAGGED_FTN_SHORT_HISTORY,short_history_diagnostic
00-0033119,2024,QB,SHORT_HISTORY_SCHEME,1.0,1,1,HIGH_LOCKED_LAGGED_FTN_SHORT_HISTORY,short_history_diagnostic
00-0033319,2024,QB,SHORT_HISTORY_SCHEME,1.0,1,1,HIGH_LOCKED_LAGGED_FTN_SHORT_HISTORY,short_history_diagnostic
00-0033537,2024,QB,SHORT_HISTORY_SCHEME,1.0,1,1,HIGH_LOCKED_LAGGED_FTN_SHORT_HISTORY,short_history_diagnostic
00-0033662,2024,QB,SHORT_HISTORY_SCHEME,1.0,1,1,HIGH_LOCKED_LAGGED_FTN_SHORT_HISTORY,short_history_diagnostic
00-0033949,2024,QB,SHORT_HISTORY_SCHEME,1.0,1,1,HIGH_LOCKED_LAGGED_FTN_SHORT_HISTORY,short_history_diagnostic
00-0034177,2024,QB,SHORT_HISTORY_SCHEME,1.0,1,1,HIGH_LOCKED_LAGGED_FTN_SHORT_HISTORY,short_history_diagnostic
00-0034401,2024,QB,SHORT_HISTORY_SCHEME,1.0,1,1,HIGH_LOCKED_LAGGED_FTN_SHORT_HISTORY,short_history_diagnostic
00-0034577,2024,QB,SHORT_HISTORY_SCHEME,0.0,0,0,HIGH_LOCKED_LAGGED_FTN_SHORT_HISTORY,short_history_diagnostic
00-0035100,2024,QB,SHORT_HISTORY_SCHEME,1.0,1,1,HIGH_LOCKED_LAGGED_FTN_SHORT_HISTORY,short_history_diagnostic
00-0035228,2024,QB,SHORT_HISTORY_SCHEME,1.0,1,1,HIGH_LOCKED_LAGGED_FTN_SHORT_HISTORY,short_history_diagnostic
00-0035264,2024,QB,SHORT_HISTORY_SCHEME,1.0,1,1,HIGH_LOCKED_LAGGED_FTN_SHORT_HISTORY,short_history_diagnostic
00-0035289,2024,QB,SHORT_HISTORY_SCHEME,1.0,1,1,HIGH_LOCKED_LAGGED_FTN_SHORT_HISTORY,short_history_diagnostic
00-0035704,2024,QB,SHORT_HISTORY_SCHEME,1.0,1,1,HIGH_LOCKED_LAGGED_FTN_SHORT_HISTORY,short_history_diagnostic
00-0035710,2024,QB,SHORT_HISTORY_SCHEME,1.0,1,1,HIGH_LOCKED_LAGGED_FTN_SHORT_HISTORY,short_history_diagnostic
00-0035993,2024,QB,SHORT_HISTORY_SCHEME,1.0,1,1,HIGH_LOCKED_LAGGED_FTN_SHORT_HISTORY,short_history_diagnostic
00-0036442,2024,QB,SHORT_HISTORY_SCHEME,1.0,1,1,HIGH_LOCKED_LAGGED_FTN_SHORT_HISTORY,short_history_diagnostic
00-0036928,2024,QB,SHORT_HISTORY_SCHEME,1.0,1,1,HIGH_LOCKED_LAGGED_FTN_SHORT_HISTORY,short_history_diagnostic
00-0036971,2024,QB,SHORT_HISTORY_SCHEME,1.0,1,1,HIGH_LOCKED_LAGGED_FTN_SHORT_HISTORY,short_history_diagnostic
00-0036972,2024,QB,SHORT_HISTORY_SCHEME,1.0,1,1,HIGH_LOCKED_LAGGED_FTN_SHORT_HISTORY,short_history_diagnostic
00-0037077,2024,QB,SHORT_HISTORY_SCHEME,1.0,1,1,HIGH_LOCKED_LAGGED_FTN_SHORT_HISTORY,short_history_diagnostic
00-0038108,2024,QB,SHORT_HISTORY_SCHEME,1.0,1,1,HIGH_LOCKED_LAGGED_FTN_SHORT_HISTORY,short_history_diagnostic
00-0038122,2024,QB,SHORT_HISTORY_SCHEME,1.0,1,1,HIGH_LOCKED_LAGGED_FTN_SHORT_HISTORY,short_history_diagnostic
00-0038128,2024,QB,SHORT_HISTORY_SCHEME,1.0,1,1,HIGH_LOCKED_LAGGED_FTN_SHORT_HISTORY,short_history_diagnostic
00-0038416,2024,QB,SHORT_HISTORY_SCHEME,1.0,1,1,HIGH_LOCKED_LAGGED_FTN_SHORT_HISTORY,short_history_diagnostic
00-0038476,2024,QB,SHORT_HISTORY_SCHEME,1.0,1,1,HIGH_LOCKED_LAGGED_FTN_SHORT_HISTORY,short_history_diagnostic
00-0038579,2024,QB,SHORT_HISTORY_SCHEME,1.0,1,1,HIGH_LOCKED_LAGGED_FTN_SHORT_HISTORY,short_history_diagnostic
00-0038582,2024,QB,SHORT_HISTORY_SCHEME,1.0,1,1,HIGH_LOCKED_LAGGED_FTN_SHORT_HISTORY,short_history_diagnostic
00-0038583,2024,QB,SHORT_HISTORY_SCHEME,1.0,1,1,HIGH_LOCKED_LAGGED_FTN_SHORT_HISTORY,short_history_diagnostic
00-0039150,2024,QB,SHORT_HISTORY_SCHEME,1.0,1,1,HIGH_LOCKED_LAGGED_FTN_SHORT_HISTORY,short_history_diagnostic
00-0039152,2024,QB,SHORT_HISTORY_SCHEME,1.0,1,1,HIGH_LOCKED_LAGGED_FTN_SHORT_HISTORY,short_history_diagnostic
00-0039164,2024,QB,SHORT_HISTORY_SCHEME,1.0,1,1,HIGH_LOCKED_LAGGED_FTN_SHORT_HISTORY,short_history_diagnostic
00-0032104,2024,RB,SHORT_HISTORY_SCHEME,1.0,1,1,HIGH_LOCKED_LAGGED_FTN_SHORT_HISTORY,short_history_diagnostic
00-0033045,2024,RB,SHORT_HISTORY_SCHEME,1.0,1,1,HIGH_LOCKED_LAGGED_FTN_SHORT_HISTORY,short_history_diagnostic
00-0033376,2024,RB,SHORT_HISTORY_SCHEME,1.0,1,1,HIGH_LOCKED_LAGGED_FTN_SHORT_HISTORY,short_history_diagnostic
00-0033553,2024,RB,SHORT_HISTORY_SCHEME,1.0,1,1,HIGH_LOCKED_LAGGED_FTN_SHORT_HISTORY,short_history_diagnostic
00-0033906,2024,RB,SHORT_HISTORY_SCHEME,1.0,1,1,HIGH_LOCKED_LAGGED_FTN_SHORT_HISTORY,short_history_diagnostic
00-0033925,2024,RB,SHORT_HISTORY_SCHEME,1.0,1,1,HIGH_LOCKED_LAGGED_FTN_SHORT_HISTORY,short_history_diagnostic
00-0033948,2024,RB,SHORT_HISTORY_SCHEME,1.0,1,1,HIGH_LOCKED_LAGGED_FTN_SHORT_HISTORY,short_history_diagnostic
00-0034208,2024,RB,SHORT_HISTORY_SCHEME,1.0,1,1,HIGH_LOCKED_LAGGED_FTN_SHORT_HISTORY,short_history_diagnostic
00-0034791,2024,RB,SHORT_HISTORY_SCHEME,1.0,1,1,HIGH_LOCKED_LAGGED_FTN_SHORT_HISTORY,short_history_diagnostic
00-0034972,2024,RB,SHORT_HISTORY_SCHEME,1.0,1,1,HIGH_LOCKED_LAGGED_FTN_SHORT_HISTORY,short_history_diagnostic
00-0035243,2024,RB,SHORT_HISTORY_SCHEME,1.0,1,1,HIGH_LOCKED_LAGGED_FTN_SHORT_HISTORY,short_history_diagnostic
00-0035291,2024,RB,SHORT_HISTORY_SCHEME,1.0,1,1,HIGH_LOCKED_LAGGED_FTN_SHORT_HISTORY,short_history_diagnostic
00-0035594,2024,RB,SHORT_HISTORY_SCHEME,1.0,1,1,HIGH_LOCKED_LAGGED_FTN_SHORT_HISTORY,short_history_diagnostic
00-0035628,2024,RB,SHORT_HISTORY_SCHEME,1.0,1,1,HIGH_LOCKED_LAGGED_FTN_SHORT_HISTORY,short_history_diagnostic
00-0035726,2024,RB,SHORT_HISTORY_SCHEME,1.0,1,1,HIGH_LOCKED_LAGGED_FTN_SHORT_HISTORY,short_history_diagnostic
00-0035806,2024,RB,SHORT_HISTORY_SCHEME,1.0,1,1,HIGH_LOCKED_LAGGED_FTN_SHORT_HISTORY,short_history_diagnostic
00-0035860,2024,RB,SHORT_HISTORY_SCHEME,1.0,1,1,HIGH_LOCKED_LAGGED_FTN_SHORT_HISTORY,short_history_diagnostic
00-0035924,2024,RB,SHORT_HISTORY_SCHEME,1.0,1,1,HIGH_LOCKED_LAGGED_FTN_SHORT_HISTORY,short_history_diagnostic
00-0036223,2024,RB,SHORT_HISTORY_SCHEME,1.0,1,1,HIGH_LOCKED_LAGGED_FTN_SHORT_HISTORY,short_history_diagnostic
00-0036251,2024,RB,SHORT_HISTORY_SCHEME,1.0,1,1,HIGH_LOCKED_LAGGED_FTN_SHORT_HISTORY,short_history_diagnostic
00-0036297,2024,RB,SHORT_HISTORY_SCHEME,1.0,1,1,HIGH_LOCKED_LAGGED_FTN_SHORT_HISTORY,short_history_diagnostic
00-0036328,2024,RB,SHORT_HISTORY_SCHEME,1.0,1,1,HIGH_LOCKED_LAGGED_FTN_SHORT_HISTORY,short_history_diagnostic
00-0036370,2024,RB,SHORT_HISTORY_SCHEME,1.0,1,1,HIGH_LOCKED_LAGGED_FTN_SHORT_HISTORY,short_history_diagnostic
00-0036425,2024,RB,SHORT_HISTORY_SCHEME,1.0,1,1,HIGH_LOCKED_LAGGED_FTN_SHORT_HISTORY,short_history_diagnostic
00-0036450,2024,RB,SHORT_HISTORY_SCHEME,1.0,1,1,HIGH_LOCKED_LAGGED_FTN_SHORT_HISTORY,short_history_diagnostic
00-0036555,2024,RB,SHORT_HISTORY_SCHEME,1.0,1,1,HIGH_LOCKED_LAGGED_FTN_SHORT_HISTORY,short_history_diagnostic
00-0036569,2024,RB,SHORT_HISTORY_SCHEME,1.0,1,1,HIGH_LOCKED_LAGGED_FTN_SHORT_HISTORY,short_history_diagnostic
00-0036842,2024,RB,SHORT_HISTORY_SCHEME,1.0,1,1,HIGH_LOCKED_LAGGED_FTN_SHORT_HISTORY,short_history_diagnostic
00-0036875,2024,RB,SHORT_HISTORY_SCHEME,1.0,1,1,HIGH_LOCKED_LAGGED_FTN_SHORT_HISTORY,short_history_diagnostic
00-0036906,2024,RB,SHORT_HISTORY_SCHEME,1.0,1,1,HIGH_LOCKED_LAGGED_FTN_SHORT_HISTORY,short_history_diagnostic
00-0036924,2024,RB,SHORT_HISTORY_SCHEME,1.0,1,1,HIGH_LOCKED_LAGGED_FTN_SHORT_HISTORY,short_history_diagnostic
00-0036973,2024,RB,SHORT_HISTORY_SCHEME,1.0,1,1,HIGH_LOCKED_LAGGED_FTN_SHORT_HISTORY,short_history_diagnostic
00-0036984,2024,RB,SHORT_HISTORY_SCHEME,1.0,1,1,HIGH_LOCKED_LAGGED_FTN_SHORT_HISTORY,short_history_diagnostic
00-0037120,2024,RB,SHORT_HISTORY_SCHEME,1.0,1,1,HIGH_LOCKED_LAGGED_FTN_SHORT_HISTORY,short_history_diagnostic
00-0037263,2024,RB,SHORT_HISTORY_SCHEME,1.0,1,1,HIGH_LOCKED_LAGGED_FTN_SHORT_HISTORY,short_history_diagnostic
00-0037299,2024,RB,SHORT_HISTORY_SCHEME,1.0,1,1,HIGH_LOCKED_LAGGED_FTN_SHORT_HISTORY,short_history_diagnostic
00-0037429,2024,RB,SHORT_HISTORY_SCHEME,1.0,1,1,HIGH_LOCKED_LAGGED_FTN_SHORT_HISTORY,short_history_diagnostic
00-0037525,2024,RB,SHORT_HISTORY_SCHEME,1.0,1,1,HIGH_LOCKED_LAGGED_FTN_SHORT_HISTORY,short_history_diagnostic
00-0037594,2024,RB,SHORT_HISTORY_SCHEME,0.0,0,0,HIGH_LOCKED_LAGGED_FTN_SHORT_HISTORY,short_history_diagnostic
00-0037827,2024,RB,SHORT_HISTORY_SCHEME,1.0,1,1,HIGH_LOCKED_LAGGED_FTN_SHORT_HISTORY,short_history_diagnostic
00-0038040,2024,RB,SHORT_HISTORY_SCHEME,1.0,1,1,HIGH_LOCKED_LAGGED_FTN_SHORT_HISTORY,short_history_diagnostic
00-0038098,2024,RB,SHORT_HISTORY_SCHEME,1.0,1,1,HIGH_LOCKED_LAGGED_FTN_SHORT_HISTORY,short_history_diagnostic
00-0038120,2024,RB,SHORT_HISTORY_SCHEME,1.0,1,1,HIGH_LOCKED_LAGGED_FTN_SHORT_HISTORY,short_history_diagnostic
00-0038134,2024,RB,SHORT_HISTORY_SCHEME,1.0,1,1,HIGH_LOCKED_LAGGED_FTN_SHORT_HISTORY,short_history_diagnostic
00-0038396,2024,RB,SHORT_HISTORY_SCHEME,1.0,1,1,HIGH_LOCKED_LAGGED_FTN_SHORT_HISTORY,short_history_diagnostic
00-0038488,2024,RB,SHORT_HISTORY_SCHEME,0.0,0,0,HIGH_LOCKED_LAGGED_FTN_SHORT_HISTORY,short_history_diagnostic
00-0038542,2024,RB,SHORT_HISTORY_SCHEME,1.0,1,1,HIGH_LOCKED_LAGGED_FTN_SHORT_HISTORY,short_history_diagnostic
00-0038551,2024,RB,SHORT_HISTORY_SCHEME,1.0,1,1,HIGH_LOCKED_LAGGED_FTN_SHORT_HISTORY,short_history_diagnostic
00-0038555,2024,RB,SHORT_HISTORY_SCHEME,1.0,1,1,HIGH_LOCKED_LAGGED_FTN_SHORT_HISTORY,short_history_diagnostic
00-0038597,2024,RB,SHORT_HISTORY_SCHEME,1.0,1,1,HIGH_LOCKED_LAGGED_FTN_SHORT_HISTORY,short_history_diagnostic
00-0038611,2024,RB,SHORT_HISTORY_SCHEME,1.0,1,1,HIGH_LOCKED_LAGGED_FTN_SHORT_HISTORY,short_history_diagnostic
00-0038622,2024,RB,SHORT_HISTORY_SCHEME,1.0,1,1,HIGH_LOCKED_LAGGED_FTN_SHORT_HISTORY,short_history_diagnostic
00-0038678,2024,RB,SHORT_HISTORY_SCHEME,1.0,1,1,HIGH_LOCKED_LAGGED_FTN_SHORT_HISTORY,short_history_diagnostic
00-0038705,2024,RB,SHORT_HISTORY_SCHEME,1.0,1,1,HIGH_LOCKED_LAGGED_FTN_SHORT_HISTORY,short_history_diagnostic
00-0038738,2024,RB,SHORT_HISTORY_SCHEME,1.0,1,1,HIGH_LOCKED_LAGGED_FTN_SHORT_HISTORY,short_history_diagnostic
00-0038951,2024,RB,SHORT_HISTORY_SCHEME,1.0,1,1,HIGH_LOCKED_LAGGED_FTN_SHORT_HISTORY,short_history_diagnostic
00-0039021,2024,RB,SHORT_HISTORY_SCHEME,1.0,1,1,HIGH_LOCKED_LAGGED_FTN_SHORT_HISTORY,short_history_diagnostic
00-0039032,2024,RB,SHORT_HISTORY_SCHEME,1.0,1,1,HIGH_LOCKED_LAGGED_FTN_SHORT_HISTORY,short_history_diagnostic
00-0039165,2024,RB,SHORT_HISTORY_SCHEME,1.0,1,1,HIGH_LOCKED_LAGGED_FTN_SHORT_HISTORY,short_history_diagnostic
00-0030035,2024,WR,SHORT_HISTORY_SCHEME,1.0,1,1,HIGH_LOCKED_LAGGED_FTN_SHORT_HISTORY,short_history_diagnostic
00-0030279,2024,WR,SHORT_HISTORY_SCHEME,1.0,1,1,HIGH_LOCKED_LAGGED_FTN_SHORT_HISTORY,short_history_diagnostic
00-0031381,2024,WR,SHORT_HISTORY_SCHEME,1.0,1,1,HIGH_LOCKED_LAGGED_FTN_SHORT_HISTORY,short_history_diagnostic
00-0031763,2024,WR,SHORT_HISTORY_SCHEME,1.0,1,1,HIGH_LOCKED_LAGGED_FTN_SHORT_HISTORY,short_history_diagnostic
00-0032211,2024,WR,SHORT_HISTORY_SCHEME,1.0,1,1,HIGH_LOCKED_LAGGED_FTN_SHORT_HISTORY,short_history_diagnostic
00-0032385,2024,WR,SHORT_HISTORY_SCHEME,1.0,1,1,HIGH_LOCKED_LAGGED_FTN_SHORT_HISTORY,short_history_diagnostic
00-0032543,2024,WR,SHORT_HISTORY_SCHEME,1.0,1,1,HIGH_LOCKED_LAGGED_FTN_SHORT_HISTORY,short_history_diagnostic
00-0032688,2024,WR,SHORT_HISTORY_SCHEME,1.0,1,1,HIGH_LOCKED_LAGGED_FTN_SHORT_HISTORY,short_history_diagnostic
00-0033009,2024,WR,SHORT_HISTORY_SCHEME,1.0,1,1,HIGH_LOCKED_LAGGED_FTN_SHORT_HISTORY,short_history_diagnostic
00-0033251,2024,WR,SHORT_HISTORY_SCHEME,1.0,1,1,HIGH_LOCKED_LAGGED_FTN_SHORT_HISTORY,short_history_diagnostic
00-0033292,2024,WR,SHORT_HISTORY_SCHEME,1.0,1,1,HIGH_LOCKED_LAGGED_FTN_SHORT_HISTORY,short_history_diagnostic
00-0033307,2024,WR,SHORT_HISTORY_SCHEME,1.0,1,1,HIGH_LOCKED_LAGGED_FTN_SHORT_HISTORY,short_history_diagnostic
00-0033891,2024,WR,SHORT_HISTORY_SCHEME,1.0,1,1,HIGH_LOCKED_LAGGED_FTN_SHORT_HISTORY,short_history_diagnostic
00-0034521,2024,WR,SHORT_HISTORY_SCHEME,1.0,1,1,HIGH_LOCKED_LAGGED_FTN_SHORT_HISTORY,short_history_diagnostic
00-0034775,2024,WR,SHORT_HISTORY_SCHEME,1.0,1,1,HIGH_LOCKED_LAGGED_FTN_SHORT_HISTORY,short_history_diagnostic
00-0034827,2024,WR,SHORT_HISTORY_SCHEME,1.0,1,1,HIGH_LOCKED_LAGGED_FTN_SHORT_HISTORY,short_history_diagnostic
00-0034837,2024,WR,SHORT_HISTORY_SCHEME,1.0,1,1,HIGH_LOCKED_LAGGED_FTN_SHORT_HISTORY,short_history_diagnostic
00-0034854,2024,WR,SHORT_HISTORY_SCHEME,1.0,1,1,HIGH_LOCKED_LAGGED_FTN_SHORT_HISTORY,short_history_diagnostic
00-0034960,2024,WR,SHORT_HISTORY_SCHEME,1.0,1,1,HIGH_LOCKED_LAGGED_FTN_SHORT_HISTORY,short_history_diagnostic
00-0035164,2024,WR,SHORT_HISTORY_SCHEME,1.0,1,1,HIGH_LOCKED_LAGGED_FTN_SHORT_HISTORY,short_history_diagnostic
00-0035298,2024,WR,SHORT_HISTORY_SCHEME,1.0,1,1,HIGH_LOCKED_LAGGED_FTN_SHORT_HISTORY,short_history_diagnostic
00-0035341,2024,WR,SHORT_HISTORY_SCHEME,1.0,1,1,HIGH_LOCKED_LAGGED_FTN_SHORT_HISTORY,short_history_diagnostic
00-0035406,2024,WR,SHORT_HISTORY_SCHEME,1.0,1,1,HIGH_LOCKED_LAGGED_FTN_SHORT_HISTORY,short_history_diagnostic
00-0035500,2024,WR,SHORT_HISTORY_SCHEME,1.0,1,1,HIGH_LOCKED_LAGGED_FTN_SHORT_HISTORY,short_history_diagnostic
00-0035535,2024,WR,SHORT_HISTORY_SCHEME,1.0,1,1,HIGH_LOCKED_LAGGED_FTN_SHORT_HISTORY,short_history_diagnostic
00-0035639,2024,WR,SHORT_HISTORY_SCHEME,1.0,1,1,HIGH_LOCKED_LAGGED_FTN_SHORT_HISTORY,short_history_diagnostic
00-0035640,2024,WR,SHORT_HISTORY_SCHEME,1.0,1,1,HIGH_LOCKED_LAGGED_FTN_SHORT_HISTORY,short_history_diagnostic
00-0036165,2024,WR,SHORT_HISTORY_SCHEME,1.0,1,1,HIGH_LOCKED_LAGGED_FTN_SHORT_HISTORY,short_history_diagnostic
00-0036176,2024,WR,SHORT_HISTORY_SCHEME,1.0,1,1,HIGH_LOCKED_LAGGED_FTN_SHORT_HISTORY,short_history_diagnostic
00-0036182,2024,WR,SHORT_HISTORY_SCHEME,1.0,1,1,HIGH_LOCKED_LAGGED_FTN_SHORT_HISTORY,short_history_diagnostic
00-0036196,2024,WR,SHORT_HISTORY_SCHEME,1.0,1,1,HIGH_LOCKED_LAGGED_FTN_SHORT_HISTORY,short_history_diagnostic
00-0036252,2024,WR,SHORT_HISTORY_SCHEME,1.0,1,1,HIGH_LOCKED_LAGGED_FTN_SHORT_HISTORY,short_history_diagnostic
00-0036254,2024,WR,SHORT_HISTORY_SCHEME,1.0,1,1,HIGH_LOCKED_LAGGED_FTN_SHORT_HISTORY,short_history_diagnostic
00-0036268,2024,WR,SHORT_HISTORY_SCHEME,1.0,1,1,HIGH_LOCKED_LAGGED_FTN_SHORT_HISTORY,short_history_diagnostic
00-0036309,2024,WR,SHORT_HISTORY_SCHEME,1.0,1,1,HIGH_LOCKED_LAGGED_FTN_SHORT_HISTORY,short_history_diagnostic
00-0036345,2024,WR,SHORT_HISTORY_SCHEME,1.0,1,1,HIGH_LOCKED_LAGGED_FTN_SHORT_HISTORY,short_history_diagnostic
00-0036387,2024,WR,SHORT_HISTORY_SCHEME,1.0,1,1,HIGH_LOCKED_LAGGED_FTN_SHORT_HISTORY,short_history_diagnostic
00-0036407,2024,WR,SHORT_HISTORY_SCHEME,1.0,1,1,HIGH_LOCKED_LAGGED_FTN_SHORT_HISTORY,short_history_diagnostic
00-0036410,2024,WR,SHORT_HISTORY_SCHEME,1.0,1,1,HIGH_LOCKED_LAGGED_FTN_SHORT_HISTORY,short_history_diagnostic
00-0036427,2024,WR,SHORT_HISTORY_SCHEME,1.0,1,1,HIGH_LOCKED_LAGGED_FTN_SHORT_HISTORY,short_history_diagnostic
00-0036497,2024,WR,SHORT_HISTORY_SCHEME,1.0,1,1,HIGH_LOCKED_LAGGED_FTN_SHORT_HISTORY,short_history_diagnostic
00-0036527,2024,WR,SHORT_HISTORY_SCHEME,0.0,0,0,HIGH_LOCKED_LAGGED_FTN_SHORT_HISTORY,short_history_diagnostic
00-0036620,2024,WR,SHORT_HISTORY_SCHEME,1.0,1,1,HIGH_LOCKED_LAGGED_FTN_SHORT_HISTORY,short_history_diagnostic
00-0036635,2024,WR,SHORT_HISTORY_SCHEME,1.0,1,1,HIGH_LOCKED_LAGGED_FTN_SHORT_HISTORY,short_history_diagnostic
00-0036646,2024,WR,SHORT_HISTORY_SCHEME,1.0,1,1,HIGH_LOCKED_LAGGED_FTN_SHORT_HISTORY,short_history_diagnostic
00-0036877,2024,WR,SHORT_HISTORY_SCHEME,0.0,0,0,HIGH_LOCKED_LAGGED_FTN_SHORT_HISTORY,short_history_diagnostic
00-0036900,2024,WR,SHORT_HISTORY_SCHEME,1.0,1,1,HIGH_LOCKED_LAGGED_FTN_SHORT_HISTORY,short_history_diagnostic
00-0036913,2024,WR,SHORT_HISTORY_SCHEME,1.0,1,1,HIGH_LOCKED_LAGGED_FTN_SHORT_HISTORY,short_history_diagnostic
00-0036955,2024,WR,SHORT_HISTORY_SCHEME,1.0,1,1,HIGH_LOCKED_LAGGED_FTN_SHORT_HISTORY,short_history_diagnostic
00-0036988,2024,WR,SHORT_HISTORY_SCHEME,1.0,1,1,HIGH_LOCKED_LAGGED_FTN_SHORT_HISTORY,short_history_diagnostic
00-0037093,2024,WR,SHORT_HISTORY_SCHEME,0.0,0,0,HIGH_LOCKED_LAGGED_FTN_SHORT_HISTORY,short_history_diagnostic
00-0037156,2024,WR,SHORT_HISTORY_SCHEME,1.0,1,1,HIGH_LOCKED_LAGGED_FTN_SHORT_HISTORY,short_history_diagnostic
00-0037216,2024,WR,SHORT_HISTORY_SCHEME,1.0,1,1,HIGH_LOCKED_LAGGED_FTN_SHORT_HISTORY,short_history_diagnostic
00-0037238,2024,WR,SHORT_HISTORY_SCHEME,1.0,1,1,HIGH_LOCKED_LAGGED_FTN_SHORT_HISTORY,short_history_diagnostic
00-0037239,2024,WR,SHORT_HISTORY_SCHEME,1.0,1,1,HIGH_LOCKED_LAGGED_FTN_SHORT_HISTORY,short_history_diagnostic
00-0037272,2024,WR,SHORT_HISTORY_SCHEME,0.0,0,0,HIGH_LOCKED_LAGGED_FTN_SHORT_HISTORY,short_history_diagnostic
00-0037382,2024,WR,SHORT_HISTORY_SCHEME,1.0,1,1,HIGH_LOCKED_LAGGED_FTN_SHORT_HISTORY,short_history_diagnostic
00-0037545,2024,WR,SHORT_HISTORY_SCHEME,1.0,1,1,HIGH_LOCKED_LAGGED_FTN_SHORT_HISTORY,short_history_diagnostic
00-0037664,2024,WR,SHORT_HISTORY_SCHEME,1.0,1,1,HIGH_LOCKED_LAGGED_FTN_SHORT_HISTORY,short_history_diagnostic
00-0037740,2024,WR,SHORT_HISTORY_SCHEME,1.0,1,1,HIGH_LOCKED_LAGGED_FTN_SHORT_HISTORY,short_history_diagnostic
00-0037742,2024,WR,SHORT_HISTORY_SCHEME,1.0,1,1,HIGH_LOCKED_LAGGED_FTN_SHORT_HISTORY,short_history_diagnostic
00-0037745,2024,WR,SHORT_HISTORY_SCHEME,1.0,1,1,HIGH_LOCKED_LAGGED_FTN_SHORT_HISTORY,short_history_diagnostic
00-0038090,2024,WR,SHORT_HISTORY_SCHEME,1.0,1,1,HIGH_LOCKED_LAGGED_FTN_SHORT_HISTORY,short_history_diagnostic
00-0038092,2024,WR,SHORT_HISTORY_SCHEME,1.0,1,1,HIGH_LOCKED_LAGGED_FTN_SHORT_HISTORY,short_history_diagnostic
00-0038104,2024,WR,SHORT_HISTORY_SCHEME,1.0,1,1,HIGH_LOCKED_LAGGED_FTN_SHORT_HISTORY,short_history_diagnostic
00-0038117,2024,WR,SHORT_HISTORY_SCHEME,1.0,1,1,HIGH_LOCKED_LAGGED_FTN_SHORT_HISTORY,short_history_diagnostic
00-0038496,2024,WR,SHORT_HISTORY_SCHEME,1.0,1,1,HIGH_LOCKED_LAGGED_FTN_SHORT_HISTORY,short_history_diagnostic
00-0038543,2024,WR,SHORT_HISTORY_SCHEME,1.0,1,1,HIGH_LOCKED_LAGGED_FTN_SHORT_HISTORY,short_history_diagnostic
00-0038559,2024,WR,SHORT_HISTORY_SCHEME,1.0,1,1,HIGH_LOCKED_LAGGED_FTN_SHORT_HISTORY,short_history_diagnostic
00-0038563,2024,WR,SHORT_HISTORY_SCHEME,1.0,1,1,HIGH_LOCKED_LAGGED_FTN_SHORT_HISTORY,short_history_diagnostic
00-0038576,2024,WR,SHORT_HISTORY_SCHEME,1.0,1,1,HIGH_LOCKED_LAGGED_FTN_SHORT_HISTORY,short_history_diagnostic
00-0038606,2024,WR,SHORT_HISTORY_SCHEME,1.0,1,1,HIGH_LOCKED_LAGGED_FTN_SHORT_HISTORY,short_history_diagnostic
00-0038608,2024,WR,SHORT_HISTORY_SCHEME,1.0,1,1,HIGH_LOCKED_LAGGED_FTN_SHORT_HISTORY,short_history_diagnostic
00-0038619,2024,WR,SHORT_HISTORY_SCHEME,1.0,1,1,HIGH_LOCKED_LAGGED_FTN_SHORT_HISTORY,short_history_diagnostic
00-0038621,2024,WR,SHORT_HISTORY_SCHEME,1.0,1,1,HIGH_LOCKED_LAGGED_FTN_SHORT_HISTORY,short_history_diagnostic
00-0038640,2024,WR,SHORT_HISTORY_SCHEME,1.0,1,1,HIGH_LOCKED_LAGGED_FTN_SHORT_HISTORY,short_history_diagnostic
00-0038647,2024,WR,SHORT_HISTORY_SCHEME,1.0,1,1,HIGH_LOCKED_LAGGED_FTN_SHORT_HISTORY,short_history_diagnostic
00-0038752,2024,WR,SHORT_HISTORY_SCHEME,1.0,1,1,HIGH_LOCKED_LAGGED_FTN_SHORT_HISTORY,short_history_diagnostic
00-0038821,2024,WR,SHORT_HISTORY_SCHEME,1.0,1,1,HIGH_LOCKED_LAGGED_FTN_SHORT_HISTORY,short_history_diagnostic
00-0038938,2024,WR,SHORT_HISTORY_SCHEME,1.0,1,1,HIGH_LOCKED_LAGGED_FTN_SHORT_HISTORY,short_history_diagnostic
00-0038941,2024,WR,SHORT_HISTORY_SCHEME,1.0,1,1,HIGH_LOCKED_LAGGED_FTN_SHORT_HISTORY,short_history_diagnostic
00-0038977,2024,WR,SHORT_HISTORY_SCHEME,1.0,1,1,HIGH_LOCKED_LAGGED_FTN_SHORT_HISTORY,short_history_diagnostic
00-0038979,2024,WR,SHORT_HISTORY_SCHEME,1.0,1,1,HIGH_LOCKED_LAGGED_FTN_SHORT_HISTORY,short_history_diagnostic
00-0038997,2024,WR,SHORT_HISTORY_SCHEME,1.0,1,1,HIGH_LOCKED_LAGGED_FTN_SHORT_HISTORY,short_history_diagnostic
00-0039062,2024,WR,SHORT_HISTORY_SCHEME,1.0,1,1,HIGH_LOCKED_LAGGED_FTN_SHORT_HISTORY,short_history_diagnostic
00-0024243,2024,TE,SHORT_HISTORY_SCHEME,1.0,1,1,HIGH_LOCKED_LAGGED_FTN_SHORT_HISTORY,short_history_diagnostic
00-0031484,2024,TE,SHORT_HISTORY_SCHEME,1.0,1,1,HIGH_LOCKED_LAGGED_FTN_SHORT_HISTORY,short_history_diagnostic
00-0031585,2024,TE,SHORT_HISTORY_SCHEME,1.0,1,1,HIGH_LOCKED_LAGGED_FTN_SHORT_HISTORY,short_history_diagnostic
00-0032134,2024,TE,SHORT_HISTORY_SCHEME,1.0,1,1,HIGH_LOCKED_LAGGED_FTN_SHORT_HISTORY,short_history_diagnostic
00-0032141,2024,TE,SHORT_HISTORY_SCHEME,1.0,1,1,HIGH_LOCKED_LAGGED_FTN_SHORT_HISTORY,short_history_diagnostic
00-0032392,2024,TE,SHORT_HISTORY_SCHEME,1.0,1,1,HIGH_LOCKED_LAGGED_FTN_SHORT_HISTORY,short_history_diagnostic
00-0032394,2024,TE,SHORT_HISTORY_SCHEME,1.0,1,1,HIGH_LOCKED_LAGGED_FTN_SHORT_HISTORY,short_history_diagnostic
00-0033090,2024,TE,SHORT_HISTORY_SCHEME,1.0,1,1,HIGH_LOCKED_LAGGED_FTN_SHORT_HISTORY,short_history_diagnostic
00-0033217,2024,TE,SHORT_HISTORY_SCHEME,1.0,1,1,HIGH_LOCKED_LAGGED_FTN_SHORT_HISTORY,short_history_diagnostic
00-0033357,2024,TE,SHORT_HISTORY_SCHEME,1.0,1,1,HIGH_LOCKED_LAGGED_FTN_SHORT_HISTORY,short_history_diagnostic
00-0033439,2024,TE,SHORT_HISTORY_SCHEME,1.0,1,1,HIGH_LOCKED_LAGGED_FTN_SHORT_HISTORY,short_history_diagnostic
00-0033576,2024,TE,SHORT_HISTORY_SCHEME,1.0,1,1,HIGH_LOCKED_LAGGED_FTN_SHORT_HISTORY,short_history_diagnostic
00-0033858,2024,TE,SHORT_HISTORY_SCHEME,1.0,1,1,HIGH_LOCKED_LAGGED_FTN_SHORT_HISTORY,short_history_diagnostic
00-0033881,2024,TE,SHORT_HISTORY_SCHEME,1.0,1,1,HIGH_LOCKED_LAGGED_FTN_SHORT_HISTORY,short_history_diagnostic
00-0033895,2024,TE,SHORT_HISTORY_SCHEME,1.0,1,1,HIGH_LOCKED_LAGGED_FTN_SHORT_HISTORY,short_history_diagnostic
00-0034073,2024,TE,SHORT_HISTORY_SCHEME,1.0,1,1,HIGH_LOCKED_LAGGED_FTN_SHORT_HISTORY,short_history_diagnostic
00-0034270,2024,TE,SHORT_HISTORY_SCHEME,1.0,1,1,HIGH_LOCKED_LAGGED_FTN_SHORT_HISTORY,short_history_diagnostic
00-0034364,2024,TE,SHORT_HISTORY_SCHEME,1.0,1,1,HIGH_LOCKED_LAGGED_FTN_SHORT_HISTORY,short_history_diagnostic
00-0034365,2024,TE,SHORT_HISTORY_SCHEME,1.0,1,1,HIGH_LOCKED_LAGGED_FTN_SHORT_HISTORY,short_history_diagnostic
00-0034613,2024,TE,SHORT_HISTORY_SCHEME,1.0,1,1,HIGH_LOCKED_LAGGED_FTN_SHORT_HISTORY,short_history_diagnostic
00-0034829,2024,TE,SHORT_HISTORY_SCHEME,1.0,1,1,HIGH_LOCKED_LAGGED_FTN_SHORT_HISTORY,short_history_diagnostic
00-0034830,2024,TE,SHORT_HISTORY_SCHEME,1.0,1,1,HIGH_LOCKED_LAGGED_FTN_SHORT_HISTORY,short_history_diagnostic
00-0034981,2024,TE,SHORT_HISTORY_SCHEME,1.0,1,1,HIGH_LOCKED_LAGGED_FTN_SHORT_HISTORY,short_history_diagnostic
00-0035631,2024,TE,SHORT_HISTORY_SCHEME,1.0,1,1,HIGH_LOCKED_LAGGED_FTN_SHORT_HISTORY,short_history_diagnostic
00-0035644,2024,TE,SHORT_HISTORY_SCHEME,1.0,1,1,HIGH_LOCKED_LAGGED_FTN_SHORT_HISTORY,short_history_diagnostic
00-0036040,2024,TE,SHORT_HISTORY_SCHEME,1.0,1,1,HIGH_LOCKED_LAGGED_FTN_SHORT_HISTORY,short_history_diagnostic
00-0036290,2024,TE,SHORT_HISTORY_SCHEME,1.0,1,1,HIGH_LOCKED_LAGGED_FTN_SHORT_HISTORY,short_history_diagnostic
00-0036438,2024,TE,SHORT_HISTORY_SCHEME,1.0,1,1,HIGH_LOCKED_LAGGED_FTN_SHORT_HISTORY,short_history_diagnostic
00-0036510,2024,TE,SHORT_HISTORY_SCHEME,1.0,1,1,HIGH_LOCKED_LAGGED_FTN_SHORT_HISTORY,short_history_diagnostic
00-0036741,2024,TE,SHORT_HISTORY_SCHEME,1.0,1,1,HIGH_LOCKED_LAGGED_FTN_SHORT_HISTORY,short_history_diagnostic
00-0036876,2024,TE,SHORT_HISTORY_SCHEME,1.0,1,1,HIGH_LOCKED_LAGGED_FTN_SHORT_HISTORY,short_history_diagnostic
00-0036887,2024,TE,SHORT_HISTORY_SCHEME,1.0,1,1,HIGH_LOCKED_LAGGED_FTN_SHORT_HISTORY,short_history_diagnostic
00-0036970,2024,TE,SHORT_HISTORY_SCHEME,1.0,1,1,HIGH_LOCKED_LAGGED_FTN_SHORT_HISTORY,short_history_diagnostic
00-0037005,2024,TE,SHORT_HISTORY_SCHEME,1.0,1,1,HIGH_LOCKED_LAGGED_FTN_SHORT_HISTORY,short_history_diagnostic
00-0037252,2024,TE,SHORT_HISTORY_SCHEME,1.0,1,1,HIGH_LOCKED_LAGGED_FTN_SHORT_HISTORY,short_history_diagnostic
00-0037292,2024,TE,SHORT_HISTORY_SCHEME,1.0,1,1,HIGH_LOCKED_LAGGED_FTN_SHORT_HISTORY,short_history_diagnostic
00-0037451,2024,TE,SHORT_HISTORY_SCHEME,1.0,1,1,HIGH_LOCKED_LAGGED_FTN_SHORT_HISTORY,short_history_diagnostic
00-0037475,2024,TE,SHORT_HISTORY_SCHEME,1.0,1,1,HIGH_LOCKED_LAGGED_FTN_SHORT_HISTORY,short_history_diagnostic
00-0037569,2024,TE,SHORT_HISTORY_SCHEME,1.0,1,1,HIGH_LOCKED_LAGGED_FTN_SHORT_HISTORY,short_history_diagnostic
00-0037744,2024,TE,SHORT_HISTORY_SCHEME,1.0,1,1,HIGH_LOCKED_LAGGED_FTN_SHORT_HISTORY,short_history_diagnostic
00-0037805,2024,TE,SHORT_HISTORY_SCHEME,1.0,1,1,HIGH_LOCKED_LAGGED_FTN_SHORT_HISTORY,short_history_diagnostic
00-0037809,2024,TE,SHORT_HISTORY_SCHEME,1.0,1,1,HIGH_LOCKED_LAGGED_FTN_SHORT_HISTORY,short_history_diagnostic
00-0038115,2024,TE,SHORT_HISTORY_SCHEME,1.0,1,1,HIGH_LOCKED_LAGGED_FTN_SHORT_HISTORY,short_history_diagnostic
00-0038394,2024,TE,SHORT_HISTORY_SCHEME,1.0,1,1,HIGH_LOCKED_LAGGED_FTN_SHORT_HISTORY,short_history_diagnostic
00-0038589,2024,TE,SHORT_HISTORY_SCHEME,1.0,1,1,HIGH_LOCKED_LAGGED_FTN_SHORT_HISTORY,short_history_diagnostic
00-0038720,2024,TE,SHORT_HISTORY_SCHEME,1.0,1,1,HIGH_LOCKED_LAGGED_FTN_SHORT_HISTORY,short_history_diagnostic
00-0038783,2024,TE,SHORT_HISTORY_SCHEME,1.0,1,1,HIGH_LOCKED_LAGGED_FTN_SHORT_HISTORY,short_history_diagnostic
00-0038935,2024,TE,SHORT_HISTORY_SCHEME,1.0,1,1,HIGH_LOCKED_LAGGED_FTN_SHORT_HISTORY,short_history_diagnostic
00-0039041,2024,TE,SHORT_HISTORY_SCHEME,1.0,1,1,HIGH_LOCKED_LAGGED_FTN_SHORT_HISTORY,short_history_diagnostic
00-0039066,2024,TE,SHORT_HISTORY_SCHEME,1.0,1,1,HIGH_LOCKED_LAGGED_FTN_SHORT_HISTORY,short_history_diagnostic
00-0026158,2025,QB,SHORT_HISTORY_SCHEME,1.0,1,1,HIGH_LOCKED_LAGGED_FTN_SHORT_HISTORY,short_history_diagnostic
00-0026300,2025,QB,SHORT_HISTORY_SCHEME,1.0,1,1,HIGH_LOCKED_LAGGED_FTN_SHORT_HISTORY,short_history_diagnostic
00-0027973,2025,QB,SHORT_HISTORY_SCHEME,1.0,1,1,HIGH_LOCKED_LAGGED_FTN_SHORT_HISTORY,short_history_diagnostic
00-0028118,2025,QB,SHORT_HISTORY_SCHEME,1.0,1,1,HIGH_LOCKED_LAGGED_FTN_SHORT_HISTORY,short_history_diagnostic
00-0029604,2025,QB,SHORT_HISTORY_SCHEME,1.0,1,1,HIGH_LOCKED_LAGGED_FTN_SHORT_HISTORY,short_history_diagnostic
00-0030565,2025,QB,SHORT_HISTORY_SCHEME,1.0,1,1,HIGH_LOCKED_LAGGED_FTN_SHORT_HISTORY,short_history_diagnostic
00-0031345,2025,QB,SHORT_HISTORY_SCHEME,1.0,1,1,HIGH_LOCKED_LAGGED_FTN_SHORT_HISTORY,short_history_diagnostic
00-0031503,2025,QB,SHORT_HISTORY_SCHEME,1.0,1,1,HIGH_LOCKED_LAGGED_FTN_SHORT_HISTORY,short_history_diagnostic
00-0032434,2025,QB,SHORT_HISTORY_SCHEME,1.0,1,1,HIGH_LOCKED_LAGGED_FTN_SHORT_HISTORY,short_history_diagnostic
00-0032950,2025,QB,SHORT_HISTORY_SCHEME,1.0,1,1,HIGH_LOCKED_LAGGED_FTN_SHORT_HISTORY,short_history_diagnostic
00-0033077,2025,QB,SHORT_HISTORY_SCHEME,1.0,1,1,HIGH_LOCKED_LAGGED_FTN_SHORT_HISTORY,short_history_diagnostic
00-0033119,2025,QB,SHORT_HISTORY_SCHEME,1.0,1,1,HIGH_LOCKED_LAGGED_FTN_SHORT_HISTORY,short_history_diagnostic
00-0033319,2025,QB,SHORT_HISTORY_SCHEME,1.0,1,1,HIGH_LOCKED_LAGGED_FTN_SHORT_HISTORY,short_history_diagnostic
00-0033662,2025,QB,SHORT_HISTORY_SCHEME,1.0,1,1,HIGH_LOCKED_LAGGED_FTN_SHORT_HISTORY,short_history_diagnostic
00-0033949,2025,QB,SHORT_HISTORY_SCHEME,1.0,1,1,HIGH_LOCKED_LAGGED_FTN_SHORT_HISTORY,short_history_diagnostic
00-0034577,2025,QB,SHORT_HISTORY_SCHEME,1.0,1,1,HIGH_LOCKED_LAGGED_FTN_SHORT_HISTORY,short_history_diagnostic
00-0035100,2025,QB,SHORT_HISTORY_SCHEME,0.0,0,0,HIGH_LOCKED_LAGGED_FTN_SHORT_HISTORY,short_history_diagnostic
00-0035228,2025,QB,SHORT_HISTORY_SCHEME,1.0,1,1,HIGH_LOCKED_LAGGED_FTN_SHORT_HISTORY,short_history_diagnostic
00-0035289,2025,QB,SHORT_HISTORY_SCHEME,1.0,1,1,HIGH_LOCKED_LAGGED_FTN_SHORT_HISTORY,short_history_diagnostic
00-0035704,2025,QB,SHORT_HISTORY_SCHEME,1.0,1,1,HIGH_LOCKED_LAGGED_FTN_SHORT_HISTORY,short_history_diagnostic
00-0035710,2025,QB,SHORT_HISTORY_SCHEME,1.0,1,1,HIGH_LOCKED_LAGGED_FTN_SHORT_HISTORY,short_history_diagnostic
00-0035993,2025,QB,SHORT_HISTORY_SCHEME,1.0,1,1,HIGH_LOCKED_LAGGED_FTN_SHORT_HISTORY,short_history_diagnostic
00-0036212,2025,QB,SHORT_HISTORY_SCHEME,1.0,1,1,HIGH_LOCKED_LAGGED_FTN_SHORT_HISTORY,short_history_diagnostic
00-0036442,2025,QB,SHORT_HISTORY_SCHEME,1.0,1,1,HIGH_LOCKED_LAGGED_FTN_SHORT_HISTORY,short_history_diagnostic
00-0036898,2025,QB,SHORT_HISTORY_SCHEME,1.0,1,1,HIGH_LOCKED_LAGGED_FTN_SHORT_HISTORY,short_history_diagnostic
00-0037012,2025,QB,SHORT_HISTORY_SCHEME,1.0,1,1,HIGH_LOCKED_LAGGED_FTN_SHORT_HISTORY,short_history_diagnostic
00-0037324,2025,QB,SHORT_HISTORY_SCHEME,1.0,1,1,HIGH_LOCKED_LAGGED_FTN_SHORT_HISTORY,short_history_diagnostic
00-0038128,2025,QB,SHORT_HISTORY_SCHEME,1.0,1,1,HIGH_LOCKED_LAGGED_FTN_SHORT_HISTORY,short_history_diagnostic
00-0038400,2025,QB,SHORT_HISTORY_SCHEME,1.0,1,1,HIGH_LOCKED_LAGGED_FTN_SHORT_HISTORY,short_history_diagnostic
00-0038416,2025,QB,SHORT_HISTORY_SCHEME,1.0,1,1,HIGH_LOCKED_LAGGED_FTN_SHORT_HISTORY,short_history_diagnostic
00-0038579,2025,QB,SHORT_HISTORY_SCHEME,1.0,1,1,HIGH_LOCKED_LAGGED_FTN_SHORT_HISTORY,short_history_diagnostic
00-0038582,2025,QB,SHORT_HISTORY_SCHEME,1.0,1,1,HIGH_LOCKED_LAGGED_FTN_SHORT_HISTORY,short_history_diagnostic
00-0039164,2025,QB,SHORT_HISTORY_SCHEME,1.0,1,1,HIGH_LOCKED_LAGGED_FTN_SHORT_HISTORY,short_history_diagnostic
00-0039376,2025,QB,SHORT_HISTORY_SCHEME,1.0,1,1,HIGH_LOCKED_LAGGED_FTN_SHORT_HISTORY,short_history_diagnostic
00-0039398,2025,QB,SHORT_HISTORY_SCHEME,1.0,1,1,HIGH_LOCKED_LAGGED_FTN_SHORT_HISTORY,short_history_diagnostic
00-0039917,2025,QB,SHORT_HISTORY_SCHEME,1.0,1,1,HIGH_LOCKED_LAGGED_FTN_SHORT_HISTORY,short_history_diagnostic
00-0031687,2025,RB,SHORT_HISTORY_SCHEME,1.0,1,1,HIGH_LOCKED_LAGGED_FTN_SHORT_HISTORY,short_history_diagnostic
00-0032104,2025,RB,SHORT_HISTORY_SCHEME,1.0,1,1,HIGH_LOCKED_LAGGED_FTN_SHORT_HISTORY,short_history_diagnostic
00-0033376,2025,RB,SHORT_HISTORY_SCHEME,1.0,1,1,HIGH_LOCKED_LAGGED_FTN_SHORT_HISTORY,short_history_diagnostic
00-0033553,2025,RB,SHORT_HISTORY_SCHEME,1.0,1,1,HIGH_LOCKED_LAGGED_FTN_SHORT_HISTORY,short_history_diagnostic
00-0033906,2025,RB,SHORT_HISTORY_SCHEME,1.0,1,1,HIGH_LOCKED_LAGGED_FTN_SHORT_HISTORY,short_history_diagnostic
00-0035243,2025,RB,SHORT_HISTORY_SCHEME,1.0,1,1,HIGH_LOCKED_LAGGED_FTN_SHORT_HISTORY,short_history_diagnostic
00-0035250,2025,RB,SHORT_HISTORY_SCHEME,1.0,1,1,HIGH_LOCKED_LAGGED_FTN_SHORT_HISTORY,short_history_diagnostic
00-0035261,2025,RB,SHORT_HISTORY_SCHEME,1.0,1,1,HIGH_LOCKED_LAGGED_FTN_SHORT_HISTORY,short_history_diagnostic
00-0035291,2025,RB,SHORT_HISTORY_SCHEME,0.0,0,0,HIGH_LOCKED_LAGGED_FTN_SHORT_HISTORY,short_history_diagnostic
00-0035311,2025,RB,SHORT_HISTORY_SCHEME,1.0,1,1,HIGH_LOCKED_LAGGED_FTN_SHORT_HISTORY,short_history_diagnostic
00-0035594,2025,RB,SHORT_HISTORY_SCHEME,1.0,1,1,HIGH_LOCKED_LAGGED_FTN_SHORT_HISTORY,short_history_diagnostic
00-0035726,2025,RB,SHORT_HISTORY_SCHEME,0.0,0,0,HIGH_LOCKED_LAGGED_FTN_SHORT_HISTORY,short_history_diagnostic
00-0036223,2025,RB,SHORT_HISTORY_SCHEME,1.0,1,1,HIGH_LOCKED_LAGGED_FTN_SHORT_HISTORY,short_history_diagnostic
00-0036328,2025,RB,SHORT_HISTORY_SCHEME,1.0,1,1,HIGH_LOCKED_LAGGED_FTN_SHORT_HISTORY,short_history_diagnostic
00-0036360,2025,RB,SHORT_HISTORY_SCHEME,1.0,1,1,HIGH_LOCKED_LAGGED_FTN_SHORT_HISTORY,short_history_diagnostic
00-0036425,2025,RB,SHORT_HISTORY_SCHEME,1.0,1,1,HIGH_LOCKED_LAGGED_FTN_SHORT_HISTORY,short_history_diagnostic
00-0036569,2025,RB,SHORT_HISTORY_SCHEME,0.0,0,0,HIGH_LOCKED_LAGGED_FTN_SHORT_HISTORY,short_history_diagnostic
00-0036842,2025,RB,SHORT_HISTORY_SCHEME,0.0,0,0,HIGH_LOCKED_LAGGED_FTN_SHORT_HISTORY,short_history_diagnostic
00-0036906,2025,RB,SHORT_HISTORY_SCHEME,1.0,1,1,HIGH_LOCKED_LAGGED_FTN_SHORT_HISTORY,short_history_diagnostic
00-0036924,2025,RB,SHORT_HISTORY_SCHEME,1.0,1,1,HIGH_LOCKED_LAGGED_FTN_SHORT_HISTORY,short_history_diagnostic
00-0036950,2025,RB,SHORT_HISTORY_SCHEME,0.0,0,0,HIGH_LOCKED_LAGGED_FTN_SHORT_HISTORY,short_history_diagnostic
00-0036984,2025,RB,SHORT_HISTORY_SCHEME,1.0,1,1,HIGH_LOCKED_LAGGED_FTN_SHORT_HISTORY,short_history_diagnostic
00-0037120,2025,RB,SHORT_HISTORY_SCHEME,1.0,1,1,HIGH_LOCKED_LAGGED_FTN_SHORT_HISTORY,short_history_diagnostic
00-0037263,2025,RB,SHORT_HISTORY_SCHEME,1.0,1,1,HIGH_LOCKED_LAGGED_FTN_SHORT_HISTORY,short_history_diagnostic
00-0037267,2025,RB,SHORT_HISTORY_SCHEME,1.0,1,1,HIGH_LOCKED_LAGGED_FTN_SHORT_HISTORY,short_history_diagnostic
00-0037525,2025,RB,SHORT_HISTORY_SCHEME,1.0,1,1,HIGH_LOCKED_LAGGED_FTN_SHORT_HISTORY,short_history_diagnostic
00-0037594,2025,RB,SHORT_HISTORY_SCHEME,1.0,1,1,HIGH_LOCKED_LAGGED_FTN_SHORT_HISTORY,short_history_diagnostic
00-0038040,2025,RB,SHORT_HISTORY_SCHEME,1.0,1,1,HIGH_LOCKED_LAGGED_FTN_SHORT_HISTORY,short_history_diagnostic
00-0038120,2025,RB,SHORT_HISTORY_SCHEME,1.0,1,1,HIGH_LOCKED_LAGGED_FTN_SHORT_HISTORY,short_history_diagnostic
00-0038396,2025,RB,SHORT_HISTORY_SCHEME,1.0,1,1,HIGH_LOCKED_LAGGED_FTN_SHORT_HISTORY,short_history_diagnostic
00-0038542,2025,RB,SHORT_HISTORY_SCHEME,1.0,1,1,HIGH_LOCKED_LAGGED_FTN_SHORT_HISTORY,short_history_diagnostic
00-0038551,2025,RB,SHORT_HISTORY_SCHEME,1.0,1,1,HIGH_LOCKED_LAGGED_FTN_SHORT_HISTORY,short_history_diagnostic
00-0038597,2025,RB,SHORT_HISTORY_SCHEME,1.0,1,1,HIGH_LOCKED_LAGGED_FTN_SHORT_HISTORY,short_history_diagnostic
00-0038611,2025,RB,SHORT_HISTORY_SCHEME,1.0,1,1,HIGH_LOCKED_LAGGED_FTN_SHORT_HISTORY,short_history_diagnostic
00-0038678,2025,RB,SHORT_HISTORY_SCHEME,1.0,1,1,HIGH_LOCKED_LAGGED_FTN_SHORT_HISTORY,short_history_diagnostic
00-0038705,2025,RB,SHORT_HISTORY_SCHEME,1.0,1,1,HIGH_LOCKED_LAGGED_FTN_SHORT_HISTORY,short_history_diagnostic
00-0038738,2025,RB,SHORT_HISTORY_SCHEME,1.0,1,1,HIGH_LOCKED_LAGGED_FTN_SHORT_HISTORY,short_history_diagnostic
00-0038951,2025,RB,SHORT_HISTORY_SCHEME,1.0,1,1,HIGH_LOCKED_LAGGED_FTN_SHORT_HISTORY,short_history_diagnostic
00-0039021,2025,RB,SHORT_HISTORY_SCHEME,1.0,1,1,HIGH_LOCKED_LAGGED_FTN_SHORT_HISTORY,short_history_diagnostic
00-0039032,2025,RB,SHORT_HISTORY_SCHEME,1.0,1,1,HIGH_LOCKED_LAGGED_FTN_SHORT_HISTORY,short_history_diagnostic
00-0039040,2025,RB,SHORT_HISTORY_SCHEME,1.0,1,1,HIGH_LOCKED_LAGGED_FTN_SHORT_HISTORY,short_history_diagnostic
00-0039363,2025,RB,SHORT_HISTORY_SCHEME,1.0,1,1,HIGH_LOCKED_LAGGED_FTN_SHORT_HISTORY,short_history_diagnostic
00-0039364,2025,RB,SHORT_HISTORY_SCHEME,1.0,1,1,HIGH_LOCKED_LAGGED_FTN_SHORT_HISTORY,short_history_diagnostic
00-0039373,2025,RB,SHORT_HISTORY_SCHEME,1.0,1,1,HIGH_LOCKED_LAGGED_FTN_SHORT_HISTORY,short_history_diagnostic
00-0039384,2025,RB,SHORT_HISTORY_SCHEME,1.0,1,1,HIGH_LOCKED_LAGGED_FTN_SHORT_HISTORY,short_history_diagnostic
00-0039407,2025,RB,SHORT_HISTORY_SCHEME,1.0,1,1,HIGH_LOCKED_LAGGED_FTN_SHORT_HISTORY,short_history_diagnostic
00-0039757,2025,RB,SHORT_HISTORY_SCHEME,1.0,1,1,HIGH_LOCKED_LAGGED_FTN_SHORT_HISTORY,short_history_diagnostic
00-0039794,2025,RB,SHORT_HISTORY_SCHEME,1.0,1,1,HIGH_LOCKED_LAGGED_FTN_SHORT_HISTORY,short_history_diagnostic
00-0039796,2025,RB,SHORT_HISTORY_SCHEME,1.0,1,1,HIGH_LOCKED_LAGGED_FTN_SHORT_HISTORY,short_history_diagnostic
00-0039798,2025,RB,SHORT_HISTORY_SCHEME,1.0,1,1,HIGH_LOCKED_LAGGED_FTN_SHORT_HISTORY,short_history_diagnostic
00-0039874,2025,RB,SHORT_HISTORY_SCHEME,1.0,1,1,HIGH_LOCKED_LAGGED_FTN_SHORT_HISTORY,short_history_diagnostic
00-0039921,2025,RB,SHORT_HISTORY_SCHEME,1.0,1,1,HIGH_LOCKED_LAGGED_FTN_SHORT_HISTORY,short_history_diagnostic
00-0031763,2025,WR,SHORT_HISTORY_SCHEME,1.0,1,1,HIGH_LOCKED_LAGGED_FTN_SHORT_HISTORY,short_history_diagnostic
00-0032211,2025,WR,SHORT_HISTORY_SCHEME,1.0,1,1,HIGH_LOCKED_LAGGED_FTN_SHORT_HISTORY,short_history_diagnostic
00-0032385,2025,WR,SHORT_HISTORY_SCHEME,1.0,1,1,HIGH_LOCKED_LAGGED_FTN_SHORT_HISTORY,short_history_diagnostic
00-0032688,2025,WR,SHORT_HISTORY_SCHEME,1.0,1,1,HIGH_LOCKED_LAGGED_FTN_SHORT_HISTORY,short_history_diagnostic
00-0033040,2025,WR,SHORT_HISTORY_SCHEME,1.0,1,1,HIGH_LOCKED_LAGGED_FTN_SHORT_HISTORY,short_history_diagnostic
00-0033589,2025,WR,SHORT_HISTORY_SCHEME,1.0,1,1,HIGH_LOCKED_LAGGED_FTN_SHORT_HISTORY,short_history_diagnostic
00-0033591,2025,WR,SHORT_HISTORY_SCHEME,1.0,1,1,HIGH_LOCKED_LAGGED_FTN_SHORT_HISTORY,short_history_diagnostic
00-0033891,2025,WR,SHORT_HISTORY_SCHEME,1.0,1,1,HIGH_LOCKED_LAGGED_FTN_SHORT_HISTORY,short_history_diagnostic
00-0033921,2025,WR,SHORT_HISTORY_SCHEME,1.0,1,1,HIGH_LOCKED_LAGGED_FTN_SHORT_HISTORY,short_history_diagnostic
00-0033943,2025,WR,SHORT_HISTORY_SCHEME,1.0,1,1,HIGH_LOCKED_LAGGED_FTN_SHORT_HISTORY,short_history_diagnostic
00-0034054,2025,WR,SHORT_HISTORY_SCHEME,1.0,1,1,HIGH_LOCKED_LAGGED_FTN_SHORT_HISTORY,short_history_diagnostic
00-0034407,2025,WR,SHORT_HISTORY_SCHEME,1.0,1,1,HIGH_LOCKED_LAGGED_FTN_SHORT_HISTORY,short_history_diagnostic
00-0034418,2025,WR,SHORT_HISTORY_SCHEME,1.0,1,1,HIGH_LOCKED_LAGGED_FTN_SHORT_HISTORY,short_history_diagnostic
00-0034521,2025,WR,SHORT_HISTORY_SCHEME,1.0,1,1,HIGH_LOCKED_LAGGED_FTN_SHORT_HISTORY,short_history_diagnostic
00-0034837,2025,WR,SHORT_HISTORY_SCHEME,1.0,1,1,HIGH_LOCKED_LAGGED_FTN_SHORT_HISTORY,short_history_diagnostic
00-0034854,2025,WR,SHORT_HISTORY_SCHEME,1.0,1,1,HIGH_LOCKED_LAGGED_FTN_SHORT_HISTORY,short_history_diagnostic
00-0034860,2025,WR,SHORT_HISTORY_SCHEME,1.0,1,1,HIGH_LOCKED_LAGGED_FTN_SHORT_HISTORY,short_history_diagnostic
00-0035021,2025,WR,SHORT_HISTORY_SCHEME,1.0,1,1,HIGH_LOCKED_LAGGED_FTN_SHORT_HISTORY,short_history_diagnostic
00-0035298,2025,WR,SHORT_HISTORY_SCHEME,1.0,1,1,HIGH_LOCKED_LAGGED_FTN_SHORT_HISTORY,short_history_diagnostic
00-0035500,2025,WR,SHORT_HISTORY_SCHEME,1.0,1,1,HIGH_LOCKED_LAGGED_FTN_SHORT_HISTORY,short_history_diagnostic
00-0035535,2025,WR,SHORT_HISTORY_SCHEME,1.0,1,1,HIGH_LOCKED_LAGGED_FTN_SHORT_HISTORY,short_history_diagnostic
00-0035544,2025,WR,SHORT_HISTORY_SCHEME,1.0,1,1,HIGH_LOCKED_LAGGED_FTN_SHORT_HISTORY,short_history_diagnostic
00-0035602,2025,WR,SHORT_HISTORY_SCHEME,1.0,1,1,HIGH_LOCKED_LAGGED_FTN_SHORT_HISTORY,short_history_diagnostic
00-0035639,2025,WR,SHORT_HISTORY_SCHEME,1.0,1,1,HIGH_LOCKED_LAGGED_FTN_SHORT_HISTORY,short_history_diagnostic
00-0035719,2025,WR,SHORT_HISTORY_SCHEME,1.0,1,1,HIGH_LOCKED_LAGGED_FTN_SHORT_HISTORY,short_history_diagnostic
00-0035891,2025,WR,SHORT_HISTORY_SCHEME,1.0,1,1,HIGH_LOCKED_LAGGED_FTN_SHORT_HISTORY,short_history_diagnostic
00-0036133,2025,WR,SHORT_HISTORY_SCHEME,1.0,1,1,HIGH_LOCKED_LAGGED_FTN_SHORT_HISTORY,short_history_diagnostic
00-0036165,2025,WR,SHORT_HISTORY_SCHEME,1.0,1,1,HIGH_LOCKED_LAGGED_FTN_SHORT_HISTORY,short_history_diagnostic
00-0036176,2025,WR,SHORT_HISTORY_SCHEME,1.0,1,1,HIGH_LOCKED_LAGGED_FTN_SHORT_HISTORY,short_history_diagnostic
00-0036182,2025,WR,SHORT_HISTORY_SCHEME,1.0,1,1,HIGH_LOCKED_LAGGED_FTN_SHORT_HISTORY,short_history_diagnostic
00-0036252,2025,WR,SHORT_HISTORY_SCHEME,1.0,1,1,HIGH_LOCKED_LAGGED_FTN_SHORT_HISTORY,short_history_diagnostic
00-0036309,2025,WR,SHORT_HISTORY_SCHEME,1.0,1,1,HIGH_LOCKED_LAGGED_FTN_SHORT_HISTORY,short_history_diagnostic
00-0036358,2025,WR,SHORT_HISTORY_SCHEME,1.0,1,1,HIGH_LOCKED_LAGGED_FTN_SHORT_HISTORY,short_history_diagnostic
00-0036407,2025,WR,SHORT_HISTORY_SCHEME,1.0,1,1,HIGH_LOCKED_LAGGED_FTN_SHORT_HISTORY,short_history_diagnostic
00-0036410,2025,WR,SHORT_HISTORY_SCHEME,1.0,1,1,HIGH_LOCKED_LAGGED_FTN_SHORT_HISTORY,short_history_diagnostic
00-0036427,2025,WR,SHORT_HISTORY_SCHEME,1.0,1,1,HIGH_LOCKED_LAGGED_FTN_SHORT_HISTORY,short_history_diagnostic
00-0036463,2025,WR,SHORT_HISTORY_SCHEME,1.0,1,1,HIGH_LOCKED_LAGGED_FTN_SHORT_HISTORY,short_history_diagnostic
00-0036497,2025,WR,SHORT_HISTORY_SCHEME,1.0,1,1,HIGH_LOCKED_LAGGED_FTN_SHORT_HISTORY,short_history_diagnostic
00-0036527,2025,WR,SHORT_HISTORY_SCHEME,1.0,1,1,HIGH_LOCKED_LAGGED_FTN_SHORT_HISTORY,short_history_diagnostic
00-0036613,2025,WR,SHORT_HISTORY_SCHEME,1.0,1,1,HIGH_LOCKED_LAGGED_FTN_SHORT_HISTORY,short_history_diagnostic
00-0036620,2025,WR,SHORT_HISTORY_SCHEME,1.0,1,1,HIGH_LOCKED_LAGGED_FTN_SHORT_HISTORY,short_history_diagnostic
00-0036646,2025,WR,SHORT_HISTORY_SCHEME,1.0,1,1,HIGH_LOCKED_LAGGED_FTN_SHORT_HISTORY,short_history_diagnostic
00-0036841,2025,WR,SHORT_HISTORY_SCHEME,1.0,1,1,HIGH_LOCKED_LAGGED_FTN_SHORT_HISTORY,short_history_diagnostic
00-0036900,2025,WR,SHORT_HISTORY_SCHEME,1.0,1,1,HIGH_LOCKED_LAGGED_FTN_SHORT_HISTORY,short_history_diagnostic
00-0036988,2025,WR,SHORT_HISTORY_SCHEME,1.0,1,1,HIGH_LOCKED_LAGGED_FTN_SHORT_HISTORY,short_history_diagnostic
00-0037231,2025,WR,SHORT_HISTORY_SCHEME,1.0,1,1,HIGH_LOCKED_LAGGED_FTN_SHORT_HISTORY,short_history_diagnostic
00-0037238,2025,WR,SHORT_HISTORY_SCHEME,1.0,1,1,HIGH_LOCKED_LAGGED_FTN_SHORT_HISTORY,short_history_diagnostic
00-0037239,2025,WR,SHORT_HISTORY_SCHEME,1.0,1,1,HIGH_LOCKED_LAGGED_FTN_SHORT_HISTORY,short_history_diagnostic
00-0037380,2025,WR,SHORT_HISTORY_SCHEME,0.0,0,0,HIGH_LOCKED_LAGGED_FTN_SHORT_HISTORY,short_history_diagnostic
00-0037487,2025,WR,SHORT_HISTORY_SCHEME,1.0,1,1,HIGH_LOCKED_LAGGED_FTN_SHORT_HISTORY,short_history_diagnostic
00-0037524,2025,WR,SHORT_HISTORY_SCHEME,1.0,1,1,HIGH_LOCKED_LAGGED_FTN_SHORT_HISTORY,short_history_diagnostic
00-0037664,2025,WR,SHORT_HISTORY_SCHEME,1.0,1,1,HIGH_LOCKED_LAGGED_FTN_SHORT_HISTORY,short_history_diagnostic
00-0037666,2025,WR,SHORT_HISTORY_SCHEME,1.0,1,1,HIGH_LOCKED_LAGGED_FTN_SHORT_HISTORY,short_history_diagnostic
00-0037740,2025,WR,SHORT_HISTORY_SCHEME,1.0,1,1,HIGH_LOCKED_LAGGED_FTN_SHORT_HISTORY,short_history_diagnostic
00-0037742,2025,WR,SHORT_HISTORY_SCHEME,1.0,1,1,HIGH_LOCKED_LAGGED_FTN_SHORT_HISTORY,short_history_diagnostic
00-0037801,2025,WR,SHORT_HISTORY_SCHEME,1.0,1,1,HIGH_LOCKED_LAGGED_FTN_SHORT_HISTORY,short_history_diagnostic
00-0038104,2025,WR,SHORT_HISTORY_SCHEME,1.0,1,1,HIGH_LOCKED_LAGGED_FTN_SHORT_HISTORY,short_history_diagnostic
00-0038117,2025,WR,SHORT_HISTORY_SCHEME,1.0,1,1,HIGH_LOCKED_LAGGED_FTN_SHORT_HISTORY,short_history_diagnostic
00-0038496,2025,WR,SHORT_HISTORY_SCHEME,1.0,1,1,HIGH_LOCKED_LAGGED_FTN_SHORT_HISTORY,short_history_diagnostic
00-0038559,2025,WR,SHORT_HISTORY_SCHEME,1.0,1,1,HIGH_LOCKED_LAGGED_FTN_SHORT_HISTORY,short_history_diagnostic
00-0038563,2025,WR,SHORT_HISTORY_SCHEME,1.0,1,1,HIGH_LOCKED_LAGGED_FTN_SHORT_HISTORY,short_history_diagnostic
00-0038576,2025,WR,SHORT_HISTORY_SCHEME,1.0,1,1,HIGH_LOCKED_LAGGED_FTN_SHORT_HISTORY,short_history_diagnostic
00-0038619,2025,WR,SHORT_HISTORY_SCHEME,1.0,1,1,HIGH_LOCKED_LAGGED_FTN_SHORT_HISTORY,short_history_diagnostic
00-0038640,2025,WR,SHORT_HISTORY_SCHEME,1.0,1,1,HIGH_LOCKED_LAGGED_FTN_SHORT_HISTORY,short_history_diagnostic
00-0038647,2025,WR,SHORT_HISTORY_SCHEME,1.0,1,1,HIGH_LOCKED_LAGGED_FTN_SHORT_HISTORY,short_history_diagnostic
00-0038938,2025,WR,SHORT_HISTORY_SCHEME,1.0,1,1,HIGH_LOCKED_LAGGED_FTN_SHORT_HISTORY,short_history_diagnostic
00-0038979,2025,WR,SHORT_HISTORY_SCHEME,1.0,1,1,HIGH_LOCKED_LAGGED_FTN_SHORT_HISTORY,short_history_diagnostic
00-0038997,2025,WR,SHORT_HISTORY_SCHEME,1.0,1,1,HIGH_LOCKED_LAGGED_FTN_SHORT_HISTORY,short_history_diagnostic
00-0039062,2025,WR,SHORT_HISTORY_SCHEME,1.0,1,1,HIGH_LOCKED_LAGGED_FTN_SHORT_HISTORY,short_history_diagnostic
00-0039064,2025,WR,SHORT_HISTORY_SCHEME,1.0,1,1,HIGH_LOCKED_LAGGED_FTN_SHORT_HISTORY,short_history_diagnostic
00-0039067,2025,WR,SHORT_HISTORY_SCHEME,1.0,1,1,HIGH_LOCKED_LAGGED_FTN_SHORT_HISTORY,short_history_diagnostic
00-0039337,2025,WR,SHORT_HISTORY_SCHEME,1.0,1,1,HIGH_LOCKED_LAGGED_FTN_SHORT_HISTORY,short_history_diagnostic
00-0039379,2025,WR,SHORT_HISTORY_SCHEME,1.0,1,1,HIGH_LOCKED_LAGGED_FTN_SHORT_HISTORY,short_history_diagnostic
00-0039394,2025,WR,SHORT_HISTORY_SCHEME,1.0,1,1,HIGH_LOCKED_LAGGED_FTN_SHORT_HISTORY,short_history_diagnostic
00-0039410,2025,WR,SHORT_HISTORY_SCHEME,1.0,1,1,HIGH_LOCKED_LAGGED_FTN_SHORT_HISTORY,short_history_diagnostic
00-0039451,2025,WR,SHORT_HISTORY_SCHEME,1.0,1,1,HIGH_LOCKED_LAGGED_FTN_SHORT_HISTORY,short_history_diagnostic
00-0039521,2025,WR,SHORT_HISTORY_SCHEME,1.0,1,1,HIGH_LOCKED_LAGGED_FTN_SHORT_HISTORY,short_history_diagnostic
00-0039589,2025,WR,SHORT_HISTORY_SCHEME,1.0,1,1,HIGH_LOCKED_LAGGED_FTN_SHORT_HISTORY,short_history_diagnostic
00-0039623,2025,WR,SHORT_HISTORY_SCHEME,1.0,1,1,HIGH_LOCKED_LAGGED_FTN_SHORT_HISTORY,short_history_diagnostic
00-0039650,2025,WR,SHORT_HISTORY_SCHEME,1.0,1,1,HIGH_LOCKED_LAGGED_FTN_SHORT_HISTORY,short_history_diagnostic
00-0039792,2025,WR,SHORT_HISTORY_SCHEME,1.0,1,1,HIGH_LOCKED_LAGGED_FTN_SHORT_HISTORY,short_history_diagnostic
00-0039816,2025,WR,SHORT_HISTORY_SCHEME,1.0,1,1,HIGH_LOCKED_LAGGED_FTN_SHORT_HISTORY,short_history_diagnostic
00-0039849,2025,WR,SHORT_HISTORY_SCHEME,1.0,1,1,HIGH_LOCKED_LAGGED_FTN_SHORT_HISTORY,short_history_diagnostic
00-0039880,2025,WR,SHORT_HISTORY_SCHEME,1.0,1,1,HIGH_LOCKED_LAGGED_FTN_SHORT_HISTORY,short_history_diagnostic
00-0039890,2025,WR,SHORT_HISTORY_SCHEME,1.0,1,1,HIGH_LOCKED_LAGGED_FTN_SHORT_HISTORY,short_history_diagnostic
00-0039920,2025,WR,SHORT_HISTORY_SCHEME,1.0,1,1,HIGH_LOCKED_LAGGED_FTN_SHORT_HISTORY,short_history_diagnostic
00-0024243,2025,TE,SHORT_HISTORY_SCHEME,1.0,1,1,HIGH_LOCKED_LAGGED_FTN_SHORT_HISTORY,short_history_diagnostic
00-0031484,2025,TE,SHORT_HISTORY_SCHEME,1.0,1,1,HIGH_LOCKED_LAGGED_FTN_SHORT_HISTORY,short_history_diagnostic
00-0033217,2025,TE,SHORT_HISTORY_SCHEME,1.0,1,1,HIGH_LOCKED_LAGGED_FTN_SHORT_HISTORY,short_history_diagnostic
00-0033357,2025,TE,SHORT_HISTORY_SCHEME,1.0,1,1,HIGH_LOCKED_LAGGED_FTN_SHORT_HISTORY,short_history_diagnostic
00-0033439,2025,TE,SHORT_HISTORY_SCHEME,1.0,1,1,HIGH_LOCKED_LAGGED_FTN_SHORT_HISTORY,short_history_diagnostic
00-0033455,2025,TE,SHORT_HISTORY_SCHEME,0.0,0,0,HIGH_LOCKED_LAGGED_FTN_SHORT_HISTORY,short_history_diagnostic
00-0033885,2025,TE,SHORT_HISTORY_SCHEME,1.0,1,1,HIGH_LOCKED_LAGGED_FTN_SHORT_HISTORY,short_history_diagnostic
00-0034073,2025,TE,SHORT_HISTORY_SCHEME,1.0,1,1,HIGH_LOCKED_LAGGED_FTN_SHORT_HISTORY,short_history_diagnostic
00-0034270,2025,TE,SHORT_HISTORY_SCHEME,1.0,1,1,HIGH_LOCKED_LAGGED_FTN_SHORT_HISTORY,short_history_diagnostic
00-0034365,2025,TE,SHORT_HISTORY_SCHEME,1.0,1,1,HIGH_LOCKED_LAGGED_FTN_SHORT_HISTORY,short_history_diagnostic
00-0034613,2025,TE,SHORT_HISTORY_SCHEME,1.0,1,1,HIGH_LOCKED_LAGGED_FTN_SHORT_HISTORY,short_history_diagnostic
00-0034829,2025,TE,SHORT_HISTORY_SCHEME,1.0,1,1,HIGH_LOCKED_LAGGED_FTN_SHORT_HISTORY,short_history_diagnostic
00-0034981,2025,TE,SHORT_HISTORY_SCHEME,1.0,1,1,HIGH_LOCKED_LAGGED_FTN_SHORT_HISTORY,short_history_diagnostic
00-0035631,2025,TE,SHORT_HISTORY_SCHEME,1.0,1,1,HIGH_LOCKED_LAGGED_FTN_SHORT_HISTORY,short_history_diagnostic
00-0035644,2025,TE,SHORT_HISTORY_SCHEME,1.0,1,1,HIGH_LOCKED_LAGGED_FTN_SHORT_HISTORY,short_history_diagnostic
00-0036040,2025,TE,SHORT_HISTORY_SCHEME,1.0,1,1,HIGH_LOCKED_LAGGED_FTN_SHORT_HISTORY,short_history_diagnostic
00-0036332,2025,TE,SHORT_HISTORY_SCHEME,1.0,1,1,HIGH_LOCKED_LAGGED_FTN_SHORT_HISTORY,short_history_diagnostic
00-0036429,2025,TE,SHORT_HISTORY_SCHEME,1.0,1,1,HIGH_LOCKED_LAGGED_FTN_SHORT_HISTORY,short_history_diagnostic
00-0036534,2025,TE,SHORT_HISTORY_SCHEME,1.0,1,1,HIGH_LOCKED_LAGGED_FTN_SHORT_HISTORY,short_history_diagnostic
00-0036590,2025,TE,SHORT_HISTORY_SCHEME,1.0,1,1,HIGH_LOCKED_LAGGED_FTN_SHORT_HISTORY,short_history_diagnostic
00-0036741,2025,TE,SHORT_HISTORY_SCHEME,1.0,1,1,HIGH_LOCKED_LAGGED_FTN_SHORT_HISTORY,short_history_diagnostic
00-0036754,2025,TE,SHORT_HISTORY_SCHEME,1.0,1,1,HIGH_LOCKED_LAGGED_FTN_SHORT_HISTORY,short_history_diagnostic
00-0036825,2025,TE,SHORT_HISTORY_SCHEME,1.0,1,1,HIGH_LOCKED_LAGGED_FTN_SHORT_HISTORY,short_history_diagnostic
00-0036876,2025,TE,SHORT_HISTORY_SCHEME,1.0,1,1,HIGH_LOCKED_LAGGED_FTN_SHORT_HISTORY,short_history_diagnostic
00-0036970,2025,TE,SHORT_HISTORY_SCHEME,1.0,1,1,HIGH_LOCKED_LAGGED_FTN_SHORT_HISTORY,short_history_diagnostic
00-0037252,2025,TE,SHORT_HISTORY_SCHEME,1.0,1,1,HIGH_LOCKED_LAGGED_FTN_SHORT_HISTORY,short_history_diagnostic
00-0037292,2025,TE,SHORT_HISTORY_SCHEME,1.0,1,1,HIGH_LOCKED_LAGGED_FTN_SHORT_HISTORY,short_history_diagnostic
00-0037311,2025,TE,SHORT_HISTORY_SCHEME,0.0,0,0,HIGH_LOCKED_LAGGED_FTN_SHORT_HISTORY,short_history_diagnostic
00-0037348,2025,TE,SHORT_HISTORY_SCHEME,1.0,1,1,HIGH_LOCKED_LAGGED_FTN_SHORT_HISTORY,short_history_diagnostic
00-0037475,2025,TE,SHORT_HISTORY_SCHEME,1.0,1,1,HIGH_LOCKED_LAGGED_FTN_SHORT_HISTORY,short_history_diagnostic
00-0037744,2025,TE,SHORT_HISTORY_SCHEME,1.0,1,1,HIGH_LOCKED_LAGGED_FTN_SHORT_HISTORY,short_history_diagnostic
00-0037805,2025,TE,SHORT_HISTORY_SCHEME,1.0,1,1,HIGH_LOCKED_LAGGED_FTN_SHORT_HISTORY,short_history_diagnostic
00-0037809,2025,TE,SHORT_HISTORY_SCHEME,1.0,1,1,HIGH_LOCKED_LAGGED_FTN_SHORT_HISTORY,short_history_diagnostic
00-0038041,2025,TE,SHORT_HISTORY_SCHEME,1.0,1,1,HIGH_LOCKED_LAGGED_FTN_SHORT_HISTORY,short_history_diagnostic
00-0038115,2025,TE,SHORT_HISTORY_SCHEME,1.0,1,1,HIGH_LOCKED_LAGGED_FTN_SHORT_HISTORY,short_history_diagnostic
00-0038394,2025,TE,SHORT_HISTORY_SCHEME,1.0,1,1,HIGH_LOCKED_LAGGED_FTN_SHORT_HISTORY,short_history_diagnostic
00-0038498,2025,TE,SHORT_HISTORY_SCHEME,1.0,1,1,HIGH_LOCKED_LAGGED_FTN_SHORT_HISTORY,short_history_diagnostic
00-0038547,2025,TE,SHORT_HISTORY_SCHEME,1.0,1,1,HIGH_LOCKED_LAGGED_FTN_SHORT_HISTORY,short_history_diagnostic
00-0038590,2025,TE,SHORT_HISTORY_SCHEME,0.0,0,0,HIGH_LOCKED_LAGGED_FTN_SHORT_HISTORY,short_history_diagnostic
00-0038643,2025,TE,SHORT_HISTORY_SCHEME,1.0,1,1,HIGH_LOCKED_LAGGED_FTN_SHORT_HISTORY,short_history_diagnostic
00-0038710,2025,TE,SHORT_HISTORY_SCHEME,1.0,1,1,HIGH_LOCKED_LAGGED_FTN_SHORT_HISTORY,short_history_diagnostic
00-0038720,2025,TE,SHORT_HISTORY_SCHEME,1.0,1,1,HIGH_LOCKED_LAGGED_FTN_SHORT_HISTORY,short_history_diagnostic
00-0038735,2025,TE,SHORT_HISTORY_SCHEME,0.0,0,0,HIGH_LOCKED_LAGGED_FTN_SHORT_HISTORY,short_history_diagnostic
00-0038809,2025,TE,SHORT_HISTORY_SCHEME,1.0,1,1,HIGH_LOCKED_LAGGED_FTN_SHORT_HISTORY,short_history_diagnostic
00-0039041,2025,TE,SHORT_HISTORY_SCHEME,1.0,1,1,HIGH_LOCKED_LAGGED_FTN_SHORT_HISTORY,short_history_diagnostic
00-0039050,2025,TE,SHORT_HISTORY_SCHEME,1.0,1,1,HIGH_LOCKED_LAGGED_FTN_SHORT_HISTORY,short_history_diagnostic
00-0039066,2025,TE,SHORT_HISTORY_SCHEME,1.0,1,1,HIGH_LOCKED_LAGGED_FTN_SHORT_HISTORY,short_history_diagnostic
00-0039338,2025,TE,SHORT_HISTORY_SCHEME,1.0,1,1,HIGH_LOCKED_LAGGED_FTN_SHORT_HISTORY,short_history_diagnostic
00-0039356,2025,TE,SHORT_HISTORY_SCHEME,1.0,1,1,HIGH_LOCKED_LAGGED_FTN_SHORT_HISTORY,short_history_diagnostic
00-0039458,2025,TE,SHORT_HISTORY_SCHEME,1.0,1,1,HIGH_LOCKED_LAGGED_FTN_SHORT_HISTORY,short_history_diagnostic
00-0039530,2025,TE,SHORT_HISTORY_SCHEME,1.0,1,1,HIGH_LOCKED_LAGGED_FTN_SHORT_HISTORY,short_history_diagnostic
00-0039631,2025,TE,SHORT_HISTORY_SCHEME,1.0,1,1,HIGH_LOCKED_LAGGED_FTN_SHORT_HISTORY,short_history_diagnostic
00-0039648,2025,TE,SHORT_HISTORY_SCHEME,1.0,1,1,HIGH_LOCKED_LAGGED_FTN_SHORT_HISTORY,short_history_diagnostic
00-0039737,2025,TE,SHORT_HISTORY_SCHEME,1.0,1,1,HIGH_LOCKED_LAGGED_FTN_SHORT_HISTORY,short_history_diagnostic
00-0039754,2025,TE,SHORT_HISTORY_SCHEME,1.0,1,1,HIGH_LOCKED_LAGGED_FTN_SHORT_HISTORY,short_history_diagnostic
00-0039824,2025,TE,SHORT_HISTORY_SCHEME,1.0,1,1,HIGH_LOCKED_LAGGED_FTN_SHORT_HISTORY,short_history_diagnostic
00-0039847,2025,TE,SHORT_HISTORY_SCHEME,1.0,1,1,HIGH_LOCKED_LAGGED_FTN_SHORT_HISTORY,short_history_diagnostic
