player_id,position,target_season,low_availability,high_availability,low_availability_PREVALENCE,low_availability_LOGIT_MINIMAL,low_availability_LOGIT_MINIMAL_fallback,low_availability_LOGIT_FULL,low_availability_LOGIT_FULL_fallback,high_availability_PREVALENCE,high_availability_LOGIT_MINIMAL,high_availability_LOGIT_MINIMAL_fallback,high_availability_LOGIT_FULL,high_availability_LOGIT_FULL_fallback
00-0021206,QB,2018,1,0,0.7739130434782608,0.6662914163509952,False,0.6316424215431581,False,0.1565217391304348,0.25618222273636293,False,0.393316049154986,False
00-0021429,QB,2018,1,0,0.7739130434782608,0.774472491479711,False,0.812117851638121,False,0.1565217391304348,0.15752490737657707,False,0.149382857646066,False
00-0022803,QB,2018,0,1,0.7739130434782608,0.3583207770047742,False,0.5597426769431378,False,0.1565217391304348,0.5064164763637402,False,0.4464247713151067,False
00-0022942,QB,2018,1,0,0.7739130434782608,0.4180578991770824,False,0.43978672452121353,False,0.1565217391304348,0.47277005664891336,False,0.4950590082259413,False
00-0023459,QB,2018,0,1,0.7739130434782608,0.7580113374792297,False,0.5267130445270656,False,0.1565217391304348,0.16011030921196548,False,0.2794149318173032,False
00-0023662,QB,2018,1,0,0.7739130434782608,0.9304215714734816,False,0.9882937957640545,False,0.1565217391304348,0.04866171776757318,False,0.021041712236662603,False
00-0023682,QB,2018,1,0,0.7739130434782608,0.809890437234778,False,0.7634384272249127,False,0.1565217391304348,0.13157035256434826,False,0.14492214743068962,False
00-0024226,QB,2018,1,0,0.7739130434782608,0.6278121865112171,False,0.74303948386616,False,0.1565217391304348,0.28982409564035716,False,0.24740143989785413,False
00-0024264,QB,2018,1,0,0.7739130434782608,0.9286007932269015,False,0.9619709685961979,False,0.1565217391304348,0.050909437929977853,False,0.03507491283505427,False
00-0025430,QB,2018,1,0,0.7739130434782608,0.8849731400992481,False,0.9052009343932127,False,0.1565217391304348,0.08141644510130225,False,0.12180547556295847,False
00-0025708,QB,2018,1,0,0.7739130434782608,0.8567411546519587,False,0.887252287827278,False,0.1565217391304348,0.09207480656928033,False,0.08521695562379375,False
00-0026158,QB,2018,0,0,0.7739130434782608,0.4180578991770824,False,0.6282255388949738,False,0.1565217391304348,0.47277005664891336,False,0.34942781140589946,False
00-0026197,QB,2018,1,0,0.7739130434782608,0.9390038450325783,False,0.9239179269524407,False,0.1565217391304348,0.04330881483038332,False,0.06510296006639152,False
00-0026498,QB,2018,0,1,0.7739130434782608,0.31040676245811216,False,0.3104822905025085,False,0.1565217391304348,0.5587404179259222,False,0.5679448887101602,False
00-0026544,QB,2018,1,0,0.7739130434782608,0.947976063385235,False,0.8818851207660396,False,0.1565217391304348,0.0367989439926286,False,0.08838789815144964,False
00-0027796,QB,2018,1,0,0.7739130434782608,0.7646164344290466,False,0.8589732238872467,False,0.1565217391304348,0.1705522869919322,False,0.0834179482518702,False
00-0027854,QB,2018,1,0,0.7739130434782608,0.8886299917356085,False,0.8399727315696521,False,0.1565217391304348,0.0741169742538208,False,0.12349173249800044,False
00-0027948,QB,2018,1,0,0.7739130434782608,0.8801076297855539,False,0.9110938988083177,False,0.1565217391304348,0.08451385124380198,False,0.06793873504613512,False
00-0027973,QB,2018,0,0,0.7739130434782608,0.4180578991770824,False,0.5884586352576624,False,0.1565217391304348,0.47277005664891336,False,0.3654098469001619,False
00-0028012,QB,2018,1,0,0.7739130434782608,0.9304215714734816,False,0.9346119872790738,False,0.1565217391304348,0.04866171776757318,False,0.08389424240065725,False
00-0028090,QB,2018,1,0,0.7739130434782608,0.8567411546519587,False,0.8585395458464214,False,0.1565217391304348,0.09207480656928033,False,0.07240363083777242,False
00-0028595,QB,2018,1,0,0.7739130434782608,0.9456117262239054,False,0.994108586534273,False,0.1565217391304348,0.038269640035138906,False,0.009331821613644528,False
00-0028957,QB,2018,1,0,0.7739130434782608,0.919469287109144,False,0.8814876262801637,False,0.1565217391304348,0.05118760385532506,False,0.0895021802197148,False
00-0029263,QB,2018,1,0,0.7739130434782608,0.31040676245811216,False,0.21537188507085903,False,0.1565217391304348,0.5587404179259222,False,0.6030665162052901,False
00-0029604,QB,2018,0,1,0.7739130434782608,0.4180578991770824,False,0.44283643423466673,False,0.1565217391304348,0.47277005664891336,False,0.5183658043380548,False
00-0029682,QB,2018,1,0,0.7739130434782608,0.795331252198143,False,0.8005430800197051,False,0.1565217391304348,0.13379742364703695,False,0.13660118146086903,False
00-0030151,QB,2018,1,0,0.7739130434782608,0.919469287109144,False,0.6162551434514093,False,0.1565217391304348,0.05118760385532506,False,0.2825678172464877,False
00-0030520,QB,2018,1,0,0.7739130434782608,0.9165810958210185,False,0.9271816856061352,False,0.1565217391304348,0.05976063429412416,False,0.06446952004732501,False
00-0030524,QB,2018,1,0,0.7739130434782608,0.9075215009323395,False,0.9556884375806441,False,0.1565217391304348,0.06409418978145884,False,0.03774824185823804,False
00-0030526,QB,2018,1,0,0.7739130434782608,0.9273205992922047,False,0.919139296347159,False,0.1565217391304348,0.0505816208763848,False,0.04545175261536324,False
00-0030565,QB,2018,1,0,0.7739130434782608,0.9362591639565615,False,0.955531207880391,False,0.1565217391304348,0.04502752005531428,False,0.029949472902935675,False
00-0031064,QB,2018,1,0,0.7739130434782608,0.8359538475260028,False,0.9375409578218407,False,0.1565217391304348,0.11965708409771979,False,0.05903976934157725,False
00-0031076,QB,2018,1,0,0.7739130434782608,0.9390038450325783,False,0.9079123503717476,False,0.1565217391304348,0.04330881483038332,False,0.13425033248077087,False
00-0031237,QB,2018,1,0,0.7739130434782608,0.919469287109144,False,0.9322844951245642,False,0.1565217391304348,0.05118760385532506,False,0.07758395901152013,False
00-0031280,QB,2018,0,1,0.7739130434782608,0.47123365237341247,False,0.5298329984181441,False,0.1565217391304348,0.42081905347426846,False,0.3568768171976393,False
00-0031288,QB,2018,1,0,0.7739130434782608,0.9019958045839785,False,0.938631362144737,False,0.1565217391304348,0.06242509213200314,False,0.04286665025338453,False
00-0031345,QB,2018,1,0,0.7739130434782608,0.8611450634025406,False,0.8166017713254685,False,0.1565217391304348,0.09860058824243625,False,0.06809903328702732,False
00-0031503,QB,2018,0,0,0.7739130434782608,0.5436631749380733,False,0.4905844126429244,False,0.1565217391304348,0.35022887049166446,False,0.365544598149681,False
00-0031568,QB,2018,1,0,0.7739130434782608,0.8967909610026998,False,0.9329458580234863,False,0.1565217391304348,0.07227826602055935,False,0.03602484322813265,False
00-0031589,QB,2018,1,0,0.7739130434782608,0.5694417262104448,False,0.41228833666264775,False,0.1565217391304348,0.3066410215548713,False,0.21986482133128754,False
00-0031800,QB,2018,1,0,0.7739130434782608,0.919469287109144,False,0.9719346354717698,False,0.1565217391304348,0.05118760385532506,False,0.01652429422816148,False
00-0032156,QB,2018,1,0,0.7739130434782608,0.6470770350053753,False,0.7516602756302085,False,0.1565217391304348,0.2613812047805012,False,0.1996162132245871,False
00-0032245,QB,2018,1,0,0.7739130434782608,0.902749854480455,False,0.9620655526105656,False,0.1565217391304348,0.07003715353832941,False,0.034253460244032634,False
00-0032431,QB,2018,1,0,0.7739130434782608,0.8812207211289298,False,0.9341185053694488,False,0.1565217391304348,0.07593217353006355,False,0.05320600704447624,False
00-0032630,QB,2018,1,0,0.7739130434782608,0.919469287109144,False,0.928399244202886,False,0.1565217391304348,0.05118760385532506,False,0.05619913867206784,False
00-0032784,QB,2018,1,0,0.7739130434782608,0.9091162618211808,False,0.8949312381917932,False,0.1565217391304348,0.06450363133249773,False,0.059035791264122395,False
00-0032950,QB,2018,0,0,0.7739130434782608,0.5436631749380733,False,0.3168527480852382,False,0.1565217391304348,0.35022887049166446,False,0.5599269016689482,False
00-0033077,QB,2018,1,0,0.7739130434782608,0.31040676245811216,False,0.37591767340055043,False,0.1565217391304348,0.5587404179259222,False,0.5630390552710276,False
00-0033104,QB,2018,1,0,0.7739130434782608,0.8993349962628505,False,0.9681482773749024,False,0.1565217391304348,0.06915582909348673,False,0.02539564447829683,False
00-0033108,QB,2018,1,0,0.7739130434782608,0.933399738510227,False,0.9506865849700232,False,0.1565217391304348,0.04681109453148383,False,0.03238996415341072,False
00-0033119,QB,2018,1,0,0.7739130434782608,0.569421921609909,False,0.6594015599046317,False,0.1565217391304348,0.34562346784329384,False,0.27405953128231203,False
00-0033537,QB,2018,1,0,0.7739130434782608,0.7580113374792297,False,0.38942221308977776,False,0.1565217391304348,0.16011030921196548,False,0.38858254472337345,False
00-0033662,QB,2018,1,0,0.7739130434782608,0.9019958045839785,False,0.7811125089585275,False,0.1565217391304348,0.06242509213200314,False,0.11200667126668061,False
00-0033869,QB,2018,1,0,0.7739130434782608,0.5159983751287966,False,0.5988583216147556,False,0.1565217391304348,0.3530896433782251,False,0.2475952629422855,False
00-0033873,QB,2018,1,0,0.7739130434782608,0.919469287109144,False,0.7373774093072253,False,0.1565217391304348,0.05118760385532506,False,0.06562978248458237,False
00-0033899,QB,2018,1,0,0.7739130434782608,0.3583207770047742,False,0.5121463889989049,False,0.1565217391304348,0.5064164763637402,False,0.41838348175626444,False
00-0033936,QB,2018,1,0,0.7739130434782608,0.795331252198143,False,0.7552149304043718,False,0.1565217391304348,0.13379742364703695,False,0.1887140944401143,False
00-0023500,RB,2018,0,1,0.6816143497757847,0.48709228170655433,False,0.4627204344406269,False,0.1681614349775785,0.3618467846156514,False,0.2887730814509887,False
00-0023564,RB,2018,1,0,0.6816143497757847,0.7589919676596524,False,0.7497226478943289,False,0.1681614349775785,0.13617907315021713,False,0.10799351337469493,False
00-0025394,RB,2018,0,1,0.6816143497757847,0.7503806953481944,False,0.6276309839751806,False,0.1681614349775785,0.1085379708236088,False,0.18035026375185786,False
00-0025399,RB,2018,1,0,0.6816143497757847,0.5032316200310829,False,0.4402700096789818,False,0.1681614349775785,0.3114613099976553,False,0.34987220692950394,False
00-0026019,RB,2018,1,0,0.6816143497757847,0.7900949358953459,False,0.7267788904042924,False,0.1681614349775785,0.08575209001767833,False,0.0662523609536351,False
00-0026144,RB,2018,1,0,0.6816143497757847,0.8696095874709573,False,0.9276506132865261,False,0.1681614349775785,0.05022940446267799,False,0.022592663900208115,False
00-0026164,RB,2018,1,0,0.6816143497757847,0.8297867020522504,False,0.8104241007676926,False,0.1681614349775785,0.07003899183386796,False,0.08098814200799888,False
00-0026184,RB,2018,1,0,0.6816143497757847,0.5982228534802634,False,0.6166504816339196,False,0.1681614349775785,0.25178503971534627,False,0.21652042564249396,False
00-0026213,RB,2018,1,0,0.6816143497757847,0.6974155843261549,False,0.6507891965802656,False,0.1681614349775785,0.13849932316428978,False,0.11477393129742834,False
00-0027861,RB,2018,1,0,0.6816143497757847,0.8524810175890414,False,0.9072999677338818,False,0.1681614349775785,0.06221707673077654,False,0.03750516111308792,False
00-0027994,RB,2018,1,0,0.6816143497757847,0.6162955153602422,False,0.543387221517401,False,0.1681614349775785,0.1980218300274685,False,0.029294397368875562,False
00-0028009,RB,2018,1,0,0.6816143497757847,0.5092235761991972,False,0.5393724368215885,False,0.1681614349775785,0.34073774300658294,False,0.2315707727724836,False
00-0028011,RB,2018,0,0,0.6816143497757847,0.8704017009620396,False,0.7316836552162582,False,0.1681614349775785,0.047510741376480065,False,0.13214864428047454,False
00-0028063,RB,2018,1,0,0.6816143497757847,0.7983572960616192,False,0.8863316857390714,False,0.1681614349775785,0.07758837947439452,False,0.0511958182333988,False
00-0028064,RB,2018,1,0,0.6816143497757847,0.5092235761991972,False,0.48718924946645703,False,0.1681614349775785,0.34073774300658294,False,0.28928311110826366,False
00-0028083,RB,2018,0,1,0.6816143497757847,0.5584791317344339,False,0.6916096966471426,False,0.1681614349775785,0.2648678414116742,False,0.09900049718117425,False
00-0028121,RB,2018,1,0,0.6816143497757847,0.6707238354292943,False,0.8052361431202762,False,0.1681614349775785,0.19113625311090388,False,0.08225129545300022,False
00-0029004,RB,2018,1,0,0.6816143497757847,0.7988333895214416,False,0.7555176661243188,False,0.1681614349775785,0.10277390321192506,False,0.1536103864082079,False
00-0029141,RB,2018,0,0,0.6816143497757847,0.5767692997025853,False,0.5407416849441644,False,0.1681614349775785,0.2696372441907854,False,0.24349805200101612,False
00-0029205,RB,2018,1,0,0.6816143497757847,0.6884746065523393,False,0.7030876402925099,False,0.1681614349775785,0.1859125190633025,False,0.1569990717540637,False
00-0029273,RB,2018,1,0,0.6816143497757847,0.7071409177192846,False,0.7852539677693557,False,0.1681614349775785,0.1722958987481228,False,0.10709680030480259,False
00-0029384,RB,2018,1,0,0.6816143497757847,0.819412489105556,False,0.8219870889294422,False,0.1681614349775785,0.06637207062227302,False,0.06120384797275863,False
00-0029492,RB,2018,0,0,0.6816143497757847,0.7509026907747589,False,0.7712355650990931,False,0.1681614349775785,0.10535245459382239,False,0.09486585025242447,False
00-0029613,RB,2018,0,1,0.6816143497757847,0.6842215543739184,False,0.7045595917533702,False,0.1681614349775785,0.16311554882036486,False,0.12149485866148452,False
00-0029615,RB,2018,1,0,0.6816143497757847,0.4691924343331433,False,0.4862677506512983,False,0.1681614349775785,0.3486295491067219,False,0.35789463058470106,False
00-0029795,RB,2018,1,0,0.6816143497757847,0.5900812469926562,False,0.7741910758297863,False,0.1681614349775785,0.24406073682702487,False,0.1299350352856519,False
00-0029854,RB,2018,1,0,0.6816143497757847,0.5934652197066262,False,0.5046548786280655,False,0.1681614349775785,0.22312450130160574,False,0.19289992550569643,False
00-0030107,RB,2018,0,1,0.6816143497757847,0.5584791317344339,False,0.6551041764838773,False,0.1681614349775785,0.2648678414116742,False,0.14813079751618105,False
00-0030117,RB,2018,1,0,0.6816143497757847,0.6162955153602422,False,0.6615855171571351,False,0.1681614349775785,0.1980218300274685,False,0.11862363178573206,False
00-0030287,RB,2018,1,0,0.6816143497757847,0.6193067121933115,False,0.6497108953353034,False,0.1681614349775785,0.2347349211643616,False,0.2816667611685558,False
00-0030404,RB,2018,0,0,0.6816143497757847,0.6176540492017644,False,0.7015377487823374,False,0.1681614349775785,0.2454066683908202,False,0.36073288984803076,False
00-0030433,RB,2018,1,0,0.6816143497757847,0.6492891158742331,False,0.7819061600284586,False,0.1681614349775785,0.2156007168621061,False,0.19554623498977688,False
00-0030456,RB,2018,0,0,0.6816143497757847,0.5584791317344339,False,0.6024145259526388,False,0.1681614349775785,0.2648678414116742,False,0.17953657864477346,False
00-0030485,RB,2018,1,0,0.6816143497757847,0.7490664927268141,False,0.81386620043637,False,0.1681614349775785,0.11432957276227135,False,0.058030789486755156,False
00-0030578,RB,2018,1,0,0.6816143497757847,0.48709228170655433,False,0.5333993582681725,False,0.1681614349775785,0.3618467846156514,False,0.2966350000977281,False
00-0030656,RB,2018,0,0,0.6816143497757847,0.48709228170655433,False,0.44303486872668746,False,0.1681614349775785,0.3618467846156514,False,0.2731464480475003,False
00-0030860,RB,2018,1,0,0.6816143497757847,0.6146379143183361,False,0.49101122930832536,False,0.1681614349775785,0.2074770100540441,False,0.26728023130491424,False
00-0030874,RB,2018,1,0,0.6816143497757847,0.666965621444601,False,0.6983898442084492,False,0.1681614349775785,0.16322369658933578,False,0.152695371112117,False
00-0031045,RB,2018,0,1,0.6816143497757847,0.5229026647258613,False,0.38330904799994175,False,0.1681614349775785,0.3112914823412555,False,0.4289985136842,False
00-0031055,RB,2018,1,0,0.6816143497757847,0.8704017009620396,False,0.8779593380921914,False,0.1681614349775785,0.047510741376480065,False,0.02649258966373868,False
00-0031075,RB,2018,1,0,0.6816143497757847,0.6965253278874586,False,0.7021733863481331,False,0.1681614349775785,0.14152722155249736,False,0.13420804502762515,False
00-0031102,RB,2018,0,0,0.6816143497757847,0.8074919705284382,False,0.7218961762380671,False,0.1681614349775785,0.09105204884239747,False,0.2089335441439385,False
00-0031209,RB,2018,0,0,0.6816143497757847,0.7245449263036507,False,0.779492624766217,False,0.1681614349775785,0.12229325485110237,False,0.08656136790165116,False
00-0031277,RB,2018,1,0,0.6816143497757847,0.7245449263036507,False,0.7579119841346483,False,0.1681614349775785,0.12229325485110237,False,0.0943822573524354,False
00-0031301,RB,2018,1,0,0.6816143497757847,0.6884746065523393,False,0.7797788356992501,False,0.1681614349775785,0.1859125190633025,False,0.07336918371979428,False
00-0031375,RB,2018,1,0,0.6816143497757847,0.7155119132251921,False,0.797500462134308,False,0.1681614349775785,0.16987460619569614,False,0.12344245931667258,False
00-0031390,RB,2018,1,0,0.6816143497757847,0.6146379143183361,False,0.6831053254893271,False,0.1681614349775785,0.2074770100540441,False,0.10969169589343598,False
00-0031577,RB,2018,0,0,0.6816143497757847,0.6275279667201255,False,0.5157858375297606,False,0.1681614349775785,0.18629278391414392,False,0.2902260764495418,False
00-0031599,RB,2018,1,0,0.6816143497757847,0.782062335608237,False,0.7970891741218838,False,0.1681614349775785,0.09186571646735751,False,0.044380072302855664,False
00-0031665,RB,2018,1,0,0.6816143497757847,0.7509026907747589,False,0.8115654596409205,False,0.1681614349775785,0.10535245459382239,False,0.07744744007196265,False
00-0031687,RB,2018,1,0,0.6816143497757847,0.7832537333859215,False,0.7800723707667439,False,0.1681614349775785,0.08710015721850695,False,0.05607607772480714,False
00-0031743,RB,2018,1,0,0.6816143497757847,0.5372408758671842,False,0.6971969491297602,False,0.1681614349775785,0.2765731409416726,False,0.1454272629107334,False
00-0031793,RB,2018,1,0,0.6816143497757847,0.8118095033851161,False,0.8731745127478842,False,0.1681614349775785,0.07344959472960629,False,0.02186918077309604,False
00-0031897,RB,2018,1,0,0.6816143497757847,0.6965253278874586,False,0.7618322374149257,False,0.1681614349775785,0.14152722155249736,False,0.11779298361879369,False
00-0031900,RB,2018,1,0,0.6816143497757847,0.6872402886629789,False,0.7215999716348895,False,0.1681614349775785,0.14776571724109616,False,0.16912704931549186,False
00-0031939,RB,2018,1,0,0.6816143497757847,0.8345026666454987,False,0.8755259609139189,False,0.1681614349775785,0.07278596787207711,False,0.03009369284691288,False
00-0031959,RB,2018,0,0,0.6816143497757847,0.8749314576581182,False,0.695891780739705,False,0.1681614349775785,0.046744033426015554,False,0.1244406241427502,False
00-0032048,RB,2018,1,0,0.6816143497757847,0.8542339231369843,False,0.9088254798845224,False,0.1681614349775785,0.05572990958256778,False,0.033557774922788185,False
00-0032063,RB,2018,1,0,0.6816143497757847,0.7796653916388292,False,0.6611584620028156,False,0.1681614349775785,0.10210439113738526,False,0.18164522164080282,False
00-0032104,RB,2018,0,0,0.6816143497757847,0.688743743859006,False,0.6716232385314801,False,0.1681614349775785,0.1405491274838077,False,0.10866011997360651,False
00-0032130,RB,2018,1,0,0.6816143497757847,0.8287951751774664,False,0.8672237480543351,False,0.1681614349775785,0.0739466875496609,False,0.06524758933740056,False
00-0032144,RB,2018,1,0,0.6816143497757847,0.5229026647258613,False,0.4557606787440281,False,0.1681614349775785,0.3112914823412555,False,0.3695482701398744,False
00-0032187,RB,2018,0,1,0.6816143497757847,0.781848331213522,False,0.778412799746435,False,0.1681614349775785,0.1237791361421274,False,0.09523271176748621,False
00-0032257,RB,2018,0,1,0.6816143497757847,0.48709228170655433,False,0.518504031951569,False,0.1681614349775785,0.3618467846156514,False,0.418733958063426,False
00-0032298,RB,2018,1,0,0.6816143497757847,0.8704017009620396,False,0.9195680174770137,False,0.1681614349775785,0.047510741376480065,False,0.026255101857145705,False
00-0032371,RB,2018,1,0,0.6816143497757847,0.6986273549951951,False,0.7394371861293462,False,0.1681614349775785,0.17474443814343624,False,0.1333776561075569,False
00-0032377,RB,2018,1,0,0.6816143497757847,0.725135294990461,False,0.7907153546558048,False,0.1681614349775785,0.15948121331235654,False,0.11026112001881148,False
00-0032393,RB,2018,1,0,0.6816143497757847,0.815863775701339,False,0.8807121710207123,False,0.1681614349775785,0.08054710676564625,False,0.04611291428992572,False
00-0032404,RB,2018,0,0,0.6816143497757847,0.819412489105556,False,0.803938953879411,False,0.1681614349775785,0.06637207062227302,False,0.07118819926713653,False
00-0032417,RB,2018,1,0,0.6816143497757847,0.7245449263036507,False,0.7688426937442261,False,0.1681614349775785,0.12229325485110237,False,0.09498954975059715,False
00-0032426,RB,2018,0,0,0.6816143497757847,0.5032316200310829,False,0.4055348825479315,False,0.1681614349775785,0.3114613099976553,False,0.3540252898356076,False
00-0032450,RB,2018,1,0,0.6816143497757847,0.7615450269287712,False,0.8552280216607189,False,0.1681614349775785,0.12299154478203711,False,0.07247383535903795,False
00-0032577,RB,2018,1,0,0.6816143497757847,0.7967762337061071,False,0.7752551151299191,False,0.1681614349775785,0.08442295764679897,False,0.09169314721477739,False
00-0032602,RB,2018,1,0,0.6816143497757847,0.6039297602180864,False,0.6687133269562969,False,0.1681614349775785,0.21450523653657963,False,0.2213628128918531,False
00-0032741,RB,2018,0,1,0.6816143497757847,0.6015849952264578,False,0.603222106931049,False,0.1681614349775785,0.23038813619439222,False,0.1953969846440839,False
00-0032780,RB,2018,1,0,0.6816143497757847,0.49903251081728817,False,0.4071580440033936,False,0.1681614349775785,0.3445834953385567,False,0.32033471492505045,False
00-0032782,RB,2018,1,0,0.6816143497757847,0.7000999587432921,False,0.7071955764488276,False,0.1681614349775785,0.16646762580101768,False,0.16197804296932064,False
00-0032794,RB,2018,1,0,0.6816143497757847,0.7490664927268141,False,0.8518212612510521,False,0.1681614349775785,0.11432957276227135,False,0.052396773290746206,False
00-0032804,RB,2018,1,0,0.6816143497757847,0.8583881431737657,False,0.9019161346949428,False,0.1681614349775785,0.05795064584476842,False,0.035986162500445874,False
00-0032940,RB,2018,1,0,0.6816143497757847,0.5032316200310829,False,0.6090675087978538,False,0.1681614349775785,0.3114613099976553,False,0.22715320394493954,False
00-0032964,RB,2018,1,0,0.6816143497757847,0.8428596512035992,False,0.8274869720926173,False,0.1681614349775785,0.060811089887145134,False,0.04725871137084875,False
00-0032972,RB,2018,0,1,0.6816143497757847,0.5532918548847802,False,0.6076372475361844,False,0.1681614349775785,0.3004176382505094,False,0.2120172642067026,False
00-0033025,RB,2018,0,1,0.6816143497757847,0.4691924343331433,False,0.5770214628998742,False,0.1681614349775785,0.3486295491067219,False,0.26459250499451237,False
00-0033045,RB,2018,1,0,0.6816143497757847,0.666965621444601,False,0.46777619920625235,False,0.1681614349775785,0.16322369658933578,False,0.332396636085885,False
00-0033118,RB,2018,0,1,0.6816143497757847,0.4691924343331433,False,0.46423916523758896,False,0.1681614349775785,0.3486295491067219,False,0.33752874043144887,False
00-0033293,RB,2018,0,0,0.6816143497757847,0.666965621444601,False,0.5498219434211237,False,0.1681614349775785,0.16322369658933578,False,0.207170397501092,False
00-0033295,RB,2018,1,0,0.6816143497757847,0.5032316200310829,False,0.6327973277976361,False,0.1681614349775785,0.3114613099976553,False,0.23593722288427246,False
00-0033296,RB,2018,0,0,0.6816143497757847,0.8387132919228736,False,0.881520986577082,False,0.1681614349775785,0.05667758064468956,False,0.040444958648924494,False
00-0033304,RB,2018,1,0,0.6816143497757847,0.8563129911843236,False,0.8630120183787319,False,0.1681614349775785,0.0483258007145014,False,0.046058178776902894,False
00-0033308,RB,2018,0,1,0.6816143497757847,0.4691924343331433,False,0.5313279616007978,False,0.1681614349775785,0.3486295491067219,False,0.28008770364069974,False
00-0033376,RB,2018,1,0,0.6816143497757847,0.7755197420528825,False,0.899820518528981,False,0.1681614349775785,0.0905163808566225,False,0.055075909228020914,False
00-0033384,RB,2018,1,0,0.6816143497757847,0.8563129911843236,False,0.8345589130928281,False,0.1681614349775785,0.0483258007145014,False,0.051893444125919036,False
00-0033413,RB,2018,1,0,0.6816143497757847,0.8722846442268991,False,0.8844630605380458,False,0.1681614349775785,0.041151018663108906,False,0.03898226391349379,False
00-0033526,RB,2018,1,0,0.6816143497757847,0.570907113195623,False,0.572737124721739,False,0.1681614349775785,0.2442068918264187,False,0.23248029447409407,False
00-0033553,RB,2018,0,0,0.6816143497757847,0.6039297602180864,False,0.6369887249596374,False,0.1681614349775785,0.21450523653657963,False,0.14073533728544438,False
00-0033556,RB,2018,1,0,0.6816143497757847,0.4691924343331433,False,0.2152150374243542,False,0.1681614349775785,0.3486295491067219,False,0.8559323231734559,False
00-0033567,RB,2018,1,0,0.6816143497757847,0.819412489105556,False,0.9060833228222247,False,0.1681614349775785,0.06637207062227302,False,0.05748301594726952,False
00-0033581,RB,2018,1,0,0.6816143497757847,0.8387132919228736,False,0.9546676414307124,False,0.1681614349775785,0.05667758064468956,False,0.04514821959693385,False
00-0033594,RB,2018,1,0,0.6816143497757847,0.819412489105556,False,0.7637964279732732,False,0.1681614349775785,0.06637207062227302,False,0.10471195500136209,False
00-0033596,RB,2018,1,0,0.6816143497757847,0.570907113195623,False,0.7336604975005362,False,0.1681614349775785,0.2442068918264187,False,0.12914631089255263,False
00-0033699,RB,2018,1,0,0.6816143497757847,0.5372408758671842,False,0.6567350310661768,False,0.1681614349775785,0.2765731409416726,False,0.2254587843177834,False
00-0033748,RB,2018,1,0,0.6816143497757847,0.7983572960616192,False,0.789350433456041,False,0.1681614349775785,0.07758837947439452,False,0.09736437664365616,False
00-0033760,RB,2018,1,0,0.6816143497757847,0.8722846442268991,False,0.8914080975719809,False,0.1681614349775785,0.041151018663108906,False,0.03557714348028035,False
00-0033838,RB,2018,1,0,0.6816143497757847,0.7509026907747589,False,0.7510241068672893,False,0.1681614349775785,0.10535245459382239,False,0.09256060367885954,False
00-0033893,RB,2018,0,0,0.6816143497757847,0.819412489105556,False,0.5308985204278176,False,0.1681614349775785,0.06637207062227302,False,0.19518001563598447,False
00-0033897,RB,2018,0,1,0.6816143497757847,0.5372408758671842,False,0.5257512173802291,False,0.1681614349775785,0.2765731409416726,False,0.2645357540164377,False
00-0033925,RB,2018,1,0,0.6816143497757847,0.6965253278874586,False,0.7323330485783874,False,0.1681614349775785,0.14152722155249736,False,0.14746671037210193,False
00-0033948,RB,2018,0,1,0.6816143497757847,0.5032316200310829,False,0.5852642644697503,False,0.1681614349775785,0.3114613099976553,False,0.2715043769168718,False
00-0033950,RB,2018,0,0,0.6816143497757847,0.570907113195623,False,0.5025100037416194,False,0.1681614349775785,0.2442068918264187,False,0.24918999393699584,False
00-0033951,RB,2018,1,0,0.6816143497757847,0.5372408758671842,False,0.6300379634826881,False,0.1681614349775785,0.2765731409416726,False,0.219091078870312,False
00-0033955,RB,2018,1,0,0.6816143497757847,0.8722846442268991,False,0.9006812968038352,False,0.1681614349775785,0.041151018663108906,False,0.032941678477436696,False
00-0022921,WR,2018,0,1,0.6788079470198676,0.4561965438068867,False,0.8045432506613719,False,0.19039735099337748,0.32402253538342335,False,0.02079552760868615,False
00-0024334,WR,2018,1,0,0.6788079470198676,0.8094533777437267,False,0.7770652829072858,False,0.19039735099337748,0.08367207888640028,False,0.10044644380907047,False
00-0026176,WR,2018,0,1,0.6788079470198676,0.4987140907360378,False,0.5901041638826052,False,0.19039735099337748,0.3112022443364415,False,0.22276424677501144,False
00-0026189,WR,2018,0,0,0.6788079470198676,0.5377754191104108,False,0.4568987680398175,False,0.19039735099337748,0.2623880798282061,False,0.3449586751395442,False
00-0026224,WR,2018,1,0,0.6788079470198676,0.9086177671638278,False,0.9589915555304234,False,0.19039735099337748,0.04878943661648091,False,0.02463942655250239,False
00-0026345,WR,2018,1,0,0.6788079470198676,0.7262166056262045,False,0.61461183609151,False,0.19039735099337748,0.12519536841106718,False,0.24312629913115494,False
00-0026901,WR,2018,1,0,0.6788079470198676,0.4920588548317961,False,0.4388161091099311,False,0.19039735099337748,0.29184421029657526,False,0.3498817708273441,False
00-0026986,WR,2018,1,0,0.6788079470198676,0.5443862894240705,False,0.5710232280017304,False,0.19039735099337748,0.2805663801508785,False,0.2617709715935796,False
00-0026995,WR,2018,1,0,0.6788079470198676,0.5893239118613843,False,0.6119624572154083,False,0.19039735099337748,0.25184372128985205,False,0.233597326124443,False
00-0027006,WR,2018,1,0,0.6788079470198676,0.6080645680238589,False,0.661664355920657,False,0.19039735099337748,0.20820360411775976,False,0.17037671127140877,False
00-0027089,WR,2018,1,0,0.6788079470198676,0.8115503591381387,False,0.8139737940181262,False,0.19039735099337748,0.12220656799705924,False,0.11472770026363686,False
00-0027654,WR,2018,1,0,0.6788079470198676,0.8269614673615044,False,0.8567937100877081,False,0.19039735099337748,0.0845846786621476,False,0.05113775906197894,False
00-0027681,WR,2018,1,0,0.6788079470198676,0.4561965438068867,False,0.4808164901722566,False,0.19039735099337748,0.32402253538342335,False,0.30063908045075804,False
00-0027685,WR,2018,0,0,0.6788079470198676,0.6080645680238589,False,0.544868672943913,False,0.19039735099337748,0.20820360411775976,False,0.28556066552250253,False
00-0027874,WR,2018,0,1,0.6788079470198676,0.4561965438068867,False,0.4818379022846707,False,0.19039735099337748,0.32402253538342335,False,0.37149063933085785,False
00-0027891,WR,2018,1,0,0.6788079470198676,0.4081886514715417,False,0.37705374557914184,False,0.19039735099337748,0.3774922033587759,False,0.4604586144431567,False
00-0027902,WR,2018,1,0,0.6788079470198676,0.4081886514715417,False,0.47846358103262593,False,0.19039735099337748,0.3774922033587759,False,0.3621262654408969,False
00-0027942,WR,2018,0,0,0.6788079470198676,0.5149702469392283,False,0.4735878565461572,False,0.19039735099337748,0.32923254321674245,False,0.5020962416648652,False
00-0028002,WR,2018,0,0,0.6788079470198676,0.4987140907360378,False,0.6945013128998777,False,0.19039735099337748,0.3112022443364415,False,0.0753232678809302,False
00-0028091,WR,2018,1,0,0.6788079470198676,0.7262166056262045,False,0.6953331641897327,False,0.19039735099337748,0.12519536841106718,False,0.12950546439837612,False
00-0028114,WR,2018,0,1,0.6788079470198676,0.837979808295252,False,0.8632061322122552,False,0.19039735099337748,0.1072783733269762,False,0.058905221254449504,False
00-0028116,WR,2018,0,1,0.6788079470198676,0.4987140907360378,False,0.5860282209047367,False,0.19039735099337748,0.3112022443364415,False,0.18579237444066923,False
00-0028263,WR,2018,0,0,0.6788079470198676,0.6742533480810982,False,0.7314994019830615,False,0.19039735099337748,0.2005113317304029,False,0.11541695453936907,False
00-0028411,WR,2018,1,0,0.6788079470198676,0.665458927337887,False,0.6411621464288135,False,0.19039735099337748,0.16220254929630953,False,0.1761212341769607,False
00-0028434,WR,2018,1,0,0.6788079470198676,0.4081886514715417,False,0.38826860890957726,False,0.19039735099337748,0.3774922033587759,False,0.432414520502202,False
00-0028497,WR,2018,1,0,0.6788079470198676,0.528003078334719,False,0.6540327590822503,False,0.19039735099337748,0.26162468340059575,False,0.12616800616382853,False
00-0028702,WR,2018,1,0,0.6788079470198676,0.8613359421252642,False,0.8821097253170113,False,0.19039735099337748,0.0939785041991787,False,0.07075588957932877,False
00-0028825,WR,2018,1,0,0.6788079470198676,0.7262166056262045,False,0.6867696146685878,False,0.19039735099337748,0.12519536841106718,False,0.14943504907721153,False
00-0029000,WR,2018,1,0,0.6788079470198676,0.4530633408490028,False,0.5908693241785895,False,0.19039735099337748,0.3435857246166782,False,0.1884292532941695,False
00-0029033,WR,2018,1,0,0.6788079470198676,0.9097033802694421,False,0.9170597897044367,False,0.19039735099337748,0.05714438623816623,False,0.04636336201408963,False
00-0029159,WR,2018,0,0,0.6788079470198676,0.4081886514715417,False,0.3922785213496934,False,0.19039735099337748,0.3774922033587759,False,0.4092365787594309,False
00-0029269,WR,2018,1,0,0.6788079470198676,0.4757332955155403,False,0.36290844066297234,False,0.19039735099337748,0.32575444389286234,False,0.3694810780837566,False
00-0029293,WR,2018,0,0,0.6788079470198676,0.4081886514715417,False,0.32886324883016577,False,0.19039735099337748,0.3774922033587759,False,0.4878561329564711,False
00-0029319,WR,2018,1,0,0.6788079470198676,0.6596201364535228,False,0.6466251569355255,False,0.19039735099337748,0.18558017904348204,False,0.17768048988625976,False
00-0029336,WR,2018,1,0,0.6788079470198676,0.7288224131100914,False,0.7808401332068186,False,0.19039735099337748,0.14464483021372948,False,0.08846374263172063,False
00-0029608,WR,2018,1,0,0.6788079470198676,0.4561965438068867,False,0.3956786871687981,False,0.19039735099337748,0.32402253538342335,False,0.4820730174851025,False
00-0029640,WR,2018,1,0,0.6788079470198676,0.7795944976006491,False,0.7848286185545239,False,0.19039735099337748,0.09566739048829086,False,0.08671126324505767,False
00-0029664,WR,2018,0,0,0.6788079470198676,0.837979808295252,False,0.7433626034000387,False,0.19039735099337748,0.1072783733269762,False,0.2563724958635511,False
00-0029708,WR,2018,1,0,0.6788079470198676,0.5410412744088939,False,0.4985497599285679,False,0.19039735099337748,0.29594068093467507,False,0.35347287757595486,False
00-0030068,WR,2018,0,0,0.6788079470198676,0.4757332955155403,False,0.34016787151548217,False,0.19039735099337748,0.32575444389286234,False,0.4589380389095448,False
00-0030085,WR,2018,0,1,0.6788079470198676,0.4081886514715417,False,0.4161115187605953,False,0.19039735099337748,0.3774922033587759,False,0.38022790027971054,False
00-0030091,WR,2018,1,0,0.6788079470198676,0.7490967627981494,False,0.7685315489112376,False,0.19039735099337748,0.15744005227841854,False,0.13029486815150582,False
00-0030279,WR,2018,1,0,0.6788079470198676,0.601865343466393,False,0.3810737059449054,False,0.19039735099337748,0.3371266031304753,False,0.672782811012341,False
00-0030290,WR,2018,1,0,0.6788079470198676,0.8995961390546033,False,0.9127366385800492,False,0.19039735099337748,0.07173786815367039,False,0.05238294307576191,False
00-0030300,WR,2018,0,0,0.6788079470198676,0.5540235186795859,False,0.578618367891198,False,0.19039735099337748,0.33272945245008495,False,0.28788877773438715,False
00-0030460,WR,2018,1,0,0.6788079470198676,0.8361414938186708,False,0.8447502944933635,False,0.19039735099337748,0.11467046974964076,False,0.10095420749221967,False
00-0030516,WR,2018,1,0,0.6788079470198676,0.5443862894240705,False,0.5829315430200991,False,0.19039735099337748,0.2805663801508785,False,0.24099460747194165,False
00-0030521,WR,2018,1,0,0.6788079470198676,0.8379107950934642,False,0.8707335511299763,False,0.19039735099337748,0.08519808803089515,False,0.0462563091730328,False
00-0030525,WR,2018,1,0,0.6788079470198676,0.5377754191104108,False,0.30083097702361494,False,0.19039735099337748,0.2623880798282061,False,0.2704559972073006,False
00-0030542,WR,2018,1,0,0.6788079470198676,0.4081886514715417,False,0.40052600221975104,False,0.19039735099337748,0.3774922033587759,False,0.3720237704351711,False
00-0030564,WR,2018,1,0,0.6788079470198676,0.4530633408490028,False,0.3847017443947804,False,0.19039735099337748,0.3435857246166782,False,0.5291713358880935,False
00-0030670,WR,2018,0,0,0.6788079470198676,0.4953446034453969,False,0.6086661996073632,False,0.19039735099337748,0.3274911247075826,False,0.18536740774014338,False
00-0030737,WR,2018,1,0,0.6788079470198676,0.8134753968429138,False,0.8056309265848335,False,0.19039735099337748,0.11307694553948576,False,0.1458340747581739,False
00-0030743,WR,2018,1,0,0.6788079470198676,0.6328187800543449,False,0.681815045891414,False,0.19039735099337748,0.22514132011284352,False,0.14899709314116702,False
00-0031001,WR,2018,1,0,0.6788079470198676,0.7490967627981494,False,0.7979596228801507,False,0.19039735099337748,0.15744005227841854,False,0.08359881087285129,False
00-0031021,WR,2018,1,0,0.6788079470198676,0.8909756430840288,False,0.8900784468602854,False,0.19039735099337748,0.07633335530072526,False,0.0721174221788077,False
00-0031025,WR,2018,1,0,0.6788079470198676,0.682744475535979,False,0.6422201689502495,False,0.19039735099337748,0.2428139366010223,False,0.22537135419484924,False
00-0031051,WR,2018,1,0,0.6788079470198676,0.6741417141005398,False,0.712515249188082,False,0.19039735099337748,0.16273978097495234,False,0.11203263352929423,False
00-0031060,WR,2018,1,0,0.6788079470198676,0.4987140907360378,False,0.6034664616123006,False,0.19039735099337748,0.3112022443364415,False,0.1725691178871837,False
00-0031068,WR,2018,0,1,0.6788079470198676,0.4953446034453969,False,0.5364500281325213,False,0.19039735099337748,0.3274911247075826,False,0.23538735388613066,False
00-0031166,WR,2018,0,1,0.6788079470198676,0.4530633408490028,False,0.49407770359205233,False,0.19039735099337748,0.3435857246166782,False,0.28227237858645615,False
00-0031189,WR,2018,0,0,0.6788079470198676,0.5443862894240705,False,0.5229871658818362,False,0.19039735099337748,0.2805663801508785,False,0.2755100335842898,False
00-0031235,WR,2018,0,0,0.6788079470198676,0.8613359421252642,False,0.7712395728911619,False,0.19039735099337748,0.0939785041991787,False,0.21748026788428299,False
00-0031257,WR,2018,1,0,0.6788079470198676,0.4081886514715417,False,0.4177992236918272,False,0.19039735099337748,0.3774922033587759,False,0.34718852737169936,False
00-0031315,WR,2018,1,0,0.6788079470198676,0.8995961390546033,False,0.9155961740970211,False,0.19039735099337748,0.07173786815367039,False,0.048055968664437704,False
00-0031326,WR,2018,1,0,0.6788079470198676,0.6328187800543449,False,0.6326500673699378,False,0.19039735099337748,0.22514132011284352,False,0.20966616818699568,False
00-0031339,WR,2018,0,1,0.6788079470198676,0.662565277073625,False,0.6091641210512,False,0.19039735099337748,0.21213576073999782,False,0.2759681358811249,False
00-0031344,WR,2018,1,0,0.6788079470198676,0.6770227291139371,False,0.7115295562517686,False,0.19039735099337748,0.18677656996684655,False,0.13372458127824502,False
00-0031381,WR,2018,0,1,0.6788079470198676,0.4987140907360378,False,0.42711324565178344,False,0.19039735099337748,0.3112022443364415,False,0.387253853196058,False
00-0031382,WR,2018,0,1,0.6788079470198676,0.4081886514715417,False,0.4608781988225653,False,0.19039735099337748,0.3774922033587759,False,0.3904616044553444,False
00-0031408,WR,2018,0,1,0.6788079470198676,0.4920588548317961,False,0.39110956446987644,False,0.19039735099337748,0.29184421029657526,False,0.4715096136123799,False
00-0031428,WR,2018,1,0,0.6788079470198676,0.8789781974399208,False,0.8428281044566583,False,0.19039735099337748,0.04734433907418219,False,0.09486795205176744,False
00-0031511,WR,2018,1,0,0.6788079470198676,0.8995961390546033,False,0.9092888071131294,False,0.19039735099337748,0.07173786815367039,False,0.06364945235526405,False
00-0031514,WR,2018,1,0,0.6788079470198676,0.7728052039698059,False,0.8042599823590023,False,0.19039735099337748,0.1476003736272531,False,0.112111896852494,False
00-0031544,WR,2018,1,0,0.6788079470198676,0.4987140907360378,False,0.5577183650877903,False,0.19039735099337748,0.3112022443364415,False,0.27042845318446085,False
00-0031545,WR,2018,1,0,0.6788079470198676,0.9208473102422077,False,0.9309797267060893,False,0.19039735099337748,0.04952758719805523,False,0.047885611392262134,False
00-0031547,WR,2018,0,0,0.6788079470198676,0.5443862894240705,False,0.5067775650056242,False,0.19039735099337748,0.2805663801508785,False,0.36629697928298877,False
00-0031560,WR,2018,1,0,0.6788079470198676,0.9030425586933696,False,0.9071490444950151,False,0.19039735099337748,0.0567204345412097,False,0.04616286112313785,False
00-0031697,WR,2018,1,0,0.6788079470198676,0.7076545284538714,False,0.738007878471316,False,0.19039735099337748,0.16490304870707384,False,0.12502417293616908,False
00-0031801,WR,2018,1,0,0.6788079470198676,0.9149712084708055,False,0.8693529704494827,False,0.19039735099337748,0.06253549187491439,False,0.2068071171577524,False
00-0031834,WR,2018,1,0,0.6788079470198676,0.8995961390546033,False,0.9091422161933702,False,0.19039735099337748,0.07173786815367039,False,0.05999108763490877,False
00-0031868,WR,2018,1,0,0.6788079470198676,0.8269864899177732,False,0.8414959875542207,False,0.19039735099337748,0.13182661312777003,False,0.10474645358880853,False
00-0031941,WR,2018,0,0,0.6788079470198676,0.4920588548317961,False,0.4658005093252557,False,0.19039735099337748,0.29184421029657526,False,0.344926729255885,False
00-0032009,WR,2018,0,1,0.6788079470198676,0.4659518634899696,False,0.409351885866452,False,0.19039735099337748,0.3248878909558003,False,0.35155562626822784,False
00-0032054,WR,2018,0,0,0.6788079470198676,0.6417760045714661,False,0.7332595574002774,False,0.19039735099337748,0.1843897139579162,False,0.09813928294061172,False
00-0032112,WR,2018,0,0,0.6788079470198676,0.4757332955155403,False,0.46435802099826184,False,0.19039735099337748,0.32575444389286234,False,0.3285141906140858,False
00-0032123,WR,2018,1,0,0.6788079470198676,0.8115503591381387,False,0.8157711753854104,False,0.19039735099337748,0.12220656799705924,False,0.14113328593675042,False
00-0032128,WR,2018,1,0,0.6788079470198676,0.837979808295252,False,0.7513354175358729,False,0.19039735099337748,0.1072783733269762,False,0.205678441906079,False
00-0032160,WR,2018,1,0,0.6788079470198676,0.4561965438068867,False,0.4200975024289785,False,0.19039735099337748,0.32402253538342335,False,0.38051077414159173,False
00-0032166,WR,2018,1,0,0.6788079470198676,0.7819315530635226,False,0.8058186628662939,False,0.19039735099337748,0.13888889089420622,False,0.10778884101119796,False
00-0032200,WR,2018,1,0,0.6788079470198676,0.7490967627981494,False,0.3767186333004104,False,0.19039735099337748,0.15744005227841854,False,0.5122000277383746,False
00-0032211,WR,2018,1,0,0.6788079470198676,0.4659518634899696,False,0.3889820299194734,False,0.19039735099337748,0.3248878909558003,False,0.3281934214270234,False
00-0032250,WR,2018,1,0,0.6788079470198676,0.8643866640874225,False,0.8915430872002414,False,0.19039735099337748,0.10091504196625226,False,0.07690513017138266,False
00-0032355,WR,2018,1,0,0.6788079470198676,0.6827065955617049,False,0.7142534034453276,False,0.19039735099337748,0.1632784452396125,False,0.12046082269275198,False
00-0032362,WR,2018,0,0,0.6788079470198676,0.8703935865145189,False,0.8924203008136787,False,0.19039735099337748,0.0749531157602751,False,0.057815839186860105,False
00-0032385,WR,2018,0,1,0.6788079470198676,0.6328187800543449,False,0.497297525719818,False,0.19039735099337748,0.22514132011284352,False,0.41412622970765006,False
00-0032398,WR,2018,1,0,0.6788079470198676,0.582865456830447,False,0.7309227669482365,False,0.19039735099337748,0.23491873148149908,False,0.09739226220971893,False
00-0032423,WR,2018,1,0,0.6788079470198676,0.4530633408490028,False,0.5331963602274685,False,0.19039735099337748,0.3435857246166782,False,0.19779302283317854,False
00-0032464,WR,2018,1,0,0.6788079470198676,0.8094803488028409,False,0.8509388524995991,False,0.19039735099337748,0.13047696075646584,False,0.10314543430646324,False
00-0032475,WR,2018,1,0,0.6788079470198676,0.6742533480810982,False,0.779200708916614,False,0.19039735099337748,0.2005113317304029,False,0.1490517818832171,False
00-0032543,WR,2018,0,1,0.6788079470198676,0.4561965438068867,False,0.5467860424787914,False,0.19039735099337748,0.32402253538342335,False,0.17981748725232985,False
00-0032553,WR,2018,1,0,0.6788079470198676,0.9149712084708055,False,0.9221027790991231,False,0.19039735099337748,0.06253549187491439,False,0.043517747616131,False
00-0032621,WR,2018,1,0,0.6788079470198676,0.9149712084708055,False,0.9221027790991231,False,0.19039735099337748,0.06253549187491439,False,0.043517747616131,False
00-0032626,WR,2018,1,0,0.6788079470198676,0.5893239118613843,False,0.6322345442667914,False,0.19039735099337748,0.25184372128985205,False,0.1944781074110687,False
00-0032656,WR,2018,1,0,0.6788079470198676,0.9149712084708055,False,0.9525770925719413,False,0.19039735099337748,0.06253549187491439,False,0.0451738892644353,False
00-0032659,WR,2018,1,0,0.6788079470198676,0.4530633408490028,False,0.5296475874377525,False,0.19039735099337748,0.3435857246166782,False,0.24408922446778183,False
00-0032688,WR,2018,0,1,0.6788079470198676,0.4757332955155403,False,0.4812121938522877,False,0.19039735099337748,0.32575444389286234,False,0.32300386958845445,False
00-0032705,WR,2018,1,0,0.6788079470198676,0.8613359421252642,False,0.883105128459283,False,0.19039735099337748,0.0939785041991787,False,0.05403899778209805,False
00-0032707,WR,2018,1,0,0.6788079470198676,0.9149712084708055,False,0.9221027790991231,False,0.19039735099337748,0.06253549187491439,False,0.043517747616131,False
00-0032724,WR,2018,1,0,0.6788079470198676,0.8396881970102651,False,0.8522651965835804,False,0.19039735099337748,0.09913802928760868,False,0.07687127883204757,False
00-0032760,WR,2018,0,1,0.6788079470198676,0.6266518713017375,False,0.7195763243773525,False,0.19039735099337748,0.3033975537467513,False,0.21951855767055622,False
00-0032791,WR,2018,0,0,0.6788079470198676,0.4530633408490028,False,0.532630008088674,False,0.19039735099337748,0.3435857246166782,False,0.2048816370073486,False
00-0032795,WR,2018,0,0,0.6788079470198676,0.8134753968429138,False,0.8382763604741615,False,0.19039735099337748,0.11307694553948576,False,0.06863009676844185,False
00-0032839,WR,2018,1,0,0.6788079470198676,0.8818000717706518,False,0.8981195796672684,False,0.19039735099337748,0.08217571201054527,False,0.06968085594947744,False
00-0032926,WR,2018,1,0,0.6788079470198676,0.9149712084708055,False,0.936054022762035,False,0.19039735099337748,0.06253549187491439,False,0.03855787869274072,False
00-0032935,WR,2018,1,0,0.6788079470198676,0.4987140907360378,False,0.6040160034956629,False,0.19039735099337748,0.3112022443364415,False,0.19228624503833266,False
00-0032937,WR,2018,1,0,0.6788079470198676,0.8995961390546033,False,0.9090113223553973,False,0.19039735099337748,0.07173786815367039,False,0.05747016509549608,False
00-0032959,WR,2018,1,0,0.6788079470198676,0.8947147300663834,False,0.9008110256981035,False,0.19039735099337748,0.04806173101153494,False,0.032304371614386165,False
00-0032966,WR,2018,1,0,0.6788079470198676,0.7440597277898333,False,0.768096263461309,False,0.19039735099337748,0.1456245081683054,False,0.13825994879473383,False
00-0032977,WR,2018,0,0,0.6788079470198676,0.5860579518038035,False,0.6884997951635521,False,0.19039735099337748,0.26622652747362857,False,0.15152899206281048,False
00-0032980,WR,2018,1,0,0.6788079470198676,0.8115503591381387,False,0.8282048367371238,False,0.19039735099337748,0.12220656799705924,False,0.09455169341548847,False
00-0033009,WR,2018,0,1,0.6788079470198676,0.665458927337887,False,0.7100129535132278,False,0.19039735099337748,0.16220254929630953,False,0.11387607989200811,False
00-0033060,WR,2018,1,0,0.6788079470198676,0.8789967986563862,False,0.8973053160360387,False,0.19039735099337748,0.07550243789436836,False,0.06304914017761548,False
00-0033069,WR,2018,1,0,0.6788079470198676,0.7157100183417798,False,0.7658700147679123,False,0.19039735099337748,0.16544745840126113,False,0.10586447088982949,False
00-0033079,WR,2018,1,0,0.6788079470198676,0.5475188201554871,False,0.6250449632746152,False,0.19039735099337748,0.263152909899647,False,0.17497042296364082,False
00-0033087,WR,2018,1,0,0.6788079470198676,0.9149712084708055,False,0.9376383633941122,False,0.19039735099337748,0.06253549187491439,False,0.03810276373147614,False
00-0033094,WR,2018,0,1,0.6788079470198676,0.8115503591381387,False,0.847705750029231,False,0.19039735099337748,0.12220656799705924,False,0.08473705642749485,False
00-0033114,WR,2018,1,0,0.6788079470198676,0.828834408373034,False,0.8433311195547766,False,0.19039735099337748,0.09843505461551401,False,0.09665208804330327,False
00-0033127,WR,2018,1,0,0.6788079470198676,0.6742533480810982,False,0.7078238218674111,False,0.19039735099337748,0.2005113317304029,False,0.17141434702774208,False
00-0033266,WR,2018,1,0,0.6788079470198676,0.7819315530635226,False,0.772960728082885,False,0.19039735099337748,0.13888889089420622,False,0.09927413112086583,False
00-0033282,WR,2018,0,0,0.6788079470198676,0.7490967627981494,False,0.5974634986190965,False,0.19039735099337748,0.15744005227841854,False,0.22910192686489136,False
00-0033292,WR,2018,0,0,0.6788079470198676,0.4530633408490028,False,0.48385219304113175,False,0.19039735099337748,0.3435857246166782,False,0.2744475372039662,False
00-0033306,WR,2018,1,0,0.6788079470198676,0.7490967627981494,False,0.7974386796963165,False,0.19039735099337748,0.15744005227841854,False,0.07365329644318003,False
00-0033307,WR,2018,0,1,0.6788079470198676,0.6742533480810982,False,0.6536649182867471,False,0.19039735099337748,0.2005113317304029,False,0.20295689683783996,False
00-0033352,WR,2018,1,0,0.6788079470198676,0.8995961390546033,False,0.9428970135577571,False,0.19039735099337748,0.07173786815367039,False,0.05509721367449506,False
00-0033434,WR,2018,1,0,0.6788079470198676,0.8818000717706518,False,0.899544150852389,False,0.19039735099337748,0.08217571201054527,False,0.08075973912889378,False
00-0033449,WR,2018,1,0,0.6788079470198676,0.9149712084708055,False,0.9299301173535517,False,0.19039735099337748,0.06253549187491439,False,0.04085556917925589,False
00-0033460,WR,2018,0,0,0.6788079470198676,0.8818000717706518,False,0.9463916592112618,False,0.19039735099337748,0.08217571201054527,False,0.0884426244539792,False
00-0033466,WR,2018,1,0,0.6788079470198676,0.6328187800543449,False,0.7306107158654929,False,0.19039735099337748,0.22514132011284352,False,0.10123826479366986,False
00-0033536,WR,2018,1,0,0.6788079470198676,0.7131318041050047,False,0.7819574686981711,False,0.19039735099337748,0.17795699042172244,False,0.10943991430732614,False
00-0033552,WR,2018,1,0,0.6788079470198676,0.837979808295252,False,0.8632061322122552,False,0.19039735099337748,0.1072783733269762,False,0.058905221254449504,False
00-0033562,WR,2018,0,1,0.6788079470198676,0.4081886514715417,False,0.525914699364238,False,0.19039735099337748,0.3774922033587759,False,0.169523586368766,False
00-0033572,WR,2018,1,0,0.6788079470198676,0.5443862894240705,False,0.6242112238583133,False,0.19039735099337748,0.2805663801508785,False,0.16041283580937676,False
00-0033591,WR,2018,1,0,0.6788079470198676,0.7819315530635226,False,0.819652471293249,False,0.19039735099337748,0.13888889089420622,False,0.08687501762839628,False
00-0033604,WR,2018,1,0,0.6788079470198676,0.8995961390546033,False,0.9100294359749523,False,0.19039735099337748,0.07173786815367039,False,0.04696054280206423,False
00-0033633,WR,2018,1,0,0.6788079470198676,0.8613359421252642,False,0.8680749370113386,False,0.19039735099337748,0.0939785041991787,False,0.08347919011509401,False
00-0033717,WR,2018,1,0,0.6788079470198676,0.8115503591381387,False,0.8370044136536836,False,0.19039735099337748,0.12220656799705924,False,0.10223455713731668,False
00-0033840,WR,2018,1,0,0.6788079470198676,0.7490967627981494,False,0.7664771265778318,False,0.19039735099337748,0.15744005227841854,False,0.12254116229786523,False
00-0033855,WR,2018,1,0,0.6788079470198676,0.5893239118613843,False,0.6466298434655903,False,0.19039735099337748,0.25184372128985205,False,0.190394722221749,False
00-0033859,WR,2018,1,0,0.6788079470198676,0.7131318041050047,False,0.7900510644355941,False,0.19039735099337748,0.17795699042172244,False,0.0922648667474472,False
00-0033916,WR,2018,1,0,0.6788079470198676,0.5893239118613843,False,0.6356889933053572,False,0.19039735099337748,0.25184372128985205,False,0.14905049895873368,False
00-0033921,WR,2018,0,1,0.6788079470198676,0.4530633408490028,False,0.4311449349328851,False,0.19039735099337748,0.3435857246166782,False,0.33981734823109916,False
00-0033932,WR,2018,0,1,0.6788079470198676,0.6328187800543449,False,0.5788563661520675,False,0.19039735099337748,0.22514132011284352,False,0.27632776087656413,False
00-0033933,WR,2018,0,0,0.6788079470198676,0.8115503591381387,False,0.7565860935463652,False,0.19039735099337748,0.12220656799705924,False,0.13468050571724102,False
00-0033937,WR,2018,1,0,0.6788079470198676,0.7490967627981494,False,0.7753250768477034,False,0.19039735099337748,0.15744005227841854,False,0.11360479620445889,False
00-0033968,WR,2018,1,0,0.6788079470198676,0.8995961390546033,False,0.9110552803208272,False,0.19039735099337748,0.07173786815367039,False,0.04672555487692709,False
00-0021547,TE,2018,1,0,0.6572164948453608,0.36755073697427126,False,0.5399293393641362,False,0.14432989690721648,0.39913523355697117,False,0.3205287371432897,False
00-0022127,TE,2018,1,0,0.6572164948453608,0.34472558126942465,False,0.35712892437056815,False,0.14432989690721648,0.46488642922903656,False,0.5195377557499914,False
00-0022943,TE,2018,1,0,0.6572164948453608,0.34472558126942465,False,0.36757907171982823,False,0.14432989690721648,0.46488642922903656,False,0.44537807008801994,False
00-0024221,TE,2018,0,0,0.6572164948453608,0.36101531863923636,False,0.35771684698491,False,0.14432989690721648,0.4143269108424886,False,0.43849318408847227,False
00-0024268,TE,2018,1,0,0.6572164948453608,0.56588525076802,False,0.547141158170062,False,0.14432989690721648,0.19364763819212025,False,0.22437402691663735,False
00-0026201,TE,2018,1,0,0.6572164948453608,0.6382240118121418,False,0.6809283691870366,False,0.14432989690721648,0.1491405163428529,False,0.09067719800422303,False
00-0027061,TE,2018,0,1,0.6572164948453608,0.34472558126942465,False,0.3686285907834254,False,0.14432989690721648,0.46488642922903656,False,0.379748733797959,False
00-0027125,TE,2018,1,0,0.6572164948453608,0.6834192308107061,False,0.766915812010653,False,0.14432989690721648,0.11095714315810142,False,0.11006154877331051,False
00-0027139,TE,2018,1,0,0.6572164948453608,0.8693058614067661,False,0.8983075247801264,False,0.14432989690721648,0.02951824104394258,False,0.029397860136899944,False
00-0027215,TE,2018,1,0,0.6572164948453608,0.8268178377245654,False,0.8470736340000097,False,0.14432989690721648,0.04449212282314579,False,0.0492039263778197,False
00-0027321,TE,2018,1,0,0.6572164948453608,0.778866886543358,False,0.826839063708983,False,0.14432989690721648,0.06561845357499177,False,0.06097761081258824,False
00-0027696,TE,2018,0,1,0.6572164948453608,0.34472558126942465,False,0.33588679166773067,False,0.14432989690721648,0.46488642922903656,False,0.7142057126190213,False
00-0027732,TE,2018,1,0,0.6572164948453608,0.6382240118121418,False,0.6562084111174379,False,0.14432989690721648,0.1491405163428529,False,0.16468071687804878,False
00-0027873,TE,2018,1,0,0.6572164948453608,0.4334996550493562,False,0.42462194628279454,False,0.14432989690721648,0.32982057782370316,False,0.31413060726692754,False
00-0027985,TE,2018,0,1,0.6572164948453608,0.4334996550493562,False,0.5044218168677884,False,0.14432989690721648,0.32982057782370316,False,0.3593263969275379,False
00-0028042,TE,2018,0,0,0.6572164948453608,0.7862048698396978,False,0.7582244977304581,False,0.14432989690721648,0.05740607929372844,False,0.06990298521183581,False
00-0028067,TE,2018,1,0,0.6572164948453608,0.45789704131776954,False,0.5542249581425843,False,0.14432989690721648,0.2830530201760775,False,0.2566415537139647,False
00-0028093,TE,2018,1,0,0.6572164948453608,0.5933829772526512,False,0.5255473008374281,False,0.14432989690721648,0.1573163103704272,False,0.09103517952024986,False
00-0028097,TE,2018,0,0,0.6572164948453608,0.6310468228673419,False,0.6751341023927101,False,0.14432989690721648,0.13290441181722223,False,0.09813361734019083,False
00-0028142,TE,2018,1,0,0.6572164948453608,0.5728047844198069,False,0.5897967304706615,False,0.14432989690721648,0.1840052319580759,False,0.16068349288896247,False
00-0028903,TE,2018,1,0,0.6572164948453608,0.440442785527966,False,0.4022870826064511,False,0.14432989690721648,0.3160553129006492,False,0.34206117061195035,False
00-0029091,TE,2018,1,0,0.6572164948453608,0.8159525665793411,False,0.8556341321026849,False,0.14432989690721648,0.04484616283966656,False,0.04000543787789271,False
00-0029119,TE,2018,0,0,0.6572164948453608,0.6703046166308286,False,0.6869365224277525,False,0.14432989690721648,0.10869057920932079,False,0.09223394421688927,False
00-0029391,TE,2018,1,0,0.6572164948453608,0.7790032116019434,False,0.6799009385101178,False,0.14432989690721648,0.06273534744063804,False,0.07119216275757206,False
00-0029587,TE,2018,0,0,0.6572164948453608,0.4509004815611777,False,0.42457920431214435,False,0.14432989690721648,0.29600299707280553,False,0.2562122878105166,False
00-0029634,TE,2018,1,0,0.6572164948453608,0.5974403929825329,False,0.5524274545889772,False,0.14432989690721648,0.1805403865563912,False,0.2115605890847553,False
00-0029689,TE,2018,1,0,0.6572164948453608,0.5195197990649408,False,0.6752877481946441,False,0.14432989690721648,0.2375187078687183,False,0.16789577302535702,False
00-0029697,TE,2018,1,0,0.6572164948453608,0.5519714846938778,False,0.5707627161556685,False,0.14432989690721648,0.21407173899035667,False,0.1450388325136569,False
00-0029738,TE,2018,0,0,0.6572164948453608,0.45789704131776954,False,0.49163869052871584,False,0.14432989690721648,0.2830530201760775,False,0.2545139799076356,False
00-0029740,TE,2018,1,0,0.6572164948453608,0.760890499716095,False,0.5405227145757615,False,0.14432989690721648,0.06705825512500388,False,0.12860500038414371,False
00-0029793,TE,2018,1,0,0.6572164948453608,0.5974403929825329,False,0.6017723395615977,False,0.14432989690721648,0.1805403865563912,False,0.15294769659291185,False
00-0029878,TE,2018,1,0,0.6572164948453608,0.7167246087695658,False,0.28183746308044744,False,0.14432989690721648,0.09294566323567137,False,0.024542493886354978,False
00-0030089,TE,2018,0,0,0.6572164948453608,0.4263888912228213,False,0.4138954466663824,False,0.14432989690721648,0.3547966376839535,False,0.46267643189000746,False
00-0030108,TE,2018,1,0,0.6572164948453608,0.7476697296228195,False,0.7818487484584181,False,0.14432989690721648,0.08110997894353889,False,0.056415538918917506,False
00-0030181,TE,2018,1,0,0.6572164948453608,0.3950033311290092,False,0.3289021746644782,False,0.14432989690721648,0.3747691323270586,False,0.4871983043148599,False
00-0030422,TE,2018,1,0,0.6572164948453608,0.5122739717247135,False,0.5224871466368262,False,0.14432989690721648,0.25819798656183396,False,0.30490162468897924,False
00-0030472,TE,2018,0,0,0.6572164948453608,0.7424597701507637,False,0.8305624183580436,False,0.14432989690721648,0.08223125040900772,False,0.033243377450790326,False
00-0030549,TE,2018,1,0,0.6572164948453608,0.8519785208187123,False,0.9075962551054453,False,0.14432989690721648,0.03465378422570514,False,0.013342455204074897,False
00-0030780,TE,2018,1,0,0.6572164948453608,0.8159525665793411,False,0.7577010502121784,False,0.14432989690721648,0.04484616283966656,False,0.055096182775933485,False
00-0031044,TE,2018,1,0,0.6572164948453608,0.5967830718516954,False,0.6064966999206985,False,0.14432989690721648,0.15318774589451686,False,0.14223851184262087,False
00-0031273,TE,2018,0,1,0.6572164948453608,0.36101531863923636,False,0.422224919839123,False,0.14432989690721648,0.4143269108424886,False,0.3768660278723747,False
00-0031299,TE,2018,1,0,0.6572164948453608,0.597630783721454,False,0.7152259000672071,False,0.14432989690721648,0.17354574297699937,False,0.08422188910616792,False
00-0031302,TE,2018,1,0,0.6572164948453608,0.778866886543358,False,0.8093485312477839,False,0.14432989690721648,0.06561845357499177,False,0.04717326593229326,False
00-0031384,TE,2018,1,0,0.6572164948453608,0.5974403929825329,False,0.5865069552031063,False,0.14432989690721648,0.1805403865563912,False,0.16920667040870593,False
00-0031387,TE,2018,1,0,0.6572164948453608,0.34472558126942465,False,0.35931803157985254,False,0.14432989690721648,0.46488642922903656,False,0.5074548561997614,False
00-0031418,TE,2018,1,0,0.6572164948453608,0.49748264106453477,False,0.4553614695099002,False,0.14432989690721648,0.2447976922152027,False,0.3381438034890346,False
00-0031484,TE,2018,1,0,0.6572164948453608,0.7978245508106949,False,0.8391184148842806,False,0.14432989690721648,0.04945872003058649,False,0.043014991969612656,False
00-0031533,TE,2018,1,0,0.6572164948453608,0.8138240480032206,False,0.7641434421064612,False,0.14432989690721648,0.04621416447206436,False,0.05015326910007307,False
00-0031558,TE,2018,1,0,0.6572164948453608,0.6375928886693685,False,0.4654205953546103,False,0.14432989690721648,0.12581469736090267,False,0.10176125952445647,False
00-0031598,TE,2018,0,0,0.6572164948453608,0.43610131569125865,False,0.5102965778213813,False,0.14432989690721648,0.2911945217964046,False,0.1853243524115044,False
00-0031609,TE,2018,1,0,0.6572164948453608,0.5831300835654316,False,0.5978611357119481,False,0.14432989690721648,0.17024548566093667,False,0.20641153203645043,False
00-0031690,TE,2018,0,0,0.6572164948453608,0.6765112131400367,False,0.5972559246321589,False,0.14432989690721648,0.10273949217545715,False,0.12116729760750125,False
00-0031744,TE,2018,0,0,0.6572164948453608,0.8754996785232942,False,0.9018776394622432,False,0.14432989690721648,0.027366233063148202,False,0.03415987452135009,False
00-0031884,TE,2018,1,0,0.6572164948453608,0.8754996785232942,False,0.9039431729344458,False,0.14432989690721648,0.027366233063148202,False,0.03074506707565932,False
00-0032004,TE,2018,1,0,0.6572164948453608,0.8554044288669875,False,0.8723835387370833,False,0.14432989690721648,0.03415711472398955,False,0.020737012132480998,False
00-0032062,TE,2018,1,0,0.6572164948453608,0.8308216768985329,False,0.8150119607380066,False,0.14432989690721648,0.04189086166864633,False,0.043513930946200124,False
00-0032098,TE,2018,1,0,0.6572164948453608,0.6244521615134755,False,0.7179935695470001,False,0.14432989690721648,0.14032950332385888,False,0.08941901503276854,False
00-0032120,TE,2018,1,0,0.6572164948453608,0.758313805072959,False,0.7785487338773056,False,0.14432989690721648,0.06905483554036232,False,0.0494099902451575,False
00-0032134,TE,2018,0,1,0.6572164948453608,0.5406061913039831,False,0.6678481349920189,False,0.14432989690721648,0.2050181121085155,False,0.14216372206647981,False
00-0032141,TE,2018,0,0,0.6572164948453608,0.8095101689680174,False,0.7365153619620299,False,0.14432989690721648,0.049070136714410545,False,0.060407801148888496,False
00-0032188,TE,2018,1,0,0.6572164948453608,0.5510998330429575,False,0.04435084900090843,False,0.14432989690721648,0.19005301799985425,False,0.5370951094394011,False
00-0032214,TE,2018,1,0,0.6572164948453608,0.38076658975005423,False,0.30591785812721883,False,0.14432989690721648,0.36935243272110774,False,0.5125209348067395,False
00-0032227,TE,2018,0,0,0.6572164948453608,0.6244521615134755,False,0.6247408313036511,False,0.14432989690721648,0.14032950332385888,False,0.17588403130179084,False
00-0032256,TE,2018,1,0,0.6572164948453608,0.7476697296228195,False,0.7660549045716879,False,0.14432989690721648,0.08110997894353889,False,0.0692327567084548,False
00-0032319,TE,2018,1,0,0.6572164948453608,0.5899739103575385,False,0.6434080841630748,False,0.14432989690721648,0.16153491855030286,False,0.15574080113988828,False
00-0032394,TE,2018,1,0,0.6572164948453608,0.6343260594983979,False,0.6370857694210542,False,0.14432989690721648,0.1293181907782666,False,0.10757525751763256,False
00-0032429,TE,2018,1,0,0.6572164948453608,0.6481205369057421,False,0.6543500148414969,False,0.14432989690721648,0.13195122875709217,False,0.10735042646460047,False
00-0032430,TE,2018,1,0,0.6572164948453608,0.6734155085899926,False,0.663747761505605,False,0.14432989690721648,0.10567810072468128,False,0.0832456990542505,False
00-0032523,TE,2018,1,0,0.6572164948453608,0.8816053625426536,False,0.9218080363885981,False,0.14432989690721648,0.023098080091591464,False,0.01970892834112352,False
00-0032650,TE,2018,1,0,0.6572164948453608,0.8754996785232942,False,0.8963976793919493,False,0.14432989690721648,0.027366233063148202,False,0.023125432455936457,False
00-0032661,TE,2018,1,0,0.6572164948453608,0.7862048698396978,False,0.8453885643859286,False,0.14432989690721648,0.05740607929372844,False,0.04692982738012991,False
00-0032689,TE,2018,1,0,0.6572164948453608,0.8554044288669875,False,0.8882429725267726,False,0.14432989690721648,0.03415711472398955,False,0.033514710809257886,False
00-0032725,TE,2018,1,0,0.6572164948453608,0.4263888912228213,False,0.4214680132068555,False,0.14432989690721648,0.3547966376839535,False,0.4337917913471471,False
00-0032745,TE,2018,1,0,0.6572164948453608,0.7741064527052222,False,0.6998037846859997,False,0.14432989690721648,0.06654107687602535,False,0.06729109769269721,False
00-0033043,TE,2018,1,0,0.6572164948453608,0.778866886543358,False,0.7899873972311837,False,0.14432989690721648,0.06561845357499177,False,0.04192774212510724,False
00-0033080,TE,2018,1,0,0.6572164948453608,0.38409921707513056,False,0.4243739175530577,False,0.14432989690721648,0.36205003016664283,False,0.34236026025959665,False
00-0033090,TE,2018,1,0,0.6572164948453608,0.5230410764878151,False,0.5337138140502969,False,0.14432989690721648,0.23186447280508116,False,0.11988064217858815,False
00-0033095,TE,2018,1,0,0.6572164948453608,0.8554044288669875,False,0.8673942607073345,False,0.14432989690721648,0.03415711472398955,False,0.03491099561355515,False
00-0033117,TE,2018,1,0,0.6572164948453608,0.8326855213819329,False,0.8712104662476188,False,0.14432989690721648,0.042559404823790135,False,0.04048080496020328,False
00-0033258,TE,2018,1,0,0.6572164948453608,0.7136892169495275,False,0.7509690418219589,False,0.14432989690721648,0.09986792075587708,False,0.13170915297409086,False
00-0033288,TE,2018,0,1,0.6572164948453608,0.3847458069606703,False,0.39653381159847007,False,0.14432989690721648,0.4086972899905743,False,0.33586968914874915,False
00-0033315,TE,2018,1,0,0.6572164948453608,0.8554044288669875,False,0.8744878859674099,False,0.14432989690721648,0.03415711472398955,False,0.0220589016815385,False
00-0033338,TE,2018,1,0,0.6572164948453608,0.7476697296228195,False,0.8068799954171428,False,0.14432989690721648,0.08110997894353889,False,0.0728016708231485,False
00-0033357,TE,2018,1,0,0.6572164948453608,0.8326855213819329,False,0.8712104662476188,False,0.14432989690721648,0.042559404823790135,False,0.04048080496020328,False
00-0033421,TE,2018,0,0,0.6572164948453608,0.8072015590085372,False,0.7404546233169246,False,0.14432989690721648,0.05291533247895485,False,0.06643797483234305,False
00-0033514,TE,2018,1,0,0.6572164948453608,0.8754996785232942,False,0.8323846009361727,False,0.14432989690721648,0.027366233063148202,False,0.014671869866665117,False
00-0033528,TE,2018,1,0,0.6572164948453608,0.8326855213819329,False,0.8428067065499122,False,0.14432989690721648,0.042559404823790135,False,0.06074836648839467,False
00-0033559,TE,2018,1,0,0.6572164948453608,0.7476697296228195,False,0.750317830535588,False,0.14432989690721648,0.08110997894353889,False,0.07457628404776089,False
00-0033576,TE,2018,1,0,0.6572164948453608,0.8326855213819329,False,0.8712104662476188,False,0.14432989690721648,0.042559404823790135,False,0.04048080496020328,False
00-0033611,TE,2018,0,1,0.6572164948453608,0.6771088838849192,False,0.680604632300801,False,0.14432989690721648,0.12238614476475723,False,0.1584575428302706,False
00-0033763,TE,2018,1,0,0.6572164948453608,0.8754996785232942,False,0.9032730106562388,False,0.14432989690721648,0.027366233063148202,False,0.027712746934326595,False
00-0033879,TE,2018,0,0,0.6572164948453608,0.46910265792287964,False,0.4265631127909301,False,0.14432989690721648,0.30434577914625155,False,0.366413984862149,False
00-0033881,TE,2018,0,0,0.6572164948453608,0.3847458069606703,False,0.16991527986957988,False,0.14432989690721648,0.4086972899905743,False,0.6957442751321434,False
00-0033885,TE,2018,0,1,0.6572164948453608,0.34472558126942465,False,0.32698290572936145,False,0.14432989690721648,0.46488642922903656,False,0.5516037040342464,False
00-0033896,TE,2018,1,0,0.6572164948453608,0.7136892169495275,False,0.693900855486064,False,0.14432989690721648,0.09986792075587708,False,0.12076731623675943,False
00-0021206,QB,2019,1,0,0.7874564459930313,0.8576301834618643,False,0.9126639073619125,False,0.14285714285714285,0.0832040993159475,False,0.03609705584694733,False
00-0022787,QB,2019,1,0,0.7874564459930313,0.9256899919447947,False,0.956666009786069,False,0.14285714285714285,0.05568047123613371,False,0.0021186803522823647,False
00-0022803,QB,2019,1,0,0.7874564459930313,0.4269064110699516,False,0.5576015208802794,False,0.14285714285714285,0.4232382941175078,False,0.36600118594784936,False
00-0022924,QB,2019,1,0,0.7874564459930313,0.32845558284511195,False,0.18516993083831434,False,0.14285714285714285,0.5354130476174698,False,0.680818752338241,False
00-0023436,QB,2019,1,0,0.7874564459930313,0.6620201208796918,False,0.7003722285622308,False,0.14285714285714285,0.24376727566551995,False,0.1782982637348656,False
00-0023459,QB,2019,1,0,0.7874564459930313,0.5629918792862283,False,0.47416266331259055,False,0.14285714285714285,0.33718633465276554,False,0.3116144937173345,False
00-0023645,QB,2019,1,0,0.7874564459930313,0.9256899919447947,False,0.9912211921943348,False,0.14285714285714285,0.05568047123613371,False,0.01668517399144452,False
00-0023662,QB,2019,1,0,0.7874564459930313,0.9465720650003944,False,0.9671560839699739,False,0.14285714285714285,0.0378178283085362,False,0.020328264494890416,False
00-0023682,QB,2019,0,1,0.7874564459930313,0.8353425539661281,False,0.6062310988089351,False,0.14285714285714285,0.11364990426966157,False,0.3230966989708227,False
00-0026143,QB,2019,0,1,0.7874564459930313,0.32845558284511195,False,0.3483342346755319,False,0.14285714285714285,0.5354130476174698,False,0.6113236497523851,False
00-0026158,QB,2019,1,0,0.7874564459930313,0.6849154266964155,False,0.628160004409367,False,0.14285714285714285,0.19317786529358502,False,0.24544491601892038,False
00-0026197,QB,2019,1,0,0.7874564459930313,0.9542304719917195,False,0.9783042298876182,False,0.14285714285714285,0.032202926246264044,False,0.011463901532083648,False
00-0026300,QB,2019,1,0,0.7874564459930313,0.8869338857717147,False,0.8569793492864659,False,0.14285714285714285,0.08270416026348909,False,0.08210971513662431,False
00-0026498,QB,2019,1,0,0.7874564459930313,0.41024348169127756,False,0.48112397729397627,False,0.14285714285714285,0.434454806647951,False,0.34478320027753867,False
00-0026544,QB,2019,1,0,0.7874564459930313,0.9319756808804975,False,0.7674103211203112,False,0.14285714285714285,0.04977741839391348,False,0.12625812293790029,False
00-0026625,QB,2019,1,0,0.7874564459930313,0.8615888632100829,False,0.922281069446764,False,0.14285714285714285,0.10030659129718536,False,0.061273413056739875,False
00-0026898,QB,2019,1,0,0.7874564459930313,0.9256899919447947,False,0.9732990450514641,False,0.14285714285714285,0.05568047123613371,False,0.029259588984350313,False
00-0027688,QB,2019,1,0,0.7874564459930313,0.9081327305285017,False,0.8942606426768459,False,0.14285714285714285,0.06795739121717291,False,0.053975670622428654,False
00-0027796,QB,2019,1,0,0.7874564459930313,0.8879175169008143,False,0.9151088506319598,False,0.14285714285714285,0.07025555068174127,False,0.04135828755827915,False
00-0027854,QB,2019,1,0,0.7874564459930313,0.937715853646157,False,0.9642389832902294,False,0.14285714285714285,0.04436686357049206,False,0.027089660735381306,False
00-0027939,QB,2019,1,0,0.7874564459930313,0.43716335482783053,False,0.3384157661014623,False,0.14285714285714285,0.42977107537390213,False,0.46506900944522933,False
00-0027948,QB,2019,1,0,0.7874564459930313,0.8445460030269761,False,0.9325527608078834,False,0.14285714285714285,0.10911773408064633,False,0.043123838810461494,False
00-0027973,QB,2019,0,0,0.7874564459930313,0.61085501327295,False,0.4607899208366099,False,0.14285714285714285,0.25041353081071416,False,0.3853407421573005,False
00-0028118,QB,2019,1,0,0.7874564459930313,0.8869338857717147,False,0.9186466678667949,False,0.14285714285714285,0.08270416026348909,False,0.04556199412829,False
00-0028986,QB,2019,0,0,0.7874564459930313,0.32845558284511195,False,0.4729792903619862,False,0.14285714285714285,0.5354130476174698,False,0.4639406068052748,False
00-0029604,QB,2019,1,0,0.7874564459930313,0.41024348169127756,False,0.5769640071319136,False,0.14285714285714285,0.434454806647951,False,0.2387713203762621,False
00-0029665,QB,2019,1,0,0.7874564459930313,0.9256899919447947,False,0.9426245043049051,False,0.14285714285714285,0.05568047123613371,False,0.04408294696580895,False
00-0029677,QB,2019,1,0,0.7874564459930313,0.9401130647382148,False,0.922095400999275,False,0.14285714285714285,0.04551314853689287,False,0.06442392133320307,False
00-0029682,QB,2019,1,0,0.7874564459930313,0.8565281050382917,False,0.8635436529537739,False,0.14285714285714285,0.09792186718381407,False,0.08468550871733967,False
00-0029701,QB,2019,1,0,0.7874564459930313,0.6085119510340077,False,0.9198744330858661,False,0.14285714285714285,0.28499911772684594,False,0.11138883043853814,False
00-0030520,QB,2019,1,0,0.7874564459930313,0.9392071544924259,False,0.9513074572256857,False,0.14285714285714285,0.041295392775199134,False,0.02530102803889511,False
00-0030533,QB,2019,1,0,0.7874564459930313,0.9401130647382148,False,0.6134546302658874,False,0.14285714285714285,0.04551314853689287,False,0.24821576831968664,False
00-0030565,QB,2019,1,0,0.7874564459930313,0.9275040685911672,False,0.9226277887802393,False,0.14285714285714285,0.05198873761459414,False,0.04427130651868124,False
00-0031237,QB,2019,0,0,0.7874564459930313,0.9319756808804975,False,0.9393927829093425,False,0.14285714285714285,0.04977741839391348,False,0.04745513517003843,False
00-0031280,QB,2019,0,1,0.7874564459930313,0.4269064110699516,False,0.7676636448560271,False,0.14285714285714285,0.4232382941175078,False,0.12595962077452932,False
00-0031288,QB,2019,1,0,0.7874564459930313,0.9465720650003944,False,0.9441972084149534,False,0.14285714285714285,0.0378178283085362,False,0.038079904594133664,False
00-0031345,QB,2019,1,0,0.7874564459930313,0.9196677444860848,False,0.8598386642476317,False,0.14285714285714285,0.052815007878018204,False,0.08725604470175433,False
00-0031395,QB,2019,1,0,0.7874564459930313,0.9401130647382148,False,0.9894528439989161,False,0.14285714285714285,0.04551314853689287,False,0.007762139418298063,False
00-0031407,QB,2019,1,0,0.7874564459930313,0.49464158538626635,False,0.5643475611240447,False,0.14285714285714285,0.3786875328742916,False,0.22761701468850035,False
00-0031503,QB,2019,0,1,0.7874564459930313,0.6584358895453972,False,0.511938687427021,False,0.14285714285714285,0.22551796413927663,False,0.26268736670722836,False
00-0031800,QB,2019,1,0,0.7874564459930313,0.9209021526641727,False,0.9419267902424165,False,0.14285714285714285,0.0582721047162735,False,0.034435668284016674,False
00-0032245,QB,2019,1,0,0.7874564459930313,0.9245834061421171,False,0.9720132953538879,False,0.14285714285714285,0.050570418364281375,False,0.017840333553232994,False
00-0032268,QB,2019,1,0,0.7874564459930313,0.43716335482783053,False,0.14710466667214872,False,0.14285714285714285,0.42977107537390213,False,0.5174912421620033,False
00-0032436,QB,2019,1,0,0.7874564459930313,0.7567246699577631,False,0.7984487553400038,False,0.14285714285714285,0.17410484404889015,False,0.1446349394014191,False
00-0032792,QB,2019,1,0,0.7874564459930313,0.9256899919447947,False,0.9736371874142243,False,0.14285714285714285,0.05568047123613371,False,0.02159196467508161,False
00-0032950,QB,2019,1,0,0.7874564459930313,0.6584358895453972,False,0.3415866052406749,False,0.14285714285714285,0.22551796413927663,False,0.28987181250155697,False
00-0033104,QB,2019,1,0,0.7874564459930313,0.9103339027630254,False,0.9487504438056023,False,0.14285714285714285,0.06350641304834584,False,0.02456989243931593,False
00-0033119,QB,2019,0,1,0.7874564459930313,0.8306612399519337,False,0.8367370301611641,False,0.14285714285714285,0.0943021624196646,False,0.07369042892958205,False
00-0033319,QB,2019,1,0,0.7874564459930313,0.7567246699577631,False,0.6608702482140308,False,0.14285714285714285,0.17410484404889015,False,0.3072576312239501,False
00-0033597,QB,2019,1,0,0.7874564459930313,0.9401130647382148,False,0.922095400999275,False,0.14285714285714285,0.04551314853689287,False,0.06442392133320307,False
00-0033899,QB,2019,1,0,0.7874564459930313,0.8607542729697288,False,0.9477967456792195,False,0.14285714285714285,0.0776624702608057,False,0.01829495515652539,False
00-0033936,QB,2019,1,0,0.7874564459930313,0.8920924182902522,False,0.880003714817266,False,0.14285714285714285,0.07218399213163339,False,0.11034517029820351,False
00-0033949,QB,2019,1,0,0.7874564459930313,0.8615888632100829,False,0.9135676490823466,False,0.14285714285714285,0.10030659129718536,False,0.062045390110322174,False
00-0033958,QB,2019,1,0,0.7874564459930313,0.8869338857717147,False,0.9454819062480163,False,0.14285714285714285,0.08270416026348909,False,0.07016094213016776,False
00-0034343,QB,2019,1,0,0.7874564459930313,0.43716335482783053,False,0.7453342593192978,False,0.14285714285714285,0.42977107537390213,False,0.2149525325563675,False
00-0034369,QB,2019,1,0,0.7874564459930313,0.9401130647382148,False,0.9441710431192178,False,0.14285714285714285,0.04551314853689287,False,0.07155583241751463,False
00-0034577,QB,2019,0,0,0.7874564459930313,0.9256899919447947,False,0.8907307082454778,False,0.14285714285714285,0.05568047123613371,False,0.10162209510289998,False
00-0034855,QB,2019,0,1,0.7874564459930313,0.43716335482783053,False,0.6400683617613122,False,0.14285714285714285,0.42977107537390213,False,0.28452942655137786,False
00-0034857,QB,2019,1,0,0.7874564459930313,0.5522618048731708,False,0.6697571599906991,False,0.14285714285714285,0.33016028565251654,False,0.20587987760634904,False
00-0034869,QB,2019,0,0,0.7874564459930313,0.49464158538626635,False,0.5479124966377622,False,0.14285714285714285,0.3786875328742916,False,0.3681000570678845,False
00-0023500,RB,2019,1,0,0.6858168761220825,0.5399812291115876,False,0.5890477936441645,False,0.1615798922800718,0.3281166695231555,False,0.22333538321502922,False
00-0025394,RB,2019,0,1,0.6858168761220825,0.5556630524007184,False,0.48057246230681877,False,0.1615798922800718,0.26878010141333347,False,0.3452606457879125,False
00-0025399,RB,2019,1,0,0.6858168761220825,0.7188351099184631,False,0.5122820119137541,False,0.1615798922800718,0.16245256581125855,False,0.26344718678181667,False
00-0026153,RB,2019,1,0,0.6858168761220825,0.8387781819739094,False,0.8401336706544781,False,0.1615798922800718,0.04430283955988543,False,0.037459631187218956,False
00-0026213,RB,2019,1,0,0.6858168761220825,0.8005607552563097,False,0.875139974773072,False,0.1615798922800718,0.09749546413455201,False,0.06069989091195425,False
00-0027029,RB,2019,0,0,0.6858168761220825,0.5452853883681996,False,0.5092899420316512,False,0.1615798922800718,0.26722887780654303,False,0.2992492602908811,False
00-0027325,RB,2019,1,0,0.6858168761220825,0.4787169772006138,False,0.5761840179177504,False,0.1615798922800718,0.3466725011848857,False,0.2817330605769399,False
00-0027531,RB,2019,1,0,0.6858168761220825,0.5781176102801272,False,0.658309192934195,False,0.1615798922800718,0.23214426845846256,False,0.20602396014431384,False
00-0028011,RB,2019,1,0,0.6858168761220825,0.7682980369869559,False,0.8597307175177481,False,0.1615798922800718,0.08349221480499537,False,0.048958643394346545,False
00-0028063,RB,2019,1,0,0.6858168761220825,0.8089966325279606,False,0.8772483198624267,False,0.1615798922800718,0.0711515317488938,False,0.037300088905290185,False
00-0028064,RB,2019,0,0,0.6858168761220825,0.6998421079538175,False,0.7086883773752667,False,0.1615798922800718,0.17726785650745625,False,0.18215958461061005,False
00-0028083,RB,2019,1,0,0.6858168761220825,0.5170240382779118,False,0.5912463992005654,False,0.1615798922800718,0.35169603476500266,False,0.26380584708878047,False
00-0028087,RB,2019,1,0,0.6858168761220825,0.4787169772006138,False,0.4857625483323526,False,0.1615798922800718,0.3466725011848857,False,0.31575116878076787,False
00-0028581,RB,2019,1,0,0.6858168761220825,0.7275262761644824,False,0.8599520248854946,False,0.1615798922800718,0.10585312075285978,False,0.0907728362029752,False
00-0029141,RB,2019,1,0,0.6858168761220825,0.6365685453433777,False,0.6380805719456973,False,0.1615798922800718,0.21767616208785545,False,0.2049037110904898,False
00-0029205,RB,2019,1,0,0.6858168761220825,0.8493546475677518,False,0.8731052209920135,False,0.1615798922800718,0.05599641804273927,False,0.0974061958478159,False
00-0029239,RB,2019,0,1,0.6858168761220825,0.7002936314117755,False,0.6626995645652698,False,0.1615798922800718,0.12495707881128253,False,0.12857103689482294,False
00-0029273,RB,2019,1,0,0.6858168761220825,0.8427284229653458,False,0.8823507285708663,False,0.1615798922800718,0.05721020478358823,False,0.046109398682971175,False
00-0029492,RB,2019,1,0,0.6858168761220825,0.7110002644211728,False,0.8515548053258111,False,0.1615798922800718,0.13253427830109943,False,0.05357053527297676,False
00-0029613,RB,2019,1,0,0.6858168761220825,0.5454521969949052,False,0.4878372335316451,False,0.1615798922800718,0.2852781514963394,False,0.26893370620301554,False
00-0030107,RB,2019,1,0,0.6858168761220825,0.5399812291115876,False,0.5130988713934677,False,0.1615798922800718,0.3281166695231555,False,0.2756778354907626,False
00-0030404,RB,2019,0,0,0.6858168761220825,0.6849137507117253,False,0.6756202855584963,False,0.1615798922800718,0.16361690240826018,False,0.15086090350929454,False
00-0030432,RB,2019,1,0,0.6858168761220825,0.8716903744876909,False,0.8413119579240156,False,0.1615798922800718,0.030875736135083893,False,0.0329644213756383,False
00-0030433,RB,2019,1,0,0.6858168761220825,0.7974739963093415,False,0.9193795653896117,False,0.1615798922800718,0.08748882351529298,False,0.060481662591964254,False
00-0030456,RB,2019,0,1,0.6858168761220825,0.5852968711643511,False,0.6131568501550516,False,0.1615798922800718,0.28354154871959825,False,0.22911091113053994,False
00-0030465,RB,2019,0,1,0.6858168761220825,0.7002936314117755,False,0.7482619825402321,False,0.1615798922800718,0.12495707881128253,False,0.08532467196295603,False
00-0030513,RB,2019,1,0,0.6858168761220825,0.4787169772006138,False,0.4965917231853519,False,0.1615798922800718,0.3466725011848857,False,0.3271099687173735,False
00-0030656,RB,2019,1,0,0.6858168761220825,0.5627700084514636,False,0.4783444218941392,False,0.1615798922800718,0.3053735311137504,False,0.34260956338181947,False
00-0030711,RB,2019,1,0,0.6858168761220825,0.7993669116332445,False,0.7958576889150419,False,0.1615798922800718,0.06318834301229558,False,0.048395813181122654,False
00-0031045,RB,2019,1,0,0.6858168761220825,0.5399812291115876,False,0.596163937950609,False,0.1615798922800718,0.3281166695231555,False,0.2436404506674579,False
00-0031102,RB,2019,1,0,0.6858168761220825,0.7437048208465227,False,0.8357680243510577,False,0.1615798922800718,0.09900742021995142,False,0.06225614026928535,False
00-0031209,RB,2019,1,0,0.6858168761220825,0.682835971430287,False,0.7813390282022009,False,0.1615798922800718,0.15561550058721665,False,0.06645446364942574,False
00-0031285,RB,2019,0,1,0.6858168761220825,0.8560147269272389,False,0.670482582815247,False,0.1615798922800718,0.03700813329282156,False,0.08217377215711502,False
00-0031301,RB,2019,1,0,0.6858168761220825,0.8493546475677518,False,0.7941927499457542,False,0.1615798922800718,0.05599641804273927,False,0.06706227902271159,False
00-0031569,RB,2019,1,0,0.6858168761220825,0.8716903744876909,False,0.8224428567554876,False,0.1615798922800718,0.030875736135083893,False,0.04393788697293199,False
00-0031577,RB,2019,1,0,0.6858168761220825,0.5627700084514636,False,0.7356504817752122,False,0.1615798922800718,0.3053735311137504,False,0.17910961999933098,False
00-0031590,RB,2019,1,0,0.6858168761220825,0.8199123373937937,False,0.7352669048972135,False,0.1615798922800718,0.0529563415322024,False,0.10794076010955383,False
00-0031599,RB,2019,1,0,0.6858168761220825,0.8040572227504617,False,0.8119965672350837,False,0.1615798922800718,0.08113079637742236,False,0.07683765298090002,False
00-0031665,RB,2019,1,0,0.6858168761220825,0.764350481927332,False,0.6746361084904775,False,0.1615798922800718,0.10028121484439378,False,0.13910737787392694,False
00-0031687,RB,2019,1,0,0.6858168761220825,0.7314521206830731,False,0.5671524371743761,False,0.1615798922800718,0.127394273150629,False,0.158808886893553,False
00-0031731,RB,2019,1,0,0.6858168761220825,0.7993669116332445,False,0.7881720174498666,False,0.1615798922800718,0.06318834301229558,False,0.07088063343168569,False
00-0031806,RB,2019,0,1,0.6858168761220825,0.6414984127666086,False,0.733692713898578,False,0.1615798922800718,0.17203502899307715,False,0.11764571306788059,False
00-0031959,RB,2019,1,0,0.6858168761220825,0.7418686165209565,False,0.6778973892664438,False,0.1615798922800718,0.0938112415365998,False,0.07735215042939046,False
00-0032058,RB,2019,1,0,0.6858168761220825,0.4787169772006138,False,0.5329441796724896,False,0.1615798922800718,0.3466725011848857,False,0.31277443949902417,False
00-0032104,RB,2019,1,0,0.6858168761220825,0.6689685694629267,False,0.8949041310196381,False,0.1615798922800718,0.19668956743871374,False,0.06137925198604717,False
00-0032187,RB,2019,0,0,0.6858168761220825,0.6445070810309549,False,0.5766579695823262,False,0.1615798922800718,0.1490149880411536,False,0.2891366799844711,False
00-0032209,RB,2019,1,0,0.6858168761220825,0.5452853883681996,False,0.6103635025633206,False,0.1615798922800718,0.26722887780654303,False,0.2736620990332904,False
00-0032257,RB,2019,1,0,0.6858168761220825,0.49399476070350545,False,0.652252261328293,False,0.1615798922800718,0.37602155820119876,False,0.2380594437169972,False
00-0032371,RB,2019,1,0,0.6858168761220825,0.837181363809246,False,0.8936517517296139,False,0.1615798922800718,0.06181975163606807,False,0.031033832582458037,False
00-0032393,RB,2019,1,0,0.6858168761220825,0.8533604296756088,False,0.9399910447750917,False,0.1615798922800718,0.048944061839213446,False,0.02691766810063659,False
00-0032404,RB,2019,1,0,0.6858168761220825,0.7532817154198627,False,0.9294660636597274,False,0.1615798922800718,0.09699808841448884,False,0.04056925882398277,False
00-0032426,RB,2019,1,0,0.6858168761220825,0.638789090468785,False,0.7008719083496658,False,0.1615798922800718,0.22800692172617407,False,0.25992947066204924,False
00-0032450,RB,2019,1,0,0.6858168761220825,0.778890858774972,False,0.6752076494168893,False,0.1615798922800718,0.08636192351698953,False,0.07783615665438494,False
00-0032540,RB,2019,1,0,0.6858168761220825,0.8560147269272389,False,0.8975642988649039,False,0.1615798922800718,0.03700813329282156,False,0.023827256065345484,False
00-0032593,RB,2019,1,0,0.6858168761220825,0.8387781819739094,False,0.8460697596146775,False,0.1615798922800718,0.04430283955988543,False,0.03638962632403464,False
00-0032741,RB,2019,0,1,0.6858168761220825,0.5146237197084362,False,0.406308039845218,False,0.1615798922800718,0.3382163046507313,False,0.39903814707719804,False
00-0032764,RB,2019,1,0,0.6858168761220825,0.4787169772006138,False,0.12104444682691808,False,0.1615798922800718,0.3466725011848857,False,0.8880274457123707,False
00-0032794,RB,2019,0,0,0.6858168761220825,0.8256160174522752,False,0.8906323252204985,False,0.1615798922800718,0.0720956194893402,False,0.03980264714447093,False
00-0032940,RB,2019,0,1,0.6858168761220825,0.6801370085828053,False,0.8543498109882239,False,0.1615798922800718,0.19312272393942198,False,0.09970641950545323,False
00-0032964,RB,2019,1,0,0.6858168761220825,0.8152920608036132,False,0.8651344112095544,False,0.1615798922800718,0.06589503939481912,False,0.04603042703300442,False
00-0032972,RB,2019,0,0,0.6858168761220825,0.5249239269100873,False,0.565354195319008,False,0.1615798922800718,0.3200275931609173,False,0.23372847322719884,False
00-0032975,RB,2019,1,0,0.6858168761220825,0.8387781819739094,False,0.8865659170467954,False,0.1615798922800718,0.04430283955988543,False,0.03024604636019425,False
00-0033025,RB,2019,0,1,0.6858168761220825,0.49399476070350545,False,0.4348576881112568,False,0.1615798922800718,0.37602155820119876,False,0.442161932890254,False
00-0033049,RB,2019,1,0,0.6858168761220825,0.8560147269272389,False,0.8529562513422163,False,0.1615798922800718,0.03700813329282156,False,0.03482527440064753,False
00-0033118,RB,2019,0,1,0.6858168761220825,0.49399476070350545,False,0.6341708024791508,False,0.1615798922800718,0.37602155820119876,False,0.38399446375841323,False
00-0033280,RB,2019,0,1,0.6858168761220825,0.4787169772006138,False,0.3323082310958478,False,0.1615798922800718,0.3466725011848857,False,0.7805739317277645,False
00-0033293,RB,2019,1,0,0.6858168761220825,0.6438599806772295,False,0.46078962438565224,False,0.1615798922800718,0.1944558445872107,False,0.31609838858014755,False
00-0033295,RB,2019,1,0,0.6858168761220825,0.6801370085828053,False,0.6640847286841622,False,0.1615798922800718,0.19312272393942198,False,0.3715368348211715,False
00-0033296,RB,2019,1,0,0.6858168761220825,0.7608706924054992,False,0.858265782712493,False,0.1615798922800718,0.09001717136759484,False,0.05553702431821813,False
00-0033308,RB,2019,1,0,0.6858168761220825,0.5399812291115876,False,0.4656154450666124,False,0.1615798922800718,0.3281166695231555,False,0.3653804820244536,False
00-0033374,RB,2019,1,0,0.6858168761220825,0.8199123373937937,False,0.8803744704505656,False,0.1615798922800718,0.0529563415322024,False,0.03413145286138114,False
00-0033376,RB,2019,0,0,0.6858168761220825,0.7717021742459229,False,0.8583810896608547,False,0.1615798922800718,0.0930883705002308,False,0.03956228644621649,False
00-0033526,RB,2019,1,0,0.6858168761220825,0.7695041659633444,False,0.8337239148701988,False,0.1615798922800718,0.11762435652305966,False,0.05609610632583203,False
00-0033553,RB,2019,0,0,0.6858168761220825,0.602879848806229,False,0.1939558647332659,False,0.1615798922800718,0.24023235257082937,False,0.6773277912636013,False
00-0033567,RB,2019,0,0,0.6858168761220825,0.8152920608036132,False,0.7218930648975863,False,0.1615798922800718,0.06589503939481912,False,0.083720340371336,False
00-0033581,RB,2019,1,0,0.6858168761220825,0.8692809219934269,False,0.7870608008204032,False,0.1615798922800718,0.040917871890623354,False,0.049270765019709666,False
00-0033596,RB,2019,1,0,0.6858168761220825,0.7854405941103774,False,0.881268927820788,False,0.1615798922800718,0.10714464959294516,False,0.046971824375531636,False
00-0033725,RB,2019,1,0,0.6858168761220825,0.6414984127666086,False,0.6353833673548176,False,0.1615798922800718,0.17203502899307715,False,0.1679995994500606,False
00-0033760,RB,2019,1,0,0.6858168761220825,0.845628179965163,False,0.7315624228930112,False,0.1615798922800718,0.04725339993382084,False,0.05441141495481545,False
00-0033789,RB,2019,0,0,0.6858168761220825,0.7771147240291765,False,0.8613160668914739,False,0.1615798922800718,0.07524026228260018,False,0.04846780139486329,False
00-0033854,RB,2019,0,1,0.6858168761220825,0.8716903744876909,False,0.9077573136671958,False,0.1615798922800718,0.030875736135083893,False,0.02080831260757232,False
00-0033856,RB,2019,0,1,0.6858168761220825,0.7275262761644824,False,0.6332589733684525,False,0.1615798922800718,0.10585312075285978,False,0.21160742679486863,False
00-0033893,RB,2019,1,0,0.6858168761220825,0.7174611930657953,False,0.5201426938557128,False,0.1615798922800718,0.11703760940374489,False,0.17980705581449707,False
00-0033897,RB,2019,0,1,0.6858168761220825,0.5604037371490893,False,0.2878141698939047,False,0.1615798922800718,0.2928671966993474,False,0.5036751169506896,False
00-0033923,RB,2019,1,0,0.6858168761220825,0.6414984127666086,False,0.7348372104671992,False,0.1615798922800718,0.17203502899307715,False,0.22448681050525776,False
00-0033948,RB,2019,1,0,0.6858168761220825,0.5043110749372761,False,0.5442260199445683,False,0.1615798922800718,0.3568961842374635,False,0.27860100369875557,False
00-0033950,RB,2019,0,0,0.6858168761220825,0.5929592075326738,False,0.7062312308206518,False,0.1615798922800718,0.25559060445787984,False,0.14419700888241682,False
00-0033955,RB,2019,1,0,0.6858168761220825,0.8783769630669385,False,0.8865439042496325,False,0.1615798922800718,0.03491857517060957,False,0.02943139294869012,False
00-0034109,RB,2019,0,1,0.6858168761220825,0.5120546320486907,False,0.3755110156168637,False,0.1615798922800718,0.3055062456820309,False,0.3650659364920643,False
00-0034115,RB,2019,1,0,0.6858168761220825,0.7771147240291765,False,0.6539686564064114,False,0.1615798922800718,0.07524026228260018,False,0.13062325833087526,False
00-0034164,RB,2019,1,0,0.6858168761220825,0.6102735425614291,False,0.7283844444364274,False,0.1615798922800718,0.20040616058451266,False,0.16104707137294885,False
00-0034201,RB,2019,1,0,0.6858168761220825,0.8560147269272389,False,0.8935274147220775,False,0.1615798922800718,0.03700813329282156,False,0.035635690645086135,False
00-0034208,RB,2019,1,0,0.6858168761220825,0.7771147240291765,False,0.7536617744732372,False,0.1615798922800718,0.07524026228260018,False,0.06191303318744561,False
00-0034221,RB,2019,1,0,0.6858168761220825,0.7993669116332445,False,0.8482126120735559,False,0.1615798922800718,0.06318834301229558,False,0.05191051704920241,False
00-0034253,RB,2019,0,1,0.6858168761220825,0.6715679112815052,False,0.998532327748847,False,0.1615798922800718,0.14694223908938256,False,0.0009733163458258151,False
00-0034331,RB,2019,0,0,0.6858168761220825,0.7002936314117755,False,0.6801537350355749,False,0.1615798922800718,0.12495707881128253,False,0.12559842049657619,False
00-0034349,RB,2019,1,0,0.6858168761220825,0.6715679112815052,False,0.4197790049996249,False,0.1615798922800718,0.14694223908938256,False,0.24131285253292545,False
00-0034378,RB,2019,1,0,0.6858168761220825,0.5781176102801272,False,0.5608770333279476,False,0.1615798922800718,0.23214426845846256,False,0.2328905975686575,False
00-0034427,RB,2019,1,0,0.6858168761220825,0.8387781819739094,False,0.8017150856526731,False,0.1615798922800718,0.04430283955988543,False,0.04168167173656064,False
00-0034449,RB,2019,1,0,0.6858168761220825,0.753156660223848,False,0.8306057539629502,False,0.1615798922800718,0.08937155353037957,False,0.046531264666351844,False
00-0034509,RB,2019,1,0,0.6858168761220825,0.8560147269272389,False,0.7257575415936592,False,0.1615798922800718,0.03700813329282156,False,0.06728487331961563,False
00-0034565,RB,2019,1,0,0.6858168761220825,0.7993669116332445,False,0.8735511014516998,False,0.1615798922800718,0.06318834301229558,False,0.04953564639747666,False
00-0034614,RB,2019,1,0,0.6858168761220825,0.8560147269272389,False,0.8975642988649039,False,0.1615798922800718,0.03700813329282156,False,0.023827256065345484,False
00-0034621,RB,2019,1,0,0.6858168761220825,0.7993669116332445,False,0.7859701712061863,False,0.1615798922800718,0.06318834301229558,False,0.05412809105672002,False
00-0034679,RB,2019,1,0,0.6858168761220825,0.6715679112815052,False,0.7816474490185511,False,0.1615798922800718,0.14694223908938256,False,0.09159083138417347,False
00-0034681,RB,2019,0,0,0.6858168761220825,0.4787169772006138,False,0.5802677041773735,False,0.1615798922800718,0.3466725011848857,False,0.2200878263278677,False
00-0034791,RB,2019,0,1,0.6858168761220825,0.4787169772006138,False,0.4486916004913827,False,0.1615798922800718,0.3466725011848857,False,0.34748044747746853,False
00-0034799,RB,2019,0,0,0.6858168761220825,0.6102735425614291,False,0.6564066963770018,False,0.1615798922800718,0.20040616058451266,False,0.15098338012717594,False
00-0034816,RB,2019,0,1,0.6858168761220825,0.753156660223848,False,0.80694688511227,False,0.1615798922800718,0.08937155353037957,False,0.07339220011782961,False
00-0034838,RB,2019,0,1,0.6858168761220825,0.5452853883681996,False,0.5273997172999082,False,0.1615798922800718,0.26722887780654303,False,0.26344171324125637,False
00-0034844,RB,2019,0,0,0.6858168761220825,0.4787169772006138,False,0.3020035711711032,False,0.1615798922800718,0.3466725011848857,False,0.5496538688196405,False
00-0022921,WR,2019,0,1,0.6815789473684211,0.4574088516159003,False,0.8049920771566483,False,0.18157894736842106,0.31987567065399725,False,0.043908790428022905,False
00-0024334,WR,2019,1,0,0.6815789473684211,0.845314038104188,False,0.8504583121966122,False,0.18157894736842106,0.08732994481983747,False,0.08612371644086032,False
00-0026035,WR,2019,0,1,0.6815789473684211,0.45867908973029214,False,0.8013236682262966,False,0.18157894736842106,0.3355066923676647,False,0.05653816376618775,False
00-0026176,WR,2019,1,0,0.6815789473684211,0.5099944693120981,False,0.4944018817381994,False,0.18157894736842106,0.2868825657782391,False,0.3338741200784483,False
00-0026189,WR,2019,1,0,0.6815789473684211,0.6255680937862907,False,0.5815327774547292,False,0.18157894736842106,0.19792902319039518,False,0.3046347039187382,False
00-0026345,WR,2019,1,0,0.6815789473684211,0.7863883100706935,False,0.7301210693868943,False,0.18157894736842106,0.11599829018681801,False,0.1656332766280335,False
00-0026901,WR,2019,1,0,0.6815789473684211,0.9022130586045367,False,0.9038785577999207,False,0.18157894736842106,0.03937008905240409,False,0.027372215690127655,False
00-0026983,WR,2019,1,0,0.6815789473684211,0.7547575372031913,False,0.8169885260345459,False,0.18157894736842106,0.14180777355800436,False,0.0827873389209818,False
00-0027057,WR,2019,1,0,0.6815789473684211,0.9178856361998676,False,0.9246443182397245,False,0.18157894736842106,0.05130357308502492,False,0.03779014699345591,False
00-0027681,WR,2019,1,0,0.6815789473684211,0.8484235214330722,False,0.84483272680634,False,0.18157894736842106,0.06243236894876829,False,0.060878816575173716,False
00-0027685,WR,2019,1,0,0.6815789473684211,0.6378988667474014,False,0.7864624107515287,False,0.18157894736842106,0.19899087229016396,False,0.06697151568030166,False
00-0027691,WR,2019,1,0,0.6815789473684211,0.41340178862116655,False,0.4926600433627676,False,0.18157894736842106,0.3719605077839137,False,0.190188734420701,False
00-0027793,WR,2019,1,0,0.6815789473684211,0.45867908973029214,False,0.3686923617936921,False,0.18157894736842106,0.3355066923676647,False,0.4477259245102889,False
00-0027874,WR,2019,0,0,0.6815789473684211,0.4967443512930296,False,0.46343591724995264,False,0.18157894736842106,0.2855188880281952,False,0.3160444129523308,False
00-0027942,WR,2019,1,0,0.6815789473684211,0.7177871023376435,False,0.6017062057320701,False,0.18157894736842106,0.13071186163558787,False,0.21610732101718755,False
00-0027944,WR,2019,0,1,0.6815789473684211,0.41340178862116655,False,0.20889485970946256,False,0.18157894736842106,0.3719605077839137,False,0.6887450124828353,False
00-0027996,WR,2019,1,0,0.6815789473684211,0.7547575372031913,False,0.7460902372546372,False,0.18157894736842106,0.14180777355800436,False,0.13778420636306574,False
00-0028002,WR,2019,0,1,0.6815789473684211,0.7283994653736051,False,0.688301352822224,False,0.18157894736842106,0.1314722134281298,False,0.1615191603212477,False
00-0028091,WR,2019,1,0,0.6815789473684211,0.9174035379289833,False,0.9256774096764869,False,0.18157894736842106,0.04026326136690389,False,0.03182680492694419,False
00-0028114,WR,2019,1,0,0.6815789473684211,0.5691809225933362,False,0.617269983023843,False,0.18157894736842106,0.293066994327135,False,0.1812422574098521,False
00-0028116,WR,2019,1,0,0.6815789473684211,0.5492742691818955,False,0.6384908396466106,False,0.18157894736842106,0.25474216929814936,False,0.13599963855363714,False
00-0028263,WR,2019,1,0,0.6815789473684211,0.613371502634268,False,0.6601759692206285,False,0.18157894736842106,0.2274031362713545,False,0.17379817762815208,False
00-0028497,WR,2019,1,0,0.6815789473684211,0.8735867677720598,False,0.8980661282157123,False,0.18157894736842106,0.05388892718477771,False,0.04678228824811585,False
00-0028825,WR,2019,1,0,0.6815789473684211,0.7863883100706935,False,0.7980640754517198,False,0.18157894736842106,0.11599829018681801,False,0.10938054381398267,False
00-0029129,WR,2019,1,0,0.6815789473684211,0.9178856361998676,False,0.9918229560352896,False,0.18157894736842106,0.05130357308502492,False,0.004623189734182591,False
00-0029159,WR,2019,1,0,0.6815789473684211,0.5750507554498225,False,0.5997079038320664,False,0.18157894736842106,0.2239040276866898,False,0.20284772600812334,False
00-0029293,WR,2019,0,0,0.6815789473684211,0.7177871023376435,False,0.661117226593663,False,0.18157894736842106,0.13071186163558787,False,0.1604244552656556,False
00-0029388,WR,2019,1,0,0.6815789473684211,0.5505407695797778,False,0.6177707840365644,False,0.18157894736842106,0.2684466440572867,False,0.18025266789495728,False
00-0029572,WR,2019,0,1,0.6815789473684211,0.41340178862116655,False,0.36335116048054955,False,0.18157894736842106,0.3719605077839137,False,0.3344820640348638,False
00-0029580,WR,2019,1,0,0.6815789473684211,0.8164781654254926,False,0.8441875310798608,False,0.18157894736842106,0.10721680580268865,False,0.07471079911223112,False
00-0029632,WR,2019,1,0,0.6815789473684211,0.41340178862116655,False,0.4172257488680105,False,0.18157894736842106,0.3719605077839137,False,0.3058275035493229,False
00-0029638,WR,2019,1,0,0.6815789473684211,0.6804046127041753,False,0.7327060197543891,False,0.18157894736842106,0.185243125377235,False,0.12005720387987932,False
00-0029640,WR,2019,1,0,0.6815789473684211,0.9091112215543635,False,0.9103076790992243,False,0.18157894736842106,0.04735187347907863,False,0.049658313115761986,False
00-0029664,WR,2019,0,0,0.6815789473684211,0.6795658067804182,False,0.5490830364743747,False,0.18157894736842106,0.20274102805615998,False,0.36577419562253005,False
00-0029848,WR,2019,1,0,0.6815789473684211,0.8654348758848144,False,0.8889683459677379,False,0.18157894736842106,0.0802743083550176,False,0.05893889748889188,False
00-0030035,WR,2019,1,0,0.6815789473684211,0.41340178862116655,False,0.23777754999015133,False,0.18157894736842106,0.3719605077839137,False,0.6071068100235266,False
00-0030068,WR,2019,1,0,0.6815789473684211,0.6497635248075478,False,0.6843122578689252,False,0.18157894736842106,0.17237768808829732,False,0.13086833123524658,False
00-0030085,WR,2019,1,0,0.6815789473684211,0.4967443512930296,False,0.6443644417930224,False,0.18157894736842106,0.2855188880281952,False,0.12505280359872384,False
00-0030147,WR,2019,1,0,0.6815789473684211,0.7547575372031913,False,0.7760505857210447,False,0.18157894736842106,0.14180777355800436,False,0.13617544146173843,False
00-0030300,WR,2019,1,0,0.6815789473684211,0.6130721161247658,False,0.7003959473368213,False,0.18157894736842106,0.19687144766148348,False,0.11537358797007842,False
00-0030516,WR,2019,1,0,0.6815789473684211,0.8155203571628843,False,0.8545855982116174,False,0.18157894736842106,0.08522511089115109,False,0.056776678192632164,False
00-0030521,WR,2019,1,0,0.6815789473684211,0.882240734278569,False,0.8907613196175633,False,0.18157894736842106,0.06461622772691318,False,0.045709186784898805,False
00-0030542,WR,2019,1,0,0.6815789473684211,0.8847091610251062,False,0.9011804070920295,False,0.18157894736842106,0.045868831551416425,False,0.039593403230951715,False
00-0030669,WR,2019,0,0,0.6815789473684211,0.7872466104582726,False,0.9821731775999061,False,0.18157894736842106,0.12347535704273661,False,0.0016060713823160967,False
00-0030670,WR,2019,1,0,0.6815789473684211,0.6847646270205705,False,0.7109535889713573,False,0.18157894736842106,0.15036079044644696,False,0.12207686011065302,False
00-0030737,WR,2019,1,0,0.6815789473684211,0.919389695152561,False,0.94344046123796,False,0.18157894736842106,0.040392431800813526,False,0.021377975928205444,False
00-0031023,WR,2019,1,0,0.6815789473684211,0.6390799719563444,False,0.6325840862323333,False,0.18157894736842106,0.21054339848853387,False,0.24147263043092165,False
00-0031060,WR,2019,1,0,0.6815789473684211,0.8344555790311984,False,0.878406778626495,False,0.18157894736842106,0.07312661008968846,False,0.03903876100780542,False
00-0031068,WR,2019,1,0,0.6815789473684211,0.5361201932522667,False,0.5429912284429587,False,0.18157894736842106,0.2534769642907165,False,0.22034324350393666,False
00-0031166,WR,2019,1,0,0.6815789473684211,0.5033700019859513,False,0.5142521018246021,False,0.18157894736842106,0.2862002403569805,False,0.25114725899439894,False
00-0031189,WR,2019,1,0,0.6815789473684211,0.6317550079307972,False,0.6710077139931278,False,0.18157894736842106,0.19845941340514817,False,0.1483590640921563,False
00-0031235,WR,2019,0,1,0.6815789473684211,0.6853093255131989,False,0.9394190611892589,False,0.18157894736842106,0.20328104488955293,False,0.005315957310743071,False
00-0031257,WR,2019,0,0,0.6815789473684211,0.7771306256088604,False,0.762584659892954,False,0.18157894736842106,0.09792554882703453,False,0.09604973638149396,False
00-0031326,WR,2019,1,0,0.6815789473684211,0.7992378274512729,False,0.7808035100671725,False,0.18157894736842106,0.09940963004835213,False,0.11268875413851716,False
00-0031339,WR,2019,1,0,0.6815789473684211,0.48381403515156346,False,0.5095341255166781,False,0.18157894736842106,0.32278708633865544,False,0.2972817967428172,False
00-0031344,WR,2019,0,1,0.6815789473684211,0.8233619604946345,False,0.8190612506404579,False,0.18157894736842106,0.08574696588300225,False,0.10937409725442203,False
00-0031359,WR,2019,1,0,0.6815789473684211,0.45867908973029214,False,0.5820923054023983,False,0.18157894736842106,0.3355066923676647,False,0.21552105583836423,False
00-0031373,WR,2019,1,0,0.6815789473684211,0.7872466104582726,False,0.7080836823672056,False,0.18157894736842106,0.12347535704273661,False,0.1950262836622597,False
00-0031381,WR,2019,1,0,0.6815789473684211,0.5099944693120981,False,0.3299296162649258,False,0.18157894736842106,0.2868825657782391,False,0.4919625435956695,False
00-0031382,WR,2019,0,1,0.6815789473684211,0.4574088516159003,False,0.6174013551894334,False,0.18157894736842106,0.31987567065399725,False,0.12660618518849337,False
00-0031408,WR,2019,0,0,0.6815789473684211,0.4639935701265148,False,0.3185222845547692,False,0.18157894736842106,0.3206022212038655,False,0.5416500472553983,False
00-0031545,WR,2019,1,0,0.6815789473684211,0.9070039831306961,False,0.907928186122712,False,0.18157894736842106,0.05614441166347649,False,0.08330228470493051,False
00-0031547,WR,2019,0,1,0.6815789473684211,0.6676352301944491,False,0.6785590548812427,False,0.18157894736842106,0.17381084393138024,False,0.171119536471495,False
00-0031570,WR,2019,0,0,0.6815789473684211,0.41340178862116655,False,0.513657391549538,False,0.18157894736842106,0.3719605077839137,False,0.21080674970742097,False
00-0031588,WR,2019,1,0,0.6815789473684211,0.45867908973029214,False,0.39182386300011074,False,0.18157894736842106,0.3355066923676647,False,0.4250615544644345,False
00-0031782,WR,2019,1,0,0.6815789473684211,0.885486299750271,False,0.8739513928009823,False,0.18157894736842106,0.06925478187329537,False,0.08838701104967031,False
00-0031787,WR,2019,1,0,0.6815789473684211,0.842496945617875,False,0.8354002431165378,False,0.18157894736842106,0.09287225805806738,False,0.1124975303584085,False
00-0031868,WR,2019,0,0,0.6815789473684211,0.811692688829756,False,0.8408427799167706,False,0.18157894736842106,0.10030965467764466,False,0.06953533794441664,False
00-0031912,WR,2019,1,0,0.6815789473684211,0.885486299750271,False,0.8744860885471911,False,0.18157894736842106,0.06925478187329537,False,0.10810890639203119,False
00-0031941,WR,2019,0,1,0.6815789473684211,0.723124659968766,False,0.6318477578119134,False,0.18157894736842106,0.1310915694322213,False,0.17440855813576742,False
00-0031972,WR,2019,1,0,0.6815789473684211,0.5046491653174,False,0.7529441171305662,False,0.18157894736842106,0.30091375072326754,False,0.06749394649351532,False
00-0032009,WR,2019,1,0,0.6815789473684211,0.4574088516159003,False,0.4096081623400124,False,0.18157894736842106,0.31987567065399725,False,0.34967517765100975,False
00-0032054,WR,2019,0,1,0.6815789473684211,0.7126461330807884,False,0.7567214231085283,False,0.18157894736842106,0.15250519145852942,False,0.12994319486610262,False
00-0032055,WR,2019,1,0,0.6815789473684211,0.5046491653174,False,0.5329094902037949,False,0.18157894736842106,0.30091375072326754,False,0.2697997450972232,False
00-0032112,WR,2019,1,0,0.6815789473684211,0.7177871023376435,False,0.8201359846889801,False,0.18157894736842106,0.13071186163558787,False,0.05347898888884106,False
00-0032115,WR,2019,1,0,0.6815789473684211,0.902885160751179,False,0.9117754180778592,False,0.18157894736842106,0.0596498361010286,False,0.04195404791530808,False
00-0032166,WR,2019,1,0,0.6815789473684211,0.8766212956429421,False,0.902998369450965,False,0.18157894736842106,0.06421394163606939,False,0.04854151159767526,False
00-0032170,WR,2019,1,0,0.6815789473684211,0.7872466104582726,False,0.8214921830373609,False,0.18157894736842106,0.12347535704273661,False,0.10380556408026137,False
00-0032362,WR,2019,1,0,0.6815789473684211,0.7182982145198376,False,0.7241050640467366,False,0.18157894736842106,0.17816674233344207,False,0.17208438309057425,False
00-0032385,WR,2019,0,0,0.6815789473684211,0.49043529228831617,False,0.3534145002415877,False,0.18157894736842106,0.3235171041825482,False,0.447713915327132,False
00-0032423,WR,2019,0,1,0.6815789473684211,0.8873849966315681,False,0.9167338165359707,False,0.18157894736842106,0.04601512324608612,False,0.02269485885805803,False
00-0032475,WR,2019,1,0,0.6815789473684211,0.9132971556444064,False,0.9308845824381214,False,0.18157894736842106,0.040006106785186644,False,0.023170205097239285,False
00-0032543,WR,2019,0,1,0.6815789473684211,0.4574088516159003,False,0.5266140055800539,False,0.18157894736842106,0.31987567065399725,False,0.18510119356826854,False
00-0032626,WR,2019,1,0,0.6815789473684211,0.8416485941544167,False,0.7712046185437657,False,0.18157894736842106,0.07358034172485542,False,0.12218189253584437,False
00-0032688,WR,2019,0,1,0.6815789473684211,0.5361201932522667,False,0.5614379552617144,False,0.18157894736842106,0.2534769642907165,False,0.22965508001423107,False
00-0032707,WR,2019,1,0,0.6815789473684211,0.8586743755790097,False,0.8731193128967257,False,0.18157894736842106,0.08839989936287375,False,0.06439232371440957,False
00-0032760,WR,2019,1,0,0.6815789473684211,0.5033700019859513,False,0.5494092085805548,False,0.18157894736842106,0.2862002403569805,False,0.24695740251999038,False
00-0032778,WR,2019,1,0,0.6815789473684211,0.45867908973029214,False,0.4945297387674888,False,0.18157894736842106,0.3355066923676647,False,0.2230981152157724,False
00-0032791,WR,2019,0,0,0.6815789473684211,0.6904574068072952,False,0.7486750540338674,False,0.18157894736842106,0.15078767593523706,False,0.1128709537853967,False
00-0032795,WR,2019,1,0,0.6815789473684211,0.733857406925689,False,0.7725908342259156,False,0.18157894736842106,0.15423871684122908,False,0.10938137122213942,False
00-0032935,WR,2019,0,0,0.6815789473684211,0.9045264797177449,False,0.9274355406606718,False,0.18157894736842106,0.03949651198116525,False,0.02091384814404854,False
00-0032951,WR,2019,0,0,0.6815789473684211,0.45867908973029214,False,0.5340083142509665,False,0.18157894736842106,0.3355066923676647,False,0.2410625211764516,False
00-0032959,WR,2019,1,0,0.6815789473684211,0.8586743755790097,False,0.8937212601997423,False,0.18157894736842106,0.08839989936287375,False,0.07311712917120043,False
00-0032966,WR,2019,1,0,0.6815789473684211,0.7819025063068293,False,0.7930126125739027,False,0.18157894736842106,0.11565648111629744,False,0.10738861530753105,False
00-0032977,WR,2019,1,0,0.6815789473684211,0.5879493562709959,False,0.5900130680850758,False,0.18157894736842106,0.22506612476334892,False,0.23509061412250754,False
00-0032980,WR,2019,1,0,0.6815789473684211,0.8794592701078539,False,0.897138934822841,False,0.18157894736842106,0.06441479225730477,False,0.06533296621561639,False
00-0033006,WR,2019,1,0,0.6815789473684211,0.8164781654254926,False,0.8387262475132465,False,0.18157894736842106,0.10721680580268865,False,0.06339554524107832,False
00-0033009,WR,2019,0,1,0.6815789473684211,0.5753591841015675,False,0.4406511477554976,False,0.18157894736842106,0.257285019654886,False,0.4047296715759365,False
00-0033060,WR,2019,1,0,0.6815789473684211,0.8679060267725209,False,0.9137501500886969,False,0.18157894736842106,0.07542129237823343,False,0.11121503734276306,False
00-0033094,WR,2019,1,0,0.6815789473684211,0.6010310025779819,False,0.668545727219677,False,0.18157894736842106,0.259844402796003,False,0.174134226203034,False
00-0033111,WR,2019,0,0,0.6815789473684211,0.7872466104582726,False,0.8160506754162842,False,0.18157894736842106,0.12347535704273661,False,0.06941698906013147,False
00-0033127,WR,2019,1,0,0.6815789473684211,0.803456704931851,False,0.6715426083801231,False,0.18157894736842106,0.09970883718526198,False,0.21588708784295774,False
00-0033282,WR,2019,0,1,0.6815789473684211,0.625863712024589,False,0.5636441503490353,False,0.18157894736842106,0.22857804546325436,False,0.35740056073246773,False
00-0033292,WR,2019,1,0,0.6815789473684211,0.581513987884466,False,0.6493786684210568,False,0.18157894736842106,0.22448454191473977,False,0.15556255353291296,False
00-0033306,WR,2019,1,0,0.6815789473684211,0.8901299580845853,False,0.9181683399937971,False,0.18157894736842106,0.054919102397173306,False,0.03238067013659392,False
00-0033307,WR,2019,1,0,0.6815789473684211,0.49705990696911806,False,0.557992619143428,False,0.18157894736842106,0.3242479825388291,False,0.2534358076166784,False
00-0033375,WR,2019,1,0,0.6815789473684211,0.5955878881166615,False,0.6097471396715213,False,0.18157894736842106,0.23828854142694492,False,0.20674222679461524,False
00-0033379,WR,2019,1,0,0.6815789473684211,0.885486299750271,False,0.9143412613987039,False,0.18157894736842106,0.06925478187329537,False,0.08117281692658505,False
00-0033434,WR,2019,1,0,0.6815789473684211,0.8709149513169848,False,0.8911601122956133,False,0.18157894736842106,0.07565436371603074,False,0.08164629102439382,False
00-0033441,WR,2019,1,0,0.6815789473684211,0.902885160751179,False,0.9181921484737141,False,0.18157894736842106,0.0596498361010286,False,0.04921377407356041,False
00-0033460,WR,2019,1,0,0.6815789473684211,0.656340293555681,False,0.7823575740504637,False,0.18157894736842106,0.2315339713791095,False,0.0794870524167509,False
00-0033464,WR,2019,1,0,0.6815789473684211,0.8164781654254926,False,0.8588355080311424,False,0.18157894736842106,0.10721680580268865,False,0.06441628325146481,False
00-0033466,WR,2019,1,0,0.6815789473684211,0.7727284081830069,False,0.7871467941413934,False,0.18157894736842106,0.11497548894498348,False,0.23520264122051468,False
00-0033471,WR,2019,1,0,0.6815789473684211,0.9178856361998676,False,0.9269548860934601,False,0.18157894736842106,0.05130357308502492,False,0.03592307304325511,False
00-0033481,WR,2019,1,0,0.6815789473684211,0.842496945617875,False,0.8695277669556433,False,0.18157894736842106,0.09287225805806738,False,0.06478996266227015,False
00-0033552,WR,2019,1,0,0.6815789473684211,0.8976680326146267,False,0.9132125782173769,False,0.18157894736842106,0.05544112023337801,False,0.03350370860709644,False
00-0033562,WR,2019,0,0,0.6815789473684211,0.4574088516159003,False,0.5278444831843647,False,0.18157894736842106,0.31987567065399725,False,0.1820757201774173,False
00-0033572,WR,2019,0,0,0.6815789473684211,0.8155203571628843,False,0.8056115257736699,False,0.18157894736842106,0.08522511089115109,False,0.043109876273007705,False
00-0033573,WR,2019,1,0,0.6815789473684211,0.842496945617875,False,0.8913250150254172,False,0.18157894736842106,0.09287225805806738,False,0.10316619445382288,False
00-0033589,WR,2019,1,0,0.6815789473684211,0.5046491653174,False,0.5605434884101451,False,0.18157894736842106,0.30091375072326754,False,0.2242392722498094,False
00-0033681,WR,2019,0,0,0.6815789473684211,0.5046491653174,False,0.536846271989135,False,0.18157894736842106,0.30091375072326754,False,0.2795636045234842,False
00-0033773,WR,2019,1,0,0.6815789473684211,0.9178856361998676,False,0.9250160682722073,False,0.18157894736842106,0.05130357308502492,False,0.03664533572685431,False
00-0033839,WR,2019,0,1,0.6815789473684211,0.41340178862116655,False,0.2925058133733629,False,0.18157894736842106,0.3719605077839137,False,0.4729884889807506,False
00-0033857,WR,2019,0,0,0.6815789473684211,0.41340178862116655,False,0.2195481758567994,False,0.18157894736842106,0.3719605077839137,False,0.624141045759453,False
00-0033859,WR,2019,1,0,0.6815789473684211,0.8875110773400413,False,0.9263050988315668,False,0.18157894736842106,0.0547461275745636,False,0.029115265917910742,False
00-0033871,WR,2019,1,0,0.6815789473684211,0.41340178862116655,False,0.32418485181611834,False,0.18157894736842106,0.3719605077839137,False,0.47396450758341674,False
00-0033891,WR,2019,0,1,0.6815789473684211,0.41340178862116655,False,0.48678679195954383,False,0.18157894736842106,0.3719605077839137,False,0.31546154474464205,False
00-0033908,WR,2019,0,1,0.6815789473684211,0.7547575372031913,False,0.5669004048726899,False,0.18157894736842106,0.14180777355800436,False,0.3063867086300313,False
00-0033911,WR,2019,1,0,0.6815789473684211,0.5505407695797778,False,0.585109966467061,False,0.18157894736842106,0.2684466440572867,False,0.2696970651504469,False
00-0033921,WR,2019,0,1,0.6815789473684211,0.4639935701265148,False,0.46231465242102154,False,0.18157894736842106,0.3206022212038655,False,0.3095587434932745,False
00-0033932,WR,2019,0,1,0.6815789473684211,0.5298375497504874,False,0.4050777202637504,False,0.18157894736842106,0.2889353632936355,False,0.40813750682452926,False
00-0033933,WR,2019,1,0,0.6815789473684211,0.7390015409510441,False,0.7891117029157381,False,0.18157894736842106,0.15467460776078187,False,0.09028084161739613,False
00-0033968,WR,2019,1,0,0.6815789473684211,0.9174991352479941,False,0.9261484850029454,False,0.18157894736842106,0.04795775981881149,False,0.031983592736351055,False
00-0033992,WR,2019,1,0,0.6815789473684211,0.9178856361998676,False,0.9246443182397245,False,0.18157894736842106,0.05130357308502492,False,0.03779014699345591,False
00-0034052,WR,2019,1,0,0.6815789473684211,0.842496945617875,False,0.8858276224915572,False,0.18157894736842106,0.09287225805806738,False,0.08555263829015604,False
00-0034054,WR,2019,1,0,0.6815789473684211,0.7547575372031913,False,0.8599523237092607,False,0.18157894736842106,0.14180777355800436,False,0.15004790053695327,False
00-0034206,WR,2019,1,0,0.6815789473684211,0.842496945617875,False,0.8606216573754153,False,0.18157894736842106,0.09287225805806738,False,0.05723071840377306,False
00-0034256,WR,2019,1,0,0.6815789473684211,0.9178856361998676,False,0.9246443182397245,False,0.18157894736842106,0.05130357308502492,False,0.03779014699345591,False
00-0034258,WR,2019,1,0,0.6815789473684211,0.9178856361998676,False,0.8508277962601991,False,0.18157894736842106,0.05130357308502492,False,0.17267469100754443,False
00-0034268,WR,2019,1,0,0.6815789473684211,0.7872466104582726,False,0.8284803073132233,False,0.18157894736842106,0.12347535704273661,False,0.08463716432547722,False
00-0034272,WR,2019,1,0,0.6815789473684211,0.41340178862116655,False,0.38760385855250906,False,0.18157894736842106,0.3719605077839137,False,0.3330304862248592,False
00-0034273,WR,2019,0,0,0.6815789473684211,0.842496945617875,False,0.8158426832637939,False,0.18157894736842106,0.09287225805806738,False,0.13226608878790808,False
00-0034279,WR,2019,1,0,0.6815789473684211,0.6390799719563444,False,0.617320117586992,False,0.18157894736842106,0.21054339848853387,False,0.2284643792649388,False
00-0034286,WR,2019,1,0,0.6815789473684211,0.5955878881166615,False,0.6939730403168463,False,0.18157894736842106,0.23828854142694492,False,0.16594256734865168,False
00-0034307,WR,2019,1,0,0.6815789473684211,0.902885160751179,False,0.9117754180778592,False,0.18157894736842106,0.0596498361010286,False,0.04195404791530808,False
00-0034309,WR,2019,1,0,0.6815789473684211,0.885486299750271,False,0.883751399321644,False,0.18157894736842106,0.06925478187329537,False,0.093455234474149,False
00-0034339,WR,2019,0,0,0.6815789473684211,0.885486299750271,False,0.8968710831445572,False,0.18157894736842106,0.06925478187329537,False,0.06598467834136383,False
00-0034348,WR,2019,0,1,0.6815789473684211,0.41340178862116655,False,0.4359421066452028,False,0.18157894736842106,0.3719605077839137,False,0.3420565008001756,False
00-0034370,WR,2019,0,0,0.6815789473684211,0.6390799719563444,False,0.646758191742766,False,0.18157894736842106,0.21054339848853387,False,0.18469468173710438,False
00-0034386,WR,2019,0,0,0.6815789473684211,0.7872466104582726,False,0.821962800952389,False,0.18157894736842106,0.12347535704273661,False,0.07367720645980551,False
00-0034407,WR,2019,1,0,0.6815789473684211,0.7547575372031913,False,0.8030223349296559,False,0.18157894736842106,0.14180777355800436,False,0.0912781587444091,False
00-0034411,WR,2019,0,1,0.6815789473684211,0.7190775432955039,False,0.7556831680009761,False,0.18157894736842106,0.1623578485467941,False,0.12370496432210056,False
00-0034426,WR,2019,0,0,0.6815789473684211,0.902885160751179,False,0.8828769523204588,False,0.18157894736842106,0.0596498361010286,False,0.08515486041417951,False
00-0034487,WR,2019,0,0,0.6815789473684211,0.7190775432955039,False,0.7253672067978629,False,0.18157894736842106,0.1623578485467941,False,0.16509022105051513,False
00-0034489,WR,2019,1,0,0.6815789473684211,0.885486299750271,False,0.8909985468972539,False,0.18157894736842106,0.06925478187329537,False,0.07207490673383939,False
00-0034499,WR,2019,1,0,0.6815789473684211,0.7872466104582726,False,0.8146591476701507,False,0.18157894736842106,0.12347535704273661,False,0.0932878868408476,False
00-0034510,WR,2019,0,0,0.6815789473684211,0.6390799719563444,False,0.5612030207186816,False,0.18157894736842106,0.21054339848853387,False,0.3238956208544407,False
00-0034512,WR,2019,1,0,0.6815789473684211,0.902885160751179,False,0.9218169403810295,False,0.18157894736842106,0.0596498361010286,False,0.06132352012897802,False
00-0034521,WR,2019,1,0,0.6815789473684211,0.9178856361998676,False,0.9240849397741137,False,0.18157894736842106,0.05130357308502492,False,0.057594556541698254,False
00-0034560,WR,2019,1,0,0.6815789473684211,0.8654348758848144,False,0.8936159954575434,False,0.18157894736842106,0.0802743083550176,False,0.04890778831497875,False
00-0034593,WR,2019,1,0,0.6815789473684211,0.9178856361998676,False,0.9246620883140662,False,0.18157894736842106,0.05130357308502492,False,0.036872275552410634,False
00-0034646,WR,2019,1,0,0.6815789473684211,0.8164781654254926,False,0.8017235957837294,False,0.18157894736842106,0.10721680580268865,False,0.12381000075449482,False
00-0034652,WR,2019,1,0,0.6815789473684211,0.7547575372031913,False,0.8090542147479681,False,0.18157894736842106,0.14180777355800436,False,0.10769026282202349,False
00-0034653,WR,2019,1,0,0.6815789473684211,0.842496945617875,False,0.8122140089884946,False,0.18157894736842106,0.09287225805806738,False,0.14702662224659205,False
00-0034676,WR,2019,0,1,0.6815789473684211,0.5955878881166615,False,0.6236994651243876,False,0.18157894736842106,0.23828854142694492,False,0.17988440560940838,False
00-0034686,WR,2019,0,0,0.6815789473684211,0.842496945617875,False,0.868426403079767,False,0.18157894736842106,0.09287225805806738,False,0.0660767705251912,False
00-0034710,WR,2019,1,0,0.6815789473684211,0.9178856361998676,False,0.8940331174377429,False,0.18157894736842106,0.05130357308502492,False,0.06563916774484556,False
00-0034747,WR,2019,1,0,0.6815789473684211,0.7872466104582726,False,0.7861027773814907,False,0.18157894736842106,0.12347535704273661,False,0.11668254020801329,False
00-0034772,WR,2019,1,0,0.6815789473684211,0.41340178862116655,False,0.4994878343453845,False,0.18157894736842106,0.3719605077839137,False,0.2615259693959928,False
00-0034775,WR,2019,0,0,0.6815789473684211,0.5955878881166615,False,0.5162546144435759,False,0.18157894736842106,0.23828854142694492,False,0.31429848423299717,False
00-0034777,WR,2019,0,1,0.6815789473684211,0.6390799719563444,False,0.7031438198047782,False,0.18157894736842106,0.21054339848853387,False,0.14835185759705494,False
00-0034827,WR,2019,0,1,0.6815789473684211,0.41340178862116655,False,0.1664021159458635,False,0.18157894736842106,0.3719605077839137,False,0.622447817346975,False
00-0034837,WR,2019,0,0,0.6815789473684211,0.41340178862116655,False,0.3943182355141559,False,0.18157894736842106,0.3719605077839137,False,0.3510988182971644,False
00-0034860,WR,2019,0,0,0.6815789473684211,0.5955878881166615,False,0.6171588595957358,False,0.18157894736842106,0.23828854142694492,False,0.229921558669358,False
00-0034867,WR,2019,1,0,0.6815789473684211,0.885486299750271,False,0.8976372823089783,False,0.18157894736842106,0.06925478187329537,False,0.06809346449218469,False
00-0024221,TE,2019,1,0,0.6749482401656315,0.5023592404670977,False,0.4850743348461081,False,0.13250517598343686,0.2735952924025779,False,0.23715557254558572,False
00-0024243,TE,2019,1,0,0.6749482401656315,0.7926678335153077,False,0.7630273687475824,False,0.13250517598343686,0.056204715456905405,False,0.056780568180390144,False
00-0024389,TE,2019,1,0,0.6749482401656315,0.8828693363165098,False,0.8711492184197587,False,0.13250517598343686,0.02206980009619246,False,0.024585575272363977,False
00-0025418,TE,2019,0,1,0.6749482401656315,0.6597717108478545,False,0.6722706149362856,False,0.13250517598343686,0.13580374303050155,False,0.10476365830943583,False
00-0027061,TE,2019,1,0,0.6749482401656315,0.3885941753584835,False,0.3253085126379449,False,0.13250517598343686,0.397442398318477,False,0.4571607258272347,False
00-0027139,TE,2019,1,0,0.6749482401656315,0.8741402542413218,False,0.7976033237806298,False,0.13250517598343686,0.020471117738932235,False,0.01970613169993529,False
00-0027215,TE,2019,1,0,0.6749482401656315,0.7274626394854914,False,0.6516775680782271,False,0.13250517598343686,0.06686974373717405,False,0.06378282778319286,False
00-0027696,TE,2019,1,0,0.6749482401656315,0.3885941753584835,False,0.48061635311726103,False,0.13250517598343686,0.397442398318477,False,0.30814572948980445,False
00-0027873,TE,2019,1,0,0.6749482401656315,0.6924294722702822,False,0.7056061447619323,False,0.13250517598343686,0.11691841987374975,False,0.09740128721916624,False
00-0027981,TE,2019,1,0,0.6749482401656315,0.37153628654712706,False,0.41813158054456584,False,0.13250517598343686,0.4619412659685111,False,0.35704065686130243,False
00-0027985,TE,2019,1,0,0.6749482401656315,0.47157496419226663,False,0.48273850390044903,False,0.13250517598343686,0.2887848566252136,False,0.23036059571172113,False
00-0028042,TE,2019,0,0,0.6749482401656315,0.5827184118229951,False,0.35740301016503967,False,0.13250517598343686,0.14466294877995442,False,0.19582282509038704,False
00-0028093,TE,2019,1,0,0.6749482401656315,0.7624909544973915,False,0.769247153408443,False,0.13250517598343686,0.07156421229288763,False,0.06542675458232182,False
00-0028097,TE,2019,1,0,0.6749482401656315,0.6724314810360764,False,0.5914070919019305,False,0.13250517598343686,0.11320763989162909,False,0.14177352108935912,False
00-0028112,TE,2019,0,1,0.6749482401656315,0.5800246381942641,False,0.6166812982789459,False,0.13250517598343686,0.20335930593034812,False,0.2259933180649357,False
00-0028903,TE,2019,1,0,0.6749482401656315,0.6924294722702822,False,0.5748910696751167,False,0.13250517598343686,0.11691841987374975,False,0.2082646608415144,False
00-0029091,TE,2019,1,0,0.6749482401656315,0.8689414212107279,False,0.8309895475049798,False,0.13250517598343686,0.024111929823021783,False,0.05108078061440874,False
00-0029119,TE,2019,0,0,0.6749482401656315,0.6411738465962448,False,0.6373727655853552,False,0.13250517598343686,0.12703667706483396,False,0.13826809396502587,False
00-0029414,TE,2019,1,0,0.6749482401656315,0.6207130354256029,False,0.6547487869575996,False,0.13250517598343686,0.16686518828745717,False,0.14772436488949414,False
00-0029587,TE,2019,0,0,0.6749482401656315,0.5100981104578831,False,0.5044170686322096,False,0.13250517598343686,0.25198231790143694,False,0.18848763005135336,False
00-0029689,TE,2019,1,0,0.6749482401656315,0.8114326418287039,False,0.7828216558605127,False,0.13250517598343686,0.0531184188401928,False,0.05937550479565649,False
00-0029738,TE,2019,1,0,0.6749482401656315,0.6231782560022429,False,0.5154801788710026,False,0.13250517598343686,0.16132642414298548,False,0.19523094153023812,False
00-0030089,TE,2019,1,0,0.6749482401656315,0.6231782560022429,False,0.6598848703367405,False,0.13250517598343686,0.16132642414298548,False,0.1492931069187528,False
00-0030181,TE,2019,0,1,0.6749482401656315,0.7510954273557036,False,0.7344929558037614,False,0.13250517598343686,0.08788913456138053,False,0.06258285866237719,False
00-0030422,TE,2019,1,0,0.6749482401656315,0.8339060154835447,False,0.8564013143711344,False,0.13250517598343686,0.04447112025619953,False,0.05046644742352677,False
00-0030443,TE,2019,1,0,0.6749482401656315,0.5800246381942641,False,0.561939330673427,False,0.13250517598343686,0.20335930593034812,False,0.13331085193988165,False
00-0030470,TE,2019,0,1,0.6749482401656315,0.41194503338750216,False,0.42749637125572115,False,0.13250517598343686,0.40248781598337974,False,0.29513775230231404,False
00-0030472,TE,2019,1,0,0.6749482401656315,0.5409683338858113,False,0.626750648971277,False,0.13250517598343686,0.17733489656813362,False,0.16280412187533336,False
00-0030549,TE,2019,0,1,0.6749482401656315,0.8339868473722781,False,0.7865313410312393,False,0.13250517598343686,0.031107577370107845,False,0.01471818215513876,False
00-0030710,TE,2019,1,0,0.6749482401656315,0.37153628654712706,False,0.33442782362180984,False,0.13250517598343686,0.4619412659685111,False,0.5037003247785844,False
00-0030854,TE,2019,1,0,0.6749482401656315,0.7313886735631268,False,0.6681522136689811,False,0.13250517598343686,0.08820521422272058,False,0.12633542693798233,False
00-0031035,TE,2019,1,0,0.6749482401656315,0.6967730704607198,False,0.6452590573372903,False,0.13250517598343686,0.1097625340196622,False,0.11205935690187978,False
00-0031167,TE,2019,1,0,0.6749482401656315,0.6207130354256029,False,0.6078769094427512,False,0.13250517598343686,0.16686518828745717,False,0.20437509716968486,False
00-0031260,TE,2019,0,1,0.6749482401656315,0.6597717108478545,False,0.6839081404937847,False,0.13250517598343686,0.13580374303050155,False,0.0971424161279299,False
00-0031273,TE,2019,0,1,0.6749482401656315,0.4258008395451171,False,0.4455754240240196,False,0.13250517598343686,0.35367868418534343,False,0.4089295791484032,False
00-0031384,TE,2019,1,0,0.6749482401656315,0.8579965364986618,False,0.8503118431219694,False,0.13250517598343686,0.03338124150877236,False,0.03659755878966575,False
00-0031418,TE,2019,1,0,0.6749482401656315,0.7840870685825274,False,0.8011060486665715,False,0.13250517598343686,0.06672810047859465,False,0.06808378477966817,False
00-0031462,TE,2019,1,0,0.6749482401656315,0.8828693363165098,False,0.9161927621671271,False,0.13250517598343686,0.02206980009619246,False,0.023782187176662847,False
00-0031484,TE,2019,1,0,0.6749482401656315,0.7512045363866217,False,0.6494921126454751,False,0.13250517598343686,0.06232957361632467,False,0.10150302073516143,False
00-0031585,TE,2019,1,0,0.6749482401656315,0.7313886735631268,False,0.7033342712557125,False,0.13250517598343686,0.08820521422272058,False,0.08941642164819943,False
00-0031598,TE,2019,1,0,0.6749482401656315,0.5446651922385661,False,0.5471145054800066,False,0.13250517598343686,0.22810592880973246,False,0.20446042578648607,False
00-0031609,TE,2019,1,0,0.6749482401656315,0.8360390943546553,False,0.7437287487739265,False,0.13250517598343686,0.042159138548625553,False,0.07408700824851841,False
00-0031610,TE,2019,0,1,0.6749482401656315,0.8191772691796319,False,0.028329230731813898,False,0.13250517598343686,0.04463869554464018,False,0.02286527873407786,False
00-0031690,TE,2019,1,0,0.6749482401656315,0.5675889899643227,False,0.6195242298126653,False,0.13250517598343686,0.17452826503411292,False,0.15960697205493746,False
00-0031744,TE,2019,1,0,0.6749482401656315,0.560118699406599,False,0.5649466163297757,False,0.13250517598343686,0.14021141871059914,False,0.10736149040791655,False
00-0031788,TE,2019,1,0,0.6749482401656315,0.7313886735631268,False,0.770721616686613,False,0.13250517598343686,0.08820521422272058,False,0.09807733665827388,False
00-0031884,TE,2019,1,0,0.6749482401656315,0.8901518868376799,False,0.9170443943070226,False,0.13250517598343686,0.01704290617317144,False,0.01770917621636855,False
00-0031922,TE,2019,1,0,0.6749482401656315,0.8828693363165098,False,0.8972399083094452,False,0.13250517598343686,0.02206980009619246,False,0.02037997736219614,False
00-0031951,TE,2019,1,0,0.6749482401656315,0.45357678086082776,False,0.5026795880996363,False,0.13250517598343686,0.34576896626228976,False,0.30917791618899465,False
00-0032062,TE,2019,1,0,0.6749482401656315,0.7274626394854914,False,0.766806595819712,False,0.13250517598343686,0.06686974373717405,False,0.04982055485732442,False
00-0032089,TE,2019,1,0,0.6749482401656315,0.6967730704607198,False,0.7411491525870461,False,0.13250517598343686,0.1097625340196622,False,0.1050377027296527,False
00-0032098,TE,2019,0,0,0.6749482401656315,0.8757700661608261,False,0.9052113211578747,False,0.13250517598343686,0.027852501772974946,False,0.030200625099193464,False
00-0032117,TE,2019,1,0,0.6749482401656315,0.7633945158630465,False,0.7471293522826609,False,0.13250517598343686,0.07054623542193285,False,0.06335850716750735,False
00-0032120,TE,2019,1,0,0.6749482401656315,0.825235407803909,False,0.8360390773744142,False,0.13250517598343686,0.03858726836517098,False,0.02697451322514913,False
00-0032134,TE,2019,0,1,0.6749482401656315,0.40340352934067797,False,0.3695657163345412,False,0.13250517598343686,0.3453925849242678,False,0.3403510853675325,False
00-0032135,TE,2019,0,0,0.6749482401656315,0.41194503338750216,False,0.3859141279362223,False,0.13250517598343686,0.40248781598337974,False,0.3060783744477289,False
00-0032141,TE,2019,1,0,0.6749482401656315,0.6925537713284228,False,0.6486458995236216,False,0.13250517598343686,0.08369129748879871,False,0.05905272890264829,False
00-0032214,TE,2019,1,0,0.6749482401656315,0.7761211349573893,False,0.8047538238957834,False,0.13250517598343686,0.07794115921934885,False,0.08476322731115347,False
00-0032227,TE,2019,1,0,0.6749482401656315,0.6012704233447305,False,0.5673001561323033,False,0.13250517598343686,0.15645592341478223,False,0.17004431051513574,False
00-0032392,TE,2019,0,0,0.6749482401656315,0.37153628654712706,False,0.4376156466397886,False,0.13250517598343686,0.4619412659685111,False,0.31130893056997505,False
00-0032430,TE,2019,1,0,0.6749482401656315,0.7680522866279675,False,0.7802450888447791,False,0.13250517598343686,0.06449393315675754,False,0.05663105863266392,False
00-0032508,TE,2019,1,0,0.6749482401656315,0.8641489235075692,False,0.8899257575503348,False,0.13250517598343686,0.027959287430147042,False,0.02492923626780313,False
00-0032562,TE,2019,1,0,0.6749482401656315,0.8641489235075692,False,0.8994760568999824,False,0.13250517598343686,0.027959287430147042,False,0.03181291120298151,False
00-0032599,TE,2019,1,0,0.6749482401656315,0.7633945158630465,False,0.7720228062904244,False,0.13250517598343686,0.07054623542193285,False,0.07282482451795977,False
00-0032634,TE,2019,1,0,0.6749482401656315,0.8429686896020577,False,0.8610034271150422,False,0.13250517598343686,0.03536359387667583,False,0.020502110775658822,False
00-0032745,TE,2019,1,0,0.6749482401656315,0.778900011314283,False,0.8348705872326048,False,0.13250517598343686,0.05226553419956985,False,0.04942087421906419,False
00-0033080,TE,2019,1,0,0.6749482401656315,0.7180403666524914,False,0.6242524393720268,False,0.13250517598343686,0.10937847145586937,False,0.15281673823818706,False
00-0033112,TE,2019,1,0,0.6749482401656315,0.8828693363165098,False,0.9160914132416405,False,0.13250517598343686,0.02206980009619246,False,0.022588104157658783,False
00-0033117,TE,2019,1,0,0.6749482401656315,0.8706943230268279,False,0.9003529664320973,False,0.13250517598343686,0.02283309726806366,False,0.023317878084968723,False
00-0033258,TE,2019,1,0,0.6749482401656315,0.7735220772292899,False,0.8328689023934688,False,0.13250517598343686,0.05807847552735961,False,0.05447812499967774,False
00-0033288,TE,2019,1,0,0.6749482401656315,0.39227843672202495,False,0.10421007149968585,False,0.13250517598343686,0.3841575443725521,False,0.43861034892074235,False
00-0033387,TE,2019,1,0,0.6749482401656315,0.8429686896020577,False,0.8228720940408052,False,0.13250517598343686,0.03536359387667583,False,0.02912915948365604,False
00-0033421,TE,2019,1,0,0.6749482401656315,0.6925537713284228,False,0.7210294145743679,False,0.13250517598343686,0.08369129748879871,False,0.06589711556993186,False
00-0033455,TE,2019,1,0,0.6749482401656315,0.6597717108478545,False,0.638567561812365,False,0.13250517598343686,0.13580374303050155,False,0.08823302677846612,False
00-0033528,TE,2019,0,1,0.6749482401656315,0.7274626394854914,False,0.7708336104457347,False,0.13250517598343686,0.06686974373717405,False,0.06446969840801485,False
00-0033559,TE,2019,1,0,0.6749482401656315,0.7181585283933802,False,0.6255886881333528,False,0.13250517598343686,0.07810461240102756,False,0.1729013268182707,False
00-0033564,TE,2019,1,0,0.6749482401656315,0.8429686896020577,False,0.8462756515851864,False,0.13250517598343686,0.03536359387667583,False,0.03657393900257081,False
00-0033576,TE,2019,1,0,0.6749482401656315,0.7569459018323063,False,0.7544874622866621,False,0.13250517598343686,0.05611649845413097,False,0.060851322233001215,False
00-0033611,TE,2019,0,0,0.6749482401656315,0.4563213773523673,False,0.54596932130524,False,0.13250517598343686,0.2593500485890224,False,0.3607522710049498,False
00-0033627,TE,2019,1,0,0.6749482401656315,0.41194503338750216,False,0.39032656641567987,False,0.13250517598343686,0.40248781598337974,False,0.481968762882545,False
00-0033696,TE,2019,1,0,0.6749482401656315,0.8641489235075692,False,0.6816156835056187,False,0.13250517598343686,0.027959287430147042,False,0.04527896657481506,False
00-0033742,TE,2019,1,0,0.6749482401656315,0.8828693363165098,False,0.7608600410067478,False,0.13250517598343686,0.02206980009619246,False,0.018431407187558875,False
00-0033757,TE,2019,1,0,0.6749482401656315,0.7313886735631268,False,0.6349086146389045,False,0.13250517598343686,0.08820521422272058,False,0.1129963327639974,False
00-0033798,TE,2019,1,0,0.6749482401656315,0.8828693363165098,False,0.9160914132416405,False,0.13250517598343686,0.02206980009619246,False,0.022588104157658783,False
00-0033858,TE,2019,1,0,0.6749482401656315,0.5382186244709747,False,0.4938151486377663,False,0.13250517598343686,0.2454831164705159,False,0.29499432355431005,False
00-0033879,TE,2019,0,1,0.6749482401656315,0.6268064948341623,False,0.44575838167759435,False,0.13250517598343686,0.1539179124256799,False,0.15535444933699508,False
00-0033881,TE,2019,1,0,0.6749482401656315,0.5825764716642463,False,0.11447723589796452,False,0.13250517598343686,0.19689547042614852,False,0.07255271382071694,False
00-0033885,TE,2019,1,0,0.6749482401656315,0.4258008395451171,False,0.3603999940561294,False,0.13250517598343686,0.35367868418534343,False,0.4282544445996078,False
00-0033953,TE,2019,1,0,0.6749482401656315,0.49586809871930654,False,0.5444579750896558,False,0.13250517598343686,0.29312191330207404,False,0.2653758197253481,False
00-0034073,TE,2019,1,0,0.6749482401656315,0.8429686896020577,False,0.8439217464301273,False,0.13250517598343686,0.03536359387667583,False,0.03490694912407814,False
00-0034101,TE,2019,1,0,0.6749482401656315,0.8828693363165098,False,0.8328093572750637,False,0.13250517598343686,0.02206980009619246,False,0.023224877965248105,False
00-0034159,TE,2019,1,0,0.6749482401656315,0.8191772691796319,False,0.7480615431254977,False,0.13250517598343686,0.04463869554464018,False,0.054671731197861666,False
00-0034270,TE,2019,1,0,0.6749482401656315,0.8191772691796319,False,0.7945348880209215,False,0.13250517598343686,0.04463869554464018,False,0.03439863651788817,False
00-0034365,TE,2019,0,0,0.6749482401656315,0.6207130354256029,False,0.6531095943751344,False,0.13250517598343686,0.16686518828745717,False,0.13847474776941857,False
00-0034532,TE,2019,1,0,0.6749482401656315,0.8191772691796319,False,0.7480723811268094,False,0.13250517598343686,0.04463869554464018,False,0.06510144286121541,False
00-0034766,TE,2019,1,0,0.6749482401656315,0.45357678086082776,False,0.44013007039252716,False,0.13250517598343686,0.34576896626228976,False,0.3625586488578207,False
00-0034798,TE,2019,0,0,0.6749482401656315,0.6967730704607198,False,0.7187494722671302,False,0.13250517598343686,0.1097625340196622,False,0.12156579740130338,False
00-0034829,TE,2019,0,1,0.6749482401656315,0.45357678086082776,False,0.4839453407903304,False,0.13250517598343686,0.34576896626228976,False,0.34761393942306823,False
00-0022787,QB,2020,1,0,0.792507204610951,0.914321173687407,False,0.9197564334627181,False,0.13544668587896252,0.057714250993916444,False,0.04897510438846917,False
00-0022803,QB,2020,1,0,0.792507204610951,0.8100212006285312,False,0.8091593239576952,False,0.13544668587896252,0.11257820431988551,False,0.1583330348407813,False
00-0022924,QB,2020,1,0,0.792507204610951,0.8506533752493334,False,0.9221795223716138,False,0.13544668587896252,0.0862878466693901,False,0.030677391451680445,False
00-0022942,QB,2020,1,0,0.792507204610951,0.38014723360778235,False,0.32908980209953786,False,0.13544668587896252,0.47425570383015103,False,0.5376419719537048,False
00-0023682,QB,2020,0,0,0.792507204610951,0.6140584238800674,False,0.5795330442850576,False,0.13544668587896252,0.2805515082753144,False,0.28522196597906246,False
00-0025708,QB,2020,1,0,0.792507204610951,0.8478375903859672,False,0.8967185999754352,False,0.13544668587896252,0.09936072709309429,False,0.06644144676537839,False
00-0026143,QB,2020,0,1,0.792507204610951,0.4644153300066629,False,0.4902551619802403,False,0.13544668587896252,0.39142596191739715,False,0.3751320872809403,False
00-0026158,QB,2020,1,0,0.792507204610951,0.8025145493632426,False,0.9022785066915132,False,0.13544668587896252,0.12873189000932572,False,0.06938322947232299,False
00-0026498,QB,2020,0,1,0.792507204610951,0.7049483765224296,False,0.36720093805384024,False,0.13544668587896252,0.18628034205127436,False,0.46879710404303654,False
00-0026544,QB,2020,1,0,0.792507204610951,0.9245207054559559,False,0.9067700153643513,False,0.13544668587896252,0.04913232913332844,False,0.06314813747092679,False
00-0026625,QB,2020,1,0,0.792507204610951,0.9076061970768081,False,0.9347080862096274,False,0.13544668587896252,0.059932672077753144,False,0.06497337199651483,False
00-0027688,QB,2020,1,0,0.792507204610951,0.9463878573375616,False,0.9932751824453913,False,0.13544668587896252,0.03487245882460997,False,0.006275724193734836,False
00-0027939,QB,2020,0,1,0.792507204610951,0.8689242711900209,False,0.8849361104531972,False,0.13544668587896252,0.07692154816363654,False,0.06045814298735173,False
00-0027973,QB,2020,0,0,0.792507204610951,0.6286365410691982,False,0.752302968697504,False,0.13544668587896252,0.259372964400678,False,0.19171543826644227,False
00-0028118,QB,2020,1,0,0.792507204610951,0.913774955615134,False,0.9126734377516783,False,0.13544668587896252,0.056504017053435295,False,0.021610773768031975,False
00-0028986,QB,2020,1,0,0.792507204610951,0.641386582369346,False,0.7185250596652324,False,0.13544668587896252,0.23519452323678652,False,0.1963680037579562,False
00-0029567,QB,2020,0,0,0.792507204610951,0.8965136188113654,False,0.9171969832689261,False,0.13544668587896252,0.06757165047211351,False,0.049825473589115425,False
00-0029623,QB,2020,1,0,0.792507204610951,0.9438039854843537,False,0.9265929995843842,False,0.13544668587896252,0.03714807607304113,False,0.05302098374212196,False
00-0029665,QB,2020,1,0,0.792507204610951,0.9022768350174202,False,0.8608541121550131,False,0.13544668587896252,0.06628379069702789,False,0.05612547094240064,False
00-0029857,QB,2020,1,0,0.792507204610951,0.9308877215035396,False,0.9344442142295842,False,0.13544668587896252,0.045439914505343404,False,0.03830491886241769,False
00-0030520,QB,2020,1,0,0.792507204610951,0.9427814554016684,False,0.9526375346854113,False,0.13544668587896252,0.03785011292201116,False,0.02839547923601954,False
00-0030533,QB,2020,1,0,0.792507204610951,0.9467395210307873,False,0.9801683444487037,False,0.13544668587896252,0.035636876193322724,False,0.017384604061677023,False
00-0031076,QB,2020,1,0,0.792507204610951,0.9438039854843537,False,0.9212517903897992,False,0.13544668587896252,0.03714807607304113,False,0.06111690662518528,False
00-0031237,QB,2020,0,1,0.792507204610951,0.8370794767873271,False,0.7695970670724589,False,0.13544668587896252,0.11131350098894402,False,0.1429210583900244,False
00-0031280,QB,2020,0,1,0.792507204610951,0.4286470832225771,False,0.33856448808773704,False,0.13544668587896252,0.4270872981080569,False,0.4688436853193372,False
00-0031288,QB,2020,1,0,0.792507204610951,0.9427814554016684,False,0.9161807788700606,False,0.13544668587896252,0.03785011292201116,False,0.044713363383342475,False
00-0031395,QB,2020,1,0,0.792507204610951,0.9200810782188273,False,0.8988454878820827,False,0.13544668587896252,0.05440516350203872,False,0.0766595073624879,False
00-0031407,QB,2020,1,0,0.792507204610951,0.8773265918466123,False,0.9218675010248805,False,0.13544668587896252,0.0725960407943637,False,0.05867028709458723,False
00-0031503,QB,2020,1,0,0.792507204610951,0.5229817262993328,False,0.3997782757031978,False,0.13544668587896252,0.3528583982674089,False,0.4972468294962565,False
00-0031589,QB,2020,1,0,0.792507204610951,0.915269262454157,False,0.9142043722230607,False,0.13544668587896252,0.055475940213447775,False,0.03262074850377379,False
00-0032156,QB,2020,1,0,0.792507204610951,0.9438039854843537,False,0.9576521643599731,False,0.13544668587896252,0.03714807607304113,False,0.038363786949228394,False
00-0032245,QB,2020,1,0,0.792507204610951,0.9296476887647216,False,0.9405140191186707,False,0.13544668587896252,0.04629111953465687,False,0.0358625819800408,False
00-0032434,QB,2020,1,0,0.792507204610951,0.915269262454157,False,0.9616587238199521,False,0.13544668587896252,0.055475940213447775,False,0.03138246528583537,False
00-0032436,QB,2020,1,0,0.792507204610951,0.9004222585334228,False,0.9644030546487329,False,0.13544668587896252,0.06223073331792663,False,0.020320482369245586,False
00-0033077,QB,2020,1,0,0.792507204610951,0.38014723360778235,False,0.2431987054788883,False,0.13544668587896252,0.47425570383015103,False,0.575441872622021,False
00-0033106,QB,2020,1,0,0.792507204610951,0.38014723360778235,False,0.34863481077235725,False,0.13544668587896252,0.47425570383015103,False,0.542858815862524,False
00-0033119,QB,2020,1,0,0.792507204610951,0.6830655761836593,False,0.6453373803437455,False,0.13544668587896252,0.23291388137808597,False,0.22109771915569215,False
00-0033319,QB,2020,0,0,0.792507204610951,0.923544634546033,False,0.8333737009350787,False,0.13544668587896252,0.04707430989637223,False,0.09034669095058172,False
00-0033869,QB,2020,1,0,0.792507204610951,0.43333506332891947,False,0.5285434038190877,False,0.13544668587896252,0.4223347543827684,False,0.3368893842455711,False
00-0034177,QB,2020,1,0,0.792507204610951,0.915269262454157,False,0.9400606425155028,False,0.13544668587896252,0.055475940213447775,False,0.04118286157448953,False
00-0034343,QB,2020,1,0,0.792507204610951,0.8110887977726073,False,0.9201430280278949,False,0.13544668587896252,0.1148432755882122,False,0.05087894269456209,False
00-0034412,QB,2020,1,0,0.792507204610951,0.915269262454157,False,0.9917586984517462,False,0.13544668587896252,0.055475940213447775,False,0.012710495155045949,False
00-0034577,QB,2020,1,0,0.792507204610951,0.7701624621323307,False,0.7859348952956612,False,0.13544668587896252,0.16628530866182892,False,0.18265247700296222,False
00-0034771,QB,2020,1,0,0.792507204610951,0.6974269540874345,False,0.68586200955746,False,0.13544668587896252,0.20361754949507935,False,0.2380992525731814,False
00-0034855,QB,2020,1,0,0.792507204610951,0.46614507906565006,False,0.5054697950489936,False,0.13544668587896252,0.3967928616414275,False,0.37317835016146705,False
00-0034869,QB,2020,0,0,0.792507204610951,0.5925763192649826,False,0.6066775593920982,False,0.13544668587896252,0.284117374486958,False,0.3349547732145401,False
00-0035040,QB,2020,1,0,0.792507204610951,0.8741770382166182,False,0.990901650772624,False,0.13544668587896252,0.08207548150548806,False,0.06834738211893565,False
00-0035146,QB,2020,1,0,0.792507204610951,0.9438039854843537,False,0.9121209194361226,False,0.13544668587896252,0.03714807607304113,False,0.06059874492993166,False
00-0035228,QB,2020,0,1,0.792507204610951,0.38014723360778235,False,0.3569722764577302,False,0.13544668587896252,0.47425570383015103,False,0.4215705272951347,False
00-0035232,QB,2020,1,0,0.792507204610951,0.7418758922188569,False,0.8486442929451281,False,0.13544668587896252,0.17165202425931383,False,0.09152556848390825,False
00-0035251,QB,2020,1,0,0.792507204610951,0.9308877215035396,False,0.9353394022758718,False,0.13544668587896252,0.045439914505343404,False,0.04935899845224904,False
00-0035264,QB,2020,1,0,0.792507204610951,0.915269262454157,False,0.9509048507898754,False,0.13544668587896252,0.055475940213447775,False,0.03936587900051287,False
00-0035289,QB,2020,0,0,0.792507204610951,0.4881046097814041,False,0.527660420174241,False,0.13544668587896252,0.3720752444296951,False,0.28133195454121296,False
00-0035577,QB,2020,1,0,0.792507204610951,0.7818376945707234,False,0.7874335547413767,False,0.13544668587896252,0.14379859391788113,False,0.12211113270021041,False
00-0035652,QB,2020,1,0,0.792507204610951,0.915269262454157,False,0.9766790682923365,False,0.13544668587896252,0.055475940213447775,False,0.016921665306768953,False
00-0035704,QB,2020,0,0,0.792507204610951,0.8741770382166182,False,0.7214052285276913,False,0.13544668587896252,0.08207548150548806,False,0.15332053548580274,False
00-0035710,QB,2020,0,1,0.792507204610951,0.5431612763486456,False,0.5890797828576875,False,0.13544668587896252,0.3244376247542707,False,0.30249374929972367,False
00-0023564,RB,2020,1,0,0.687125748502994,0.7726443844921141,False,0.740649359331409,False,0.1631736526946108,0.08732955175245272,False,0.08450939907430666,False
00-0025394,RB,2020,0,1,0.687125748502994,0.5224896035370337,False,0.5116124344103609,False,0.1631736526946108,0.32824324417435335,False,0.30277467598502456,False
00-0027029,RB,2020,1,0,0.687125748502994,0.5890079527499544,False,0.5664861070824458,False,0.1631736526946108,0.2552733564540893,False,0.2234685845453987,False
00-0028064,RB,2020,1,0,0.687125748502994,0.6735778958858484,False,0.6268103308359996,False,0.1631736526946108,0.15438075239552948,False,0.16032096972682602,False
00-0029141,RB,2020,0,0,0.687125748502994,0.8367866773544855,False,0.8831490940049872,False,0.1631736526946108,0.07454476717910245,False,0.037656400641694183,False
00-0029239,RB,2020,1,0,0.687125748502994,0.5885350952796512,False,0.7954327894240085,False,0.1631736526946108,0.22369100690313173,False,0.12913340139265397,False
00-0029492,RB,2020,1,0,0.687125748502994,0.7666547729776528,False,0.8538095051178657,False,0.1631736526946108,0.11054087718251505,False,0.05403924979256433,False
00-0029854,RB,2020,1,0,0.687125748502994,0.8535845975596881,False,0.8115156905178756,False,0.1631736526946108,0.04496911556320833,False,0.06659998790998788,False
00-0030404,RB,2020,1,0,0.687125748502994,0.6695728009901148,False,0.6186893551633684,False,0.1631736526946108,0.1713454963995081,False,0.18168019004134076,False
00-0030414,RB,2020,1,0,0.687125748502994,0.8359055591293609,False,0.775549340586351,False,0.1631736526946108,0.05322681239422215,False,0.05977692755661698,False
00-0030456,RB,2020,0,1,0.687125748502994,0.5365468160385076,False,0.6429528717421884,False,0.1631736526946108,0.2857498764660394,False,0.15987473685052173,False
00-0030465,RB,2020,1,0,0.687125748502994,0.6117242054291846,False,0.5247336148878711,False,0.1631736526946108,0.20650766865565678,False,0.23073470621401507,False
00-0030496,RB,2020,1,0,0.687125748502994,0.5022483632615437,False,0.3558034858703645,False,0.1631736526946108,0.3205485796287937,False,0.4378614085889647,False
00-0030578,RB,2020,1,0,0.687125748502994,0.46855908402026786,False,0.5502876701688653,False,0.1631736526946108,0.36031863485379745,False,0.26174953327987066,False
00-0030711,RB,2020,1,0,0.687125748502994,0.8657781012132502,False,0.9086393704145818,False,0.1631736526946108,0.048726414946897535,False,0.027901039907735924,False
00-0031209,RB,2020,1,0,0.687125748502994,0.7227094577347846,False,0.8149230565146584,False,0.1631736526946108,0.1411057310213365,False,0.0712198403792571,False
00-0031285,RB,2020,1,0,0.687125748502994,0.6731483448083707,False,0.45854203568728275,False,0.1631736526946108,0.13305073720065885,False,0.2561410100179867,False
00-0031577,RB,2020,1,0,0.687125748502994,0.7804021805981192,False,0.8805042263879629,False,0.1631736526946108,0.11279303978660714,False,0.06656632948118975,False
00-0031590,RB,2020,1,0,0.687125748502994,0.8467194044017498,False,0.8935357263419763,False,0.1631736526946108,0.05502417188597617,False,0.02870348598325828,False
00-0031665,RB,2020,1,0,0.687125748502994,0.831218481086475,False,0.9374462507165355,False,0.1631736526946108,0.06804980451412894,False,0.02915806181488417,False
00-0031806,RB,2020,1,0,0.687125748502994,0.5933965693775978,False,0.677290737706698,False,0.1631736526946108,0.23232875496974068,False,0.1602382754732983,False
00-0031900,RB,2020,1,0,0.687125748502994,0.8359055591293609,False,0.8798518675766579,False,0.1631736526946108,0.05322681239422215,False,0.03248954861007981,False
00-0032063,RB,2020,0,1,0.687125748502994,0.7726443844921141,False,0.784753058870969,False,0.1631736526946108,0.08732955175245272,False,0.07851674591328454,False
00-0032144,RB,2020,0,1,0.687125748502994,0.6019899548349757,False,0.494142969160622,False,0.1631736526946108,0.2170292421690021,False,0.2998233529208147,False
00-0032187,RB,2020,0,0,0.687125748502994,0.593867695339732,False,0.7324591931396425,False,0.1631736526946108,0.2647147924396808,False,0.22332173838580188,False
00-0032209,RB,2020,1,0,0.687125748502994,0.7737732571648133,False,0.7509503985891332,False,0.1631736526946108,0.12056670340565542,False,0.11014068701169098,False
00-0032241,RB,2020,0,1,0.687125748502994,0.5022483632615437,False,0.5006527530677686,False,0.1631736526946108,0.3205485796287937,False,0.4033915948836595,False
00-0032377,RB,2020,1,0,0.687125748502994,0.8696559505498409,False,0.8605355335286156,False,0.1631736526946108,0.037941192056170824,False,0.03405165097039387,False
00-0032393,RB,2020,1,0,0.687125748502994,0.7862346162278819,False,0.815907805528017,False,0.1631736526946108,0.07690380380679683,False,0.07675529139089683,False
00-0032417,RB,2020,1,0,0.687125748502994,0.8359055591293609,False,0.9026510131615508,False,0.1631736526946108,0.05322681239422215,False,0.04709273558789797,False
00-0032450,RB,2020,1,0,0.687125748502994,0.7865626714896858,False,0.8078916479867956,False,0.1631736526946108,0.09016881617442189,False,0.07716190480971165,False
00-0032540,RB,2020,1,0,0.687125748502994,0.8563919211175082,False,0.813089755855027,False,0.1631736526946108,0.0476847293586805,False,0.06734916580207555,False
00-0032577,RB,2020,1,0,0.687125748502994,0.8535845975596881,False,0.8909273492825523,False,0.1631736526946108,0.04496911556320833,False,0.028667512844157077,False
00-0032602,RB,2020,1,0,0.687125748502994,0.5022483632615437,False,0.5168103061066479,False,0.1631736526946108,0.3205485796287937,False,0.23997048755946299,False
00-0032741,RB,2020,1,0,0.687125748502994,0.4983415923750132,False,0.6354598430670524,False,0.1631736526946108,0.3510743768181449,False,0.26695383708340953,False
00-0032780,RB,2020,1,0,0.687125748502994,0.6939249575941783,False,0.6633980286063205,False,0.1631736526946108,0.14005001792440844,False,0.17820619430074464,False
00-0032782,RB,2020,1,0,0.687125748502994,0.6019899548349757,False,0.6928616040469212,False,0.1631736526946108,0.2170292421690021,False,0.15540415244604616,False
00-0032794,RB,2020,1,0,0.687125748502994,0.694047835963717,False,0.8193472632249561,False,0.1631736526946108,0.1217382649366464,False,0.07468222775396018,False
00-0032940,RB,2020,1,0,0.687125748502994,0.5743277509702062,False,0.5440142389048378,False,0.1631736526946108,0.2283039886632526,False,0.2548931410288482,False
00-0032972,RB,2020,0,1,0.687125748502994,0.6614888295080816,False,0.8101204656859955,False,0.1631736526946108,0.20964450630954828,False,0.11300501869398674,False
00-0032975,RB,2020,1,0,0.687125748502994,0.825499934385737,False,0.7753687896036753,False,0.1631736526946108,0.06208277499549281,False,0.10356651999678627,False
00-0033025,RB,2020,0,0,0.687125748502994,0.4983415923750132,False,0.6554351248256499,False,0.1631736526946108,0.3510743768181449,False,0.21922602369820252,False
00-0033045,RB,2020,0,1,0.687125748502994,0.46855908402026786,False,0.3279978298080035,False,0.1631736526946108,0.36031863485379745,False,0.48659202096170806,False
00-0033118,RB,2020,0,1,0.687125748502994,0.5465329434337337,False,0.35676535935003456,False,0.1631736526946108,0.30619628499160095,False,0.3790559219856734,False
00-0033164,RB,2020,1,0,0.687125748502994,0.6338308761922942,False,0.7971925094130807,False,0.1631736526946108,0.1884162923095642,False,0.09759007394058049,False
00-0033280,RB,2020,1,0,0.687125748502994,0.4983415923750132,False,0.0708190223052919,False,0.1631736526946108,0.3510743768181449,False,0.879933086988885,False
00-0033296,RB,2020,0,0,0.687125748502994,0.7377839965955809,False,0.8390448599421474,False,0.1631736526946108,0.12378833884705176,False,0.06804859059340154,False
00-0033376,RB,2020,1,0,0.687125748502994,0.7145768886533336,False,0.8428098016071599,False,0.1631736526946108,0.12962370571992324,False,0.06240037924800177,False
00-0033526,RB,2020,0,0,0.687125748502994,0.8337507529224222,False,0.8521316326809386,False,0.1631736526946108,0.060564775657559036,False,0.040436198534206415,False
00-0033553,RB,2020,1,0,0.687125748502994,0.6655429653512162,False,0.6962146107017623,False,0.1631736526946108,0.18975614556189088,False,0.19112905528833057,False
00-0033556,RB,2020,1,0,0.687125748502994,0.46855908402026786,False,0.4647213207497798,False,0.1631736526946108,0.36031863485379745,False,0.3301585081801203,False
00-0033567,RB,2020,0,1,0.687125748502994,0.7299283280569875,False,0.7027329326988659,False,0.1631736526946108,0.11352919869381899,False,0.12636653947866797,False
00-0033594,RB,2020,1,0,0.687125748502994,0.5022483632615437,False,0.3588069562977695,False,0.1631736526946108,0.3205485796287937,False,0.4199151612713338,False
00-0033699,RB,2020,0,0,0.687125748502994,0.46855908402026786,False,0.48281912016182393,False,0.1631736526946108,0.36031863485379745,False,0.38639305284857317,False
00-0033725,RB,2020,0,0,0.687125748502994,0.8231531679888993,False,0.9158493285720934,False,0.1631736526946108,0.08188066098834262,False,0.03059301336597178,False
00-0033789,RB,2020,1,0,0.687125748502994,0.7412817703003234,False,0.8313169554726154,False,0.1631736526946108,0.11090201269606183,False,0.06238762612748546,False
00-0033838,RB,2020,1,0,0.687125748502994,0.7480765768561791,False,0.7792604080905492,False,0.1631736526946108,0.10253080587215904,False,0.1006932730189992,False
00-0033854,RB,2020,0,0,0.687125748502994,0.6381686157493162,False,0.6956077305504114,False,0.1631736526946108,0.1485453084779142,False,0.10933356404324934,False
00-0033856,RB,2020,1,0,0.687125748502994,0.5977703257222579,False,0.24274871294472963,False,0.1631736526946108,0.2108625447039988,False,0.36050156685838347,False
00-0033897,RB,2020,1,0,0.687125748502994,0.51746973483645,False,0.49024059784749846,False,0.1631736526946108,0.31751441752307175,False,0.30344257402853725,False
00-0033923,RB,2020,1,0,0.687125748502994,0.7227094577347846,False,0.41368786355234877,False,0.1631736526946108,0.1411057310213365,False,0.21124882563182656,False
00-0033950,RB,2020,0,1,0.687125748502994,0.6867024231115791,False,0.7815397470825439,False,0.1631736526946108,0.17459332101467212,False,0.151631709174891,False
00-0033951,RB,2020,1,0,0.687125748502994,0.5359172398990656,False,0.43259637266260353,False,0.1631736526946108,0.28322459413836404,False,0.3201429537222585,False
00-0034109,RB,2020,0,0,0.687125748502994,0.5079085579589039,False,0.4209434785149861,False,0.1631736526946108,0.3340844420062539,False,0.30521468957914727,False
00-0034164,RB,2020,0,0,0.687125748502994,0.8175129848285019,False,0.9022457827515479,False,0.1631736526946108,0.08773453153541601,False,0.03786423306111655,False
00-0034201,RB,2020,1,0,0.687125748502994,0.8563919211175082,False,0.8888819526350011,False,0.1631736526946108,0.0476847293586805,False,0.030194700687336557,False
00-0034253,RB,2020,1,0,0.687125748502994,0.6025963639808508,False,0.7272367615510424,False,0.1631736526946108,0.21914476361885946,False,0.1315093548080675,False
00-0034301,RB,2020,1,0,0.687125748502994,0.6939249575941783,False,0.7871579009088593,False,0.1631736526946108,0.14005001792440844,False,0.13861933802983134,False
00-0034331,RB,2020,0,0,0.687125748502994,0.6344182337753698,False,0.564926129301427,False,0.1631736526946108,0.19032070094234704,False,0.8074323746627317,False
00-0034349,RB,2020,0,1,0.687125748502994,0.7303131540983828,False,0.783993835640097,False,0.1631736526946108,0.13220687302593515,False,0.166783343028844,False
00-0034358,RB,2020,1,0,0.687125748502994,0.7954713633613952,False,0.7805264361940991,False,0.1631736526946108,0.07419571918985048,False,0.09903605566978181,False
00-0034367,RB,2020,1,0,0.687125748502994,0.46855908402026786,False,0.5190560633244112,False,0.1631736526946108,0.36031863485379745,False,0.28479321492778814,False
00-0034378,RB,2020,0,1,0.687125748502994,0.7267217574428754,False,0.7615780603193859,False,0.1631736526946108,0.14715899289519785,False,0.11027939421361964,False
00-0034400,RB,2020,0,0,0.687125748502994,0.5692618559713933,False,0.5779256768327664,False,0.1631736526946108,0.24865607277011795,False,0.19415330098098288,False
00-0034432,RB,2020,1,0,0.687125748502994,0.7726443844921141,False,0.6118705079188521,False,0.1631736526946108,0.08732955175245272,False,0.1485796632529193,False
00-0034433,RB,2020,1,0,0.687125748502994,0.7480765768561791,False,0.8370056649843811,False,0.1631736526946108,0.10253080587215904,False,0.056564694595590166,False
00-0034440,RB,2020,1,0,0.687125748502994,0.7480765768561791,False,0.5895051503199841,False,0.1631736526946108,0.10253080587215904,False,0.11026409076224016,False
00-0034457,RB,2020,1,0,0.687125748502994,0.8535845975596881,False,0.8664887289349293,False,0.1631736526946108,0.04496911556320833,False,0.038957283786307445,False
00-0034578,RB,2020,1,0,0.687125748502994,0.6338308761922942,False,0.6744904107502855,False,0.1631736526946108,0.1884162923095642,False,0.1528017296677778,False
00-0034597,RB,2020,1,0,0.687125748502994,0.8165506272975078,False,0.8168343637522245,False,0.1631736526946108,0.06290100144397881,False,0.049732228602635625,False
00-0034654,RB,2020,1,0,0.687125748502994,0.8535845975596881,False,0.843273310822905,False,0.1631736526946108,0.04496911556320833,False,0.044943834474879804,False
00-0034679,RB,2020,1,0,0.687125748502994,0.7489207931015114,False,0.6057800223119222,False,0.1631736526946108,0.12095613895786454,False,0.1545568678083041,False
00-0034681,RB,2020,0,1,0.687125748502994,0.593867695339732,False,0.6471039759366326,False,0.1631736526946108,0.2647147924396808,False,0.22125786621162716,False
00-0034750,RB,2020,1,0,0.687125748502994,0.6939249575941783,False,0.7140108857039998,False,0.1631736526946108,0.14005001792440844,False,0.14681445384880862,False
00-0034791,RB,2020,1,0,0.687125748502994,0.4983415923750132,False,0.26461371735284694,False,0.1631736526946108,0.3510743768181449,False,0.5115187726495611,False
00-0034799,RB,2020,0,0,0.687125748502994,0.6301964505834207,False,0.7048131208511029,False,0.1631736526946108,0.21025287828874928,False,0.15460056334805583,False
00-0034808,RB,2020,1,0,0.687125748502994,0.8696559505498409,False,0.8514340951554915,False,0.1631736526946108,0.037941192056170824,False,0.04531023138431778,False
00-0034816,RB,2020,1,0,0.687125748502994,0.5836562782386278,False,0.4728332093215465,False,0.1631736526946108,0.21528434088111004,False,0.3111832234814353,False
00-0034838,RB,2020,0,0,0.687125748502994,0.51746973483645,False,0.5042251082340873,False,0.1631736526946108,0.31751441752307175,False,0.28025478556989497,False
00-0034844,RB,2020,1,0,0.687125748502994,0.5703611466198671,False,0.4138700134163059,False,0.1631736526946108,0.2850018865831005,False,0.384933671883796,False
00-0034995,RB,2020,1,0,0.687125748502994,0.8535845975596881,False,0.8589479471266688,False,0.1631736526946108,0.04496911556320833,False,0.03965652496322258,False
00-0035013,RB,2020,1,0,0.687125748502994,0.8359055591293609,False,0.7391577767283661,False,0.1631736526946108,0.05322681239422215,False,0.07554867934795151,False
00-0035184,RB,2020,1,0,0.687125748502994,0.8359055591293609,False,0.837749310270972,False,0.1631736526946108,0.05322681239422215,False,0.05213360534918357,False
00-0035217,RB,2020,1,0,0.687125748502994,0.6338308761922942,False,0.6605851957452221,False,0.1631736526946108,0.1884162923095642,False,0.17707959586975133,False
00-0035261,RB,2020,0,1,0.687125748502994,0.5359172398990656,False,0.5484325252583968,False,0.1631736526946108,0.28322459413836404,False,0.22552688243707802,False
00-0035268,RB,2020,1,0,0.687125748502994,0.5359172398990656,False,0.7069230281917472,False,0.1631736526946108,0.28322459413836404,False,0.1785474803874485,False
00-0035273,RB,2020,1,0,0.687125748502994,0.7726443844921141,False,0.8712317442793838,False,0.1631736526946108,0.08732955175245272,False,0.07127309674121575,False
00-0035275,RB,2020,1,0,0.687125748502994,0.8359055591293609,False,0.8453355178668198,False,0.1631736526946108,0.05322681239422215,False,0.048351934517085825,False
00-0035311,RB,2020,0,0,0.687125748502994,0.7480765768561791,False,0.7455564171723045,False,0.1631736526946108,0.10253080587215904,False,0.09870593512676702,False
00-0035342,RB,2020,0,0,0.687125748502994,0.7218098467297275,False,0.6477443454981298,False,0.1631736526946108,0.12003011165595463,False,0.1867529880822171,False
00-0035489,RB,2020,1,0,0.687125748502994,0.8696559505498409,False,0.9049983659430193,False,0.1631736526946108,0.037941192056170824,False,0.06784676972028274,False
00-0035537,RB,2020,0,0,0.687125748502994,0.46855908402026786,False,0.4911323037343021,False,0.1631736526946108,0.36031863485379745,False,0.2685555063564344,False
00-0035551,RB,2020,1,0,0.687125748502994,0.8359055591293609,False,0.8621728319035981,False,0.1631736526946108,0.05322681239422215,False,0.046101413912480675,False
00-0035596,RB,2020,1,0,0.687125748502994,0.7726443844921141,False,0.8284945761502979,False,0.1631736526946108,0.08732955175245272,False,0.07508632033875581,False
00-0035628,RB,2020,1,0,0.687125748502994,0.6645439757661316,False,0.7962965270569119,False,0.1631736526946108,0.1627913302992711,False,0.11974079074417207,False
00-0035657,RB,2020,0,0,0.687125748502994,0.8696559505498409,False,0.8490719822278707,False,0.1631736526946108,0.037941192056170824,False,0.04279570444549063,False
00-0035664,RB,2020,0,1,0.687125748502994,0.6939249575941783,False,0.7498701503155266,False,0.1631736526946108,0.14005001792440844,False,0.11752811522974213,False
00-0035685,RB,2020,1,0,0.687125748502994,0.46855908402026786,False,0.4550052415089515,False,0.1631736526946108,0.36031863485379745,False,0.43002044021876185,False
00-0035700,RB,2020,0,1,0.687125748502994,0.5692618559713933,False,0.3927841692834357,False,0.1631736526946108,0.24865607277011795,False,0.3516570747695662,False
00-0035726,RB,2020,1,0,0.687125748502994,0.8696559505498409,False,0.888602235458478,False,0.1631736526946108,0.037941192056170824,False,0.030129950732575593,False
00-0022921,WR,2020,0,0,0.6834224598930482,0.4578534536946981,False,0.501940545457349,False,0.1754010695187166,0.33226155448072936,False,0.3235934639793946,False
00-0026035,WR,2020,0,1,0.6834224598930482,0.5031457162298354,False,0.48629590309167203,False,0.1754010695187166,0.2958776228656838,False,0.33544326061236873,False
00-0026189,WR,2020,1,0,0.6834224598930482,0.8794406339186172,False,0.7117543630785019,False,0.1754010695187166,0.04902926791350342,False,0.12097638377620419,False
00-0026986,WR,2020,1,0,0.6834224598930482,0.9001760570949916,False,0.898942120403154,False,0.1754010695187166,0.05056483082883549,False,0.05591241619801229,False
00-0027793,WR,2020,1,0,0.6834224598930482,0.8822979274697479,False,0.8069422106487599,False,0.1754010695187166,0.04334072296300832,False,0.045126227421718464,False
00-0027874,WR,2020,1,0,0.6834224598930482,0.6421074989335355,False,0.6199652200784788,False,0.1754010695187166,0.18192023969451981,False,0.21922490703924521,False
00-0027891,WR,2020,0,0,0.6834224598930482,0.6376202928101284,False,0.4828787895935631,False,0.1754010695187166,0.19602570895400417,False,0.24754272464956006,False
00-0027944,WR,2020,0,0,0.6834224598930482,0.493499822904241,False,0.26657388448862296,False,0.1754010695187166,0.2979517888338532,False,0.5805030587821909,False
00-0028002,WR,2020,0,0,0.6834224598930482,0.5607223663976676,False,0.4916262929008386,False,0.1754010695187166,0.2836106713639902,False,0.35317777857677696,False
00-0028114,WR,2020,1,0,0.6834224598930482,0.8492080508473214,False,0.9046960568710121,False,0.1754010695187166,0.0586260128575275,False,0.038734403845542435,False
00-0028237,WR,2020,1,0,0.6834224598930482,0.7843724286836719,False,0.8040067689355358,False,0.1754010695187166,0.11032259912526995,False,0.09157402819396489,False
00-0028411,WR,2020,1,0,0.6834224598930482,0.7843724286836719,False,0.7748797421872358,False,0.1754010695187166,0.11032259912526995,False,0.13823090971080515,False
00-0029137,WR,2020,1,0,0.6834224598930482,0.7167080947734433,False,0.6581083989609741,False,0.1754010695187166,0.14812468293262446,False,0.269864528701524,False
00-0029269,WR,2020,1,0,0.6834224598930482,0.839494492416427,False,0.866413356643251,False,0.1754010695187166,0.08124766850606613,False,0.05941983283652869,False
00-0029293,WR,2020,0,1,0.6834224598930482,0.6294981030358638,False,0.5639158481878137,False,0.1754010695187166,0.22359915496604232,False,0.23786091106862348,False
00-0029319,WR,2020,1,0,0.6834224598930482,0.839494492416427,False,0.8664161926044557,False,0.1754010695187166,0.08124766850606613,False,0.0704897458189797,False
00-0029572,WR,2020,1,0,0.6834224598930482,0.4578534536946981,False,0.5782217916854925,False,0.1754010695187166,0.33226155448072936,False,0.217405354697904,False
00-0029608,WR,2020,1,0,0.6834224598930482,0.6784418973192192,False,0.6005027667638839,False,0.1754010695187166,0.17074540402499774,False,0.22661576411358728,False
00-0029664,WR,2020,1,0,0.6834224598930482,0.6682495565073511,False,0.7062842305143182,False,0.1754010695187166,0.17752610909325087,False,0.1978352495145527,False
00-0030068,WR,2020,1,0,0.6834224598930482,0.7627505478933525,False,0.7094389480447082,False,0.1754010695187166,0.11707517229749552,False,0.12380484929848334,False
00-0030147,WR,2020,1,0,0.6834224598930482,0.8948703580783047,False,0.9069403220716135,False,0.1754010695187166,0.04720907869258143,False,0.040731882162209306,False
00-0030279,WR,2020,0,1,0.6834224598930482,0.4151293164486812,False,0.29728798097034753,False,0.1754010695187166,0.3621232061220968,False,0.524739834122925,False
00-0030431,WR,2020,1,0,0.6834224598930482,0.45977947144260684,False,0.28050418008544953,False,0.1754010695187166,0.3240562360918918,False,0.6457473977802685,False
00-0030525,WR,2020,1,0,0.6834224598930482,0.5050847586700987,False,0.5408437761299879,False,0.1754010695187166,0.2881830373052284,False,0.2590064299012901,False
00-0030669,WR,2020,1,0,0.6834224598930482,0.6473097383074751,False,0.5041871974189579,False,0.1754010695187166,0.22016833287783488,False,0.32794267003188443,False
00-0030670,WR,2020,1,0,0.6834224598930482,0.7696620808375508,False,0.7065141926194227,False,0.1754010695187166,0.11605201860807521,False,0.11594673848845898,False
00-0030821,WR,2020,1,0,0.6834224598930482,0.5050847586700987,False,0.5177927805312141,False,0.1754010695187166,0.2881830373052284,False,0.26984037505038055,False
00-0031023,WR,2020,1,0,0.6834224598930482,0.897404623711429,False,0.8940619204481832,False,0.1754010695187166,0.04172245296242564,False,0.03261295010310049,False
00-0031068,WR,2020,1,0,0.6834224598930482,0.8710161546650007,False,0.9268295448398686,False,0.1754010695187166,0.04996414120083074,False,0.02587004484886094,False
00-0031189,WR,2020,1,0,0.6834224598930482,0.8634398142275265,False,0.9197801315257826,False,0.1754010695187166,0.05700244387029893,False,0.03418696855762519,False
00-0031228,WR,2020,1,0,0.6834224598930482,0.7167080947734433,False,0.6512857643313267,False,0.1754010695187166,0.14812468293262446,False,0.1597565908566767,False
00-0031235,WR,2020,1,0,0.6834224598930482,0.49633847403538894,False,0.3978015208496128,False,0.1754010695187166,0.3235034688752072,False,0.48926860530522187,False
00-0031236,WR,2020,0,1,0.6834224598930482,0.5050847586700987,False,0.40796955326079193,False,0.1754010695187166,0.2881830373052284,False,0.3524405207179431,False
00-0031257,WR,2020,1,0,0.6834224598930482,0.7381141396348778,False,0.7504898456804336,False,0.1754010695187166,0.1490622947248901,False,0.13225849593448674,False
00-0031319,WR,2020,0,0,0.6834224598930482,0.4151293164486812,False,0.5135543167833794,False,0.1754010695187166,0.3621232061220968,False,0.16937229174424745,False
00-0031339,WR,2020,1,0,0.6834224598930482,0.8244558377451114,False,0.8924741119937278,False,0.1754010695187166,0.0686809639612778,False,0.035223808603910584,False
00-0031344,WR,2020,1,0,0.6834224598930482,0.6231253065714087,False,0.645658292340283,False,0.1754010695187166,0.24684225213713648,False,0.20269343980104798,False
00-0031382,WR,2020,1,0,0.6834224598930482,0.4578534536946981,False,0.4139631357918974,False,0.1754010695187166,0.33226155448072936,False,0.39173591752868664,False
00-0031408,WR,2020,1,0,0.6834224598930482,0.5646283874931699,False,0.4178965173795816,False,0.1754010695187166,0.23590498778881128,False,0.3674698668260092,False
00-0031428,WR,2020,1,0,0.6834224598930482,0.4151293164486812,False,0.3313508187999743,False,0.1754010695187166,0.3621232061220968,False,0.5015147613805753,False
00-0031431,WR,2020,1,0,0.6834224598930482,0.8624799138076606,False,0.8808781855238539,False,0.1754010695187166,0.06949021584171684,False,0.05288799836316689,False
00-0031511,WR,2020,1,0,0.6834224598930482,0.7520845550902578,False,0.7995864990860091,False,0.1754010695187166,0.12803808730150024,False,0.0926290946565789,False
00-0031544,WR,2020,0,1,0.6834224598930482,0.4151293164486812,False,0.29264528877241275,False,0.1754010695187166,0.3621232061220968,False,0.48729761950572426,False
00-0031547,WR,2020,0,1,0.6834224598930482,0.505984423858562,False,0.42779690097100953,False,0.1754010695187166,0.3213328422002695,False,0.3911745768634269,False
00-0031549,WR,2020,0,1,0.6834224598930482,0.6376202928101284,False,0.6521180585139099,False,0.1754010695187166,0.19602570895400417,False,0.16340909681016225,False
00-0031570,WR,2020,1,0,0.6834224598930482,0.5993969080299265,False,0.6752583243345414,False,0.1754010695187166,0.20843919581671522,False,0.14535422170954665,False
00-0031868,WR,2020,0,1,0.6834224598930482,0.709551067698573,False,0.7244877488585466,False,0.1754010695187166,0.17038822968704387,False,0.16834314416408538,False
00-0031934,WR,2020,1,0,0.6834224598930482,0.8826338678951515,False,0.8345892837456795,False,0.1754010695187166,0.05932433635980374,False,0.10953395315055042,False
00-0031941,WR,2020,0,0,0.6834224598930482,0.5252557994366066,False,0.5782316211866283,False,0.1754010695187166,0.31701473297486216,False,0.2871444289602344,False
00-0031953,WR,2020,1,0,0.6834224598930482,0.8134979908793996,False,0.8643682080687156,False,0.1754010695187166,0.09479178000693383,False,0.09784821380317138,False
00-0032054,WR,2020,0,0,0.6834224598930482,0.5862523452159236,False,0.5419548002782387,False,0.1754010695187166,0.2543050990984671,False,0.23219319878099082,False
00-0032055,WR,2020,1,0,0.6834224598930482,0.8862462040870835,False,0.7958642854173218,False,0.1754010695187166,0.042930623753400544,False,0.09242072080190997,False
00-0032112,WR,2020,1,0,0.6834224598930482,0.904294939174757,False,0.9451579663013207,False,0.1754010695187166,0.04093514438453265,False,0.015074918663293867,False
00-0032128,WR,2020,0,1,0.6834224598930482,0.4151293164486812,False,0.3772497207154957,False,0.1754010695187166,0.3621232061220968,False,0.4059077133526502,False
00-0032160,WR,2020,1,0,0.6834224598930482,0.5503066963389777,False,0.5152809402722809,False,0.1754010695187166,0.2547841591059372,False,0.2940871868761567,False
00-0032200,WR,2020,1,0,0.6834224598930482,0.45977947144260684,False,0.5392477602179806,False,0.1754010695187166,0.3240562360918918,False,0.1229724644442797,False
00-0032355,WR,2020,1,0,0.6834224598930482,0.6784418973192192,False,0.6441582800535672,False,0.1754010695187166,0.17074540402499774,False,0.1304188317504421,False
00-0032385,WR,2020,0,0,0.6834224598930482,0.6657272718182486,False,0.4711505600517218,False,0.1754010695187166,0.16076434426232833,False,0.2838473900819659,False
00-0032423,WR,2020,1,0,0.6834224598930482,0.6586256625945328,False,0.5736596092739824,False,0.1754010695187166,0.23952806257095252,False,0.28710742893120555,False
00-0032543,WR,2020,0,1,0.6834224598930482,0.4578534536946981,False,0.40357083785678555,False,0.1754010695187166,0.33226155448072936,False,0.37156999752643277,False
00-0032688,WR,2020,0,1,0.6834224598930482,0.4770619188009433,False,0.5213340664919474,False,0.1754010695187166,0.3278675333683357,False,0.2982656189443244,False
00-0032728,WR,2020,1,0,0.6834224598930482,0.8624799138076606,False,0.9045370189006053,False,0.1754010695187166,0.06949021584171684,False,0.05476958173278228,False
00-0032791,WR,2020,0,1,0.6834224598930482,0.7433433990403715,False,0.7983670072412833,False,0.1754010695187166,0.13339560699323164,False,0.13786202442748977,False
00-0032795,WR,2020,1,0,0.6834224598930482,0.7940297400656668,False,0.8267100887332288,False,0.1754010695187166,0.10070134762005363,False,0.07392833934859326,False
00-0032935,WR,2020,1,0,0.6834224598930482,0.7274515334157914,False,0.7695258546268773,False,0.1754010695187166,0.18491485458814297,False,0.08897272912906651,False
00-0032951,WR,2020,1,0,0.6834224598930482,0.6742581994152718,False,0.7305036587749715,False,0.1754010695187166,0.15942832153145317,False,0.13986760884821897,False
00-0032977,WR,2020,1,0,0.6834224598930482,0.7744538915241762,False,0.7808409023089904,False,0.1754010695187166,0.10343304815003698,False,0.08138982310758253,False
00-0032980,WR,2020,0,0,0.6834224598930482,0.8081316228555321,False,0.7926089596938878,False,0.1754010695187166,0.11007504270608091,False,0.12618450853737703,False
00-0033006,WR,2020,1,0,0.6834224598930482,0.9138550006537687,False,0.9221047361541351,False,0.1754010695187166,0.0397807969703943,False,0.02676711370079453,False
00-0033009,WR,2020,0,1,0.6834224598930482,0.4770619188009433,False,0.43368606520742015,False,0.1754010695187166,0.3278675333683357,False,0.39382346917536026,False
00-0033094,WR,2020,0,0,0.6834224598930482,0.7676427344302453,False,0.8251911336814658,False,0.1754010695187166,0.10435808318274904,False,0.15051203252245846,False
00-0033111,WR,2020,0,1,0.6834224598930482,0.679226567343404,False,0.7182863941246252,False,0.1754010695187166,0.19406937074563038,False,0.14945785968421332,False
00-0033114,WR,2020,0,0,0.6834224598930482,0.7843724286836719,False,0.8034039340616708,False,0.1754010695187166,0.11032259912526995,False,0.07748882177464855,False
00-0033215,WR,2020,1,0,0.6834224598930482,0.9153477619311998,False,0.933263802802287,False,0.1754010695187166,0.043039528623740615,False,0.0341561281699978,False
00-0033251,WR,2020,1,0,0.6834224598930482,0.4151293164486812,False,0.4404749782462999,False,0.1754010695187166,0.3621232061220968,False,0.31083376692610487,False
00-0033266,WR,2020,1,0,0.6834224598930482,0.5947122010035671,False,0.6226602631739773,False,0.1754010695187166,0.22403774981035182,False,0.11238516248293273,False
00-0033282,WR,2020,0,1,0.6834224598930482,0.4866952490628002,False,0.4529506892518094,False,0.1754010695187166,0.3256817218716468,False,0.37144836532413344,False
00-0033367,WR,2020,0,0,0.6834224598930482,0.9001760570949916,False,0.9032962454419123,False,0.1754010695187166,0.05056483082883549,False,0.06251203689327382,False
00-0033375,WR,2020,0,1,0.6834224598930482,0.7556974551770251,False,0.7487959879594698,False,0.1754010695187166,0.11810614121093464,False,0.13335849482772402,False
00-0033382,WR,2020,1,0,0.6834224598930482,0.9001760570949916,False,0.9035181832920538,False,0.1754010695187166,0.05056483082883549,False,0.04491054048218354,False
00-0033386,WR,2020,1,0,0.6834224598930482,0.8826338678951515,False,0.9013559984599256,False,0.1754010695187166,0.05932433635980374,False,0.05619459598494154,False
00-0033434,WR,2020,1,0,0.6834224598930482,0.8436050845514886,False,0.8842736842098019,False,0.1754010695187166,0.08330764715138013,False,0.05130611131603651,False
00-0033460,WR,2020,1,0,0.6834224598930482,0.7485038197031265,False,0.6941374589128579,False,0.1754010695187166,0.11914496376112545,False,0.1391790547289107,False
00-0033471,WR,2020,0,0,0.6834224598930482,0.8254432997476802,False,0.8114646085362317,False,0.1754010695187166,0.10718889691008669,False,0.11027327904511383,False
00-0033474,WR,2020,1,0,0.6834224598930482,0.9001760570949916,False,0.8990925980140082,False,0.1754010695187166,0.05056483082883549,False,0.03881946020538827,False
00-0033530,WR,2020,1,0,0.6834224598930482,0.8826338678951515,False,0.9035877287893787,False,0.1754010695187166,0.05932433635980374,False,0.04690849060432842,False
00-0033536,WR,2020,0,1,0.6834224598930482,0.45977947144260684,False,0.3552239662485893,False,0.1754010695187166,0.3240562360918918,False,0.4866217742049262,False
00-0033555,WR,2020,0,0,0.6834224598930482,0.5947122010035671,False,0.6536350091444,False,0.1754010695187166,0.22403774981035182,False,0.15566833646346664,False
00-0033562,WR,2020,1,0,0.6834224598930482,0.6967581904744553,False,0.7562433259944236,False,0.1754010695187166,0.1404390360661067,False,0.07761191001394646,False
00-0033572,WR,2020,0,1,0.6834224598930482,0.656067866732265,False,0.6597387917144399,False,0.1754010695187166,0.21846714823748012,False,0.09531708454054388,False
00-0033604,WR,2020,1,0,0.6834224598930482,0.9153477619311998,False,0.9312640771080769,False,0.1754010695187166,0.043039528623740615,False,0.03727235342116205,False
00-0033681,WR,2020,0,1,0.6834224598930482,0.6177769812032259,False,0.6294506826844999,False,0.1754010695187166,0.205179510955386,False,0.17253866418646857,False
00-0033705,WR,2020,1,0,0.6834224598930482,0.7520845550902578,False,0.7710175142434169,False,0.1754010695187166,0.12803808730150024,False,0.09851385780729088,False
00-0033839,WR,2020,1,0,0.6834224598930482,0.493499822904241,False,0.5211310884258059,False,0.1754010695187166,0.2979517888338532,False,0.26560816571726226,False
00-0033857,WR,2020,1,0,0.6834224598930482,0.5993969080299265,False,0.5810653657422532,False,0.1754010695187166,0.20843919581671522,False,0.24397809091468214,False
00-0033891,WR,2020,0,0,0.6834224598930482,0.5292124023446918,False,0.5971958259123953,False,0.1754010695187166,0.26577475307844234,False,0.17903075295964477,False
00-0033908,WR,2020,1,0,0.6834224598930482,0.5348669302660256,False,0.38075651119918613,False,0.1754010695187166,0.31486737993123043,False,0.4582611985135452,False
00-0033911,WR,2020,1,0,0.6834224598930482,0.8752893825560754,False,0.8787880753137812,False,0.1754010695187166,0.049494612255560934,False,0.03496614084365003,False
00-0033921,WR,2020,1,0,0.6834224598930482,0.5292124023446918,False,0.2949565526061987,False,0.1754010695187166,0.26577475307844234,False,0.44862990603198977,False
00-0033932,WR,2020,1,0,0.6834224598930482,0.4674456237020918,False,0.4003582888949847,False,0.1754010695187166,0.33006083432379163,False,0.38269503751616896,False
00-0033933,WR,2020,1,0,0.6834224598930482,0.9009030677247422,False,0.91495321132102,False,0.1754010695187166,0.041327004684778595,False,0.026988561149026473,False
00-0033943,WR,2020,1,0,0.6834224598930482,0.4151293164486812,False,0.4675125856060638,False,0.1754010695187166,0.3621232061220968,False,0.2527075372690643,False
00-0033994,WR,2020,1,0,0.6834224598930482,0.8134979908793996,False,0.8524364808266979,False,0.1754010695187166,0.09479178000693383,False,0.07646330358513627,False
00-0034052,WR,2020,1,0,0.6834224598930482,0.8615573147289118,False,0.8649273962410113,False,0.1754010695187166,0.07193573114791804,False,0.08395357381416683,False
00-0034081,WR,2020,1,0,0.6834224598930482,0.9001760570949916,False,0.8763465209685181,False,0.1754010695187166,0.05056483082883549,False,0.07291854346322364,False
00-0034104,WR,2020,1,0,0.6834224598930482,0.8826338678951515,False,0.8946648811937613,False,0.1754010695187166,0.05932433635980374,False,0.06969348597886912,False
00-0034132,WR,2020,0,0,0.6834224598930482,0.7843724286836719,False,0.7998228129793109,False,0.1754010695187166,0.11032259912526995,False,0.09475585209927972,False
00-0034256,WR,2020,1,0,0.6834224598930482,0.8789608153288501,False,0.8952053395497351,False,0.1754010695187166,0.06932714473128591,False,0.056085906871734405,False
00-0034267,WR,2020,1,0,0.6834224598930482,0.9153477619311998,False,0.9205358163956988,False,0.1754010695187166,0.043039528623740615,False,0.039030952538636685,False
00-0034273,WR,2020,1,0,0.6834224598930482,0.7783963006725416,False,0.7628024060557211,False,0.1754010695187166,0.12775648691480374,False,0.1404500663116126,False
00-0034309,WR,2020,0,0,0.6834224598930482,0.899476879615488,False,0.9532392711281351,False,0.1754010695187166,0.05238181280102513,False,0.1447394716132337,False
00-0034339,WR,2020,1,0,0.6834224598930482,0.7118857865220145,False,0.7643251928991212,False,0.1754010695187166,0.1879287161377587,False,0.14063682005189884,False
00-0034348,WR,2020,1,0,0.6834224598930482,0.4578534536946981,False,0.2772788291173937,False,0.1754010695187166,0.33226155448072936,False,0.6146897286383808,False
00-0034353,WR,2020,1,0,0.6834224598930482,0.4151293164486812,False,0.36278632024316904,False,0.1754010695187166,0.3621232061220968,False,0.39725458865062874,False
00-0034366,WR,2020,1,0,0.6834224598930482,0.7520845550902578,False,0.7847258248298076,False,0.1754010695187166,0.12803808730150024,False,0.1921261417504582,False
00-0034370,WR,2020,0,0,0.6834224598930482,0.6113270560012989,False,0.6602647979512403,False,0.1754010695187166,0.22706787191051334,False,0.18421563261771026,False
00-0034386,WR,2020,1,0,0.6834224598930482,0.7647993840333674,False,0.8138920414688208,False,0.1754010695187166,0.12998731390570128,False,0.08384645560474595,False
00-0034406,WR,2020,1,0,0.6834224598930482,0.6376202928101284,False,0.6975518397927464,False,0.1754010695187166,0.19602570895400417,False,0.14451711837532902,False
00-0034407,WR,2020,1,0,0.6834224598930482,0.8277186699113128,False,0.8397051258519853,False,0.1754010695187166,0.08561243130891606,False,0.04964986347642626,False
00-0034411,WR,2020,0,1,0.6834224598930482,0.5955793947427259,False,0.6333348251784593,False,0.1754010695187166,0.2524255274213803,False,0.1937291878333774,False
00-0034418,WR,2020,0,0,0.6834224598930482,0.8624799138076606,False,0.8579159788290861,False,0.1754010695187166,0.06949021584171684,False,0.07734042305268855,False
00-0034419,WR,2020,0,1,0.6834224598930482,0.4151293164486812,False,0.5311029984391588,False,0.1754010695187166,0.3621232061220968,False,0.227101630494917,False
00-0034426,WR,2020,1,0,0.6834224598930482,0.7476524116928105,False,0.7889061347742619,False,0.1754010695187166,0.16348030125181237,False,0.12005357706647078,False
00-0034487,WR,2020,0,0,0.6834224598930482,0.7229254103873991,False,0.7531339468796764,False,0.1754010695187166,0.15160049305607237,False,0.11708186387038134,False
00-0034510,WR,2020,1,0,0.6834224598930482,0.7072052109961247,False,0.6576478211789517,False,0.1754010695187166,0.1541740806086529,False,0.12102589316859018,False
00-0034593,WR,2020,1,0,0.6834224598930482,0.8933676244986601,False,0.9199827549683285,False,0.1754010695187166,0.05973927038196491,False,0.048061611687685926,False
00-0034631,WR,2020,1,0,0.6834224598930482,0.5503066963389777,False,0.5480935827659915,False,0.1754010695187166,0.2547841591059372,False,0.27536732556960253,False
00-0034660,WR,2020,1,0,0.6834224598930482,0.8826338678951515,False,0.9443234801060697,False,0.1754010695187166,0.05932433635980374,False,0.12495692794915503,False
00-0034676,WR,2020,1,0,0.6834224598930482,0.5320406949885542,False,0.5850028798179209,False,0.1754010695187166,0.2897057031328214,False,0.2831629674670286,False
00-0034686,WR,2020,1,0,0.6834224598930482,0.6958027979249353,False,0.6799386619269572,False,0.1754010695187166,0.19098018994896984,False,0.22824059456573367,False
00-0034705,WR,2020,1,0,0.6834224598930482,0.9153477619311998,False,0.8377385946544018,False,0.1754010695187166,0.043039528623740615,False,0.06818318269028845,False
00-0034710,WR,2020,1,0,0.6834224598930482,0.9278796658352856,False,0.9255460404726374,False,0.1754010695187166,0.03792592448824563,False,0.02991989025999157,False
00-0034747,WR,2020,1,0,0.6834224598930482,0.8692222772388964,False,0.8805393224028771,False,0.1754010695187166,0.06317709209182722,False,0.08361143846924354,False
00-0034764,WR,2020,0,1,0.6834224598930482,0.5050847586700987,False,0.3348240440803359,False,0.1754010695187166,0.2881830373052284,False,0.49065599432820917,False
00-0034772,WR,2020,1,0,0.6834224598930482,0.8244558377451114,False,0.8608671639436892,False,0.1754010695187166,0.0686809639612778,False,0.05885761817913981,False
00-0034775,WR,2020,0,1,0.6834224598930482,0.6021205639060242,False,0.44078691224450334,False,0.1754010695187166,0.22881642132215904,False,0.3823272477409036,False
00-0034777,WR,2020,0,0,0.6834224598930482,0.5416343334264372,False,0.5209466140893972,False,0.1754010695187166,0.2876654200296552,False,0.2712956921801589,False
00-0034827,WR,2020,0,1,0.6834224598930482,0.493499822904241,False,0.3734560717639557,False,0.1754010695187166,0.2979517888338532,False,0.43611710803754783,False
00-0034837,WR,2020,0,1,0.6834224598930482,0.5646283874931699,False,0.3630055963578789,False,0.1754010695187166,0.23590498778881128,False,0.3209735201744728,False
00-0034854,WR,2020,1,0,0.6834224598930482,0.5947122010035671,False,0.6793342569246495,False,0.1754010695187166,0.22403774981035182,False,0.15028214302601575,False
00-0034860,WR,2020,1,0,0.6834224598930482,0.7283463339483529,False,0.6894550122504889,False,0.1754010695187166,0.1357095815008148,False,0.12376994793411401,False
00-0034922,WR,2020,1,0,0.6834224598930482,0.9001760570949916,False,0.9043245290105254,False,0.1754010695187166,0.05056483082883549,False,0.06453775391828767,False
00-0034928,WR,2020,1,0,0.6834224598930482,0.4151293164486812,False,0.4293378155836005,False,0.1754010695187166,0.3621232061220968,False,0.3215786034924978,False
00-0034960,WR,2020,0,0,0.6834224598930482,0.6376202928101284,False,0.5999203282929457,False,0.1754010695187166,0.19602570895400417,False,0.24619765457346374,False
00-0034983,WR,2020,0,1,0.6834224598930482,0.5503066963389777,False,0.47975684021020987,False,0.1754010695187166,0.2547841591059372,False,0.32741932213154856,False
00-0035021,WR,2020,0,0,0.6834224598930482,0.7520845550902578,False,0.8192239945495423,False,0.1754010695187166,0.12803808730150024,False,0.09406924447567609,False
00-0035120,WR,2020,1,0,0.6834224598930482,0.8134979908793996,False,0.7973637180274936,False,0.1754010695187166,0.09479178000693383,False,0.13200050983671474,False
00-0035181,WR,2020,1,0,0.6834224598930482,0.8134979908793996,False,0.849345168340845,False,0.1754010695187166,0.09479178000693383,False,0.0523416932068903,False
00-0035208,WR,2020,0,0,0.6834224598930482,0.8134979908793996,False,0.8848414105331291,False,0.1754010695187166,0.09479178000693383,False,0.13500529945370507,False
00-0035216,WR,2020,1,0,0.6834224598930482,0.4151293164486812,False,0.3795349666741534,False,0.1754010695187166,0.3621232061220968,False,0.3633346647874554,False
00-0035246,WR,2020,1,0,0.6834224598930482,0.7167080947734433,False,0.7448672760941575,False,0.1754010695187166,0.14812468293262446,False,0.12951246681533504,False
00-0035287,WR,2020,1,0,0.6834224598930482,0.6784418973192192,False,0.7142040354675512,False,0.1754010695187166,0.17074540402499774,False,0.1277021810195831,False
00-0035297,WR,2020,1,0,0.6834224598930482,0.45977947144260684,False,0.4616002864734402,False,0.1754010695187166,0.3240562360918918,False,0.3430652340184213,False
00-0035298,WR,2020,1,0,0.6834224598930482,0.7167080947734433,False,0.6846684190165863,False,0.1754010695187166,0.14812468293262446,False,0.14474885508092258,False
00-0035350,WR,2020,1,0,0.6834224598930482,0.7520845550902578,False,0.7123562924588581,False,0.1754010695187166,0.12803808730150024,False,0.17808104651665638,False
00-0035374,WR,2020,1,0,0.6834224598930482,0.7843724286836719,False,0.8119145885370681,False,0.1754010695187166,0.11032259912526995,False,0.083181767311017,False
00-0035399,WR,2020,1,0,0.6834224598930482,0.7843724286836719,False,0.8349197611326159,False,0.1754010695187166,0.11032259912526995,False,0.06323181357404854,False
00-0035401,WR,2020,1,0,0.6834224598930482,0.7843724286836719,False,0.8042787284523094,False,0.1754010695187166,0.11032259912526995,False,0.09611906774069327,False
00-0035406,WR,2020,1,0,0.6834224598930482,0.9153477619311998,False,0.9184375600964289,False,0.1754010695187166,0.043039528623740615,False,0.03342422960430776,False
00-0035414,WR,2020,0,1,0.6834224598930482,0.9153477619311998,False,0.9263679655512748,False,0.1754010695187166,0.043039528623740615,False,0.030977460155633543,False
00-0035432,WR,2020,1,0,0.6834224598930482,0.8134979908793996,False,0.8424150759205622,False,0.1754010695187166,0.09479178000693383,False,0.09023794067394042,False
00-0035500,WR,2020,1,0,0.6834224598930482,0.9001760570949916,False,0.8990925980140082,False,0.1754010695187166,0.05056483082883549,False,0.03881946020538827,False
00-0035510,WR,2020,0,0,0.6834224598930482,0.9153477619311998,False,0.9076444543877351,False,0.1754010695187166,0.043039528623740615,False,0.05581083651767801,False
00-0035527,WR,2020,0,0,0.6834224598930482,0.5947122010035671,False,0.6721848321068518,False,0.1754010695187166,0.22403774981035182,False,0.18836891602767508,False
00-0035535,WR,2020,0,1,0.6834224598930482,0.5050847586700987,False,0.447408477838968,False,0.1754010695187166,0.2881830373052284,False,0.31217587704767086,False
00-0035548,WR,2020,1,0,0.6834224598930482,0.7843724286836719,False,0.8749704026533537,False,0.1754010695187166,0.11032259912526995,False,0.09007237689715376,False
00-0035587,WR,2020,1,0,0.6834224598930482,0.9153477619311998,False,0.9133953665673579,False,0.1754010695187166,0.043039528623740615,False,0.03477360542591167,False
00-0035590,WR,2020,1,0,0.6834224598930482,0.8826338678951515,False,0.8448921829311287,False,0.1754010695187166,0.05932433635980374,False,0.11021500407540175,False
00-0035592,WR,2020,0,0,0.6834224598930482,0.9001760570949916,False,0.911298745782203,False,0.1754010695187166,0.05056483082883549,False,0.03556716133664906,False
00-0035593,WR,2020,1,0,0.6834224598930482,0.9001760570949916,False,0.8990925980140082,False,0.1754010695187166,0.05056483082883549,False,0.03881946020538827,False
00-0035597,WR,2020,1,0,0.6834224598930482,0.9153477619311998,False,0.8942454947222161,False,0.1754010695187166,0.043039528623740615,False,0.08358386970418448,False
00-0035621,WR,2020,1,0,0.6834224598930482,0.8624799138076606,False,0.8641173831374064,False,0.1754010695187166,0.06949021584171684,False,0.04830480991083987,False
00-0035639,WR,2020,1,0,0.6834224598930482,0.7843724286836719,False,0.7491551399027393,False,0.1754010695187166,0.11032259912526995,False,0.11026230860977662,False
00-0035645,WR,2020,0,0,0.6834224598930482,0.7520845550902578,False,0.8104134254487988,False,0.1754010695187166,0.12803808730150024,False,0.09931234508470678,False
00-0035659,WR,2020,1,0,0.6834224598930482,0.5050847586700987,False,0.4075954887018943,False,0.1754010695187166,0.2881830373052284,False,0.4202347215778044,False
00-0022127,TE,2020,0,0,0.693631669535284,0.3984343245013183,False,0.44550653558929737,False,0.13080895008605853,0.42726810372488944,False,0.3681221874843819,False
00-0024221,TE,2020,1,0,0.693631669535284,0.8272219524987698,False,0.7635334043111567,False,0.13080895008605853,0.05969504932460224,False,0.13034427822520828,False
00-0024389,TE,2020,1,0,0.693631669535284,0.7969626282812904,False,0.7792373959090785,False,0.13080895008605853,0.04780359532347963,False,0.05361256657162174,False
00-0025418,TE,2020,0,0,0.693631669535284,0.5090491442320091,False,0.5610512132266837,False,0.13080895008605853,0.22751386157982326,False,0.17886653527123542,False
00-0027985,TE,2020,1,0,0.693631669535284,0.8258480502046752,False,0.8232942951296143,False,0.13080895008605853,0.062468044604231984,False,0.05574641319302767,False
00-0028042,TE,2020,0,0,0.693631669535284,0.5795902819433747,False,0.633452266785089,False,0.13080895008605853,0.1942038253813024,False,0.16865837933165748,False
00-0028112,TE,2020,1,0,0.693631669535284,0.4651107297638912,False,0.4702189553344509,False,0.13080895008605853,0.2783049938132373,False,0.22952991542128579,False
00-0028142,TE,2020,1,0,0.693631669535284,0.5630662127794709,False,0.5846314306263657,False,0.13080895008605853,0.2354768311587343,False,0.2012536181117149,False
00-0028903,TE,2020,1,0,0.693631669535284,0.8545568691256633,False,0.8955060358236966,False,0.13080895008605853,0.040250442749655356,False,0.029854317502450826,False
00-0029119,TE,2020,1,0,0.693631669535284,0.6217720443975173,False,0.3788396281490001,False,0.13080895008605853,0.15545516521628036,False,0.3527791442053543,False
00-0029587,TE,2020,1,0,0.693631669535284,0.6513884970137596,False,0.6515807803325674,False,0.13080895008605853,0.15185040991946466,False,0.16196160496804143,False
00-0030108,TE,2020,0,0,0.693631669535284,0.5217895433755265,False,0.502174542865638,False,0.13080895008605853,0.27758323853655736,False,0.30656510298727424,False
00-0030155,TE,2020,1,0,0.693631669535284,0.4802131544028982,False,0.4950909371776804,False,0.13080895008605853,0.3240277398111588,False,0.3178406151257085,False
00-0030181,TE,2020,1,0,0.693631669535284,0.4381458061295623,False,0.5254496603590941,False,0.13080895008605853,0.2646607335125379,False,0.26935925040836994,False
00-0030443,TE,2020,1,0,0.693631669535284,0.850947267841405,False,0.8746705737599431,False,0.13080895008605853,0.04624413718794624,False,0.03529600338285881,False
00-0030470,TE,2020,1,0,0.693631669535284,0.49467639138351277,False,0.45383256537681405,False,0.13080895008605853,0.2824692243556115,False,0.30085747546354796,False
00-0030549,TE,2020,0,1,0.693631669535284,0.4428692498964983,False,0.5356775356945294,False,0.13080895008605853,0.24627066936889838,False,0.16186054465400482,False
00-0030710,TE,2020,1,0,0.693631669535284,0.7130081969844445,False,0.7787965056012359,False,0.13080895008605853,0.12778566684141063,False,0.09972693634544479,False
00-0031035,TE,2020,1,0,0.693631669535284,0.8729854694221316,False,0.8913196964961642,False,0.13080895008605853,0.03408065646441908,False,0.03315066776535073,False
00-0031167,TE,2020,1,0,0.693631669535284,0.8521586072114464,False,0.8637263854560051,False,0.13080895008605853,0.044157410577786174,False,0.03471106370585531,False
00-0031260,TE,2020,1,0,0.693631669535284,0.46988175888901945,False,0.4987276828102911,False,0.13080895008605853,0.25930117094330013,False,0.2316546982736734,False
00-0031273,TE,2020,1,0,0.693631669535284,0.49467639138351277,False,0.4822035409276371,False,0.13080895008605853,0.2824692243556115,False,0.3217593347691557,False
00-0031299,TE,2020,1,0,0.693631669535284,0.8718747033004548,False,0.8710740420137152,False,0.13080895008605853,0.03263393554046882,False,0.05352473275524299,False
00-0031387,TE,2020,1,0,0.693631669535284,0.6034874879707297,False,0.6068342430321868,False,0.13080895008605853,0.19800688028514007,False,0.2418594138636475,False
00-0031484,TE,2020,1,0,0.693631669535284,0.8557438465424003,False,0.846306139351271,False,0.13080895008605853,0.03842328056680166,False,0.036534808975527834,False
00-0031558,TE,2020,1,0,0.693631669535284,0.5217895433755265,False,0.512548544727691,False,0.13080895008605853,0.27758323853655736,False,0.2512735560565386,False
00-0031610,TE,2020,0,1,0.693631669535284,0.4428692498964983,False,0.4014022083963307,False,0.13080895008605853,0.24627066936889838,False,0.14374827922971914,False
00-0031690,TE,2020,1,0,0.693631669535284,0.8686742025156321,False,0.8868577029424293,False,0.13080895008605853,0.041055334437186626,False,0.03498556232708162,False
00-0031744,TE,2020,1,0,0.693631669535284,0.7188546016431253,False,0.7021555220442707,False,0.13080895008605853,0.1124696672676024,False,0.11318835801097062,False
00-0031951,TE,2020,0,1,0.693631669535284,0.8021304195659394,False,0.6964927850842411,False,0.13080895008605853,0.0733864895506858,False,0.10938039102194504,False
00-0032098,TE,2020,1,0,0.693631669535284,0.6418310075279459,False,0.6458307642758323,False,0.13080895008605853,0.10643587053378768,False,0.10275979553731271,False
00-0032117,TE,2020,1,0,0.693631669535284,0.7322102504201532,False,0.7352231541186239,False,0.13080895008605853,0.08284726816513201,False,0.07639799656683138,False
00-0032134,TE,2020,1,0,0.693631669535284,0.4922811464443951,False,0.5196936109117204,False,0.13080895008605853,0.29237298818818175,False,0.27189649218889045,False
00-0032135,TE,2020,0,0,0.693631669535284,0.5338293083518656,False,0.6030781695148093,False,0.13080895008605853,0.24879576290741356,False,0.18318742577928024,False
00-0032139,TE,2020,1,0,0.693631669535284,0.8521084924386978,False,0.8765889778891427,False,0.13080895008605853,0.04038530668147917,False,0.03647669767097522,False
00-0032141,TE,2020,1,0,0.693631669535284,0.7842752414249371,False,0.8199816387791958,False,0.13080895008605853,0.06883046440821122,False,0.053304435213736526,False
00-0032227,TE,2020,1,0,0.693631669535284,0.722711654886075,False,0.7469071912999432,False,0.13080895008605853,0.10317094239999317,False,0.0855488948048663,False
00-0032256,TE,2020,1,0,0.693631669535284,0.7776507997910803,False,0.6877688437223518,False,0.13080895008605853,0.07553699614283393,False,0.09843157769893644,False
00-0032319,TE,2020,1,0,0.693631669535284,0.8521084924386978,False,0.8511149485292908,False,0.13080895008605853,0.04038530668147917,False,0.04382445285690692,False
00-0032392,TE,2020,1,0,0.693631669535284,0.5314438628397312,False,0.4501666590051916,False,0.13080895008605853,0.25794331304259943,False,0.2859277774639438,False
00-0032394,TE,2020,0,0,0.693631669535284,0.4802131544028982,False,0.5159483913336929,False,0.13080895008605853,0.3240277398111588,False,0.24215652674691454,False
00-0032599,TE,2020,1,0,0.693631669535284,0.8569227587952396,False,0.7773440598940776,False,0.13080895008605853,0.036675892495171225,False,0.05619738161662892,False
00-0032661,TE,2020,1,0,0.693631669535284,0.8050922676313076,False,0.8054683798151264,False,0.13080895008605853,0.06147096016867271,False,0.06396252060111891,False
00-0032689,TE,2020,1,0,0.693631669535284,0.8893421682242576,False,0.9195124530252026,False,0.13080895008605853,0.02632950652875966,False,0.020608798256781802,False
00-0032986,TE,2020,0,0,0.693631669535284,0.714883996673705,False,0.7131489586602064,False,0.13080895008605853,0.11281806583925814,False,0.08877791328249107,False
00-0033080,TE,2020,1,0,0.693631669535284,0.7600771334884563,False,0.7628906687412114,False,0.13080895008605853,0.07386952241711951,False,0.05536071378062987,False
00-0033090,TE,2020,0,1,0.693631669535284,0.5630662127794709,False,0.5584101050165388,False,0.13080895008605853,0.2354768311587343,False,0.21521328000909404,False
00-0033110,TE,2020,1,0,0.693631669535284,0.4802131544028982,False,0.5282519146988421,False,0.13080895008605853,0.3240277398111588,False,0.2155557754197003,False
00-0033117,TE,2020,1,0,0.693631669535284,0.8949125090521493,False,0.9186743708819336,False,0.13080895008605853,0.021725448631482513,False,0.017955074863515483,False
00-0033217,TE,2020,1,0,0.693631669535284,0.6425432745774312,False,0.6631337536239958,False,0.13080895008605853,0.16521084240453793,False,0.12536411926766164,False
00-0033246,TE,2020,1,0,0.693631669535284,0.7776507997910803,False,0.8107493982099484,False,0.13080895008605853,0.07553699614283393,False,0.06057145628085129,False
00-0033258,TE,2020,0,0,0.693631669535284,0.7618202628484732,False,0.8023173598269808,False,0.13080895008605853,0.07062853667619316,False,0.054285471996269576,False
00-0033338,TE,2020,0,0,0.693631669535284,0.7475572329398802,False,0.7615396350071083,False,0.13080895008605853,0.09250443960228436,False,0.0904936556505495,False
00-0033421,TE,2020,1,0,0.693631669535284,0.8096251322545491,False,0.8310682919758117,False,0.13080895008605853,0.05854703615553227,False,0.05075321473736811,False
00-0033439,TE,2020,0,0,0.693631669535284,0.7475572329398802,False,0.7542759384595588,False,0.13080895008605853,0.09250443960228436,False,0.07941385290486279,False
00-0033528,TE,2020,1,0,0.693631669535284,0.43343354758752267,False,0.4757863985354243,False,0.13080895008605853,0.28390679462402063,False,0.250845294346997,False
00-0033576,TE,2020,1,0,0.693631669535284,0.874044216604335,False,0.8647863821446724,False,0.13080895008605853,0.03252407945304545,False,0.035487645925078186,False
00-0033611,TE,2020,1,0,0.693631669535284,0.6819618489585925,False,0.5651394652753945,False,0.13080895008605853,0.14230923161567385,False,0.24156688362796133,False
00-0033658,TE,2020,1,0,0.693631669535284,0.43890902768384493,False,0.439461302325275,False,0.13080895008605853,0.3742177862983168,False,0.3454430452130628,False
00-0033696,TE,2020,1,0,0.693631669535284,0.8615583282346553,False,0.8769854052235286,False,0.13080895008605853,0.030421612496503898,False,0.025096304042768136,False
00-0033742,TE,2020,1,0,0.693631669535284,0.8958102944313473,False,0.911902015514137,False,0.13080895008605853,0.020721069547749604,False,0.015807497298517586,False
00-0033763,TE,2020,1,0,0.693631669535284,0.8718747033004548,False,0.9060647960616853,False,0.13080895008605853,0.03263393554046882,False,0.025187446921036995,False
00-0033879,TE,2020,1,0,0.693631669535284,0.5066540825266451,False,0.6006149481786112,False,0.13080895008605853,0.2361248887048016,False,0.15589970021334765,False
00-0033881,TE,2020,0,1,0.693631669535284,0.722711654886075,False,0.5229446211722929,False,0.13080895008605853,0.10317094239999317,False,0.06684996416362925,False
00-0033885,TE,2020,1,0,0.693631669535284,0.8460198987173672,False,0.8186425433155625,False,0.13080895008605853,0.05556490010907415,False,0.12351191448970779,False
00-0033895,TE,2020,1,0,0.693631669535284,0.5630662127794709,False,0.46839809123407367,False,0.13080895008605853,0.2354768311587343,False,0.1787634086669974,False
00-0033896,TE,2020,0,0,0.693631669535284,0.7475572329398802,False,0.7783942137149711,False,0.13080895008605853,0.09250443960228436,False,0.06624689321026664,False
00-0034011,TE,2020,0,1,0.693631669535284,0.8050922676313076,False,0.7627258918416094,False,0.13080895008605853,0.06147096016867271,False,0.08007995581098064,False
00-0034073,TE,2020,0,0,0.693631669535284,0.737809327059402,False,0.7153589885017734,False,0.13080895008605853,0.0724699247195607,False,0.08225264394518603,False
00-0034159,TE,2020,1,0,0.693631669535284,0.7922711125861488,False,0.52327042344151,False,0.13080895008605853,0.054857741562839825,False,0.09988717202868665,False
00-0034364,TE,2020,0,0,0.693631669535284,0.3984343245013183,False,0.43365240801296767,False,0.13080895008605853,0.42726810372488944,False,0.3613924904711071,False
00-0034365,TE,2020,0,0,0.693631669535284,0.6578878768494846,False,0.715849519185691,False,0.13080895008605853,0.13409351777813996,False,0.11531295165619407,False
00-0034383,TE,2020,0,1,0.693631669535284,0.7776507997910803,False,0.8153022393003986,False,0.13080895008605853,0.07553699614283393,False,0.05960248731748307,False
00-0034393,TE,2020,1,0,0.693631669535284,0.7776507997910803,False,0.7892731117698097,False,0.13080895008605853,0.07553699614283393,False,0.07605337493409002,False
00-0034439,TE,2020,0,0,0.693631669535284,0.7776507997910803,False,0.7447323555510251,False,0.13080895008605853,0.07553699614283393,False,0.07480213300196951,False
00-0034613,TE,2020,1,0,0.693631669535284,0.8298878660659531,False,0.8487723648772952,False,0.13080895008605853,0.04988288141170748,False,0.044902152734871636,False
00-0034735,TE,2020,1,0,0.693631669535284,0.8893421682242576,False,0.8170913067881929,False,0.13080895008605853,0.02632950652875966,False,0.023844039301589518,False
00-0034766,TE,2020,0,0,0.693631669535284,0.8835968356279594,False,0.9044623457851018,False,0.13080895008605853,0.03816247976692429,False,0.03720905762062845,False
00-0034788,TE,2020,1,0,0.693631669535284,0.6425432745774312,False,0.5938004936438745,False,0.13080895008605853,0.16521084240453793,False,0.1503941469866816,False
00-0034798,TE,2020,0,0,0.693631669535284,0.5889005580567239,False,0.6305011313781348,False,0.13080895008605853,0.16570743466681703,False,0.13386448700150938,False
00-0034829,TE,2020,0,1,0.693631669535284,0.4579664100545117,False,0.3978719997180696,False,0.13080895008605853,0.30835807643295066,False,0.4184435073663307,False
00-0034981,TE,2020,1,0,0.693631669535284,0.6034874879707297,False,0.5592950570569456,False,0.13080895008605853,0.19800688028514007,False,0.2595007028479522,False
00-0034988,TE,2020,0,1,0.693631669535284,0.7475572329398802,False,0.7211394395372536,False,0.13080895008605853,0.09250443960228436,False,0.09385469854114911,False
00-0035025,TE,2020,1,0,0.693631669535284,0.8050922676313076,False,0.7932058974013545,False,0.13080895008605853,0.06147096016867271,False,0.07484776100489281,False
00-0035039,TE,2020,1,0,0.693631669535284,0.7776507997910803,False,0.7731760592670068,False,0.13080895008605853,0.07553699614283393,False,0.07657968691100649,False
00-0035222,TE,2020,1,0,0.693631669535284,0.8718747033004548,False,0.8952464574291771,False,0.13080895008605853,0.03263393554046882,False,0.023432344775637236,False
00-0035229,TE,2020,0,1,0.693631669535284,0.5630662127794709,False,0.6032904266124665,False,0.13080895008605853,0.2354768311587343,False,0.2109469466384703,False
00-0035249,TE,2020,1,0,0.693631669535284,0.8521084924386978,False,0.8709339796453175,False,0.13080895008605853,0.04038530668147917,False,0.045125599564398065,False
00-0035259,TE,2020,1,0,0.693631669535284,0.7776507997910803,False,0.9377689652993818,False,0.13080895008605853,0.07553699614283393,False,0.02745464802651963,False
00-0035308,TE,2020,1,0,0.693631669535284,0.8050922676313076,False,0.819447683025632,False,0.13080895008605853,0.06147096016867271,False,0.040652749937747944,False
00-0035539,TE,2020,1,0,0.693631669535284,0.8718747033004548,False,0.8919251125909466,False,0.13080895008605853,0.03263393554046882,False,0.023764964201415127,False
00-0035553,TE,2020,1,0,0.693631669535284,0.8718747033004548,False,0.8884829218727683,False,0.13080895008605853,0.03263393554046882,False,0.028647164396759996,False
00-0035562,TE,2020,1,0,0.693631669535284,0.8050922676313076,False,0.790848707617142,False,0.13080895008605853,0.06147096016867271,False,0.059806986116984366,False
00-0035631,TE,2020,0,1,0.693631669535284,0.8050922676313076,False,0.8300936493965075,False,0.13080895008605853,0.06147096016867271,False,0.04698938511138711,False
00-0035644,TE,2020,0,1,0.693631669535284,0.3984343245013183,False,0.3517524761647331,False,0.13080895008605853,0.42726810372488944,False,0.23000077410367575,False
00-0022787,QB,2021,1,0,0.7871287128712872,0.9292717801570143,False,0.9016487731400807,False,0.13366336633663367,0.04259381422454932,False,0.0496236522531462,False
00-0023436,QB,2021,1,0,0.7871287128712872,0.7884583480232401,False,0.876628281755043,False,0.13366336633663367,0.12865047522114387,False,0.10638616389520959,False
00-0023682,QB,2021,1,0,0.7871287128712872,0.6620088087302393,False,0.5591730856690605,False,0.13366336633663367,0.2267413590259628,False,0.19965445856226918,False
00-0026143,QB,2021,0,1,0.7871287128712872,0.4427192599297739,False,0.3675054281515826,False,0.13366336633663367,0.41049295163274446,False,0.47626257281182355,False
00-0026158,QB,2021,1,0,0.7871287128712872,0.8579426285634635,False,0.8499745418891472,False,0.13366336633663367,0.08713588008449157,False,0.09243700555897635,False
00-0026498,QB,2021,1,0,0.7871287128712872,0.5939360896767907,False,0.4490257294053394,False,0.13366336633663367,0.2709065602046129,False,0.33564831362113856,False
00-0026544,QB,2021,1,0,0.7871287128712872,0.9139789458346135,False,0.9266827379167591,False,0.13366336633663367,0.05110989661107493,False,0.021921567839465545,False
00-0026625,QB,2021,1,0,0.7871287128712872,0.9347928489929223,False,0.9721478820045754,False,0.13366336633663367,0.03908124139161027,False,0.012246478355650549,False
00-0027688,QB,2021,1,0,0.7871287128712872,0.9267369837000721,False,0.9302153137990631,False,0.13366336633663367,0.04307542246735964,False,0.036444496028359405,False
00-0027796,QB,2021,1,0,0.7871287128712872,0.9441936928002727,False,0.9304129295507902,False,0.13366336633663367,0.03211097207071054,False,0.04504229053988845,False
00-0027939,QB,2021,1,0,0.7871287128712872,0.7373750320915684,False,0.6600654047361729,False,0.13366336633663367,0.16084516449835703,False,0.33781098526075803,False
00-0027948,QB,2021,1,0,0.7871287128712872,0.8984488575660367,False,0.9472684640386189,False,0.13366336633663367,0.059185304055055135,False,0.026892637787674173,False
00-0027973,QB,2021,1,0,0.7871287128712872,0.6430968929211096,False,0.7223962174700023,False,0.13366336633663367,0.2388211482732921,False,0.10045160869806498,False
00-0028118,QB,2021,1,0,0.7871287128712872,0.9264805205817922,False,0.8826647061326194,False,0.13366336633663367,0.043994728585351896,False,0.05944737969118829,False
00-0028986,QB,2021,1,0,0.7871287128712872,0.8946892143806355,False,0.9553386788566828,False,0.13366336633663367,0.06513891318519166,False,0.026719881420380367,False
00-0029567,QB,2021,1,0,0.7871287128712872,0.836368219176716,False,0.8596675869844705,False,0.13366336633663367,0.09851648008574018,False,0.12001940820072118,False
00-0029604,QB,2021,0,1,0.7871287128712872,0.3981351262201515,False,0.28640138430032025,False,0.13366336633663367,0.44851166243002044,False,0.5429349957059365,False
00-0029665,QB,2021,1,0,0.7871287128712872,0.891060324178846,False,0.8996564238594488,False,0.13366336633663367,0.06585790363505087,False,0.04037842686728395,False
00-0030151,QB,2021,1,0,0.7871287128712872,0.9441936928002727,False,0.9646949229944024,False,0.13366336633663367,0.03211097207071054,False,0.023372068809285617,False
00-0030520,QB,2021,1,0,0.7871287128712872,0.9106421953207258,False,0.885051737585408,False,0.13366336633663367,0.05277546591602591,False,0.10640552888268028,False
00-0030533,QB,2021,1,0,0.7871287128712872,0.9205917688715103,False,0.9788151635568276,False,0.13366336633663367,0.04692945478386245,False,0.014450276166941795,False
00-0030565,QB,2021,1,0,0.7871287128712872,0.9441936928002727,False,0.937844554390935,False,0.13366336633663367,0.03211097207071054,False,0.03416966716273432,False
00-0031237,QB,2021,0,1,0.7871287128712872,0.603955786784689,False,0.578800818027603,False,0.13366336633663367,0.26427755680573783,False,0.278195876681701,False
00-0031280,QB,2021,1,0,0.7871287128712872,0.4213259759239107,False,0.41801570099937646,False,0.13366336633663367,0.43236723913052727,False,0.4434406329603759,False
00-0031288,QB,2021,1,0,0.7871287128712872,0.9375111808881221,False,0.9982044803847597,False,0.13366336633663367,0.03703510350452975,False,0.0009384613655589263,False
00-0031345,QB,2021,1,0,0.7871287128712872,0.8516855187105163,False,0.8467248895215033,False,0.13366336633663367,0.08790331815861784,False,0.09123047822515334,False
00-0031395,QB,2021,1,0,0.7871287128712872,0.9292717801570143,False,0.9124612906308535,False,0.13366336633663367,0.04259381422454932,False,0.0617398387009614,False
00-0032268,QB,2021,1,0,0.7871287128712872,0.9441936928002727,False,0.9618130164753355,False,0.13366336633663367,0.03211097207071054,False,0.015076518046979941,False
00-0032434,QB,2021,1,0,0.7871287128712872,0.9032878528813076,False,0.9057295687714739,False,0.13366336633663367,0.05744527803739708,False,0.0458353726656731,False
00-0032436,QB,2021,1,0,0.7871287128712872,0.9235881629766673,False,0.9397377823703289,False,0.13366336633663367,0.0454395323186371,False,0.023357168968087486,False
00-0032792,QB,2021,1,0,0.7871287128712872,0.9441936928002727,False,0.7289190013795238,False,0.13366336633663367,0.03211097207071054,False,0.10495298592923107,False
00-0032950,QB,2021,0,1,0.7871287128712872,0.6109264283649981,False,0.649067280307153,False,0.13366336633663367,0.2573448136113722,False,0.2590973980397942,False
00-0033077,QB,2021,1,0,0.7871287128712872,0.7503935968248098,False,0.7935877504326188,False,0.13366336633663367,0.16365376030188825,False,0.4849235843475348,False
00-0033275,QB,2021,1,0,0.7871287128712872,0.8984488575660367,False,0.9697781431459018,False,0.13366336633663367,0.059185304055055135,False,0.021643476048624214,False
00-0033319,QB,2021,1,0,0.7871287128712872,0.853726750969297,False,0.8970769713096479,False,0.13366336633663367,0.08631756387549473,False,0.11472859782285717,False
00-0033537,QB,2021,1,0,0.7871287128712872,0.3981351262201515,False,0.22623657207580275,False,0.13366336633663367,0.44851166243002044,False,0.5573645254596667,False
00-0033936,QB,2021,1,0,0.7871287128712872,0.8516855187105163,False,0.8326322970356406,False,0.13366336633663367,0.08790331815861784,False,0.07442833297239146,False
00-0033949,QB,2021,1,0,0.7871287128712872,0.9441936928002727,False,0.8497192202452025,False,0.13366336633663367,0.03211097207071054,False,0.03877738434112249,False
00-0033958,QB,2021,1,0,0.7871287128712872,0.9441936928002727,False,0.9525336551510207,False,0.13366336633663367,0.03211097207071054,False,0.014462691825435126,False
00-0034177,QB,2021,1,0,0.7871287128712872,0.8638406820505924,False,0.8518540141772029,False,0.13366336633663367,0.08112938031000046,False,0.08960189136907606,False
00-0034438,QB,2021,1,0,0.7871287128712872,0.8769646370854722,False,0.8770358754297131,False,0.13366336633663367,0.07223922818903553,False,0.06579562040597071,False
00-0034577,QB,2021,1,0,0.7871287128712872,0.8162618248256234,False,0.772087776023986,False,0.13366336633663367,0.11670301539025736,False,0.12874284630105381,False
00-0034771,QB,2021,1,0,0.7871287128712872,0.8523082599830167,False,0.8765325074368508,False,0.13366336633663367,0.09168646758139097,False,0.06734291846868304,False
00-0034869,QB,2021,0,0,0.7871287128712872,0.6129946941390962,False,0.7720646930937901,False,0.13366336633663367,0.26199991812432805,False,0.12547119432962528,False
00-0034955,QB,2021,1,0,0.7871287128712872,0.931651043874127,False,0.9344740965371963,False,0.13366336633663367,0.03944373187098629,False,0.06232263157993028,False
00-0035040,QB,2021,1,0,0.7871287128712872,0.9292717801570143,False,0.9190058507441616,False,0.13366336633663367,0.04259381422454932,False,0.011656148374655097,False
00-0035146,QB,2021,1,0,0.7871287128712872,0.942428925575167,False,0.965660465284607,False,0.13366336633663367,0.03396467701975914,False,0.017025626043828263,False
00-0035228,QB,2021,1,0,0.7871287128712872,0.4213259759239107,False,0.34816329099418036,False,0.13366336633663367,0.43236723913052727,False,0.502060702370102,False
00-0035232,QB,2021,1,0,0.7871287128712872,0.8105028153179846,False,0.8715550791719905,False,0.13366336633663367,0.11791936951724283,False,0.10034377577254887,False
00-0035264,QB,2021,1,0,0.7871287128712872,0.9032878528813076,False,0.9530450975819834,False,0.13366336633663367,0.05744527803739708,False,0.03598839523594643,False
00-0035282,QB,2021,1,0,0.7871287128712872,0.9441936928002727,False,0.9609755610481866,False,0.13366336633663367,0.03211097207071054,False,0.027885673107078957,False
00-0035289,QB,2021,1,0,0.7871287128712872,0.6812360992447309,False,0.6045140911228666,False,0.13366336633663367,0.21139582698368362,False,0.15524337194389914,False
00-0035652,QB,2021,1,0,0.7871287128712872,0.9139789458346135,False,0.9399631324699996,False,0.13366336633663367,0.05110989661107493,False,0.024965503296379737,False
00-0035704,QB,2021,1,0,0.7871287128712872,0.7366440654841006,False,0.7391468796584363,False,0.13366336633663367,0.1638475316727654,False,0.16483070906246997,False
00-0035710,QB,2021,0,0,0.7871287128712872,0.5503516241954608,False,0.5533172831769452,False,0.13366336633663367,0.31249247096963473,False,0.20292471550545405,False
00-0035752,QB,2021,1,0,0.7871287128712872,0.931651043874127,False,0.9727651658107559,False,0.13366336633663367,0.03944373187098629,False,0.01634559637685293,False
00-0036212,QB,2021,0,0,0.7871287128712872,0.7075330916925556,False,0.6852805858525404,False,0.13366336633663367,0.18446577142198295,False,0.20270909082570043,False
00-0036312,QB,2021,1,0,0.7871287128712872,0.9165385777095321,False,0.8891638550530566,False,0.13366336633663367,0.04836730014014737,False,0.0512795343938055,False
00-0036355,QB,2021,0,1,0.7871287128712872,0.4508766987514646,False,0.19838886617921236,False,0.13366336633663367,0.39652434745531506,False,0.6452651658004773,False
00-0036384,QB,2021,1,0,0.7871287128712872,0.931651043874127,False,0.9766786256984002,False,0.13366336633663367,0.03944373187098629,False,0.013546619019967579,False
00-0036389,QB,2021,1,0,0.7871287128712872,0.5047456808612527,False,0.6779624287754068,False,0.13366336633663367,0.346773863885293,False,0.09971960905613715,False
00-0036433,QB,2021,1,0,0.7871287128712872,0.9441936928002727,False,0.8947277171797379,False,0.13366336633663367,0.03211097207071054,False,0.03502187932077457,False
00-0036442,QB,2021,1,0,0.7871287128712872,0.7075330916925556,False,0.4304579583072085,False,0.13366336633663367,0.18446577142198295,False,0.3518380125032392,False
00-0023500,RB,2021,1,0,0.6876606683804627,0.5151619570225761,False,0.5223051027083211,False,0.16066838046272494,0.3129427193877548,False,0.32552287709213246,False
00-0025394,RB,2021,1,0,0.6876606683804627,0.50371610840531,False,0.5735474244906661,False,0.16066838046272494,0.3270839875476648,False,0.28370943763640416,False
00-0027029,RB,2021,1,0,0.6876606683804627,0.6851890055398848,False,0.7487286353272077,False,0.16066838046272494,0.16620662571424222,False,0.09995112776368792,False
00-0027966,RB,2021,0,1,0.6876606683804627,0.6761125056321493,False,0.7113846526204229,False,0.16066838046272494,0.15775351335031204,False,0.15531856643140513,False
00-0028087,RB,2021,1,0,0.6876606683804627,0.4814103371989399,False,0.5943563932854141,False,0.16066838046272494,0.3523628288473893,False,0.2532767544795501,False
00-0029141,RB,2021,1,0,0.6876606683804627,0.7909785392853048,False,0.7902026027458466,False,0.16066838046272494,0.07014982214702196,False,0.0697840877406445,False
00-0029615,RB,2021,1,0,0.6876606683804627,0.8756098479882664,False,0.8794345350801397,False,0.16066838046272494,0.036453139700314476,False,0.02760922476726969,False
00-0030107,RB,2021,1,0,0.6876606683804627,0.8243815161769641,False,0.8631582539812483,False,0.16066838046272494,0.06057369420334628,False,0.049765738778118976,False
00-0030288,RB,2021,0,1,0.6876606683804627,0.6761125056321493,False,0.7281724647261377,False,0.16066838046272494,0.15775351335031204,False,0.13520116212950128,False
00-0030404,RB,2021,1,0,0.6876606683804627,0.740360099984476,False,0.7581695899562579,False,0.16066838046272494,0.12258123231009084,False,0.09772696707282408,False
00-0030456,RB,2021,1,0,0.6876606683804627,0.4904832686709616,False,0.515108439108004,False,0.16066838046272494,0.34683267394702494,False,0.33810576095834344,False
00-0030465,RB,2021,1,0,0.6876606683804627,0.7253497467029753,False,0.7981358544451275,False,0.16066838046272494,0.14279242681091828,False,0.06712469478707224,False
00-0031062,RB,2021,1,0,0.6876606683804627,0.5487758374880577,False,0.5981270162342547,False,0.16066838046272494,0.2760529046734413,False,0.18152601542972005,False
00-0031209,RB,2021,1,0,0.6876606683804627,0.7975248752884416,False,0.7838587854115552,False,0.16066838046272494,0.08225618591248736,False,0.058414843185911336,False
00-0031285,RB,2021,0,1,0.6876606683804627,0.7253497467029753,False,0.7585774811947661,False,0.16066838046272494,0.14279242681091828,False,0.12870620045860115,False
00-0031376,RB,2021,1,0,0.6876606683804627,0.5487758374880577,False,0.6018120762396415,False,0.16066838046272494,0.2760529046734413,False,0.29219063933901945,False
00-0031687,RB,2021,1,0,0.6876606683804627,0.7322526933054576,False,0.6508073700807587,False,0.16066838046272494,0.11603808590521494,False,0.1885343186379318,False
00-0032058,RB,2021,0,0,0.6876606683804627,0.7818023664722062,False,0.8501467953224133,False,0.16066838046272494,0.08425021157196472,False,0.07037114975828342,False
00-0032063,RB,2021,0,1,0.6876606683804627,0.6395505457935494,False,0.47154042245764266,False,0.16066838046272494,0.16708441457633094,False,0.26931626431227124,False
00-0032104,RB,2021,0,1,0.6876606683804627,0.6458630782874288,False,0.7569304440544002,False,0.16066838046272494,0.18282697343098386,False,0.12278295448563196,False
00-0032144,RB,2021,0,1,0.6876606683804627,0.5636027083770617,False,0.4959772911464934,False,0.16066838046272494,0.25427184881042064,False,0.3036384342569878,False
00-0032187,RB,2021,0,0,0.6876606683804627,0.6229682033651738,False,0.5546104812889615,False,0.16066838046272494,0.20686877459522673,False,0.31000047190848806,False
00-0032241,RB,2021,1,0,0.6876606683804627,0.5242279725434903,False,0.5625956571620018,False,0.16066838046272494,0.30773726599890233,False,0.30599481042870874,False
00-0032257,RB,2021,1,0,0.6876606683804627,0.6458630782874288,False,0.6774015511996453,False,0.16066838046272494,0.18282697343098386,False,0.19167774070665253,False
00-0032393,RB,2021,1,0,0.6876606683804627,0.783939408677724,False,0.8594923259505411,False,0.16066838046272494,0.0892551172837478,False,0.06065008700108088,False
00-0032404,RB,2021,1,0,0.6876606683804627,0.7322526933054576,False,0.726086585495752,False,0.16066838046272494,0.11603808590521494,False,0.10435005771306728,False
00-0032426,RB,2021,0,0,0.6876606683804627,0.8430870286709095,False,0.8272812812619966,False,0.16066838046272494,0.0512156223013084,False,0.0691532601891678,False
00-0032577,RB,2021,1,0,0.6876606683804627,0.8211659724995819,False,0.9041653170584916,False,0.16066838046272494,0.05930505185495441,False,0.035996443847463526,False
00-0032780,RB,2021,1,0,0.6876606683804627,0.744899236946968,False,0.7942650878283436,False,0.16066838046272494,0.11347566686667675,False,0.06542186109008129,False
00-0032940,RB,2021,1,0,0.6876606683804627,0.7205932334875832,False,0.714629246745219,False,0.16066838046272494,0.1538422108001064,False,0.1551662773815409,False
00-0032972,RB,2021,0,1,0.6876606683804627,0.6021916106634331,False,0.5578443634161511,False,0.16066838046272494,0.2073135854976695,False,0.1950379068458864,False
00-0032975,RB,2021,1,0,0.6876606683804627,0.8447430427938297,False,0.8512718553302245,False,0.16066838046272494,0.05437462307872475,False,0.05840408644754465,False
00-0033025,RB,2021,1,0,0.6876606683804627,0.5518870027433361,False,0.609995622546726,False,0.16066838046272494,0.28885782605941457,False,0.20987034320273656,False
00-0033045,RB,2021,1,0,0.6876606683804627,0.5110111233549095,False,0.4449589131489448,False,0.16066838046272494,0.3268852766136124,False,0.3384643809444139,False
00-0033118,RB,2021,0,0,0.6876606683804627,0.5374109708411415,False,0.4985621673505013,False,0.16066838046272494,0.28922893851765363,False,0.3015426263685668,False
00-0033164,RB,2021,1,0,0.6876606683804627,0.7706680636665941,False,0.6617567186945346,False,0.16066838046272494,0.10462672357229104,False,0.13083485942514372,False
00-0033280,RB,2021,1,0,0.6876606683804627,0.7368246272549978,False,0.5478931078208508,False,0.16066838046272494,0.14257151932409698,False,0.39816586973849877,False
00-0033296,RB,2021,0,0,0.6876606683804627,0.6712647439398958,False,0.7464755407128609,False,0.16066838046272494,0.15478490697450317,False,0.07857261075508945,False
00-0033308,RB,2021,1,0,0.6876606683804627,0.6761125056321493,False,0.7416874765176097,False,0.16066838046272494,0.15775351335031204,False,0.14086252450777223,False
00-0033526,RB,2021,1,0,0.6876606683804627,0.7161931106723138,False,0.6826387222862266,False,0.16066838046272494,0.11393064514576029,False,0.12973134825041105,False
00-0033556,RB,2021,1,0,0.6876606683804627,0.7368246272549978,False,0.6733351731595575,False,0.16066838046272494,0.14257151932409698,False,0.13374982183569903,False
00-0033567,RB,2021,1,0,0.6876606683804627,0.5694348819200395,False,0.5869080299062681,False,0.16066838046272494,0.2380379093489403,False,0.19778189624921463,False
00-0033699,RB,2021,0,1,0.6876606683804627,0.6117483540228413,False,0.4090149724418403,False,0.16066838046272494,0.23705665137799978,False,0.2561629022963897,False
00-0033725,RB,2021,0,0,0.6876606683804627,0.7677722444392042,False,0.7903718186968235,False,0.16066838046272494,0.08266610080645591,False,0.06647563543240968,False
00-0033838,RB,2021,1,0,0.6876606683804627,0.8416027024692784,False,0.8851008963557943,False,0.16066838046272494,0.05905368038520826,False,0.027261775834869592,False
00-0033854,RB,2021,0,0,0.6876606683804627,0.6117483540228413,False,0.6178797381489125,False,0.16066838046272494,0.23705665137799978,False,0.18555195189547355,False
00-0033893,RB,2021,0,0,0.6876606683804627,0.5487758374880577,False,0.3468476778372077,False,0.16066838046272494,0.2760529046734413,False,0.43152468908008196,False
00-0033897,RB,2021,1,0,0.6876606683804627,0.6863607374636732,False,0.5042696289540689,False,0.16066838046272494,0.1785581058506445,False,0.3904774562280272,False
00-0033925,RB,2021,1,0,0.6876606683804627,0.8039646218459425,False,0.8523672772283488,False,0.16066838046272494,0.07151278421006708,False,0.059650329841401194,False
00-0033950,RB,2021,1,0,0.6876606683804627,0.6216901781089339,False,0.5280724914994053,False,0.16066838046272494,0.1930191122524521,False,0.23535314618038455,False
00-0033951,RB,2021,1,0,0.6876606683804627,0.7857757396503445,False,0.7097883987514878,False,0.16066838046272494,0.10437322687513842,False,0.11125507292274044,False
00-0034109,RB,2021,0,1,0.6876606683804627,0.5920735965730641,False,0.5767022028019964,False,0.16066838046272494,0.2535875866714304,False,0.2051225058942189,False
00-0034115,RB,2021,1,0,0.6876606683804627,0.6458630782874288,False,0.6658029366691959,False,0.16066838046272494,0.18282697343098386,False,0.2623036146069803,False
00-0034164,RB,2021,0,0,0.6876606683804627,0.7372120735263745,False,0.8057856632964538,False,0.16066838046272494,0.09726141473673916,False,0.06262411012311438,False
00-0034208,RB,2021,1,0,0.6876606683804627,0.6761125056321493,False,0.7317587220487511,False,0.16066838046272494,0.15775351335031204,False,0.12891141085523994,False
00-0034253,RB,2021,1,0,0.6876606683804627,0.7253497467029753,False,0.732142730242974,False,0.16066838046272494,0.14279242681091828,False,0.10728088244819169,False
00-0034331,RB,2021,1,0,0.6876606683804627,0.6672113238326043,False,0.7501844567055921,False,0.16066838046272494,0.17895577800847456,False,0.09471593751583862,False
00-0034349,RB,2021,1,0,0.6876606683804627,0.6340577718412533,False,0.7618859119085977,False,0.16066838046272494,0.17962010353139993,False,0.10273975442204747,False
00-0034378,RB,2021,1,0,0.6876606683804627,0.6462511092938765,False,0.6379441742264433,False,0.16066838046272494,0.16695878965042554,False,0.12037454655401843,False
00-0034400,RB,2021,1,0,0.6876606683804627,0.5907596427941912,False,0.6426708108809489,False,0.16066838046272494,0.23754693154835357,False,0.21106415633975623,False
00-0034414,RB,2021,1,0,0.6876606683804627,0.4814103371989399,False,0.5344840947757689,False,0.16066838046272494,0.3523628288473893,False,0.28840724964318765,False
00-0034432,RB,2021,1,0,0.6876606683804627,0.8485325718532561,False,0.7995770979489549,False,0.16066838046272494,0.05432821323747983,False,0.04291997507862306,False
00-0034440,RB,2021,0,1,0.6876606683804627,0.7493858807133316,False,0.6270383152776815,False,0.16066838046272494,0.10496556488214098,False,0.1317075853346241,False
00-0034449,RB,2021,1,0,0.6876606683804627,0.8039646218459425,False,0.7891835139251298,False,0.16066838046272494,0.07151278421006708,False,0.05984668918440375,False
00-0034457,RB,2021,1,0,0.6876606683804627,0.7957630806998246,False,0.7490203394849694,False,0.16066838046272494,0.07009094585625297,False,0.08685754264846962,False
00-0034578,RB,2021,1,0,0.6876606683804627,0.7984015106074549,False,0.8497118492872452,False,0.16066838046272494,0.08903516050437055,False,0.09356140036508627,False
00-0034681,RB,2021,1,0,0.6876606683804627,0.5433095442360019,False,0.5534661800639892,False,0.16066838046272494,0.27157594759380155,False,0.24070180784598125,False
00-0034750,RB,2021,0,0,0.6876606683804627,0.8021970425847806,False,0.8320809827333839,False,0.16066838046272494,0.0821880469261727,False,0.04243361199019277,False
00-0034799,RB,2021,1,0,0.6876606683804627,0.6420537283709493,False,0.5783197777698129,False,0.16066838046272494,0.1925975196271878,False,0.2043848616661114,False
00-0034838,RB,2021,0,0,0.6876606683804627,0.5920735965730641,False,0.6857987200923946,False,0.16066838046272494,0.2535875866714304,False,0.15273741499400076,False
00-0034844,RB,2021,0,0,0.6876606683804627,0.7808216726259133,False,0.7905536930086243,False,0.16066838046272494,0.10445766542648066,False,0.11258275851078704,False
00-0034845,RB,2021,1,0,0.6876606683804627,0.7322526933054576,False,0.7715554886833996,False,0.16066838046272494,0.11603808590521494,False,0.13134482083306845,False
00-0034972,RB,2021,0,1,0.6876606683804627,0.5819504076814637,False,0.6622396911439095,False,0.16066838046272494,0.24198011342554163,False,0.2235052393834994,False
00-0034995,RB,2021,1,0,0.6876606683804627,0.8737888863252333,False,0.8515247177860916,False,0.16066838046272494,0.03877240091451801,False,0.03199125155724866,False
00-0035148,RB,2021,1,0,0.6876606683804627,0.8039646218459425,False,0.8263118563082558,False,0.16066838046272494,0.07151278421006708,False,0.08804601071501918,False
00-0035184,RB,2021,1,0,0.6876606683804627,0.8132595862899578,False,0.8531588150916873,False,0.16066838046272494,0.06443390944828412,False,0.039662098545428785,False
00-0035187,RB,2021,1,0,0.6876606683804627,0.8430870286709095,False,0.9775632225432798,False,0.16066838046272494,0.0512156223013084,False,0.04637160170646994,False
00-0035243,RB,2021,1,0,0.6876606683804627,0.6143997433869606,False,0.4375806437910951,False,0.16066838046272494,0.21088778594117702,False,0.3485809069221096,False
00-0035261,RB,2021,1,0,0.6876606683804627,0.5169437441355464,False,0.5277327150191942,False,0.16066838046272494,0.307929661923894,False,0.25886357522244696,False
00-0035273,RB,2021,1,0,0.6876606683804627,0.8485325718532561,False,0.8688516376143031,False,0.16066838046272494,0.05432821323747983,False,0.026628279633429404,False
00-0035291,RB,2021,1,0,0.6876606683804627,0.7818023664722062,False,0.7533522989405153,False,0.16066838046272494,0.08425021157196472,False,0.12065867809179898,False
00-0035304,RB,2021,1,0,0.6876606683804627,0.8243815161769641,False,0.9039353074123473,False,0.16066838046272494,0.06057369420334628,False,0.03502305482509805,False
00-0035311,RB,2021,0,1,0.6876606683804627,0.7172970569043695,False,0.4866489796571193,False,0.16066838046272494,0.12297023472555813,False,0.3043565582504517,False
00-0035342,RB,2021,1,0,0.6876606683804627,0.7231779209797736,False,0.780496676261841,False,0.16066838046272494,0.12287288473140177,False,0.0780589726719502,False
00-0035537,RB,2021,0,1,0.6876606683804627,0.5920735965730641,False,0.5994006740427161,False,0.16066838046272494,0.2535875866714304,False,0.225202734386356,False
00-0035551,RB,2021,1,0,0.6876606683804627,0.8678345520476035,False,0.877103474631143,False,0.16066838046272494,0.04220520994019918,False,0.03549138525582739,False
00-0035567,RB,2021,1,0,0.6876606683804627,0.8756098479882664,False,0.8614470328909029,False,0.16066838046272494,0.036453139700314476,False,0.03553789809824377,False
00-0035594,RB,2021,0,1,0.6876606683804627,0.7049584444139035,False,0.8112720770138654,False,0.16066838046272494,0.13554832022998883,False,0.11028357319097022,False
00-0035657,RB,2021,1,0,0.6876606683804627,0.7770766091340485,False,0.6543231545439241,False,0.16066838046272494,0.07620419256493147,False,0.1278145341605561,False
00-0035664,RB,2021,1,0,0.6876606683804627,0.6021916106634331,False,0.5712588718606519,False,0.16066838046272494,0.2073135854976695,False,0.24406658682404656,False
00-0035700,RB,2021,1,0,0.6876606683804627,0.5505418693744473,False,0.4777956810318403,False,0.16066838046272494,0.2713973582933957,False,0.41561007852504706,False
00-0035726,RB,2021,1,0,0.6876606683804627,0.8042319284486437,False,0.8791803121573124,False,0.16066838046272494,0.06454286015067112,False,0.03276509464842541,False
00-0035806,RB,2021,1,0,0.6876606683804627,0.7818023664722062,False,0.7572109568734854,False,0.16066838046272494,0.08425021157196472,False,0.08251421291403434,False
00-0035831,RB,2021,0,1,0.6876606683804627,0.5487758374880577,False,0.4185466658774183,False,0.16066838046272494,0.2760529046734413,False,0.3094498698777871,False
00-0035835,RB,2021,1,0,0.6876606683804627,0.7578891366554157,False,0.8069455077364831,False,0.16066838046272494,0.09901441596873747,False,0.04969126079432872,False
00-0035860,RB,2021,0,0,0.6876606683804627,0.8756098479882664,False,0.8412604496540635,False,0.16066838046272494,0.036453139700314476,False,0.030623453128910443,False
00-0035912,RB,2021,1,0,0.6876606683804627,0.8243815161769641,False,0.8717106813119689,False,0.16066838046272494,0.06057369420334628,False,0.04511979772712447,False
00-0035924,RB,2021,0,0,0.6876606683804627,0.7578891366554157,False,0.9241580987014861,False,0.16066838046272494,0.09901441596873747,False,0.05046061683662669,False
00-0035957,RB,2021,1,0,0.6876606683804627,0.7578891366554157,False,0.7542228741625442,False,0.16066838046272494,0.09901441596873747,False,0.09273783952567437,False
00-0036000,RB,2021,1,0,0.6876606683804627,0.8756098479882664,False,0.9610916141786199,False,0.16066838046272494,0.036453139700314476,False,0.010540602748764354,False
00-0036020,RB,2021,0,0,0.6876606683804627,0.7818023664722062,False,0.6766254665728689,False,0.16066838046272494,0.08425021157196472,False,0.14106933904723615,False
00-0036033,RB,2021,1,0,0.6876606683804627,0.8756098479882664,False,0.8954156195144092,False,0.16066838046272494,0.036453139700314476,False,0.021269008109076372,False
00-0036069,RB,2021,1,0,0.6876606683804627,0.8756098479882664,False,0.8839749919111017,False,0.16066838046272494,0.036453139700314476,False,0.038027061234688464,False
00-0036078,RB,2021,1,0,0.6876606683804627,0.8039646218459425,False,0.8414807398711445,False,0.16066838046272494,0.07151278421006708,False,0.037556080428264006,False
00-0036096,RB,2021,1,0,0.6876606683804627,0.7818023664722062,False,0.75250652698277,False,0.16066838046272494,0.08425021157196472,False,0.0694469062814082,False
00-0036139,RB,2021,1,0,0.6876606683804627,0.8039646218459425,False,0.7941114641513014,False,0.16066838046272494,0.07151278421006708,False,0.05370881877653158,False
00-0036188,RB,2021,1,0,0.6876606683804627,0.8756098479882664,False,0.9430660450089298,False,0.16066838046272494,0.036453139700314476,False,0.1422136406886256,False
00-0036208,RB,2021,1,0,0.6876606683804627,0.8243815161769641,False,0.7886920312992941,False,0.16066838046272494,0.06057369420334628,False,0.06074120547130675,False
00-0036245,RB,2021,1,0,0.6876606683804627,0.7049584444139035,False,0.8344487224284262,False,0.16066838046272494,0.13554832022998883,False,0.08959773449228486,False
00-0036269,RB,2021,1,0,0.6876606683804627,0.6761125056321493,False,0.690412989328319,False,0.16066838046272494,0.15775351335031204,False,0.15523044398405803,False
00-0036275,RB,2021,0,0,0.6876606683804627,0.5819504076814637,False,0.5489507546037345,False,0.16066838046272494,0.24198011342554163,False,0.2981648073970625,False
00-0036278,RB,2021,1,0,0.6876606683804627,0.8243815161769641,False,0.8020008192478336,False,0.16066838046272494,0.06057369420334628,False,0.046348569016168066,False
00-0036336,RB,2021,1,0,0.6876606683804627,0.6458630782874288,False,0.7245657366486548,False,0.16066838046272494,0.18282697343098386,False,0.13758228786239154,False
00-0036370,RB,2021,1,0,0.6876606683804627,0.5819504076814637,False,0.6099926425736542,False,0.16066838046272494,0.24198011342554163,False,0.23748753324734972,False
00-0036425,RB,2021,0,1,0.6876606683804627,0.7049584444139035,False,0.7512390329116129,False,0.16066838046272494,0.13554832022998883,False,0.11798821174403594,False
00-0036435,RB,2021,1,0,0.6876606683804627,0.8243815161769641,False,0.8567787048964709,False,0.16066838046272494,0.06057369420334628,False,0.03261002829153891,False
00-0022921,WR,2021,1,0,0.6828828828828829,0.5676169978284248,False,0.6054091327737958,False,0.17297297297297298,0.24149260269694714,False,0.21564796595442054,False
00-0025396,WR,2021,1,0,0.6828828828828829,0.8349212193455811,False,0.8506593048204293,False,0.17297297297297298,0.07232877747669397,False,0.06569682423822691,False
00-0026035,WR,2021,1,0,0.6828828828828829,0.5361762714435796,False,0.5209706566944059,False,0.17297297297297298,0.27221512792063635,False,0.28622784626912423,False
00-0026189,WR,2021,1,0,0.6828828828828829,0.8588153931877471,False,0.7365873268048022,False,0.17297297297297298,0.0657967587894023,False,0.13019851636332308,False
00-0026293,WR,2021,1,0,0.6828828828828829,0.8095107799695413,False,0.8424722392151955,False,0.17297297297297298,0.08546003224650825,False,0.059449301213806746,False
00-0027150,WR,2021,1,0,0.6828828828828829,0.8095107799695413,False,0.45649681353517424,False,0.17297297297297298,0.08546003224650825,False,0.23465308568619875,False
00-0027891,WR,2021,1,0,0.6828828828828829,0.631817503925884,False,0.5802535521015689,False,0.17297297297297298,0.2033380156372525,False,0.2284566407992151,False
00-0027942,WR,2021,1,0,0.6828828828828829,0.4270331523265481,False,0.49907567834358624,False,0.17297297297297298,0.36365321896044495,False,0.3218324059581896,False
00-0027944,WR,2021,1,0,0.6828828828828829,0.7105589748541707,False,0.4103023089441214,False,0.17297297297297298,0.1371847092802605,False,0.41182701503169145,False
00-0028002,WR,2021,1,0,0.6828828828828829,0.6786276081759258,False,0.6565496659463492,False,0.17297297297297298,0.15872032454090984,False,0.18177014866869332,False
00-0028114,WR,2021,1,0,0.6828828828828829,0.889268495566552,False,0.9098904936013598,False,0.17297297297297298,0.048093662985913006,False,0.03504555911724437,False
00-0028237,WR,2021,1,0,0.6828828828828829,0.8439908955872657,False,0.8475127313673803,False,0.17297297297297298,0.06893479377196207,False,0.07257223321939806,False
00-0028411,WR,2021,1,0,0.6828828828828829,0.8001081668012328,False,0.8028264408335658,False,0.17297297297297298,0.09440617052061914,False,0.08488265971986181,False
00-0029137,WR,2021,1,0,0.6828828828828829,0.7925009925297261,False,0.80504927742237,False,0.17297297297297298,0.0961284109646699,False,0.08529251955901887,False
00-0029293,WR,2021,0,1,0.6828828828828829,0.47267847325295637,False,0.4846297249789096,False,0.17297297297297298,0.3404676109795464,False,0.33559526058023287,False
00-0029632,WR,2021,1,0,0.6828828828828829,0.7812138937912535,False,0.7255759450913526,False,0.17297297297297298,0.10071643419197837,False,0.1375871720268479,False
00-0030035,WR,2021,0,0,0.6828828828828829,0.47006431158614886,False,0.48737487414395964,False,0.17297297297297298,0.3228672937964308,False,0.2737773462078146,False
00-0030085,WR,2021,1,0,0.6828828828828829,0.7812138937912535,False,0.779287514026819,False,0.17297297297297298,0.10071643419197837,False,0.1005715874780111,False
00-0030279,WR,2021,0,1,0.6828828828828829,0.5303393613102034,False,0.48873653637397485,False,0.17297297297297298,0.27419899034497264,False,0.34210207596496606,False
00-0030564,WR,2021,0,0,0.6828828828828829,0.4270331523265481,False,0.3155931424621567,False,0.17297297297297298,0.36365321896044495,False,0.5744279409718982,False
00-0030670,WR,2021,1,0,0.6828828828828829,0.8925120119123359,False,0.9381612189434341,False,0.17297297297297298,0.04284185981593189,False,0.023182173910494718,False
00-0031166,WR,2021,1,0,0.6828828828828829,0.8775116912788913,False,0.8819865046599501,False,0.17297297297297298,0.05148431205097326,False,0.05345733398216138,False
00-0031235,WR,2021,1,0,0.6828828828828829,0.7642108060160785,False,0.5895438585638556,False,0.17297297297297298,0.10237910634141792,False,0.3531718989128036,False
00-0031236,WR,2021,0,1,0.6828828828828829,0.5044452970654485,False,0.4048092157174786,False,0.17297297297297298,0.3052731157481139,False,0.43762913730488257,False
00-0031319,WR,2021,0,1,0.6828828828828829,0.6395454732173873,False,0.7147609948167434,False,0.17297297297297298,0.18441792818007544,False,0.09733902148658034,False
00-0031339,WR,2021,1,0,0.6828828828828829,0.8530320204660984,False,0.8901001040494597,False,0.17297297297297298,0.06703571565201288,False,0.045775442986406505,False
00-0031544,WR,2021,1,0,0.6828828828828829,0.4551830844759172,False,0.3987645973686232,False,0.17297297297297298,0.347229881672482,False,0.41702989977781907,False
00-0031545,WR,2021,1,0,0.6828828828828829,0.9102943970908319,False,0.9221911357535448,False,0.17297297297297298,0.036411240594990436,False,0.031479750289620564,False
00-0031547,WR,2021,0,0,0.6828828828828829,0.5303393613102034,False,0.4958628725634448,False,0.17297297297297298,0.27419899034497264,False,0.32889639602860526,False
00-0031549,WR,2021,1,0,0.6828828828828829,0.48438214866691476,False,0.47681934271748644,False,0.17297297297297298,0.33599505606025026,False,0.3319076423739591,False
00-0031787,WR,2021,1,0,0.6828828828828829,0.9102943970908319,False,0.9192120608964782,False,0.17297297297297298,0.036411240594990436,False,0.028667763846352494,False
00-0031868,WR,2021,0,0,0.6828828828828829,0.522019913815684,False,0.5157887810591429,False,0.17297297297297298,0.2989537343043357,False,0.3200657275545427,False
00-0031941,WR,2021,0,0,0.6828828828828829,0.6041443456825758,False,0.5099695403962993,False,0.17297297297297298,0.21155033325837636,False,0.2758433768811205,False
00-0032009,WR,2021,0,1,0.6828828828828829,0.7812138937912535,False,0.7801977582238699,False,0.17297297297297298,0.10071643419197837,False,0.11718174221789092,False
00-0032054,WR,2021,1,0,0.6828828828828829,0.6153049026004308,False,0.6478385594821083,False,0.17297297297297298,0.20823659881122886,False,0.17382695568090217,False
00-0032128,WR,2021,0,1,0.6828828828828829,0.5303393613102034,False,0.5414037803657448,False,0.17297297297297298,0.27419899034497264,False,0.25190282595865493,False
00-0032385,WR,2021,1,0,0.6828828828828829,0.6372558674290957,False,0.5653092492636915,False,0.17297297297297298,0.2017243478085979,False,0.3862866779715893,False
00-0032398,WR,2021,0,0,0.6828828828828829,0.895027380533729,False,0.9099762945109181,False,0.17297297297297298,0.04332623374522712,False,0.035798018416458535,False
00-0032543,WR,2021,0,1,0.6828828828828829,0.4551830844759172,False,0.5270039242493344,False,0.17297297297297298,0.347229881672482,False,0.2007936438892799,False
00-0032688,WR,2021,0,1,0.6828828828828829,0.4551830844759172,False,0.39429568057365627,False,0.17297297297297298,0.347229881672482,False,0.45159729921948477,False
00-0032778,WR,2021,0,1,0.6828828828828829,0.8775116912788913,False,0.9105421151659976,False,0.17297297297297298,0.05148431205097326,False,0.03510584138663261,False
00-0032791,WR,2021,0,1,0.6828828828828829,0.57093535736194,False,0.5553221813989646,False,0.17297297297297298,0.2605023865664505,False,0.2336637443791934,False
00-0032881,WR,2021,1,0,0.6828828828828829,0.8349212193455811,False,0.8304060555245293,False,0.17297297297297298,0.07232877747669397,False,0.057630819266210824,False
00-0032951,WR,2021,0,0,0.6828828828828829,0.854271123266765,False,0.894292744667641,False,0.17297297297297298,0.060410106298746456,False,0.03377283803549558,False
00-0032980,WR,2021,1,0,0.6828828828828829,0.7431225928143302,False,0.7055043857631036,False,0.17297297297297298,0.12911464565464068,False,0.16119188792830946,False
00-0033009,WR,2021,1,0,0.6828828828828829,0.4927200939218812,False,0.3595091598985823,False,0.17297297297297298,0.3095273529868952,False,0.44441455504411326,False
00-0033094,WR,2021,1,0,0.6828828828828829,0.6866398911298508,False,0.6727226638084425,False,0.17297297297297298,0.17127515610204302,False,0.16422814408554073,False
00-0033111,WR,2021,1,0,0.6828828828828829,0.5161656127313085,False,0.5971575142359788,False,0.17297297297297298,0.30105185595638995,False,0.1865506140238787,False
00-0033114,WR,2021,1,0,0.6828828828828829,0.6533570649786146,False,0.7331670340877423,False,0.17297297297297298,0.1969408543603997,False,0.1124290399721781,False
00-0033127,WR,2021,1,0,0.6828828828828829,0.6402464896233628,False,0.45656187368997264,False,0.17297297297297298,0.18771023540328938,False,0.3315686937766351,False
00-0033215,WR,2021,1,0,0.6828828828828829,0.9072762684701106,False,0.9289983771082071,False,0.17297297297297298,0.04006393242563891,False,0.02823097882110946,False
00-0033266,WR,2021,1,0,0.6828828828828829,0.8667156101373708,False,0.9030145401160509,False,0.17297297297297298,0.052381579135208536,False,0.02909259982574139,False
00-0033282,WR,2021,1,0,0.6828828828828829,0.4927200939218812,False,0.3571621221193078,False,0.17297297297297298,0.3095273529868952,False,0.5316026291839498,False
00-0033292,WR,2021,1,0,0.6828828828828829,0.5992531189811828,False,0.6889527053093607,False,0.17297297297297298,0.2168913831810375,False,0.1307360466224457,False
00-0033307,WR,2021,1,0,0.6828828828828829,0.47006431158614886,False,0.41257236545526427,False,0.17297297297297298,0.3228672937964308,False,0.39256007709083424,False
00-0033367,WR,2021,1,0,0.6828828828828829,0.7113018675833037,False,0.7399959097122221,False,0.17297297297297298,0.16430050573486524,False,0.12261020622466579,False
00-0033375,WR,2021,0,1,0.6828828828828829,0.5395401835892955,False,0.5120810586926825,False,0.17297297297297298,0.2927100519601364,False,0.30018601947195334,False
00-0033382,WR,2021,1,0,0.6828828828828829,0.8588153931877471,False,0.8852397374461428,False,0.17297297297297298,0.0657967587894023,False,0.046388578883257585,False
00-0033386,WR,2021,1,0,0.6828828828828829,0.9156413670590978,False,0.9042195126060103,False,0.17297297297297298,0.03463973133100175,False,0.046670156919327486,False
00-0033460,WR,2021,0,0,0.6828828828828829,0.8925120119123359,False,0.8976056098893275,False,0.17297297297297298,0.04284185981593189,False,0.04205322836170368,False
00-0033471,WR,2021,0,0,0.6828828828828829,0.7431225928143302,False,0.7055942962194075,False,0.17297297297297298,0.12911464565464068,False,0.1643908360048134,False
00-0033474,WR,2021,1,0,0.6828828828828829,0.9174352587252063,False,0.9160766817280852,False,0.17297297297297298,0.03430718191242024,False,0.03690335812960268,False
00-0033481,WR,2021,1,0,0.6828828828828829,0.8575385409026016,False,0.8776331314222849,False,0.17297297297297298,0.06108043307669233,False,0.0549692880850955,False
00-0033536,WR,2021,0,1,0.6828828828828829,0.5361762714435796,False,0.48469089351743416,False,0.17297297297297298,0.27221512792063635,False,0.31171700810235253,False
00-0033555,WR,2021,0,1,0.6828828828828829,0.6608755941266194,False,0.7229786573046404,False,0.17297297297297298,0.17848265018939016,False,0.11941920515642732,False
00-0033572,WR,2021,0,0,0.6828828828828829,0.5478188334626337,False,0.6100571115765832,False,0.17297297297297298,0.2682744673182116,False,0.15436240785752084,False
00-0033591,WR,2021,0,0,0.6828828828828829,0.6792907321760245,False,0.6773277019946995,False,0.17297297297297298,0.16164479234501883,False,0.14375989745883241,False
00-0033681,WR,2021,0,1,0.6828828828828829,0.478527364290009,False,0.48370508810514046,False,0.17297297297297298,0.33822771911686617,False,0.30471242398233706,False
00-0033733,WR,2021,0,0,0.6828828828828829,0.4270331523265481,False,0.5158501831352632,False,0.17297297297297298,0.36365321896044495,False,0.27084067102991877,False
00-0033839,WR,2021,0,1,0.6828828828828829,0.8757188966859027,False,0.9044009217062938,False,0.17297297297297298,0.045803210806913346,False,0.03466410807368368,False
00-0033840,WR,2021,1,0,0.6828828828828829,0.8349212193455811,False,0.7416351020973726,False,0.17297297297297298,0.07232877747669397,False,0.14025057616188377,False
00-0033859,WR,2021,1,0,0.6828828828828829,0.8775116912788913,False,0.857018897026949,False,0.17297297297297298,0.05148431205097326,False,0.05170907327610685,False
00-0033891,WR,2021,1,0,0.6828828828828829,0.6502856968482627,False,0.7059967757981619,False,0.17297297297297298,0.1814313988358679,False,0.15156212392952254,False
00-0033911,WR,2021,1,0,0.6828828828828829,0.9174352587252063,False,0.9305695236933051,False,0.17297297297297298,0.03430718191242024,False,0.027269190549862054,False
00-0033932,WR,2021,0,1,0.6828828828828829,0.8141435824268743,False,0.638903592592345,False,0.17297297297297298,0.07493458116162084,False,0.18036985205022987,False
00-0034052,WR,2021,0,0,0.6828828828828829,0.8500675145159288,False,0.8592013947790496,False,0.17297297297297298,0.06766328361440425,False,0.0602225711761683,False
00-0034054,WR,2021,1,0,0.6828828828828829,0.8349212193455811,False,0.8422959775693981,False,0.17297297297297298,0.07232877747669397,False,0.06971315761116531,False
00-0034081,WR,2021,1,0,0.6828828828828829,0.8761117918622283,False,0.8552214392674363,False,0.17297297297297298,0.0560295650847489,False,0.07089105758609997,False
00-0034132,WR,2021,0,0,0.6828828828828829,0.7181058512214402,False,0.7445594500958689,False,0.17297297297297298,0.14833642702136327,False,0.12092133804775056,False
00-0034207,WR,2021,1,0,0.6828828828828829,0.9102943970908319,False,0.9171299284732798,False,0.17297297297297298,0.036411240594990436,False,0.0335695622636845,False
00-0034267,WR,2021,1,0,0.6828828828828829,0.9191943696753476,False,0.9115533742559173,False,0.17297297297297298,0.03397771267705375,False,0.0464971035083324,False
00-0034273,WR,2021,1,0,0.6828828828828829,0.8377150139711803,False,0.8634655664975486,False,0.17297297297297298,0.07022839799547662,False,0.05667315540134607,False
00-0034286,WR,2021,1,0,0.6828828828828829,0.6792907321760245,False,0.5867312188782126,False,0.17297297297297298,0.16164479234501883,False,0.23874490372512033,False
00-0034309,WR,2021,1,0,0.6828828828828829,0.6742861236214488,False,0.7086732062604878,False,0.17297297297297298,0.1906967770173473,False,0.1420050459887535,False
00-0034317,WR,2021,1,0,0.6828828828828829,0.9102943970908319,False,0.9151999940696489,False,0.17297297297297298,0.036411240594990436,False,0.03894721820515363,False
00-0034339,WR,2021,1,0,0.6828828828828829,0.8978428364485861,False,0.9228022568242142,False,0.17297297297297298,0.037775729179278114,False,0.026456628723265225,False
00-0034348,WR,2021,0,1,0.6828828828828829,0.8889120345916769,False,0.8974664727758714,False,0.17297297297297298,0.03925551256116645,False,0.04261759571747747,False
00-0034366,WR,2021,1,0,0.6828828828828829,0.7708099850688231,False,0.7383760796281057,False,0.17297297297297298,0.1110656897173447,False,0.1285981228550985,False
00-0034370,WR,2021,1,0,0.6828828828828829,0.6208408015590832,False,0.697943739682175,False,0.17297297297297298,0.20659413751944766,False,0.1382424546395595,False
00-0034395,WR,2021,1,0,0.6828828828828829,0.895027380533729,False,0.8906101681752872,False,0.17297297297297298,0.04332623374522712,False,0.051187897174174206,False
00-0034411,WR,2021,0,0,0.6828828828828829,0.4668370722567518,False,0.40861594447054234,False,0.17297297297297298,0.3427146544792635,False,0.3925807920931683,False
00-0034418,WR,2021,1,0,0.6828828828828829,0.6349600192557525,False,0.6243998294952802,False,0.17297297297297298,0.22021633821331094,False,0.1414084160119085,False
00-0034419,WR,2021,0,1,0.6828828828828829,0.4551830844759172,False,0.5191324223707948,False,0.17297297297297298,0.347229881672482,False,0.21281910534322393,False
00-0034487,WR,2021,1,0,0.6828828828828829,0.7340675515050156,False,0.8081834864867606,False,0.17297297297297298,0.13137821025833968,False,0.07747961196495758,False
00-0034510,WR,2021,1,0,0.6828828828828829,0.8720412889993038,False,0.870912803224158,False,0.17297297297297298,0.05139853969705315,False,0.051942782416586036,False
00-0034631,WR,2021,1,0,0.6828828828828829,0.845292400455445,False,0.8809333502501037,False,0.17297297297297298,0.06213398570278508,False,0.043267145731027204,False
00-0034646,WR,2021,1,0,0.6828828828828829,0.47006431158614886,False,0.5817847046411134,False,0.17297297297297298,0.3228672937964308,False,0.15554643855593348,False
00-0034653,WR,2021,1,0,0.6828828828828829,0.9102943970908319,False,0.8906550695062179,False,0.17297297297297298,0.036411240594990436,False,0.05472912926345689,False
00-0034660,WR,2021,1,0,0.6828828828828829,0.889268495566552,False,0.9133898333339925,False,0.17297297297297298,0.048093662985913006,False,0.03455051541494316,False
00-0034686,WR,2021,1,0,0.6828828828828829,0.7538187300168535,False,0.7596189287391766,False,0.17297297297297298,0.11507310822195778,False,0.1106517855526662,False
00-0034764,WR,2021,0,0,0.6828828828828829,0.4668370722567518,False,0.42369125029421806,False,0.17297297297297298,0.3427146544792635,False,0.3935322659834739,False
00-0034772,WR,2021,1,0,0.6828828828828829,0.8709304535753929,False,0.8825691270107144,False,0.17297297297297298,0.057095845585768655,False,0.05057514185608735,False
00-0034775,WR,2021,1,0,0.6828828828828829,0.5478188334626337,False,0.6240183053879422,False,0.17297297297297298,0.2682744673182116,False,0.20295414772579223,False
00-0034777,WR,2021,1,0,0.6828828828828829,0.5733633173224143,False,0.5631833507441121,False,0.17297297297297298,0.23966723561590766,False,0.26350017171009976,False
00-0034827,WR,2021,0,1,0.6828828828828829,0.4985825006137322,False,0.39418779950710225,False,0.17297297297297298,0.30739614116269387,False,0.4462849871838697,False
00-0034837,WR,2021,1,0,0.6828828828828829,0.5103068713117833,False,0.4051996853356114,False,0.17297297297297298,0.3031583350131622,False,0.42676136410253857,False
00-0034854,WR,2021,0,0,0.6828828828828829,0.7806934761600249,False,0.7537510693991328,False,0.17297297297297298,0.09876441806532374,False,0.11703915849002834,False
00-0034860,WR,2021,1,0,0.6828828828828829,0.8161826555959749,False,0.8447118815706005,False,0.17297297297297298,0.08225508280426504,False,0.06482755129413638,False
00-0034867,WR,2021,1,0,0.6828828828828829,0.9102943970908319,False,0.9221911357535448,False,0.17297297297297298,0.036411240594990436,False,0.031479750289620564,False
00-0034960,WR,2021,1,0,0.6828828828828829,0.631817503925884,False,0.3612293135768368,False,0.17297297297297298,0.2033380156372525,False,0.37162879263603205,False
00-0034983,WR,2021,1,0,0.6828828828828829,0.47267847325295637,False,0.4497796190893346,False,0.17297297297297298,0.3404676109795464,False,0.3530337820703084,False
00-0035006,WR,2021,1,0,0.6828828828828829,0.7159772957456717,False,0.7172735511786607,False,0.17297297297297298,0.1385812981693882,False,0.14283754726760803,False
00-0035021,WR,2021,0,1,0.6828828828828829,0.7133343462620455,False,0.7529065332860149,False,0.17297297297297298,0.1496030612764786,False,0.09562732885501127,False
00-0035022,WR,2021,0,0,0.6828828828828829,0.8349212193455811,False,0.8038442748169353,False,0.17297297297297298,0.07232877747669397,False,0.062080097594626994,False
00-0035181,WR,2021,1,0,0.6828828828828829,0.7789906113843932,False,0.8129139166968734,False,0.17297297297297298,0.1091081369575067,False,0.08058936368305766,False
00-0035208,WR,2021,0,1,0.6828828828828829,0.7228287948115968,False,0.6836942668525361,False,0.17297297297297298,0.14707866212440487,False,0.1560967652813697,False
00-0035246,WR,2021,1,0,0.6828828828828829,0.8377150139711803,False,0.8586757707208261,False,0.17297297297297298,0.07022839799547662,False,0.06223428504755048,False
00-0035287,WR,2021,1,0,0.6828828828828829,0.7624189053037861,False,0.7813600824338459,False,0.17297297297297298,0.11305390684044114,False,0.10263227056623297,False
00-0035313,WR,2021,1,0,0.6828828828828829,0.895027380533729,False,0.8881028429004618,False,0.17297297297297298,0.04332623374522712,False,0.043217612771824815,False
00-0035341,WR,2021,1,0,0.6828828828828829,0.9102943970908319,False,0.9174753271992645,False,0.17297297297297298,0.036411240594990436,False,0.035829052722160276,False
00-0035350,WR,2021,1,0,0.6828828828828829,0.7708099850688231,False,0.7838863580546681,False,0.17297297297297298,0.1110656897173447,False,0.09414784830601702,False
00-0035399,WR,2021,0,0,0.6828828828828829,0.8947412098195312,False,0.917642179048455,False,0.17297297297297298,0.0424340293211715,False,0.03003827370971041,False
00-0035414,WR,2021,0,1,0.6828828828828829,0.5429004975983593,False,0.5664706780558129,False,0.17297297297297298,0.31408210963696204,False,0.2608821564588304,False
00-0035457,WR,2021,1,0,0.6828828828828829,0.6402464896233628,False,0.5738183267016108,False,0.17297297297297298,0.18771023540328938,False,0.21256865193538962,False
00-0035510,WR,2021,0,0,0.6828828828828829,0.7731920354981507,False,0.853652105730102,False,0.17297297297297298,0.12145248903872916,False,0.10909295071440064,False
00-0035527,WR,2021,1,0,0.6828828828828829,0.6608755941266194,False,0.7676692075046374,False,0.17297297297297298,0.17848265018939016,False,0.10109633506586692,False
00-0035529,WR,2021,1,0,0.6828828828828829,0.9102943970908319,False,0.9418788710464069,False,0.17297297297297298,0.036411240594990436,False,0.022545707752966486,False
00-0035535,WR,2021,0,0,0.6828828828828829,0.4668370722567518,False,0.47949275440665123,False,0.17297297297297298,0.3427146544792635,False,0.3575670590553631,False
00-0035592,WR,2021,1,0,0.6828828828828829,0.6794154809161801,False,0.618808356677205,False,0.17297297297297298,0.18915960877309557,False,0.22300666068090538,False
00-0035639,WR,2021,1,0,0.6828828828828829,0.8947412098195312,False,0.7831080699555488,False,0.17297297297297298,0.0424340293211715,False,0.09423843116947332,False
00-0035645,WR,2021,1,0,0.6828828828828829,0.6129545052945254,False,0.6600110009055317,False,0.17297297297297298,0.2271556905492303,False,0.13705998776338688,False
00-0035719,WR,2021,1,0,0.6828828828828829,0.7812138937912535,False,0.6669516892414069,False,0.17297297297297298,0.10071643419197837,False,0.15381038068314862,False
00-0035789,WR,2021,1,0,0.6828828828828829,0.895027380533729,False,0.9099762945109181,False,0.17297297297297298,0.04332623374522712,False,0.035798018416458535,False
00-0035838,WR,2021,1,0,0.6828828828828829,0.9102943970908319,False,0.9221911357535448,False,0.17297297297297298,0.036411240594990436,False,0.031479750289620564,False
00-0035864,WR,2021,0,0,0.6828828828828829,0.9102943970908319,False,1.0,False,0.17297297297297298,0.036411240594990436,False,8.683630468774349e-08,False
00-0035869,WR,2021,1,0,0.6828828828828829,0.8349212193455811,False,0.8088136511421566,False,0.17297297297297298,0.07232877747669397,False,0.09277813114139029,False
00-0035976,WR,2021,1,0,0.6828828828828829,0.7812138937912535,False,0.8201829355593444,False,0.17297297297297298,0.10071643419197837,False,0.06733756716735967,False
00-0036100,WR,2021,1,0,0.6828828828828829,0.8575385409026016,False,0.8287789816814128,False,0.17297297297297298,0.06108043307669233,False,0.0756185627758934,False
00-0036110,WR,2021,1,0,0.6828828828828829,0.9102943970908319,False,0.7087186490055517,False,0.17297297297297298,0.036411240594990436,False,0.1786114364923932,False
00-0036133,WR,2021,1,0,0.6828828828828829,0.556821969350209,False,0.670159295684481,False,0.17297297297297298,0.24921716562884302,False,0.12869263086089663,False
00-0036254,WR,2021,1,0,0.6828828828828829,0.6402464896233628,False,0.6444128831237121,False,0.17297297297297298,0.18771023540328938,False,0.17156932340630235,False
00-0036255,WR,2021,0,0,0.6828828828828829,0.7159772957456717,False,0.6594615305970616,False,0.17297297297297298,0.1385812981693882,False,0.2065442379551163,False
00-0036261,WR,2021,1,0,0.6828828828828829,0.5992531189811828,False,0.4982473186941063,False,0.17297297297297298,0.2168913831810375,False,0.544866756680051,False
00-0036268,WR,2021,0,1,0.6828828828828829,0.5135451677845679,False,0.4588386760878211,False,0.17297297297297298,0.2846098358993365,False,0.27074975565568016,False
00-0036271,WR,2021,1,0,0.6828828828828829,0.8575385409026016,False,0.8456894887018462,False,0.17297297297297298,0.06108043307669233,False,0.06691950703766779,False
00-0036277,WR,2021,1,0,0.6828828828828829,0.5992531189811828,False,0.592332121576289,False,0.17297297297297298,0.2168913831810375,False,0.2102639330418382,False
00-0036309,WR,2021,0,1,0.6828828828828829,0.4270331523265481,False,0.4340873246947683,False,0.17297297297297298,0.36365321896044495,False,0.3341346616383643,False
00-0036322,WR,2021,0,1,0.6828828828828829,0.4270331523265481,False,0.30075549996445977,False,0.17297297297297298,0.36365321896044495,False,0.564499369027323,False
00-0036340,WR,2021,1,0,0.6828828828828829,0.8575385409026016,False,0.8279612452273326,False,0.17297297297297298,0.06108043307669233,False,0.05554515296936862,False
00-0036345,WR,2021,0,1,0.6828828828828829,0.7500116356203929,False,0.7955053492432803,False,0.17297297297297298,0.11834398316930075,False,0.0761877338963884,False
00-0036357,WR,2021,1,0,0.6828828828828829,0.556821969350209,False,0.44177765507234307,False,0.17297297297297298,0.24921716562884302,False,0.2777794551584251,False
00-0036358,WR,2021,1,0,0.6828828828828829,0.4270331523265481,False,0.4500747942387685,False,0.17297297297297298,0.36365321896044495,False,0.47469595746718596,False
00-0036364,WR,2021,1,0,0.6828828828828829,0.7159772957456717,False,0.7213106000895995,False,0.17297297297297298,0.1385812981693882,False,0.12430472975970125,False
00-0036365,WR,2021,1,0,0.6828828828828829,0.7159772957456717,False,0.7107870848088951,False,0.17297297297297298,0.1385812981693882,False,0.13827215447527294,False
00-0036377,WR,2021,1,0,0.6828828828828829,0.6792907321760245,False,0.7540104502926193,False,0.17297297297297298,0.16164479234501883,False,0.13039327562397682,False
00-0036382,WR,2021,1,0,0.6828828828828829,0.5992531189811828,False,0.6620733459755243,False,0.17297297297297298,0.2168913831810375,False,0.14569029577826118,False
00-0036387,WR,2021,1,0,0.6828828828828829,0.6402464896233628,False,0.5807274338389975,False,0.17297297297297298,0.18771023540328938,False,0.21958976367325994,False
00-0036398,WR,2021,1,0,0.6828828828828829,0.6792907321760245,False,0.7219559096522247,False,0.17297297297297298,0.16164479234501883,False,0.12934215842580044,False
00-0036407,WR,2021,0,0,0.6828828828828829,0.4270331523265481,False,0.4419244378311651,False,0.17297297297297298,0.36365321896044495,False,0.3862157067968722,False
00-0036410,WR,2021,1,0,0.6828828828828829,0.47006431158614886,False,0.349369008314472,False,0.17297297297297298,0.3228672937964308,False,0.441835163626926,False
00-0036412,WR,2021,1,0,0.6828828828828829,0.5992531189811828,False,0.6019553825816185,False,0.17297297297297298,0.2168913831810375,False,0.17166042161147865,False
00-0036439,WR,2021,1,0,0.6828828828828829,0.7812138937912535,False,0.7938473132564429,False,0.17297297297297298,0.10071643419197837,False,0.09152127236932019,False
00-0022127,TE,2021,1,0,0.6937869822485208,0.6517998369745744,False,0.7025429986936105,False,0.1301775147928994,0.15888139396237788,False,0.11150576236263088,False
00-0025418,TE,2021,1,0,0.6937869822485208,0.6200889889054616,False,0.6703550161150037,False,0.1301775147928994,0.1725094195719671,False,0.12176268361724978,False
00-0027981,TE,2021,0,1,0.6937869822485208,0.5544835661543229,False,0.5820997020356603,False,0.1301775147928994,0.23408705743653488,False,0.18522005978139597,False
00-0028042,TE,2021,1,0,0.6937869822485208,0.6243908163830003,False,0.6479416921790558,False,0.1301775147928994,0.1624546632173193,False,0.10843237000753704,False
00-0028097,TE,2021,0,0,0.6937869822485208,0.7974133454328587,False,0.7758899610126938,False,0.1301775147928994,0.06703530648914979,False,0.11085613977489862,False
00-0028142,TE,2021,1,0,0.6937869822485208,0.8084917606166048,False,0.774488990024913,False,0.1301775147928994,0.0650928419037885,False,0.08015589876975064,False
00-0029119,TE,2021,1,0,0.6937869822485208,0.7848327362979979,False,0.7854561369274597,False,0.1301775147928994,0.07378584644778036,False,0.05451468530511025,False
00-0029738,TE,2021,1,0,0.6937869822485208,0.5544835661543229,False,0.5216807787418033,False,0.1301775147928994,0.23408705743653488,False,0.23573384807433792,False
00-0030061,TE,2021,1,0,0.6937869822485208,0.5946661468491783,False,0.5308833832334706,False,0.1301775147928994,0.19905676106679931,False,0.2794773802897863,False
00-0030089,TE,2021,1,0,0.6937869822485208,0.8657234028857719,False,0.8840161842633667,False,0.1301775147928994,0.03719695950960706,False,0.049792180130535074,False
00-0030108,TE,2021,0,1,0.6937869822485208,0.6580040100618272,False,0.7290273638414188,False,0.1301775147928994,0.14495007028510914,False,0.07578568364548997,False
00-0030443,TE,2021,1,0,0.6937869822485208,0.7706393507748794,False,0.7827000270811418,False,0.1301775147928994,0.0661308264433911,False,0.04979479321882233,False
00-0030472,TE,2021,1,0,0.6937869822485208,0.6336192557935052,False,0.6083299068444158,False,0.1301775147928994,0.16811796955434738,False,0.23325436886943327,False
00-0030549,TE,2021,1,0,0.6937869822485208,0.4626405199327494,False,0.500221028935213,False,0.1301775147928994,0.3072988661345511,False,0.2603946520309154,False
00-0031384,TE,2021,1,0,0.6937869822485208,0.7061477230022457,False,0.675680579822821,False,0.1301775147928994,0.11787864328381914,False,0.10789587326275869,False
00-0031484,TE,2021,0,0,0.6937869822485208,0.7706393507748794,False,0.7833548749212418,False,0.1301775147928994,0.0661308264433911,False,0.05379983571415931,False
00-0031558,TE,2021,1,0,0.6937869822485208,0.7817260774528629,False,0.7479304600789148,False,0.1301775147928994,0.07886943703001509,False,0.08862022000521085,False
00-0031585,TE,2021,0,0,0.6937869822485208,0.7974133454328587,False,0.7718870694932475,False,0.1301775147928994,0.06703530648914979,False,0.10308174790706175,False
00-0031598,TE,2021,1,0,0.6937869822485208,0.6709006126570287,False,0.6731784885805113,False,0.1301775147928994,0.1411405180577011,False,0.1329775830284197,False
00-0031610,TE,2021,1,0,0.6937869822485208,0.4243228609741239,False,0.3896409576021976,False,0.1301775147928994,0.3447903987332097,False,0.4699440257219985,False
00-0031690,TE,2021,1,0,0.6937869822485208,0.8805609012559213,False,0.9026062250352679,False,0.1301775147928994,0.02826212633379162,False,0.02833743567414749,False
00-0031951,TE,2021,1,0,0.6937869822485208,0.48773754756511317,False,0.5930339018176933,False,0.1301775147928994,0.22979026425664192,False,0.11299601748898368,False
00-0032062,TE,2021,1,0,0.6937869822485208,0.5946661468491783,False,0.6877403359261219,False,0.1301775147928994,0.19905676106679931,False,0.11754095619139582,False
00-0032098,TE,2021,1,0,0.6937869822485208,0.7277791860431174,False,0.7124109959097311,False,0.1301775147928994,0.1007952248790439,False,0.07174823537426661,False
00-0032134,TE,2021,1,0,0.6937869822485208,0.868520987431308,False,0.7387338708042395,False,0.1301775147928994,0.042910506426245894,False,0.09391639712129449,False
00-0032135,TE,2021,1,0,0.6937869822485208,0.5469626207460907,False,0.5524770905310856,False,0.1301775147928994,0.22054513468954587,False,0.20376895987951715,False
00-0032214,TE,2021,0,0,0.6937869822485208,0.7390879083692361,False,0.6986233527723721,False,0.1301775147928994,0.0980131195649277,False,0.13416544468453928,False
00-0032394,TE,2021,1,0,0.6937869822485208,0.6200889889054616,False,0.6375234129400434,False,0.1301775147928994,0.1725094195719671,False,0.14590915442629884,False
00-0032725,TE,2021,0,1,0.6937869822485208,0.7390879083692361,False,0.7480949472571313,False,0.1301775147928994,0.0980131195649277,False,0.07017361976821948,False
00-0032986,TE,2021,1,0,0.6937869822485208,0.7017197718248567,False,0.7658346251499029,False,0.1301775147928994,0.10660901352748313,False,0.06888872419762622,False
00-0033080,TE,2021,1,0,0.6937869822485208,0.8756644665840485,False,0.9061266336007449,False,0.1301775147928994,0.03365897346000695,False,0.024611098860465162,False
00-0033090,TE,2021,1,0,0.6937869822485208,0.5105537065725734,False,0.5362663670382706,False,0.1301775147928994,0.2445676415265953,False,0.23354769986169915,False
00-0033112,TE,2021,1,0,0.6937869822485208,0.8454272905102181,False,0.8617485101183157,False,0.1301775147928994,0.04535594916442192,False,0.03828662912427269,False
00-0033258,TE,2021,1,0,0.6937869822485208,0.7036315472338881,False,0.6783319518877134,False,0.1301775147928994,0.10322244444633447,False,0.09484208822811897,False
00-0033288,TE,2021,1,0,0.6937869822485208,0.7061477230022457,False,0.500739396363665,False,0.1301775147928994,0.11787864328381914,False,0.14875286413144798,False
00-0033338,TE,2021,1,0,0.6937869822485208,0.5605291390975773,False,0.5958267334983247,False,0.1301775147928994,0.18559603533823782,False,0.11643103398119375,False
00-0033421,TE,2021,1,0,0.6937869822485208,0.8933699958129588,False,0.9066762007873646,False,0.1301775147928994,0.026593705154846565,False,0.0261841812800743,False
00-0033439,TE,2021,0,0,0.6937869822485208,0.6702500032797996,False,0.6153591734400902,False,0.1301775147928994,0.12013396570342909,False,0.12771286973471524,False
00-0033564,TE,2021,1,0,0.6937869822485208,0.8226917017190272,False,0.853977580256188,False,0.1301775147928994,0.055201969068499224,False,0.05265559636567495,False
00-0033576,TE,2021,0,0,0.6937869822485208,0.7984139570191853,False,0.8329792026774309,False,0.1301775147928994,0.05444783351780441,False,0.043840977981262935,False
00-0033627,TE,2021,1,0,0.6937869822485208,0.8837210785809484,False,0.8245903865528484,False,0.1301775147928994,0.03045884542261064,False,0.13072008150367356,False
00-0033658,TE,2021,1,0,0.6937869822485208,0.8843341177355653,False,0.8824597385005682,False,0.1301775147928994,0.03770696109645144,False,0.026542779001236427,False
00-0033720,TE,2021,1,0,0.6937869822485208,0.8657234028857719,False,0.8445584824123555,False,0.1301775147928994,0.03719695950960706,False,0.07638360235354166,False
00-0033798,TE,2021,1,0,0.6937869822485208,0.8657234028857719,False,0.890707297186702,False,0.1301775147928994,0.03719695950960706,False,0.032797945550348824,False
00-0033879,TE,2021,1,0,0.6937869822485208,0.8288180638295449,False,0.7229592682545746,False,0.1301775147928994,0.05934204736576366,False,0.14304666999824373,False
00-0033881,TE,2021,0,1,0.6937869822485208,0.44229648808472927,False,0.17362365386453715,False,0.1301775147928994,0.2828150358664538,False,0.6766695623373784,False
00-0033896,TE,2021,1,0,0.6937869822485208,0.5605291390975773,False,0.5547726406443905,False,0.1301775147928994,0.18559603533823782,False,0.1834561206677486,False
00-0034011,TE,2021,0,0,0.6937869822485208,0.48773754756511317,False,0.4824079034674045,False,0.1301775147928994,0.22979026425664192,False,0.20881920047681307,False
00-0034073,TE,2021,1,0,0.6937869822485208,0.5961610154664544,False,0.602125956442422,False,0.1301775147928994,0.1660924268445205,False,0.11320004225163788,False
00-0034169,TE,2021,1,0,0.6937869822485208,0.8837210785809484,False,0.9013054790042203,False,0.1301775147928994,0.03045884542261064,False,0.025477815985944157,False
00-0034193,TE,2021,1,0,0.6937869822485208,0.8837210785809484,False,0.9045944061590334,False,0.1301775147928994,0.03045884542261064,False,0.03427697649810705,False
00-0034270,TE,2021,0,1,0.6937869822485208,0.6709006126570287,False,0.6857558220022306,False,0.1301775147928994,0.1411405180577011,False,0.11394119650531379,False
00-0034319,TE,2021,1,0,0.6937869822485208,0.7695406686638477,False,0.7961250945126945,False,0.1301775147928994,0.08118731405856544,False,0.06299230034964526,False
00-0034351,TE,2021,1,0,0.6937869822485208,0.5946661468491783,False,0.5927947353817422,False,0.1301775147928994,0.19905676106679931,False,0.2111239912719705,False
00-0034364,TE,2021,0,0,0.6937869822485208,0.5401518145900127,False,0.5779071315259768,False,0.1301775147928994,0.2397051668213308,False,0.16833707128544856,False
00-0034365,TE,2021,0,1,0.6937869822485208,0.5537558893916054,False,0.5972793120483123,False,0.1301775147928994,0.20250867418854346,False,0.15941824128870416,False
00-0034383,TE,2021,1,0,0.6937869822485208,0.4468155286407513,False,0.38406344353656435,False,0.1301775147928994,0.2684165515137031,False,0.35343710988223315,False
00-0034393,TE,2021,1,0,0.6937869822485208,0.7657510809308881,False,0.7654952798176883,False,0.1301775147928994,0.07313468381660831,False,0.08760661610772921,False
00-0034439,TE,2021,1,0,0.6937869822485208,0.6722692768721396,False,0.7010753812519187,False,0.1301775147928994,0.11637372436717254,False,0.10165070269448773,False
00-0034766,TE,2021,1,0,0.6937869822485208,0.6114827550204248,False,0.5919578934244563,False,0.1301775147928994,0.13400116600135822,False,0.1856642780108734,False
00-0034788,TE,2021,1,0,0.6937869822485208,0.7295883015307323,False,0.7673254969169914,False,0.1301775147928994,0.09757316770855343,False,0.06277900666150371,False
00-0034798,TE,2021,0,1,0.6937869822485208,0.5492291153509995,False,0.5208935913984283,False,0.1301775147928994,0.21440785525094985,False,0.17908869498865465,False
00-0034829,TE,2021,0,1,0.6937869822485208,0.46491617625490494,False,0.4260436258824258,False,0.1301775147928994,0.2996755925809452,False,0.39119806780046024,False
00-0034830,TE,2021,0,0,0.6937869822485208,0.39194562206289885,False,0.40293536308334693,False,0.1301775147928994,0.41142518376479914,False,0.4501307588823037,False
00-0034970,TE,2021,1,0,0.6937869822485208,0.513575906039641,False,0.4926790781317596,False,0.1301775147928994,0.2731794345522541,False,0.2754047631608963,False
00-0034981,TE,2021,1,0,0.6937869822485208,0.7277791860431174,False,0.6880773146585593,False,0.1301775147928994,0.1007952248790439,False,0.10410151940281448,False
00-0034988,TE,2021,1,0,0.6937869822485208,0.4831661208053158,False,0.6392420245289284,False,0.1301775147928994,0.2428044201586704,False,0.09374620129928204,False
00-0035039,TE,2021,1,0,0.6937869822485208,0.7657510809308881,False,0.8962453726146932,False,0.1301775147928994,0.07313468381660831,False,0.03577034754054976,False
00-0035102,TE,2021,1,0,0.6937869822485208,0.8837210785809484,False,0.8948130308635609,False,0.1301775147928994,0.03045884542261064,False,0.0282078410841913,False
00-0035229,TE,2021,0,0,0.6937869822485208,0.4332877325618357,False,0.1317419913352771,False,0.1301775147928994,0.3129680723423621,False,0.6065109907367119,False
00-0035259,TE,2021,1,0,0.6937869822485208,0.8588552492056055,False,0.6095538814163275,False,0.1301775147928994,0.038326146846934354,False,0.05086708581898085,False
00-0035320,TE,2021,1,0,0.6937869822485208,0.8837210785809484,False,0.9074145261888148,False,0.1301775147928994,0.03045884542261064,False,0.025388324514938488,False
00-0035329,TE,2021,0,0,0.6937869822485208,0.5946661468491783,False,0.5790088666111863,False,0.1301775147928994,0.19905676106679931,False,0.22397708841212963,False
00-0035436,TE,2021,1,0,0.6937869822485208,0.8837210785809484,False,0.9074145261888148,False,0.1301775147928994,0.03045884542261064,False,0.025388324514938488,False
00-0035539,TE,2021,1,0,0.6937869822485208,0.8805609012559213,False,0.8999318534265226,False,0.1301775147928994,0.02826212633379162,False,0.025541861619859187,False
00-0035624,TE,2021,0,0,0.6937869822485208,0.513575906039641,False,0.48193554567118,False,0.1301775147928994,0.2731794345522541,False,0.29388396934829425,False
00-0035631,TE,2021,1,0,0.6937869822485208,0.4490783967686428,False,0.47762901915686407,False,0.1301775147928994,0.2613938616568642,False,0.21529498028587934,False
00-0035644,TE,2021,0,1,0.6937869822485208,0.5014046062027674,False,0.4899897205640138,False,0.1301775147928994,0.2721904837798899,False,0.3170605169259874,False
00-0035660,TE,2021,1,0,0.6937869822485208,0.8226917017190272,False,0.8387449705994502,False,0.1301775147928994,0.055201969068499224,False,0.050948442542756246,False
00-0035671,TE,2021,1,0,0.6937869822485208,0.7061477230022457,False,0.7111284486034735,False,0.1301775147928994,0.11787864328381914,False,0.10246904660334645,False
00-0035823,TE,2021,1,0,0.6937869822485208,0.8454272905102181,False,0.866126840905905,False,0.1301775147928994,0.04535594916442192,False,0.042749220292161765,False
00-0036005,TE,2021,1,0,0.6937869822485208,0.8837210785809484,False,0.9041483768107513,False,0.1301775147928994,0.03045884542261064,False,0.032815413050779424,False
00-0036008,TE,2021,1,0,0.6937869822485208,0.8454272905102181,False,0.8345742571063895,False,0.1301775147928994,0.04535594916442192,False,0.044349948288104256,False
00-0036032,TE,2021,1,0,0.6937869822485208,0.8837210785809484,False,0.9074145261888148,False,0.1301775147928994,0.03045884542261064,False,0.025388324514938488,False
00-0036040,TE,2021,0,0,0.6937869822485208,0.7974133454328587,False,0.8182501649989743,False,0.1301775147928994,0.06703530648914979,False,0.06237479678564553,False
00-0036145,TE,2021,1,0,0.6937869822485208,0.8657234028857719,False,0.8847615923451493,False,0.1301775147928994,0.03719695950960706,False,0.11163156950514863,False
00-0036194,TE,2021,1,0,0.6937869822485208,0.8226917017190272,False,0.8161715913480513,False,0.1301775147928994,0.055201969068499224,False,0.08951342815201876,False
00-0036225,TE,2021,1,0,0.6937869822485208,0.8454272905102181,False,0.8640557514056512,False,0.1301775147928994,0.04535594916442192,False,0.040317009862944495,False
00-0036244,TE,2021,1,0,0.6937869822485208,0.8837210785809484,False,0.8825585795568285,False,0.1301775147928994,0.03045884542261064,False,0.017763146490460197,False
00-0036250,TE,2021,1,0,0.6937869822485208,0.8837210785809484,False,0.8991280033209363,False,0.1301775147928994,0.03045884542261064,False,0.03795563206810147,False
00-0036332,TE,2021,1,0,0.6937869822485208,0.8837210785809484,False,0.8877531771313358,False,0.1301775147928994,0.03045884542261064,False,0.027206837313986175,False
00-0036423,TE,2021,0,1,0.6937869822485208,0.8226917017190272,False,0.798893611982423,False,0.1301775147928994,0.055201969068499224,False,0.05799643963106937,False
00-0036429,TE,2021,1,0,0.6937869822485208,0.8226917017190272,False,0.8308937728097872,False,0.1301775147928994,0.055201969068499224,False,0.046430731225933726,False
00-0036438,TE,2021,1,0,0.6937869822485208,0.8837210785809484,False,0.9074145261888148,False,0.1301775147928994,0.03045884542261064,False,0.025388324514938488,False
00-0023682,QB,2022,1,0,0.7987152034261242,0.9162415448977146,False,0.8903196638233238,False,0.12633832976445397,0.049531138239582564,False,0.03323966045973935,False
00-0026143,QB,2022,0,0,0.7987152034261242,0.39111616770633817,False,0.43175865222338783,False,0.12633832976445397,0.4583701999110214,False,0.3760776621587882,False
00-0026158,QB,2022,1,0,0.7987152034261242,0.93195396230415,False,0.9157959666018635,False,0.12633832976445397,0.03999893889894918,False,0.05424537100019385,False
00-0026197,QB,2022,1,0,0.7987152034261242,0.9071646673092829,False,0.9456777607648518,False,0.12633832976445397,0.05467043958860789,False,0.031629999633116086,False
00-0026300,QB,2022,1,0,0.7987152034261242,0.9071646673092829,False,0.8065967224409669,False,0.12633832976445397,0.05467043958860789,False,0.10137612010189191,False
00-0026544,QB,2022,1,0,0.7987152034261242,0.9450718294065623,False,0.9308990511065255,False,0.12633832976445397,0.03220992781609525,False,0.03865413623373002,False
00-0026625,QB,2022,1,0,0.7987152034261242,0.9286901212134454,False,0.9968772634756355,False,0.12633832976445397,0.041812598933904106,False,0.00183280034138226,False
00-0027688,QB,2022,1,0,0.7987152034261242,0.8828696924076457,False,0.8774228759912227,False,0.12633832976445397,0.0695999807440948,False,0.05622564309242404,False
00-0027939,QB,2022,1,0,0.7987152034261242,0.7356594055353662,False,0.7059382217473914,False,0.12633832976445397,0.16708905243600733,False,0.14523520950083701,False
00-0027948,QB,2022,1,0,0.7987152034261242,0.8963627067671569,False,0.9297011528990264,False,0.12633832976445397,0.06135089143694553,False,0.034975489071037494,False
00-0027973,QB,2022,0,1,0.7987152034261242,0.7770028206488625,False,0.8037330511240796,False,0.12633832976445397,0.13822309672801095,False,0.11343684186824103,False
00-0028118,QB,2022,1,0,0.7987152034261242,0.9120241861031114,False,0.9066148971363684,False,0.12633832976445397,0.05179944202368786,False,0.061790611507005384,False
00-0028986,QB,2022,1,0,0.7987152034261242,0.9286901212134454,False,0.9380734514055904,False,0.12633832976445397,0.041812598933904106,False,0.03565242576124806,False
00-0029263,QB,2022,0,1,0.7987152034261242,0.4995349787503645,False,0.452349561535465,False,0.12633832976445397,0.3535158520042995,False,0.3879061514025807,False
00-0029567,QB,2022,1,0,0.7987152034261242,0.9162415448977146,False,0.7906960922665716,False,0.12633832976445397,0.049531138239582564,False,0.11208863400125357,False
00-0029604,QB,2022,1,0,0.7987152034261242,0.4243196393970855,False,0.3058951231566254,False,0.12633832976445397,0.4250961872235297,False,0.5304464432859629,False
00-0030520,QB,2022,1,0,0.7987152034261242,0.8876411278454985,False,0.9255586999937269,False,0.12633832976445397,0.06672285214950094,False,0.04472066431272008,False
00-0030565,QB,2022,1,0,0.7987152034261242,0.9372797591066093,False,0.9212703664648775,False,0.12633832976445397,0.03672690515428842,False,0.06472856559020922,False
00-0031237,QB,2022,1,0,0.7987152034261242,0.5151522278994197,False,0.4853271295108077,False,0.12633832976445397,0.34039645577515915,False,0.33147811625603724,False
00-0031395,QB,2022,1,0,0.7987152034261242,0.9575873227151076,False,0.963947849715958,False,0.12633832976445397,0.024800640702144553,False,0.015670911362572544,False
00-0031503,QB,2022,1,0,0.7987152034261242,0.8313309765025225,False,0.8042497498943199,False,0.12633832976445397,0.10190513026997416,False,0.10211487338229919,False
00-0031800,QB,2022,0,0,0.7987152034261242,0.38742919216060223,False,0.562462950371541,False,0.12633832976445397,0.46150077350937485,False,0.2143710837678835,False
00-0032156,QB,2022,1,0,0.7987152034261242,0.8609526905765092,False,0.7518063040085722,False,0.12633832976445397,0.08310466928397571,False,0.18537897082445326,False
00-0032245,QB,2022,1,0,0.7987152034261242,0.9509165177248531,False,0.9569659313318426,False,0.12633832976445397,0.028631803326831903,False,0.018517020825428377,False
00-0032268,QB,2022,0,0,0.7987152034261242,0.9081810937401127,False,0.8503601373102783,False,0.12633832976445397,0.05407034658110523,False,0.02094399765416489,False
00-0032434,QB,2022,1,0,0.7987152034261242,0.9006463441863554,False,0.91451241644865,False,0.12633832976445397,0.05879321590789013,False,0.03978145555233125,False
00-0032950,QB,2022,1,0,0.7987152034261242,0.47993340229210796,False,0.5150718767085951,False,0.12633832976445397,0.37154022995330144,False,0.2814411862113211,False
00-0033106,QB,2022,0,1,0.7987152034261242,0.4995349787503645,False,0.44604295893337775,False,0.12633832976445397,0.3535158520042995,False,0.38373977464527464,False
00-0033119,QB,2022,0,1,0.7987152034261242,0.7131398275576686,False,0.8117521921370915,False,0.12633832976445397,0.18208923203561844,False,0.1086657550989107,False
00-0033275,QB,2022,1,0,0.7987152034261242,0.9084625292846598,False,0.9361714493461082,False,0.12633832976445397,0.05402272720170069,False,0.03821824380377403,False
00-0033319,QB,2022,1,0,0.7987152034261242,0.9090230741247391,False,0.8717415511265947,False,0.12633832976445397,0.05392760704942745,False,0.08186282787546491,False
00-0033550,QB,2022,1,0,0.7987152034261242,0.9509165177248531,False,0.9413791979762207,False,0.12633832976445397,0.028631803326831903,False,0.039588653910027166,False
00-0033662,QB,2022,1,0,0.7987152034261242,0.9071646673092829,False,0.9593408499549521,False,0.12633832976445397,0.05467043958860789,False,0.029056626727984352,False
00-0033936,QB,2022,1,0,0.7987152034261242,0.9259802240460715,False,0.9942661962536598,False,0.12633832976445397,0.043588114884190565,False,0.0024649798909386522,False
00-0033958,QB,2022,1,0,0.7987152034261242,0.9575873227151076,False,0.9442774398913386,False,0.12633832976445397,0.024800640702144553,False,0.02786264542430628,False
00-0034131,QB,2022,1,0,0.7987152034261242,0.9509165177248531,False,0.9350925941139787,False,0.12633832976445397,0.028631803326831903,False,0.04060927075134918,False
00-0034177,QB,2022,1,0,0.7987152034261242,0.8879777550961722,False,0.8968304144351101,False,0.12633832976445397,0.06666487510292848,False,0.08111538231117221,False
00-0034343,QB,2022,1,0,0.7987152034261242,0.9246751472865088,False,0.9656960338864014,False,0.12633832976445397,0.04415584962317893,False,0.031510819050292245,False
00-0034401,QB,2022,1,0,0.7987152034261242,0.9071646673092829,False,0.918898182827908,False,0.12633832976445397,0.05467043958860789,False,0.07527361381247842,False
00-0034438,QB,2022,1,0,0.7987152034261242,0.9122949797000153,False,0.880734898428836,False,0.12633832976445397,0.051753713191810186,False,0.07461629785761234,False
00-0034577,QB,2022,1,0,0.7987152034261242,0.9374781440381261,False,0.9283264958762755,False,0.12633832976445397,0.036693967513514794,False,0.022506304907757617,False
00-0034771,QB,2022,1,0,0.7987152034261242,0.9374781440381261,False,0.9081598395746102,False,0.12633832976445397,0.036693967513514794,False,0.03177695491141788,False
00-0034796,QB,2022,0,0,0.7987152034261242,0.6116875388955696,False,0.5597116234908914,False,0.12633832976445397,0.2586612521546368,False,0.17321746288698672,False
00-0034855,QB,2022,0,0,0.7987152034261242,0.4995349787503645,False,0.6932694060745384,False,0.12633832976445397,0.3535158520042995,False,0.24484378238616716,False
00-0034869,QB,2022,1,0,0.7987152034261242,0.6473650949417381,False,0.7128304481291872,False,0.12633832976445397,0.2313821338937192,False,0.19484873723596965,False
00-0034899,QB,2022,1,0,0.7987152034261242,0.9391045314017265,False,0.952162780334642,False,0.12633832976445397,0.03558736889844796,False,0.037693911739028356,False
00-0034955,QB,2022,1,0,0.7987152034261242,0.9537522561785505,False,0.944962405290631,False,0.12633832976445397,0.027064493955652205,False,0.029482231323240116,False
00-0035040,QB,2022,1,0,0.7987152034261242,0.9575873227151076,False,0.9067647372066244,False,0.12633832976445397,0.024800640702144553,False,0.03572224055441967,False
00-0035289,QB,2022,1,0,0.7987152034261242,0.8925664287429885,False,0.8129987634681415,False,0.12633832976445397,0.06390074493161325,False,0.07854029374779044,False
00-0035704,QB,2022,1,0,0.7987152034261242,0.7928585368769472,False,0.8822700609769617,False,0.12633832976445397,0.12777949934600882,False,0.0433922287596238,False
00-0035710,QB,2022,1,0,0.7987152034261242,0.637349319403099,False,0.5800932602515249,False,0.12633832976445397,0.2393674864664987,False,0.251538106705211,False
00-0035752,QB,2022,1,0,0.7987152034261242,0.9472916898350228,False,0.909593681271688,False,0.12633832976445397,0.030855059940411062,False,0.037628917544246875,False
00-0035993,QB,2022,1,0,0.7987152034261242,0.8313309765025225,False,0.8812954039262225,False,0.12633832976445397,0.10190513026997416,False,0.04387790083343609,False
00-0036197,QB,2022,1,0,0.7987152034261242,0.9246751472865088,False,0.9587340728212729,False,0.12633832976445397,0.04415584962317893,False,0.019328143434439272,False
00-0036212,QB,2022,0,0,0.7987152034261242,0.6572530091207835,False,0.5927808077946174,False,0.12633832976445397,0.2235848692666225,False,0.26098320982487117,False
00-0036226,QB,2022,1,0,0.7987152034261242,0.9509165177248531,False,0.9831378365346557,False,0.12633832976445397,0.028631803326831903,False,0.015920920235269902,False
00-0036264,QB,2022,1,0,0.7987152034261242,0.8609526905765092,False,0.9413770631090975,False,0.12633832976445397,0.08310466928397571,False,0.0360754383779624,False
00-0036355,QB,2022,1,0,0.7987152034261242,0.41288671337104255,False,0.23250897648774713,False,0.12633832976445397,0.4362038898661795,False,0.590744289792778,False
00-0036879,QB,2022,1,0,0.7987152034261242,0.9246751472865088,False,0.8856421494317189,False,0.12633832976445397,0.04415584962317893,False,0.0608149734735302,False
00-0036898,QB,2022,0,1,0.7987152034261242,0.5563287634640786,False,0.6725910398341928,False,0.12633832976445397,0.3040090130771108,False,0.2525366030974379,False
00-0036929,QB,2022,1,0,0.7987152034261242,0.9509165177248531,False,0.9974631977042208,False,0.12633832976445397,0.028631803326831903,False,0.0035656229931519292,False
00-0036945,QB,2022,0,1,0.7987152034261242,0.6116875388955696,False,0.7765058902831609,False,0.12633832976445397,0.2586612521546368,False,0.10443972183265789,False
00-0036946,QB,2022,1,0,0.7987152034261242,0.9509165177248531,False,0.9592790018988218,False,0.12633832976445397,0.028631803326831903,False,0.028711312935932893,False
00-0036971,QB,2022,1,0,0.7987152034261242,0.3348639860274901,False,0.5294004830739923,False,0.12633832976445397,0.5175819180098287,False,0.2989528184883655,False
00-0037012,QB,2022,1,0,0.7987152034261242,0.8609526905765092,False,0.8558184934325942,False,0.12633832976445397,0.08310466928397571,False,0.056720751875172004,False
00-0037013,QB,2022,0,0,0.7987152034261242,0.5563287634640786,False,0.6478296260498718,False,0.12633832976445397,0.3040090130771108,False,0.22274019930157182,False
00-0025394,RB,2022,1,0,0.6923937360178971,0.7253594822260673,False,0.7545122956415117,False,0.15771812080536912,0.14786136162558805,False,0.15536782050212014,False
00-0027966,RB,2022,0,0,0.6923937360178971,0.6111804481694547,False,0.5650786482648571,False,0.15771812080536912,0.20684063310215542,False,0.2415566420032601,False
00-0030288,RB,2022,0,1,0.6923937360178971,0.5915013115119331,False,0.6407174064699129,False,0.15771812080536912,0.22240749419497718,False,0.16392361564839364,False
00-0030465,RB,2022,1,0,0.6923937360178971,0.833013479914809,False,0.8692462040761185,False,0.15771812080536912,0.057830365887295926,False,0.030516419119994195,False
00-0030496,RB,2022,1,0,0.6923937360178971,0.732978280809726,False,0.801653000019584,False,0.15771812080536912,0.11561443963096689,False,0.09484989533811221,False
00-0030513,RB,2022,0,0,0.6923937360178971,0.553565265565211,False,0.5947305115300695,False,0.15771812080536912,0.2761013087701255,False,0.25891388506459406,False
00-0030578,RB,2022,0,0,0.6923937360178971,0.48754921572299387,False,0.5620082266756949,False,0.15771812080536912,0.35275129150647705,False,0.3853623309080184,False
00-0030874,RB,2022,1,0,0.6923937360178971,0.6177446438972224,False,0.6733680167183721,False,0.15771812080536912,0.21068525552031184,False,0.17074733030590694,False
00-0031045,RB,2022,1,0,0.6923937360178971,0.6484963444912465,False,0.653138090068246,False,0.15771812080536912,0.1825362271990291,False,0.1988798113605389,False
00-0031062,RB,2022,1,0,0.6923937360178971,0.7602412338902577,False,0.6715874676612342,False,0.15771812080536912,0.11753259382211875,False,0.15271605131191046,False
00-0031285,RB,2022,1,0,0.6923937360178971,0.6317693192650645,False,0.5985583732771353,False,0.15771812080536912,0.1694293887198761,False,0.1614126019773285,False
00-0031687,RB,2022,0,1,0.6923937360178971,0.8348358622499685,False,0.7732113794294331,False,0.15771812080536912,0.06196497278042268,False,0.03969423674647992,False
00-0031806,RB,2022,1,0,0.6923937360178971,0.7815438494001729,False,0.7613730132802217,False,0.15771812080536912,0.08381944120095113,False,0.09191497069954703,False
00-0032058,RB,2022,1,0,0.6923937360178971,0.7109443547596934,False,0.6390370252320406,False,0.15771812080536912,0.12287048772149166,False,0.13017005910793353,False
00-0032063,RB,2022,1,0,0.6923937360178971,0.4885596427087419,False,0.5262025216204097,False,0.15771812080536912,0.3460260608661762,False,0.22157336387289675,False
00-0032104,RB,2022,0,1,0.6923937360178971,0.5388275605139907,False,0.5958215740019628,False,0.15771812080536912,0.27272334767602124,False,0.2066619136543253,False
00-0032144,RB,2022,0,0,0.6923937360178971,0.5090820696531714,False,0.517868189921486,False,0.15771812080536912,0.32542790421368273,False,0.32892273408075456,False
00-0032187,RB,2022,1,0,0.6923937360178971,0.6067525737425898,False,0.7021170566456174,False,0.15771812080536912,0.22023250762626326,False,0.12526406103660376,False
00-0032257,RB,2022,1,0,0.6923937360178971,0.7578345413915122,False,0.7048592689572992,False,0.15771812080536912,0.11012553276186637,False,0.19616671160728902,False
00-0032426,RB,2022,1,0,0.6923937360178971,0.7409706591363844,False,0.769315247201846,False,0.15771812080536912,0.09763830670414922,False,0.09650586080991033,False
00-0032450,RB,2022,1,0,0.6923937360178971,0.732978280809726,False,0.8052053674558773,False,0.15771812080536912,0.11561443963096689,False,0.08551039011087821,False
00-0032602,RB,2022,1,0,0.6923937360178971,0.6484963444912465,False,0.6064397883866536,False,0.15771812080536912,0.1825362271990291,False,0.17300363362435334,False
00-0032782,RB,2022,1,0,0.6923937360178971,0.8586940996187348,False,0.793630035768952,False,0.15771812080536912,0.04288584165602299,False,0.054386906802011664,False
00-0032972,RB,2022,1,0,0.6923937360178971,0.5090820696531714,False,0.4784363556854975,False,0.15771812080536912,0.32542790421368273,False,0.3245340883926786,False
00-0032975,RB,2022,0,0,0.6923937360178971,0.831175056134463,False,0.8051718315636369,False,0.15771812080536912,0.05395577155582329,False,0.050225590449353985,False
00-0033118,RB,2022,0,0,0.6923937360178971,0.5901871368436159,False,0.6408859710138191,False,0.15771812080536912,0.25002585002914207,False,0.1915501509195369,False
00-0033280,RB,2022,1,0,0.6923937360178971,0.798898870856977,False,0.6276766552037027,False,0.15771812080536912,0.0695720108291282,False,0.058943573546004394,False
00-0033296,RB,2022,1,0,0.6923937360178971,0.6818070755932937,False,0.7325899357284196,False,0.15771812080536912,0.16330380148352702,False,0.10540866407037912,False
00-0033308,RB,2022,1,0,0.6923937360178971,0.7363316828624887,False,0.812581675311142,False,0.15771812080536912,0.12017595438178094,False,0.1435721621837362,False
00-0033376,RB,2022,1,0,0.6923937360178971,0.732978280809726,False,0.8077261107579887,False,0.15771812080536912,0.11561443963096689,False,0.07719472934703649,False
00-0033567,RB,2022,1,0,0.6923937360178971,0.7716249551808617,False,0.8576540604731561,False,0.15771812080536912,0.11622990808744044,False,0.039799803447041114,False
00-0033594,RB,2022,1,0,0.6923937360178971,0.8234045080532392,False,0.7516850330765684,False,0.15771812080536912,0.06017341623003471,False,0.09743088022661707,False
00-0033699,RB,2022,1,0,0.6923937360178971,0.5715244297169608,False,0.5287847226685591,False,0.15771812080536912,0.23879320179387709,False,0.3305766049651479,False
00-0033725,RB,2022,1,0,0.6923937360178971,0.6678733007672626,False,0.7210761508219918,False,0.15771812080536912,0.16503556012581705,False,0.12943043690955858,False
00-0033854,RB,2022,0,1,0.6923937360178971,0.6305037662547881,False,0.71577083339914,False,0.15771812080536912,0.19209417319517622,False,0.14670838704117264,False
00-0033893,RB,2022,1,0,0.6923937360178971,0.5824856408419431,False,0.4184311831787333,False,0.15771812080536912,0.25121097745896387,False,0.25135580623124276,False
00-0033906,RB,2022,0,1,0.6923937360178971,0.5860200301633375,False,0.5318416767409422,False,0.15771812080536912,0.24189068048089987,False,0.3585946625263837,False
00-0033923,RB,2022,0,1,0.6923937360178971,0.732978280809726,False,0.619868137829311,False,0.15771812080536912,0.11561443963096689,False,0.15075031136597392,False
00-0033948,RB,2022,0,1,0.6923937360178971,0.5860200301633375,False,0.5349494279637126,False,0.15771812080536912,0.24189068048089987,False,0.2357520327236948,False
00-0033950,RB,2022,1,0,0.6923937360178971,0.6954228698925816,False,0.8159084456901488,False,0.15771812080536912,0.16158669791379443,False,0.08686094354800422,False
00-0033951,RB,2022,1,0,0.6923937360178971,0.8381227629453245,False,0.8340821899747145,False,0.15771812080536912,0.049727127734938655,False,0.03562393030477086,False
00-0033955,RB,2022,1,0,0.6923937360178971,0.5860200301633375,False,0.6247621848034566,False,0.15771812080536912,0.24189068048089987,False,0.1997733211818764,False
00-0034109,RB,2022,1,0,0.6923937360178971,0.5991509490276675,False,0.7684471624712268,False,0.15771812080536912,0.2213180884891612,False,0.15066722431763901,False
00-0034115,RB,2022,1,0,0.6923937360178971,0.7098259319850156,False,0.7285054056801699,False,0.15771812080536912,0.14035955039428633,False,0.10490813332161907,False
00-0034164,RB,2022,1,0,0.6923937360178971,0.66373583296448,False,0.7362606793663985,False,0.15771812080536912,0.17632247205024856,False,0.08417056073674582,False
00-0034208,RB,2022,1,0,0.6923937360178971,0.7950103271706516,False,0.8201358218014319,False,0.15771812080536912,0.08625040647493006,False,0.11423527170146526,False
00-0034311,RB,2022,1,0,0.6923937360178971,0.841847052311183,False,0.9001303006428014,False,0.15771812080536912,0.05083860621968172,False,0.0332777156375369,False
00-0034331,RB,2022,1,0,0.6923937360178971,0.803093753102162,False,0.8370922804742189,False,0.15771812080536912,0.0797039911274882,False,0.061370579332985085,False
00-0034367,RB,2022,1,0,0.6923937360178971,0.45455988025611327,False,0.5355694915979615,False,0.15771812080536912,0.3944823626889529,False,0.29260818237579617,False
00-0034378,RB,2022,1,0,0.6923937360178971,0.7888830607847368,False,0.8306445972521846,False,0.15771812080536912,0.09968095385419776,False,0.06946353726432503,False
00-0034400,RB,2022,1,0,0.6923937360178971,0.7835461255454746,False,0.8579462704725432,False,0.15771812080536912,0.10024870149190719,False,0.03637498273437631,False
00-0034433,RB,2022,1,0,0.6923937360178971,0.8740151048466059,False,0.9591652443186063,False,0.15771812080536912,0.036129785557197695,False,0.026846726495652944,False
00-0034440,RB,2022,0,1,0.6923937360178971,0.6348251626272187,False,0.6492865025694757,False,0.15771812080536912,0.18001831981280014,False,0.1446947128787157,False
00-0034578,RB,2022,1,0,0.6923937360178971,0.8724041401217606,False,0.8740121757603995,False,0.15771812080536912,0.03791844811725406,False,0.030243443717181642,False
00-0034597,RB,2022,1,0,0.6923937360178971,0.8033138044690356,False,0.8351292491319497,False,0.15771812080536912,0.071093868387435,False,0.05595959676905444,False
00-0034614,RB,2022,1,0,0.6923937360178971,0.5206473774038064,False,0.5982103463269666,False,0.15771812080536912,0.31315174996151623,False,0.2725201149466781,False
00-0034750,RB,2022,1,0,0.6923937360178971,0.756414478595988,False,0.5815272128343101,False,0.15771812080536912,0.08979588467748371,False,0.2120780114987968,False
00-0034791,RB,2022,0,1,0.6923937360178971,0.553565265565211,False,0.44330089922975857,False,0.15771812080536912,0.2761013087701255,False,0.3419863383766206,False
00-0034808,RB,2022,1,0,0.6923937360178971,0.8740151048466059,False,0.8151755587427255,False,0.15771812080536912,0.036129785557197695,False,0.03889012618736228,False
00-0034816,RB,2022,1,0,0.6923937360178971,0.5206473774038064,False,0.5611626388632955,False,0.15771812080536912,0.31315174996151623,False,0.26613962204174874,False
00-0034838,RB,2022,1,0,0.6923937360178971,0.6378701825025624,False,0.6957068524438227,False,0.15771812080536912,0.19111675555421656,False,0.13654214413281496,False
00-0034844,RB,2022,1,0,0.6923937360178971,0.7185265539420995,False,0.6129620936566701,False,0.15771812080536912,0.10668573066471752,False,0.15650539903152463,False
00-0034972,RB,2022,1,0,0.6923937360178971,0.5342036885388814,False,0.558383773684847,False,0.15771812080536912,0.2888274924345825,False,0.2738971393074544,False
00-0035184,RB,2022,1,0,0.6923937360178971,0.8482565515687704,False,0.9298516610155141,False,0.15771812080536912,0.0526817582618629,False,0.025553152506174532,False
00-0035187,RB,2022,1,0,0.6923937360178971,0.8355840622364193,False,0.8033907842567403,False,0.15771812080536912,0.05363457053513755,False,0.06590236206902132,False
00-0035218,RB,2022,1,0,0.6923937360178971,0.8740151048466059,False,0.8925111825933874,False,0.15771812080536912,0.036129785557197695,False,0.01969695333759774,False
00-0035268,RB,2022,1,0,0.6923937360178971,0.8586940996187348,False,0.7346117431414088,False,0.15771812080536912,0.04288584165602299,False,0.06395217112498103,False
00-0035273,RB,2022,1,0,0.6923937360178971,0.8266723427150916,False,0.7813108454547576,False,0.15771812080536912,0.054278785824461745,False,0.06962555339677172,False
00-0035291,RB,2022,1,0,0.6923937360178971,0.8137687108127519,False,0.8200568021255266,False,0.15771812080536912,0.06835652209233395,False,0.04682108838201624,False
00-0035304,RB,2022,1,0,0.6923937360178971,0.8285496847712476,False,0.8658815979770452,False,0.15771812080536912,0.05817514960957151,False,0.02680987917444172,False
00-0035311,RB,2022,1,0,0.6923937360178971,0.5513116757399158,False,0.6116920385652858,False,0.15771812080536912,0.255988694292633,False,0.17396023687460102,False
00-0035342,RB,2022,1,0,0.6923937360178971,0.803093753102162,False,0.8424461045123163,False,0.15771812080536912,0.0797039911274882,False,0.06205030459454408,False
00-0035448,RB,2022,1,0,0.6923937360178971,0.8740151048466059,False,0.8658725227085198,False,0.15771812080536912,0.036129785557197695,False,0.029079886474081103,False
00-0035537,RB,2022,0,0,0.6923937360178971,0.5792820781879001,False,0.647846296561686,False,0.15771812080536912,0.23764806436922514,False,0.21107141184625688,False
00-0035567,RB,2022,1,0,0.6923937360178971,0.8381227629453245,False,0.7472673459057606,False,0.15771812080536912,0.049727127734938655,False,0.09930710455276359,False
00-0035594,RB,2022,0,0,0.6923937360178971,0.6230760490925272,False,0.6335490109619814,False,0.15771812080536912,0.19307539641706645,False,0.18703037374497253,False
00-0035628,RB,2022,0,0,0.6923937360178971,0.5860200301633375,False,0.542882161288184,False,0.15771812080536912,0.24189068048089987,False,0.23230541755039105,False
00-0035685,RB,2022,0,1,0.6923937360178971,0.5860200301633375,False,0.19365805222536966,False,0.15771812080536912,0.24189068048089987,False,0.661957071829364,False
00-0035760,RB,2022,1,0,0.6923937360178971,0.8740151048466059,False,0.8210955380728041,False,0.15771812080536912,0.036129785557197695,False,0.03370720102898546,False
00-0035831,RB,2022,0,0,0.6923937360178971,0.5623940480946259,False,0.5397052247920706,False,0.15771812080536912,0.2689846923763355,False,0.2429445985975279,False
00-0035835,RB,2022,1,0,0.6923937360178971,0.8185330514884,False,0.8293433553948297,False,0.15771812080536912,0.06795575077550109,False,0.04341268195689449,False
00-0035860,RB,2022,1,0,0.6923937360178971,0.7744860925142759,False,0.7926306115194932,False,0.15771812080536912,0.07668406440775068,False,0.0679249321461698,False
00-0035898,RB,2022,1,0,0.6923937360178971,0.8740151048466059,False,0.8883714511043069,False,0.15771812080536912,0.036129785557197695,False,0.023040317241660335,False
00-0035924,RB,2022,1,0,0.6923937360178971,0.7337690343645894,False,0.8338562823463704,False,0.15771812080536912,0.11262356576370436,False,0.07424901253208667,False
00-0035957,RB,2022,1,0,0.6923937360178971,0.8416616143027316,False,0.7566648364523882,False,0.15771812080536912,0.05714654529770789,False,0.06873782303441163,False
00-0035973,RB,2022,1,0,0.6923937360178971,0.8033138044690356,False,0.7859023943007548,False,0.15771812080536912,0.071093868387435,False,0.06115580304517176,False
00-0036020,RB,2022,1,0,0.6923937360178971,0.7109443547596934,False,0.7967638257570641,False,0.15771812080536912,0.12287048772149166,False,0.06241193977616172,False
00-0036069,RB,2022,1,0,0.6923937360178971,0.8688275067068859,False,0.8694165585095743,False,0.15771812080536912,0.03814932416421142,False,0.03337127914878927,False
00-0036096,RB,2022,1,0,0.6923937360178971,0.8010046194324962,False,0.8288666394823703,False,0.15771812080536912,0.07447973017582882,False,0.06502930898216822,False
00-0036208,RB,2022,1,0,0.6923937360178971,0.8607685939863335,False,0.894820124796234,False,0.15771812080536912,0.04472299091226772,False,0.01949925875697522,False
00-0036223,RB,2022,0,0,0.6923937360178971,0.45455988025611327,False,0.3214887386888056,False,0.15771812080536912,0.3944823626889529,False,0.4411081633103649,False
00-0036269,RB,2022,1,0,0.6923937360178971,0.8080667785881416,False,0.805550835398358,False,0.15771812080536912,0.07924234887912007,False,0.05543966584021837,False
00-0036275,RB,2022,0,1,0.6923937360178971,0.5946769330977745,False,0.42173975559093374,False,0.15771812080536912,0.23536914933094183,False,0.4167315134793156,False
00-0036278,RB,2022,1,0,0.6923937360178971,0.8607685939863335,False,0.7393769180859778,False,0.15771812080536912,0.04472299091226772,False,0.08704223764544282,False
00-0036297,RB,2022,1,0,0.6923937360178971,0.8740151048466059,False,0.8558293455974364,False,0.15771812080536912,0.036129785557197695,False,0.045399260480559166,False
00-0036328,RB,2022,0,1,0.6923937360178971,0.48754921572299387,False,0.4463094262502619,False,0.15771812080536912,0.35275129150647705,False,0.39695981647470324,False
00-0036336,RB,2022,1,0,0.6923937360178971,0.8001366990843612,False,0.9098541181313333,False,0.15771812080536912,0.08575438077261263,False,0.06123061655067358,False
00-0036370,RB,2022,1,0,0.6923937360178971,0.6886557518220375,False,0.7906251427655141,False,0.15771812080536912,0.16244342091928143,False,0.11660138599369152,False
00-0036425,RB,2022,1,0,0.6923937360178971,0.5637314664860932,False,0.6746828796433584,False,0.15771812080536912,0.23994212048040295,False,0.12929937700821933,False
00-0036457,RB,2022,1,0,0.6923937360178971,0.7580899363234219,False,0.7341439285919457,False,0.15771812080536912,0.09858111272585143,False,0.11618976701148899,False
00-0036493,RB,2022,0,0,0.6923937360178971,0.841847052311183,False,0.84687403259816,False,0.15771812080536912,0.05083860621968172,False,0.046550308597229556,False
00-0036523,RB,2022,1,0,0.6923937360178971,0.8740151048466059,False,0.7656655692004231,False,0.15771812080536912,0.036129785557197695,False,0.05577610958188859,False
00-0036555,RB,2022,0,1,0.6923937360178971,0.48754921572299387,False,0.5089234324257944,False,0.15771812080536912,0.35275129150647705,False,0.3410012626166848,False
00-0036569,RB,2022,1,0,0.6923937360178971,0.7580899363234219,False,0.8266135000716427,False,0.15771812080536912,0.09858111272585143,False,0.07309090932751341,False
00-0036582,RB,2022,1,0,0.6923937360178971,0.8740151048466059,False,0.9007127483547107,False,0.15771812080536912,0.036129785557197695,False,0.019595855628622642,False
00-0036650,RB,2022,1,0,0.6923937360178971,0.7062698982902446,False,0.7160097635871233,False,0.15771812080536912,0.13514960927536773,False,0.09770723615460764,False
00-0036654,RB,2022,1,0,0.6923937360178971,0.5206473774038064,False,0.6975657821625657,False,0.15771812080536912,0.31315174996151623,False,0.204496977183312,False
00-0036669,RB,2022,1,0,0.6923937360178971,0.732978280809726,False,0.7835986635909444,False,0.15771812080536912,0.11561443963096689,False,0.07632097040880084,False
00-0036670,RB,2022,1,0,0.6923937360178971,0.8234045080532392,False,0.8139915576981449,False,0.15771812080536912,0.06017341623003471,False,0.06368011358763262,False
00-0036698,RB,2022,1,0,0.6923937360178971,0.8234045080532392,False,0.8291191617057085,False,0.15771812080536912,0.06017341623003471,False,0.04212669061211073,False
00-0036734,RB,2022,1,0,0.6923937360178971,0.8740151048466059,False,0.8925111825933874,False,0.15771812080536912,0.036129785557197695,False,0.01969695333759774,False
00-0036755,RB,2022,1,0,0.6923937360178971,0.5206473774038064,False,0.6204886386993835,False,0.15771812080536912,0.31315174996151623,False,0.23919815413477924,False
00-0036768,RB,2022,1,0,0.6923937360178971,0.8586940996187348,False,0.8089722309071004,False,0.15771812080536912,0.04288584165602299,False,0.04474313256939426,False
00-0036799,RB,2022,1,0,0.6923937360178971,0.8740151048466059,False,0.8925111825933874,False,0.15771812080536912,0.036129785557197695,False,0.01969695333759774,False
00-0036842,RB,2022,1,0,0.6923937360178971,0.7062698982902446,False,0.6926697928336586,False,0.15771812080536912,0.13514960927536773,False,0.1088691297646449,False
00-0036906,RB,2022,0,0,0.6923937360178971,0.48754921572299387,False,0.5439903851106994,False,0.15771812080536912,0.35275129150647705,False,0.2820835268719443,False
00-0036924,RB,2022,0,1,0.6923937360178971,0.553565265565211,False,0.4750402940582572,False,0.15771812080536912,0.2761013087701255,False,0.2971352036638823,False
00-0036950,RB,2022,0,1,0.6923937360178971,0.5206473774038064,False,0.6355483474872684,False,0.15771812080536912,0.31315174996151623,False,0.13868919428891407,False
00-0036997,RB,2022,1,0,0.6923937360178971,0.45455988025611327,False,0.4387486154581881,False,0.15771812080536912,0.3944823626889529,False,0.38966505192141015,False
00-0026035,WR,2022,1,0,0.6839622641509434,0.7258579641599964,False,0.7594625451050798,False,0.17138364779874213,0.12952869513328166,False,0.10650801546779619,False
00-0027691,WR,2022,1,0,0.6839622641509434,0.4383776138469682,False,0.5741070135294062,False,0.17138364779874213,0.3538659915874179,False,0.20655560578031834,False
00-0027793,WR,2022,1,0,0.6839622641509434,0.7850843549651089,False,0.5791815212803458,False,0.17138364779874213,0.09550347898216878,False,0.24155118195333683,False
00-0028237,WR,2022,1,0,0.6839622641509434,0.841918157532353,False,0.8705655893176459,False,0.17138364779874213,0.0698240649143888,False,0.049526285639999466,False
00-0029293,WR,2022,1,0,0.6839622641509434,0.4123115203006442,False,0.40365998614595705,False,0.17138364779874213,0.39719866623602934,False,0.4132206401496503,False
00-0029608,WR,2022,1,0,0.6839622641509434,0.6859201635112222,False,0.6697033374775805,False,0.17138364779874213,0.15452969934554614,False,0.16346345491029735,False
00-0029632,WR,2022,1,0,0.6839622641509434,0.7665401170708402,False,0.7417387101734523,False,0.17138364779874213,0.11271754837817245,False,0.12876768161764018,False
00-0029664,WR,2022,1,0,0.6839622641509434,0.7216359926384868,False,0.7905459193610797,False,0.17138364779874213,0.13211232972775017,False,0.08177557017678432,False
00-0030035,WR,2022,1,0,0.6839622641509434,0.5595351480452254,False,0.5863422391285231,False,0.17138364779874213,0.2533194031547512,False,0.20880305885077177,False
00-0030068,WR,2022,0,0,0.6839622641509434,0.5237833671363045,False,0.5651233044175319,False,0.17138364779874213,0.2753003377819316,False,0.22174121353297954,False
00-0030085,WR,2022,1,0,0.6839622641509434,0.7907770371833952,False,0.834271956653327,False,0.17138364779874213,0.097652098917224,False,0.06446204045358,False
00-0030279,WR,2022,1,0,0.6839622641509434,0.46202272171297754,False,0.40328856569457444,False,0.17138364779874213,0.34917981047054797,False,0.45530970733361725,False
00-0030431,WR,2022,0,1,0.6839622641509434,0.7216359926384868,False,0.6923847628773925,False,0.17138364779874213,0.13211232972775017,False,0.25328931822300554,False
00-0030525,WR,2022,1,0,0.6839622641509434,0.6478579587486498,False,0.6903076735665856,False,0.17138364779874213,0.17996218364224445,False,0.13899676254462653,False
00-0030564,WR,2022,0,0,0.6839622641509434,0.6526603292900611,False,0.5949185257901941,False,0.17138364779874213,0.1766332290532041,False,0.19161382656197995,False
00-0030663,WR,2022,1,0,0.6839622641509434,0.7850843549651089,False,0.8217570059544246,False,0.17138364779874213,0.09550347898216878,False,0.0738699510745593,False
00-0030669,WR,2022,1,0,0.6839622641509434,0.6859201635112222,False,0.6615588764128245,False,0.17138364779874213,0.15452969934554614,False,0.1460301282496838,False
00-0031051,WR,2022,1,0,0.6839622641509434,0.8788361042480144,False,0.9028270476556528,False,0.17138364779874213,0.04834554859231394,False,0.03608315662682873,False
00-0031236,WR,2022,0,0,0.6839622641509434,0.4543919643702022,False,0.393937205276506,False,0.17138364779874213,0.3543313118249407,False,0.4007764318149633,False
00-0031319,WR,2022,1,0,0.6839622641509434,0.5201769664309014,False,0.599795088316162,False,0.17138364779874213,0.29927891764272074,False,0.17728127988180958,False
00-0031325,WR,2022,1,0,0.6839622641509434,0.6478579587486498,False,0.6520047376174917,False,0.17138364779874213,0.17996218364224445,False,0.1966889175443945,False
00-0031382,WR,2022,0,0,0.6839622641509434,0.607820430508583,False,0.760390260056685,False,0.17138364779874213,0.20854788442038621,False,0.23549270336375783,False
00-0031428,WR,2022,0,0,0.6839622641509434,0.607820430508583,False,0.5842596292235999,False,0.17138364779874213,0.20854788442038621,False,0.23797416173521102,False
00-0031545,WR,2022,1,0,0.6839622641509434,0.8739409419461,False,0.8860862481984452,False,0.17138364779874213,0.05519663402992762,False,0.051866062533544456,False
00-0031547,WR,2022,0,0,0.6839622641509434,0.6969823896626807,False,0.5638059959257591,False,0.17138364779874213,0.1487015356053625,False,0.2609473865110249,False
00-0031763,WR,2022,1,0,0.6839622641509434,0.39670192342259586,False,0.36733423217234323,False,0.17138364779874213,0.39671163979895985,False,0.3417909714197027,False
00-0031868,WR,2022,0,0,0.6839622641509434,0.6273238867406717,False,0.646554378061327,False,0.17138364779874213,0.19756109428032803,False,0.1855906983764133,False
00-0031934,WR,2022,1,0,0.6839622641509434,0.9108784781236884,False,0.9456869304362643,False,0.17138364779874213,0.03403842974039718,False,0.021895696075136802,False
00-0031941,WR,2022,1,0,0.6839622641509434,0.6159113528825083,False,0.620244024455866,False,0.17138364779874213,0.2126418530473841,False,0.21808634532254362,False
00-0032009,WR,2022,1,0,0.6839622641509434,0.4805667293478244,False,0.5477361923486753,False,0.17138364779874213,0.3496719403573956,False,0.28365740594013017,False
00-0032128,WR,2022,1,0,0.6839622641509434,0.5322738929161899,False,0.5953237011254705,False,0.17138364779874213,0.28024071845763004,False,0.19844793373094502,False
00-0032160,WR,2022,1,0,0.6839622641509434,0.9108784781236884,False,0.8906017605635024,False,0.17138364779874213,0.03403842974039718,False,0.04763830221917701,False
00-0032200,WR,2022,1,0,0.6839622641509434,0.5237833671363045,False,0.5707260490868731,False,0.17138364779874213,0.2753003377819316,False,0.15930054784748782,False
00-0032208,WR,2022,0,1,0.6839622641509434,0.8373307187325258,False,0.842268404094668,False,0.17138364779874213,0.06824143401711531,False,0.07267247332974347,False
00-0032211,WR,2022,1,0,0.6839622641509434,0.4383776138469682,False,0.37007784734702126,False,0.17138364779874213,0.3538659915874179,False,0.43369625551059443,False
00-0032385,WR,2022,1,0,0.6839622641509434,0.76421406090173,False,0.7599932669938808,False,0.17138364779874213,0.1080681539527276,False,0.15594094577812218,False
00-0032398,WR,2022,0,1,0.6839622641509434,0.742899019715367,False,0.7699512113428643,False,0.17138364779874213,0.13521461477274171,False,0.12399100930484293,False
00-0032464,WR,2022,0,1,0.6839622641509434,0.4383776138469682,False,0.4477863069413024,False,0.17138364779874213,0.3538659915874179,False,0.31147216564589414,False
00-0032543,WR,2022,1,0,0.6839622641509434,0.4123115203006442,False,0.5532844471327067,False,0.17138364779874213,0.39719866623602934,False,0.23751997138307623,False
00-0032626,WR,2022,1,0,0.6839622641509434,0.9108784781236884,False,0.9141270887842926,False,0.17138364779874213,0.03403842974039718,False,0.02996161516623324,False
00-0032688,WR,2022,0,0,0.6839622641509434,0.4123115203006442,False,0.48232472289283157,False,0.17138364779874213,0.39719866623602934,False,0.2602660550668635,False
00-0032778,WR,2022,1,0,0.6839622641509434,0.614767636075944,False,0.6411401904055842,False,0.17138364779874213,0.23294022440906995,False,0.20977129383420098,False
00-0032791,WR,2022,1,0,0.6839622641509434,0.49713416329738547,False,0.5751417789692264,False,0.17138364779874213,0.31368290554853573,False,0.18626186744012943,False
00-0032881,WR,2022,1,0,0.6839622641509434,0.8903953978034058,False,0.8973536869161818,False,0.17138364779874213,0.04434795577037941,False,0.03841314355298698,False
00-0032951,WR,2022,1,0,0.6839622641509434,0.6721966050270511,False,0.6207959782747412,False,0.17138364779874213,0.18394993493574585,False,0.23863701197639,False
00-0032977,WR,2022,1,0,0.6839622641509434,0.607820430508583,False,0.6226990936827002,False,0.17138364779874213,0.20854788442038621,False,0.19037069553316577,False
00-0032980,WR,2022,1,0,0.6839622641509434,0.7804239693577646,False,0.80605204792898,False,0.17138364779874213,0.1017066082812972,False,0.08667757865423495,False
00-0033006,WR,2022,1,0,0.6839622641509434,0.6478579587486498,False,0.7061959237359757,False,0.17138364779874213,0.17996218364224445,False,0.12043084727488719,False
00-0033094,WR,2022,1,0,0.6839622641509434,0.8860581821610449,False,0.8933802406094665,False,0.17138364779874213,0.04331047532446703,False,0.04151017935197019,False
00-0033111,WR,2022,1,0,0.6839622641509434,0.719699113567458,False,0.7876826277550424,False,0.17138364779874213,0.1320973866667329,False,0.07486013679846668,False
00-0033127,WR,2022,1,0,0.6839622641509434,0.8710591245511311,False,0.8663781786260015,False,0.17138364779874213,0.05046110566012617,False,0.05448256891449772,False
00-0033215,WR,2022,1,0,0.6839622641509434,0.8855694377545407,False,0.7084531923154985,False,0.17138364779874213,0.04843923927560084,False,0.1435614793397489,False
00-0033251,WR,2022,1,0,0.6839622641509434,0.4383776138469682,False,0.5080148061030255,False,0.17138364779874213,0.3538659915874179,False,0.22923081928897965,False
00-0033266,WR,2022,1,0,0.6839622641509434,0.8824174162609658,False,0.8931921811526816,False,0.17138364779874213,0.04949126992323644,False,0.038646156815805154,False
00-0033282,WR,2022,0,1,0.6839622641509434,0.7966012582563381,False,0.8141184306060621,False,0.17138364779874213,0.08600086118293732,False,0.05371302325276198,False
00-0033367,WR,2022,1,0,0.6839622641509434,0.7937043589885279,False,0.8260652062353608,False,0.17138364779874213,0.09166016836084892,False,0.06561413248438787,False
00-0033375,WR,2022,1,0,0.6839622641509434,0.4543919643702022,False,0.44423784875345973,False,0.17138364779874213,0.3543313118249407,False,0.34837420704075844,False
00-0033386,WR,2022,1,0,0.6839622641509434,0.8886476259473536,False,0.8939741895131006,False,0.17138364779874213,0.0474084561383338,False,0.0482211604908947,False
00-0033460,WR,2022,1,0,0.6839622641509434,0.768850167085315,False,0.7142291212910639,False,0.17138364779874213,0.11754061240433246,False,0.12185635558067641,False
00-0033471,WR,2022,1,0,0.6839622641509434,0.6997110785703287,False,0.7440825650215845,False,0.17138364779874213,0.15479569653510913,False,0.11609956227312415,False
00-0033536,WR,2022,0,0,0.6839622641509434,0.46202272171297754,False,0.3473320149447936,False,0.17138364779874213,0.34917981047054797,False,0.4660072013506583,False
00-0033555,WR,2022,0,1,0.6839622641509434,0.5201769664309014,False,0.6010970518288206,False,0.17138364779874213,0.29927891764272074,False,0.19678749163409084,False
00-0033572,WR,2022,1,0,0.6839622641509434,0.6664629151140544,False,0.5688692636024097,False,0.17138364779874213,0.1701575821156917,False,0.33353551906044115,False
00-0033589,WR,2022,1,0,0.6839622641509434,0.8959423934308064,False,0.9002827258210351,False,0.17138364779874213,0.0405925671259933,False,0.03494907746066898,False
00-0033591,WR,2022,1,0,0.6839622641509434,0.722304741150927,False,0.7402674670601995,False,0.17138364779874213,0.1376210744926285,False,0.13050873876762184,False
00-0033681,WR,2022,0,0,0.6839622641509434,0.5169431394629636,False,0.5458903325399969,False,0.17138364779874213,0.2894445305845167,False,0.26534880152043633,False
00-0033733,WR,2022,1,0,0.6839622641509434,0.6526603292900611,False,0.6996377706539278,False,0.17138364779874213,0.1766332290532041,False,0.1012135481578712,False
00-0033839,WR,2022,1,0,0.6839622641509434,0.5884102453235409,False,0.6557649879740447,False,0.17138364779874213,0.2584453914520072,False,0.18230622647979805,False
00-0033871,WR,2022,0,0,0.6839622641509434,0.7216359926384868,False,0.7116645286928288,False,0.17138364779874213,0.13211232972775017,False,0.16551208691620123,False
00-0033921,WR,2022,1,0,0.6839622641509434,0.5237833671363045,False,0.4979715719874202,False,0.17138364779874213,0.2753003377819316,False,0.44102959313204976,False
00-0033932,WR,2022,1,0,0.6839622641509434,0.6001093803917676,False,0.5999076087835261,False,0.17138364779874213,0.24111096249597017,False,0.27578860396061067,False
00-0033943,WR,2022,0,0,0.6839622641509434,0.6478579587486498,False,0.6131755697269454,False,0.17138364779874213,0.17996218364224445,False,0.21317103674860488,False
00-0033957,WR,2022,1,0,0.6839622641509434,0.9108784781236884,False,0.9162313024022206,False,0.17138364779874213,0.03403842974039718,False,0.02962840457852518,False
00-0034052,WR,2022,1,0,0.6839622641509434,0.6653879482054161,False,0.6821834347503619,False,0.17138364779874213,0.18736555716909273,False,0.17253424553972013,False
00-0034054,WR,2022,1,0,0.6839622641509434,0.8758873085559604,False,0.8896215663808389,False,0.17138364779874213,0.05166062628910343,False,0.038843812129900186,False
00-0034104,WR,2022,0,0,0.6839622641509434,0.607820430508583,False,0.6488102092624183,False,0.17138364779874213,0.20854788442038621,False,0.14925261491296574,False
00-0034132,WR,2022,1,0,0.6839622641509434,0.722304741150927,False,0.7758303429674714,False,0.17138364779874213,0.1376210744926285,False,0.08994260195323427,False
00-0034272,WR,2022,1,0,0.6839622641509434,0.6478579587486498,False,0.6304421107368859,False,0.17138364779874213,0.17996218364224445,False,0.20311139706532752,False
00-0034317,WR,2022,1,0,0.6839622641509434,0.8886476259473536,False,0.8897047995160908,False,0.17138364779874213,0.0474084561383338,False,0.04513004585792876,False
00-0034348,WR,2022,0,1,0.6839622641509434,0.5266392810790302,False,0.48655809504089265,False,0.17138364779874213,0.3195076930722398,False,0.4016971994218919,False
00-0034353,WR,2022,1,0,0.6839622641509434,0.8788361042480144,False,0.9259644716228153,False,0.17138364779874213,0.04834554859231394,False,0.029294080379067142,False
00-0034366,WR,2022,1,0,0.6839622641509434,0.8950419515577639,False,0.9134115157882559,False,0.17138364779874213,0.040587491646044485,False,0.033117386609957805,False
00-0034411,WR,2022,1,0,0.6839622641509434,0.5519462087250663,False,0.5376644177423842,False,0.17138364779874213,0.2576164664837186,False,0.30397645684159386,False
00-0034419,WR,2022,0,1,0.6839622641509434,0.44678257078561545,False,0.677960861892208,False,0.17138364779874213,0.35951683072582014,False,0.2679891990119966,False
00-0034631,WR,2022,1,0,0.6839622641509434,0.9060441841586313,False,0.912020886556157,False,0.17138364779874213,0.03721098519084169,False,0.030087421978723335,False
00-0034652,WR,2022,1,0,0.6839622641509434,0.8593591071621807,False,0.8525167207154276,False,0.17138364779874213,0.05749057865891191,False,0.04507905252201862,False
00-0034669,WR,2022,1,0,0.6839622641509434,0.9108784781236884,False,0.9142021241165402,False,0.17138364779874213,0.03403842974039718,False,0.0303071288849448,False
00-0034686,WR,2022,1,0,0.6839622641509434,0.8482696340029159,False,0.8891374762115052,False,0.17138364779874213,0.0640481457689616,False,0.04292862953882073,False
00-0034764,WR,2022,1,0,0.6839622641509434,0.6838436472732629,False,0.5960656842175847,False,0.17138364779874213,0.15451267210446648,False,0.22185322996771234,False
00-0034765,WR,2022,0,0,0.6839622641509434,0.6859201635112222,False,0.674115653287963,False,0.17138364779874213,0.15452969934554614,False,0.16756268773413452,False
00-0034777,WR,2022,0,0,0.6839622641509434,0.8465949183750854,False,0.8294270294082463,False,0.17138364779874213,0.06126765454015483,False,0.06504555260493712,False
00-0034827,WR,2022,0,1,0.6839622641509434,0.41977930437529554,False,0.4254379870332076,False,0.17138364779874213,0.3918021193682378,False,0.43134819270185576,False
00-0034837,WR,2022,1,0,0.6839622641509434,0.7966012582563381,False,0.705191708004438,False,0.17138364779874213,0.08600086118293732,False,0.1526879176883448,False
00-0034854,WR,2022,0,0,0.6839622641509434,0.6515641348498665,False,0.705493841956654,False,0.17138364779874213,0.19434271612508489,False,0.1531157071309309,False
00-0034860,WR,2022,0,1,0.6839622641509434,0.872506985763612,False,0.9007733031056989,False,0.17138364779874213,0.05277874025352966,False,0.053031152220559825,False
00-0034930,WR,2022,1,0,0.6839622641509434,0.7850843549651089,False,0.8106618188293672,False,0.17138364779874213,0.09550347898216878,False,0.08657627819339445,False
00-0035021,WR,2022,0,0,0.6839622641509434,0.49268835435099784,False,0.5148888569810562,False,0.17138364779874213,0.32893287329432863,False,0.2276281695452201,False
00-0035022,WR,2022,1,0,0.6839622641509434,0.6959609122829237,False,0.7498298053451805,False,0.17138364779874213,0.16416893144359748,False,0.11700856122917017,False
00-0035045,WR,2022,1,0,0.6839622641509434,0.8959423934308064,False,0.8987789833933981,False,0.17138364779874213,0.0405925671259933,False,0.04754920897456476,False
00-0035101,WR,2022,1,0,0.6839622641509434,0.8959423934308064,False,0.9188680455736412,False,0.17138364779874213,0.0405925671259933,False,0.035192740956866524,False
00-0035164,WR,2022,1,0,0.6839622641509434,0.8959423934308064,False,0.9014601892605859,False,0.17138364779874213,0.0405925671259933,False,0.03486921706093993,False
00-0035208,WR,2022,0,1,0.6839622641509434,0.5278436930975292,False,0.5807020001085983,False,0.17138364779874213,0.2945626565488478,False,0.22541653426733638,False
00-0035215,WR,2022,1,0,0.6839622641509434,0.5662782816330703,False,0.5109708331160826,False,0.17138364779874213,0.24034341245090343,False,0.2674101076037847,False
00-0035246,WR,2022,1,0,0.6839622641509434,0.8007665742791742,False,0.8434937041870951,False,0.17138364779874213,0.09374235430767087,False,0.06828655138313079,False
00-0035341,WR,2022,1,0,0.6839622641509434,0.857603140448123,False,0.8774917996228709,False,0.17138364779874213,0.06417804240816302,False,0.055108454932687345,False
00-0035350,WR,2022,1,0,0.6839622641509434,0.8083951717109964,False,0.8243983255557277,False,0.17138364779874213,0.08617118123166821,False,0.06567131465361362,False
00-0035359,WR,2022,1,0,0.6839622641509434,0.8593591071621807,False,0.8738204871279046,False,0.17138364779874213,0.05749057865891191,False,0.04918444196377353,False
00-0035399,WR,2022,1,0,0.6839622641509434,0.7151139077152525,False,0.7588048277997973,False,0.17138364779874213,0.1550791442991914,False,0.1016849531644273,False
00-0035406,WR,2022,1,0,0.6839622641509434,0.7547425808385352,False,0.7856056442629353,False,0.17138364779874213,0.11251423182407379,False,0.10922586865323379,False
00-0035414,WR,2022,1,0,0.6839622641509434,0.44678257078561545,False,0.44523793736950446,False,0.17138364779874213,0.35951683072582014,False,0.29475429538432973,False
00-0035432,WR,2022,1,0,0.6839622641509434,0.9108784781236884,False,0.837322295653987,False,0.17138364779874213,0.03403842974039718,False,0.10591840528673006,False
00-0035480,WR,2022,1,0,0.6839622641509434,0.7850843549651089,False,0.8190734093868374,False,0.17138364779874213,0.09550347898216878,False,0.07181337784689654,False
00-0035500,WR,2022,0,1,0.6839622641509434,0.8373307187325258,False,0.7635763282917,False,0.17138364779874213,0.06824143401711531,False,0.06892054090635559,False
00-0035510,WR,2022,1,0,0.6839622641509434,0.7284279435324931,False,0.75178826228957,False,0.17138364779874213,0.13496167511647,False,0.11032800095339482,False
00-0035527,WR,2022,1,0,0.6839622641509434,0.8544100477639881,False,0.8912715670954553,False,0.17138364779874213,0.058719854872997,False,0.04342467488753196,False
00-0035535,WR,2022,1,0,0.6839622641509434,0.5519462087250663,False,0.6787784520433521,False,0.17138364779874213,0.2576164664837186,False,0.19314481929557856,False
00-0035544,WR,2022,1,0,0.6839622641509434,0.8126044364117356,False,0.8195466461098724,False,0.17138364779874213,0.08083030511113008,False,0.05104169659626744,False
00-0035593,WR,2022,1,0,0.6839622641509434,0.8373307187325258,False,0.8424298337957511,False,0.17138364779874213,0.06824143401711531,False,0.0672668067614662,False
00-0035602,WR,2022,1,0,0.6839622641509434,0.8959423934308064,False,0.7892883482405375,False,0.17138364779874213,0.0405925671259933,False,0.048166763351831156,False
00-0035621,WR,2022,1,0,0.6839622641509434,0.8126044364117356,False,0.8325134689308149,False,0.17138364779874213,0.08083030511113008,False,0.06060205813575499,False
00-0035639,WR,2022,0,1,0.6839622641509434,0.8353524122205264,False,0.8322878252952228,False,0.17138364779874213,0.07607852226897975,False,0.0852329521981942,False
00-0035640,WR,2022,1,0,0.6839622641509434,0.39670192342259586,False,0.42878411043588527,False,0.17138364779874213,0.39671163979895985,False,0.3084425114943876,False
00-0035659,WR,2022,0,1,0.6839622641509434,0.39670192342259586,False,0.36433699829808286,False,0.17138364779874213,0.39671163979895985,False,0.42323156081636515,False
00-0035662,WR,2022,0,0,0.6839622641509434,0.4383776138469682,False,0.42273578875557494,False,0.17138364779874213,0.3538659915874179,False,0.3820893614033709,False
00-0035703,WR,2022,0,0,0.6839622641509434,0.9108784781236884,False,0.9155101842449013,False,0.17138364779874213,0.03403842974039718,False,0.035435928349137766,False
00-0035838,WR,2022,1,0,0.6839622641509434,0.9136057994061663,False,0.9189542575997486,False,0.17138364779874213,0.03485751167621652,False,0.029220611580018954,False
00-0035844,WR,2022,1,0,0.6839622641509434,0.9108784781236884,False,0.8980174332803184,False,0.17138364779874213,0.03403842974039718,False,0.0422833422283033,False
00-0035864,WR,2022,0,0,0.6839622641509434,0.7213344966203471,False,0.6939880085463598,False,0.17138364779874213,0.1521419015664649,False,0.14618331034959373,False
00-0035883,WR,2022,1,0,0.6839622641509434,0.8959423934308064,False,0.8992959832487187,False,0.17138364779874213,0.0405925671259933,False,0.030893038155597165,False
00-0035891,WR,2022,1,0,0.6839622641509434,0.8126044364117356,False,0.8290534150490632,False,0.17138364779874213,0.08083030511113008,False,0.07062536890621417,False
00-0035935,WR,2022,1,0,0.6839622641509434,0.8788361042480144,False,0.8870597124694362,False,0.17138364779874213,0.04834554859231394,False,0.040089638769351114,False
00-0035976,WR,2022,1,0,0.6839622641509434,0.8842502393174073,False,0.8963194696119043,False,0.17138364779874213,0.04630284706412583,False,0.03492940606614695,False
00-0036080,WR,2022,1,0,0.6839622641509434,0.8788361042480144,False,0.8955740046782134,False,0.17138364779874213,0.04834554859231394,False,0.0408386369991089,False
00-0036110,WR,2022,1,0,0.6839622641509434,0.8739409419461,False,0.8899391312535896,False,0.17138364779874213,0.05519663402992762,False,0.05839832061001579,False
00-0036133,WR,2022,1,0,0.6839622641509434,0.7586303722233126,False,0.720011328871019,False,0.17138364779874213,0.11026517032018317,False,0.14113618826145743,False
00-0036176,WR,2022,1,0,0.6839622641509434,0.9108784781236884,False,0.9142021241165402,False,0.17138364779874213,0.03403842974039718,False,0.0303071288849448,False
00-0036183,WR,2022,1,0,0.6839622641509434,0.9108784781236884,False,0.9339823105662377,False,0.17138364779874213,0.03403842974039718,False,0.014595723217167313,False
00-0036219,WR,2022,0,0,0.6839622641509434,0.39670192342259586,False,0.4248747384265052,False,0.17138364779874213,0.39671163979895985,False,0.3502854338963423,False
00-0036228,WR,2022,1,0,0.6839622641509434,0.8593591071621807,False,0.8834495988500338,False,0.17138364779874213,0.05749057865891191,False,0.041417896583223576,False
00-0036233,WR,2022,0,1,0.6839622641509434,0.5662782816330703,False,0.5355531443723032,False,0.17138364779874213,0.24034341245090343,False,0.28360753065458133,False
00-0036247,WR,2022,1,0,0.6839622641509434,0.39670192342259586,False,0.46178533806931243,False,0.17138364779874213,0.39671163979895985,False,0.2583231736366449,False
00-0036252,WR,2022,0,1,0.6839622641509434,0.39670192342259586,False,0.298374347639849,False,0.17138364779874213,0.39671163979895985,False,0.48253029678836495,False
00-0036254,WR,2022,1,0,0.6839622641509434,0.7438208471023965,False,0.7991903272674643,False,0.17138364779874213,0.12207675684851149,False,0.09077301867338888,False
00-0036255,WR,2022,0,0,0.6839622641509434,0.6997110785703287,False,0.7473107274139871,False,0.17138364779874213,0.15479569653510913,False,0.11867700231400966,False
00-0036268,WR,2022,0,0,0.6839622641509434,0.46202272171297754,False,0.4628090863211252,False,0.17138364779874213,0.34917981047054797,False,0.31228360463883903,False
00-0036277,WR,2022,1,0,0.6839622641509434,0.8111348645338812,False,0.7857548539239303,False,0.17138364779874213,0.08082062233896967,False,0.09982098692786878,False
00-0036308,WR,2022,1,0,0.6839622641509434,0.9108784781236884,False,0.9166333009169156,False,0.17138364779874213,0.03403842974039718,False,0.029566612920290707,False
00-0036309,WR,2022,0,0,0.6839622641509434,0.4123115203006442,False,0.47632180855161016,False,0.17138364779874213,0.39719866623602934,False,0.4245076587527671,False
00-0036322,WR,2022,1,0,0.6839622641509434,0.4123115203006442,False,0.2928361797725328,False,0.17138364779874213,0.39719866623602934,False,0.5597873833859034,False
00-0036331,WR,2022,0,1,0.6839622641509434,0.4383776138469682,False,0.4669218792324743,False,0.17138364779874213,0.3538659915874179,False,0.2601749929878965,False
00-0036340,WR,2022,1,0,0.6839622641509434,0.9060441841586313,False,0.9138686446705003,False,0.17138364779874213,0.03721098519084169,False,0.029761042798273084,False
00-0036345,WR,2022,1,0,0.6839622641509434,0.4728989226592388,False,0.4886125122971609,False,0.17138364779874213,0.3548267437759772,False,0.2760740628850908,False
00-0036357,WR,2022,1,0,0.6839622641509434,0.7586303722233126,False,0.542957515632093,False,0.17138364779874213,0.11026517032018317,False,0.2530982851557618,False
00-0036382,WR,2022,1,0,0.6839622641509434,0.788625874378219,False,0.8333961747598065,False,0.17138364779874213,0.09355860169260886,False,0.06765428864079522,False
00-0036398,WR,2022,1,0,0.6839622641509434,0.8891248691664364,False,0.9029467093384344,False,0.17138364779874213,0.04238397062539515,False,0.030829584245167733,False
00-0036407,WR,2022,0,1,0.6839622641509434,0.6526603292900611,False,0.5937010511538655,False,0.17138364779874213,0.1766332290532041,False,0.23361274268678292,False
00-0036412,WR,2022,1,0,0.6839622641509434,0.8505445844617673,False,0.8136181420890755,False,0.17138364779874213,0.05998109137347433,False,0.07939811928164821,False
00-0036439,WR,2022,1,0,0.6839622641509434,0.8521837102799895,False,0.8712713898205466,False,0.17138364779874213,0.06270709518406808,False,0.04479170990170152,False
00-0036482,WR,2022,1,0,0.6839622641509434,0.8959423934308064,False,0.8721213594106211,False,0.17138364779874213,0.0405925671259933,False,0.05423503893985271,False
00-0036491,WR,2022,1,0,0.6839622641509434,0.9108784781236884,False,0.8932106190369256,False,0.17138364779874213,0.03403842974039718,False,0.042801673843266934,False
00-0036526,WR,2022,1,0,0.6839622641509434,0.8959423934308064,False,0.9014601892605859,False,0.17138364779874213,0.0405925671259933,False,0.03486921706093993,False
00-0036550,WR,2022,1,0,0.6839622641509434,0.607820430508583,False,0.5596805885708653,False,0.17138364779874213,0.20854788442038621,False,0.2701689459412774,False
00-0036554,WR,2022,0,0,0.6839622641509434,0.5237833671363045,False,0.5530401622946427,False,0.17138364779874213,0.2753003377819316,False,0.26043804616221333,False
00-0036571,WR,2022,1,0,0.6839622641509434,0.8373307187325258,False,0.8527140916856691,False,0.17138364779874213,0.06824143401711531,False,0.05285761991636295,False
00-0036572,WR,2022,0,1,0.6839622641509434,0.8373307187325258,False,0.8544772087046381,False,0.17138364779874213,0.06824143401711531,False,0.06798081323741825,False
00-0036598,WR,2022,1,0,0.6839622641509434,0.9108784781236884,False,0.9142021241165402,False,0.17138364779874213,0.03403842974039718,False,0.0303071288849448,False
00-0036613,WR,2022,1,0,0.6839622641509434,0.4383776138469682,False,0.5244824069019856,False,0.17138364779874213,0.3538659915874179,False,0.38786454710157,False
00-0036620,WR,2022,0,0,0.6839622641509434,0.7547425808385352,False,0.736806811190608,False,0.17138364779874213,0.11251423182407379,False,0.10661536978834474,False
00-0036626,WR,2022,0,0,0.6839622641509434,0.6859201635112222,False,0.7279644706450786,False,0.17138364779874213,0.15452969934554614,False,0.13598153787906125,False
00-0036627,WR,2022,1,0,0.6839622641509434,0.8788361042480144,False,0.9089734075485268,False,0.17138364779874213,0.04834554859231394,False,0.03794956272643104,False
00-0036630,WR,2022,1,0,0.6839622641509434,0.6859201635112222,False,0.7409756822355882,False,0.17138364779874213,0.15452969934554614,False,0.10507496722164338,False
00-0036635,WR,2022,1,0,0.6839622641509434,0.8126044364117356,False,0.8468108874034866,False,0.17138364779874213,0.08083030511113008,False,0.06922126953055019,False
00-0036657,WR,2022,1,0,0.6839622641509434,0.9108784781236884,False,0.9148430459174731,False,0.17138364779874213,0.03403842974039718,False,0.05894920240927012,False
00-0036671,WR,2022,0,1,0.6839622641509434,0.7216359926384868,False,0.7695444883997474,False,0.17138364779874213,0.13211232972775017,False,0.09695669580125325,False
00-0036849,WR,2022,0,0,0.6839622641509434,0.8126044364117356,False,0.8325134689308149,False,0.17138364779874213,0.08083030511113008,False,0.06060205813575499,False
00-0036858,WR,2022,1,0,0.6839622641509434,0.9108784781236884,False,0.9142021241165402,False,0.17138364779874213,0.03403842974039718,False,0.0303071288849448,False
00-0036907,WR,2022,1,0,0.6839622641509434,0.8788361042480144,False,0.9159558026787001,False,0.17138364779874213,0.04834554859231394,False,0.03726010225945039,False
00-0036910,WR,2022,1,0,0.6839622641509434,0.9108784781236884,False,0.9137353534211767,False,0.17138364779874213,0.03403842974039718,False,0.03974288069477112,False
00-0036913,WR,2022,1,0,0.6839622641509434,0.7216359926384868,False,0.5848540264244964,False,0.17138364779874213,0.13211232972775017,False,0.23022020404224372,False
00-0036918,WR,2022,1,0,0.6839622641509434,0.8959423934308064,False,0.9014601892605859,False,0.17138364779874213,0.0405925671259933,False,0.03486921706093993,False
00-0036939,WR,2022,1,0,0.6839622641509434,0.9108784781236884,False,0.9142021241165402,False,0.17138364779874213,0.03403842974039718,False,0.0303071288849448,False
00-0036951,WR,2022,1,0,0.6839622641509434,0.8593591071621807,False,0.8788531585802914,False,0.17138364779874213,0.05749057865891191,False,0.04757067059190095,False
00-0036955,WR,2022,0,0,0.6839622641509434,0.607820430508583,False,0.6677475913148518,False,0.17138364779874213,0.20854788442038621,False,0.15782721955095622,False
00-0036959,WR,2022,1,0,0.6839622641509434,0.9108784781236884,False,0.9142021241165402,False,0.17138364779874213,0.03403842974039718,False,0.0303071288849448,False
00-0036963,WR,2022,0,1,0.6839622641509434,0.4383776138469682,False,0.4067241930108206,False,0.17138364779874213,0.3538659915874179,False,0.46094543681794287,False
00-0036980,WR,2022,0,1,0.6839622641509434,0.6478579587486498,False,0.7105929932924113,False,0.17138364779874213,0.17996218364224445,False,0.22009350917880585,False
00-0036988,WR,2022,1,0,0.6839622641509434,0.48094127261680675,False,0.5285755207268732,False,0.17138364779874213,0.3132450685604778,False,0.22231814542177578,False
00-0036999,WR,2022,1,0,0.6839622641509434,0.5662782816330703,False,0.6137723039734868,False,0.17138364779874213,0.24034341245090343,False,0.167041577100122,False
00-0027061,TE,2022,1,0,0.7012987012987013,0.38416580563011293,False,0.40071875484303243,False,0.12727272727272726,0.4131134215540967,False,0.4141682366235829,False
00-0027696,TE,2022,1,0,0.7012987012987013,0.5914528863195772,False,0.5776257787239798,False,0.12727272727272726,0.19767517543160973,False,0.18487327683593818,False
00-0027981,TE,2022,1,0,0.7012987012987013,0.4824161841801393,False,0.5376221123464093,False,0.12727272727272726,0.27102136109335495,False,0.1871040263718596,False
00-0028042,TE,2022,1,0,0.7012987012987013,0.7947386842210035,False,0.8069385511621757,False,0.12727272727272726,0.07381886971109636,False,0.05530164455318746,False
00-0028097,TE,2022,1,0,0.7012987012987013,0.6887615564240105,False,0.7218434646202454,False,0.12727272727272726,0.10653589707613723,False,0.07802187569568934,False
00-0029119,TE,2022,1,0,0.7012987012987013,0.8847950199776043,False,0.8806212987332271,False,0.12727272727272726,0.031892328339700904,False,0.02836650293701613,False
00-0029738,TE,2022,1,0,0.7012987012987013,0.8597497309135218,False,0.8724797819920834,False,0.12727272727272726,0.04812985010596787,False,0.038397471142689786,False
00-0030108,TE,2022,0,0,0.7012987012987013,0.527328307716953,False,0.5226088793324605,False,0.12727272727272726,0.22389653751016014,False,0.20998911898703115,False
00-0030155,TE,2022,1,0,0.7012987012987013,0.6314286067968818,False,0.685773390710332,False,0.12727272727272726,0.1664714422560102,False,0.1159201842176701,False
00-0030181,TE,2022,1,0,0.7012987012987013,0.42469529670859923,False,0.44775339252520396,False,0.12727272727272726,0.36330103028084054,False,0.3096991089283893,False
00-0031260,TE,2022,0,0,0.7012987012987013,0.7990277367269255,False,0.7324750856361935,False,0.12727272727272726,0.06533726651303852,False,0.1313257576672024,False
00-0031384,TE,2022,1,0,0.7012987012987013,0.8977789258981149,False,0.9198234296886424,False,0.12727272727272726,0.029545414786067103,False,0.0204554654816373,False
00-0031387,TE,2022,1,0,0.7012987012987013,0.7058061604648102,False,0.3331737949951852,False,0.12727272727272726,0.11601139176935402,False,0.6441285747678525,False
00-0031484,TE,2022,1,0,0.7012987012987013,0.6838483166330903,False,0.6810240157564749,False,0.12727272727272726,0.11514559133435857,False,0.09633705293889776,False
00-0031558,TE,2022,1,0,0.7012987012987013,0.8274624360772517,False,0.7709844171446048,False,0.12727272727272726,0.05145566318760883,False,0.0560440597826054,False
00-0031585,TE,2022,0,0,0.7012987012987013,0.6887615564240105,False,0.6610080426405452,False,0.12727272727272726,0.10653589707613723,False,0.11030625721235442,False
00-0031598,TE,2022,1,0,0.7012987012987013,0.8812593573116791,False,0.9083794518235702,False,0.12727272727272726,0.036198061643509714,False,0.029163604368950043,False
00-0031690,TE,2022,0,0,0.7012987012987013,0.7857445600248705,False,0.7989156071071407,False,0.12727272727272726,0.059721076278179214,False,0.04645639737199324,False
00-0031951,TE,2022,1,0,0.7012987012987013,0.759715635825042,False,0.7363654284110597,False,0.12727272727272726,0.10079683366417443,False,0.10357326817961872,False
00-0032098,TE,2022,1,0,0.7012987012987013,0.8651636042007153,False,0.838201073937115,False,0.12727272727272726,0.040725500275284564,False,0.0426553317458852,False
00-0032135,TE,2022,1,0,0.7012987012987013,0.8157587241112976,False,0.7838804182039036,False,0.12727272727272726,0.06860528045919208,False,0.07618292988180396,False
00-0032141,TE,2022,0,0,0.7012987012987013,0.38416580563011293,False,0.41941886377913273,False,0.12727272727272726,0.4131134215540967,False,0.32432037780022366,False
00-0032214,TE,2022,1,0,0.7012987012987013,0.716766562568176,False,0.7386243089827608,False,0.12727272727272726,0.099259248033435,False,0.08292521703792016,False
00-0032392,TE,2022,0,1,0.7012987012987013,0.42469529670859923,False,0.4717608407017483,False,0.12727272727272726,0.36330103028084054,False,0.2989566176717059,False
00-0032394,TE,2022,1,0,0.7012987012987013,0.7679487452732758,False,0.7411907061214772,False,0.12727272727272726,0.0860223612718269,False,0.0893423718491064,False
00-0032725,TE,2022,0,0,0.7012987012987013,0.5358521085934015,False,0.5548242126335167,False,0.12727272727272726,0.20194222407500068,False,0.14680142836394025,False
00-0032986,TE,2022,1,0,0.7012987012987013,0.8225201708597724,False,0.8505524212711763,False,0.12727272727272726,0.05824370976795645,False,0.04125742296507091,False
00-0033095,TE,2022,1,0,0.7012987012987013,0.7990277367269255,False,0.8044559392220133,False,0.12727272727272726,0.06533726651303852,False,0.053983920533366966,False
00-0033217,TE,2022,0,1,0.7012987012987013,0.345183433434397,False,0.3529959435545606,False,0.12727272727272726,0.46477007591441055,False,0.4163166838832893,False
00-0033246,TE,2022,1,0,0.7012987012987013,0.8477394420840025,False,0.8515678744480568,False,0.12727272727272726,0.043917355314454766,False,0.037470870536099224,False
00-0033338,TE,2022,1,0,0.7012987012987013,0.7343835640345601,False,0.7371416641712448,False,0.12727272727272726,0.10817266554449187,False,0.0804005116047435,False
00-0033357,TE,2022,0,1,0.7012987012987013,0.5502297761086558,False,6.554607181757765e-09,False,0.12727272727272726,0.2330921843048778,False,0.9999999627152046,False
00-0033387,TE,2022,1,0,0.7012987012987013,0.7395204215009368,False,0.7547185264528541,False,0.12727272727272726,0.09615368153376752,False,0.11106202263606385,False
00-0033421,TE,2022,1,0,0.7012987012987013,0.8559150397436317,False,0.8074326004931632,False,0.12727272727272726,0.03560686489671072,False,0.04506814689511231,False
00-0033439,TE,2022,1,0,0.7012987012987013,0.5662057147957654,False,0.6372902641357395,False,0.12727272727272726,0.19633527544524185,False,0.14563782111637555,False
00-0033528,TE,2022,1,0,0.7012987012987013,0.7706266683457794,False,0.772528580314595,False,0.12727272727272726,0.07938975851244938,False,0.06391267875207646,False
00-0033576,TE,2022,0,1,0.7012987012987013,0.6863101591629147,False,0.7014987616603447,False,0.12727272727272726,0.11076753408794819,False,0.09150666497655824,False
00-0033611,TE,2022,1,0,0.7012987012987013,0.5914528863195772,False,0.6191123364192739,False,0.12727272727272726,0.19767517543160973,False,0.2131478352240077,False
00-0033720,TE,2022,1,0,0.7012987012987013,0.872952693398714,False,0.911670153439595,False,0.12727272727272726,0.03162970046698396,False,0.022729148879889367,False
00-0033757,TE,2022,0,1,0.7012987012987013,0.7058061604648102,False,0.689837934529825,False,0.12727272727272726,0.11601139176935402,False,0.11856927378486085,False
00-0033858,TE,2022,0,0,0.7012987012987013,0.38416580563011293,False,0.15835975495026627,False,0.12727272727272726,0.4131134215540967,False,0.5317787907994663,False
00-0033881,TE,2022,1,0,0.7012987012987013,0.47103051312332106,False,0.46520935366573346,False,0.12727272727272726,0.30690049134848624,False,0.3000552685290682,False
00-0033885,TE,2022,0,1,0.7012987012987013,0.42469529670859923,False,0.39487148689883883,False,0.12727272727272726,0.36330103028084054,False,0.34440483689330104,False
00-0033895,TE,2022,1,0,0.7012987012987013,0.42469529670859923,False,0.2887943235000652,False,0.12727272727272726,0.36330103028084054,False,0.4581469341785777,False
00-0033896,TE,2022,1,0,0.7012987012987013,0.7638569780907992,False,0.770937404621751,False,0.12727272727272726,0.09314708707444959,False,0.07257173984828236,False
00-0034011,TE,2022,0,0,0.7012987012987013,0.6279102318190796,False,0.6547867990037147,False,0.12727272727272726,0.17896497791813107,False,0.1552916317039658,False
00-0034073,TE,2022,1,0,0.7012987012987013,0.8397337133769118,False,0.8029362185955482,False,0.12727272727272726,0.056344876345601376,False,0.07125797681018355,False
00-0034159,TE,2022,0,1,0.7012987012987013,0.5083051025466844,False,0.5386958943568207,False,0.12727272727272726,0.2726980099408329,False,0.20583411071578997,False
00-0034193,TE,2022,1,0,0.7012987012987013,0.8742128571873423,False,0.8857020437891779,False,0.12727272727272726,0.0303182765482437,False,0.02683138332257956,False
00-0034270,TE,2022,0,1,0.7012987012987013,0.41336760171944564,False,0.4442511461619084,False,0.12727272727272726,0.31259157479830746,False,0.3040905908474065,False
00-0034319,TE,2022,1,0,0.7012987012987013,0.8998543948706009,False,0.9157385590296373,False,0.12727272727272726,0.027139923547640877,False,0.021911300846993793,False
00-0034364,TE,2022,0,1,0.7012987012987013,0.5960706248607619,False,0.6791167041067993,False,0.12727272727272726,0.19084677579305617,False,0.1396386952376452,False
00-0034365,TE,2022,0,0,0.7012987012987013,0.5187885450667185,False,0.5668991672525094,False,0.12727272727272726,0.2474974322429252,False,0.1997775589175001,False
00-0034672,TE,2022,1,0,0.7012987012987013,0.8863241131870103,False,0.8978932548285647,False,0.12727272727272726,0.029299532679768703,False,0.025800158000066787,False
00-0034735,TE,2022,1,0,0.7012987012987013,0.8863241131870103,False,0.9065075997485627,False,0.12727272727272726,0.029299532679768703,False,0.027573628360446346,False
00-0034753,TE,2022,1,0,0.7012987012987013,0.345183433434397,False,0.296004383025104,False,0.12727272727272726,0.46477007591441055,False,0.5471673367777694,False
00-0034766,TE,2022,1,0,0.7012987012987013,0.7928709732865206,False,0.8088033715831848,False,0.12727272727272726,0.07686277255029593,False,0.06444669308406348,False
00-0034798,TE,2022,1,0,0.7012987012987013,0.44059689556643694,False,0.5724039167726946,False,0.12727272727272726,0.3144295997467745,False,0.18893744726492942,False
00-0034829,TE,2022,1,0,0.7012987012987013,0.39686939915308134,False,0.47407683271306916,False,0.12727272727272726,0.3714885978027968,False,0.2903088729275163,False
00-0034830,TE,2022,1,0,0.7012987012987013,0.5878020180876097,False,0.6138074363579217,False,0.12727272727272726,0.21191514465001918,False,0.17963322364719725,False
00-0034988,TE,2022,1,0,0.7012987012987013,0.8350728927524113,False,0.8196609231785413,False,0.12727272727272726,0.06373457148013871,False,0.05552404033125532,False
00-0035229,TE,2022,1,0,0.7012987012987013,0.5878020180876097,False,0.5617542239471014,False,0.12727272727272726,0.21191514465001918,False,0.2703339594124419,False
00-0035249,TE,2022,1,0,0.7012987012987013,0.5914528863195772,False,0.6341675303900395,False,0.12727272727272726,0.19767517543160973,False,0.14112705378203844,False
00-0035259,TE,2022,1,0,0.7012987012987013,0.7560394717401514,False,0.7728439167009087,False,0.12727272727272726,0.07265956073084788,False,0.05855607852169489,False
00-0035308,TE,2022,1,0,0.7012987012987013,0.7395204215009368,False,0.7523459436572008,False,0.12727272727272726,0.09615368153376752,False,0.09060665103442012,False
00-0035329,TE,2022,1,0,0.7012987012987013,0.5634009179481365,False,0.5512565603158649,False,0.12727272727272726,0.20332207444368006,False,0.18458798939279478,False
00-0035345,TE,2022,0,0,0.7012987012987013,0.8247120746972071,False,0.8244193553326146,False,0.12727272727272726,0.05362726039976904,False,0.07059525315345766,False
00-0035356,TE,2022,1,0,0.7012987012987013,0.8477394420840025,False,0.8320805291947881,False,0.12727272727272726,0.043917355314454766,False,0.059772946776767776,False
00-0035428,TE,2022,1,0,0.7012987012987013,0.8477394420840025,False,0.8786398741482502,False,0.12727272727272726,0.043917355314454766,False,0.03625484702936056,False
00-0035547,TE,2022,1,0,0.7012987012987013,0.8247120746972071,False,0.7699860702530151,False,0.12727272727272726,0.05362726039976904,False,0.0800647226287678,False
00-0035562,TE,2022,1,0,0.7012987012987013,0.8247120746972071,False,0.7790036261861375,False,0.12727272727272726,0.05362726039976904,False,0.07674794534069548,False
00-0035572,TE,2022,0,0,0.7012987012987013,0.8247120746972071,False,0.8365219773729107,False,0.12727272727272726,0.05362726039976904,False,0.04383963450154604,False
00-0035624,TE,2022,1,0,0.7012987012987013,0.6688633469080927,False,0.69604246046626,False,0.12727272727272726,0.14467017910687172,False,0.09878024474430608,False
00-0035644,TE,2022,1,0,0.7012987012987013,0.4377863725584658,False,0.49978695141713386,False,0.12727272727272726,0.3239250464241512,False,0.30872251286345176,False
00-0035771,TE,2022,1,0,0.7012987012987013,0.8247120746972071,False,0.8473628014367838,False,0.12727272727272726,0.05362726039976904,False,0.04532315178343403,False
00-0035823,TE,2022,1,0,0.7012987012987013,0.8716817580645524,False,0.8998085053451109,False,0.12727272727272726,0.03299592007807002,False,0.02477841001271909,False
00-0035956,TE,2022,0,0,0.7012987012987013,0.7058061604648102,False,0.7584563430574631,False,0.12727272727272726,0.11601139176935402,False,0.07703026438847542,False
00-0036005,TE,2022,1,0,0.7012987012987013,0.9048799306169217,False,0.9227192676870757,False,0.12727272727272726,0.02192989892112487,False,0.01788112888474608,False
00-0036032,TE,2022,1,0,0.7012987012987013,0.8354564888996969,False,0.8166566027459803,False,0.12727272727272726,0.041778225387163165,False,0.049087119963867706,False
00-0036040,TE,2022,0,1,0.7012987012987013,0.5801627502846298,False,0.5326064626206768,False,0.12727272727272726,0.16412450578576823,False,0.16659141303369465,False
00-0036173,TE,2022,1,0,0.7012987012987013,0.8247120746972071,False,0.8428839042495362,False,0.12727272727272726,0.05362726039976904,False,0.05608518954593679,False
00-0036232,TE,2022,0,1,0.7012987012987013,0.42469529670859923,False,0.4260011050004188,False,0.12727272727272726,0.36330103028084054,False,0.3042233208319429,False
00-0036244,TE,2022,1,0,0.7012987012987013,0.8354564888996969,False,0.8652760513686901,False,0.12727272727272726,0.041778225387163165,False,0.030426363004165066,False
00-0036250,TE,2022,0,0,0.7012987012987013,0.7602241763258467,False,0.772446217991637,False,0.12727272727272726,0.06698615079728543,False,0.053262087328621296,False
00-0036290,TE,2022,0,1,0.7012987012987013,0.345183433434397,False,0.4340835777459296,False,0.12727272727272726,0.46477007591441055,False,0.3903269508202762,False
00-0036422,TE,2022,0,0,0.7012987012987013,0.5914528863195772,False,0.620014562749577,False,0.12727272727272726,0.19767517543160973,False,0.21967030192046072,False
00-0036423,TE,2022,1,0,0.7012987012987013,0.5443550143899459,False,0.6017485628087982,False,0.12727272727272726,0.18163683298168354,False,0.1354750286884054,False
00-0036438,TE,2022,1,0,0.7012987012987013,0.9048799306169217,False,0.9193673771787851,False,0.12727272727272726,0.02192989892112487,False,0.019940090976552163,False
00-0036474,TE,2022,1,0,0.7012987012987013,0.8682250872899478,False,0.8959137760664214,False,0.12727272727272726,0.03589886307940862,False,0.027809774230305978,False
00-0036510,TE,2022,1,0,0.7012987012987013,0.8477394420840025,False,0.8416447083121059,False,0.12727272727272726,0.043917355314454766,False,0.04000990078807375,False
00-0036534,TE,2022,1,0,0.7012987012987013,0.8477394420840025,False,0.8619189987240282,False,0.12727272727272726,0.043917355314454766,False,0.05279944907553995,False
00-0036556,TE,2022,0,0,0.7012987012987013,0.7058061604648102,False,0.6817304759066917,False,0.12727272727272726,0.11601139176935402,False,0.14222250145875096,False
00-0036628,TE,2022,0,0,0.7012987012987013,0.5502297761086558,False,0.5629705843326066,False,0.12727272727272726,0.2330921843048778,False,0.1765177589187489,False
00-0036692,TE,2022,1,0,0.7012987012987013,0.8863241131870103,False,0.9104643397586802,False,0.12727272727272726,0.029299532679768703,False,0.023497633266027294,False
00-0036754,TE,2022,0,1,0.7012987012987013,0.7058061604648102,False,0.695972236948447,False,0.12727272727272726,0.11601139176935402,False,0.13122031981253823,False
00-0036825,TE,2022,1,0,0.7012987012987013,0.8247120746972071,False,0.8191803072692191,False,0.12727272727272726,0.05362726039976904,False,0.010979374897490906,False
00-0036876,TE,2022,0,0,0.7012987012987013,0.6314286067968818,False,0.6645237137502764,False,0.12727272727272726,0.1664714422560102,False,0.11859762833345368,False
00-0036887,TE,2022,1,0,0.7012987012987013,0.7058061604648102,False,0.7364643668978871,False,0.12727272727272726,0.11601139176935402,False,0.09207142631239487,False
00-0036970,TE,2022,0,0,0.7012987012987013,0.345183433434397,False,0.39661716190412927,False,0.12727272727272726,0.46477007591441055,False,0.40961139486291487,False
00-0037004,TE,2022,1,0,0.7012987012987013,0.8477394420840025,False,0.8707554121925855,False,0.12727272727272726,0.043917355314454766,False,0.05060453496900061,False
00-0037005,TE,2022,0,1,0.7012987012987013,0.42469529670859923,False,0.12953595574731988,False,0.12727272727272726,0.36330103028084054,False,0.68369075456716,False
00-0037011,TE,2022,1,0,0.7012987012987013,0.7706266683457794,False,0.7925655409127844,False,0.12727272727272726,0.07938975851244938,False,0.06059779578592417,False
00-0023459,QB,2023,1,0,0.799249530956848,0.30266161231519634,False,0.36318297172529956,False,0.12195121951219512,0.5250423949525316,False,0.5258727152745535,False
00-0026143,QB,2023,1,0,0.799249530956848,0.5522625352105346,False,0.5740385058456141,False,0.12195121951219512,0.30358685479116265,False,0.3371290429869966,False
00-0026158,QB,2023,1,0,0.799249530956848,0.9285269212217016,False,0.9159414099982345,False,0.12195121951219512,0.04078752077845319,False,0.04939310400176893,False
00-0026498,QB,2023,1,0,0.799249530956848,0.7423662249260818,False,0.8034046019298331,False,0.12195121951219512,0.15468686438822507,False,0.17213222497048278,False
00-0026544,QB,2023,1,0,0.799249530956848,0.9502754397172984,False,0.9467890264677241,False,0.12195121951219512,0.028940085439039826,False,0.030975120105728494,False
00-0026625,QB,2023,1,0,0.799249530956848,0.9478415159737321,False,0.9811548370227469,False,0.12195121951219512,0.032373448208732586,False,0.015233856732631999,False
00-0027688,QB,2023,1,0,0.799249530956848,0.9069800277527106,False,0.9429408791318046,False,0.12195121951219512,0.056398367830581254,False,0.03726509840212957,False
00-0027948,QB,2023,1,0,0.799249530956848,0.9433547940593263,False,0.9610373228754241,False,0.12195121951219512,0.03545841832939356,False,0.05033108454658638,False
00-0027973,QB,2023,1,0,0.799249530956848,0.6674103788162132,False,0.7064177470929219,False,0.12195121951219512,0.1951315155250057,False,0.18757572740070008,False
00-0028118,QB,2023,0,0,0.799249530956848,0.9348248293462452,False,0.9603358265644049,False,0.12195121951219512,0.04020656059160247,False,0.006189595969793263,False
00-0028986,QB,2023,1,0,0.799249530956848,0.9399441755907612,False,0.8780511677239664,False,0.12195121951219512,0.03672421883358476,False,0.0488969490917915,False
00-0029263,QB,2023,0,1,0.799249530956848,0.5058869937096793,False,0.6378274888562353,False,0.12195121951219512,0.327148934271878,False,0.1297653450317948,False
00-0029567,QB,2023,1,0,0.799249530956848,0.9568765480280931,False,0.9556494987682468,False,0.12195121951219512,0.025487111980851764,False,0.012120293623692952,False
00-0029701,QB,2023,0,0,0.799249530956848,0.5862401945165328,False,0.6001575575357873,False,0.12195121951219512,0.2642790924526096,False,0.2639661355998537,False
00-0031237,QB,2023,1,0,0.799249530956848,0.8201101803522278,False,0.8335225457835751,False,0.12195121951219512,0.1163814984057476,False,0.06415120742095487,False
00-0031280,QB,2023,0,1,0.799249530956848,0.41061692044427356,False,0.41801075652920733,False,0.12195121951219512,0.4135313286216787,False,0.4412904215503986,False
00-0031345,QB,2023,1,0,0.799249530956848,0.6422317618231946,False,0.5879943652613453,False,0.12195121951219512,0.22293134503842704,False,0.2976092051482727,False
00-0031503,QB,2023,1,0,0.799249530956848,0.9188378539674964,False,0.8475885851723695,False,0.12195121951219512,0.04983736344095881,False,0.10187573848671574,False
00-0031800,QB,2023,1,0,0.799249530956848,0.678119984090032,False,0.6823685728222634,False,0.12195121951219512,0.2114339143489246,False,0.21899577644847504,False
00-0032156,QB,2023,1,0,0.799249530956848,0.9348248293462452,False,0.9489223064314852,False,0.12195121951219512,0.04020656059160247,False,0.01832639443955875,False
00-0032268,QB,2023,1,0,0.799249530956848,0.7177069512799078,False,0.7690243792697518,False,0.12195121951219512,0.1622169091973689,False,0.16701520656937172,False
00-0032434,QB,2023,1,0,0.799249530956848,0.9478415159737321,False,0.9842447889775183,False,0.12195121951219512,0.032373448208732586,False,0.00944777417418158,False
00-0032436,QB,2023,1,0,0.799249530956848,0.822232009746652,False,0.8931532836479503,False,0.12195121951219512,0.10452353034823554,False,0.030487583013026287,False
00-0032792,QB,2023,1,0,0.799249530956848,0.9378851665575043,False,0.8925256178220253,False,0.12195121951219512,0.03654285509742147,False,0.06328446048325607,False
00-0032950,QB,2023,1,0,0.799249530956848,0.6915198864405984,False,0.7647523653092871,False,0.12195121951219512,0.20543050049634307,False,0.18771924349181093,False
00-0033106,QB,2023,1,0,0.799249530956848,0.43164077511526927,False,0.37565496050648145,False,0.12195121951219512,0.38700959158431103,False,0.36904968993612774,False
00-0033119,QB,2023,1,0,0.799249530956848,0.6276071406391988,False,0.7458649268210181,False,0.12195121951219512,0.22643104466526273,False,0.14000454812544028,False
00-0033275,QB,2023,1,0,0.799249530956848,0.8959607072425492,False,0.9211476166949621,False,0.12195121951219512,0.06039881914584982,False,0.04727407617560615,False
00-0033319,QB,2023,1,0,0.799249530956848,0.9427243520459658,False,0.9656354825918452,False,0.12195121951219512,0.03284509797639001,False,0.011207871339890662,False
00-0033537,QB,2023,1,0,0.799249530956848,0.8542290987405063,False,0.8363902162626298,False,0.12195121951219512,0.08527333839430576,False,0.07157373567433369,False
00-0033550,QB,2023,1,0,0.799249530956848,0.9626357925845103,False,0.9841370556192626,False,0.12195121951219512,0.0224366093758631,False,0.026589107938001382,False
00-0033662,QB,2023,1,0,0.799249530956848,0.8745370607816891,False,0.9207574994777231,False,0.12195121951219512,0.0706010763427392,False,0.05215189546286208,False
00-0033869,QB,2023,1,0,0.799249530956848,0.822232009746652,False,0.8101259772698535,False,0.12195121951219512,0.10452353034823554,False,0.12038617180553868,False
00-0033936,QB,2023,1,0,0.799249530956848,0.9378263206995121,False,0.9718889853385558,False,0.12195121951219512,0.035973342206017465,False,0.0190632943683794,False
00-0033949,QB,2023,0,0,0.799249530956848,0.9378851665575043,False,0.918882480289885,False,0.12195121951219512,0.03654285509742147,False,0.03624485994451736,False
00-0033958,QB,2023,1,0,0.799249530956848,0.9502754397172984,False,0.9647208520782151,False,0.12195121951219512,0.028940085439039826,False,0.022766975973884232,False
00-0034177,QB,2023,1,0,0.799249530956848,0.951990942149239,False,0.9821981388397537,False,0.12195121951219512,0.029548655706991517,False,0.010396078710706311,False
00-0034401,QB,2023,1,0,0.799249530956848,0.9268379772249092,False,0.9283688047041707,False,0.12195121951219512,0.043110967095572564,False,0.06386430541815037,False
00-0034577,QB,2023,1,0,0.799249530956848,0.9531285949157102,False,0.943545578839949,False,0.12195121951219512,0.027934805664871186,False,0.06391314987362591,False
00-0034796,QB,2023,1,0,0.799249530956848,0.6561408423489342,False,0.693939669104809,False,0.12195121951219512,0.21393752242232095,False,0.07910728953653967,False
00-0034855,QB,2023,1,0,0.799249530956848,0.6157653633214665,False,0.6951372528582633,False,0.12195121951219512,0.24732663408610422,False,0.17479897706669112,False
00-0034869,QB,2023,0,0,0.799249530956848,0.8237945274164105,False,0.7370413875665316,False,0.12195121951219512,0.11056545020768835,False,0.16018232263726928,False
00-0034899,QB,2023,1,0,0.799249530956848,0.9531285949157102,False,0.9788900620858051,False,0.12195121951219512,0.027934805664871186,False,0.02101364755188559,False
00-0034955,QB,2023,1,0,0.799249530956848,0.9427243520459658,False,0.9730532048482449,False,0.12195121951219512,0.03284509797639001,False,0.026600575751824077,False
00-0035040,QB,2023,1,0,0.799249530956848,0.9568765480280931,False,0.9327167152381509,False,0.12195121951219512,0.025487111980851764,False,0.07702496556150445,False
00-0035146,QB,2023,1,0,0.799249530956848,0.8812983563035767,False,0.903634854639277,False,0.12195121951219512,0.06929412569847294,False,0.050274035944271295,False
00-0035228,QB,2023,1,0,0.799249530956848,0.6422317618231946,False,0.535473975106625,False,0.12195121951219512,0.22293134503842704,False,0.20939826376772724,False
00-0035264,QB,2023,1,0,0.799249530956848,0.9225867047335107,False,0.9110680015496299,False,0.12195121951219512,0.0453375331238853,False,0.038173593979049826,False
00-0035752,QB,2023,1,0,0.799249530956848,0.9593671326341919,False,0.9560112968356517,False,0.12195121951219512,0.02459873830143089,False,0.011638330712298047,False
00-0035939,QB,2023,1,0,0.799249530956848,0.8812983563035767,False,0.9175720427205977,False,0.12195121951219512,0.06929412569847294,False,0.03496253179715369,False
00-0036212,QB,2023,1,0,0.799249530956848,0.6009736041517726,False,0.5039375480775374,False,0.12195121951219512,0.25416276251878955,False,0.4010770159603123,False
00-0036226,QB,2023,1,0,0.799249530956848,0.9626357925845103,False,0.9952083846227924,False,0.12195121951219512,0.0224366093758631,False,0.005444096628548834,False
00-0036264,QB,2023,1,0,0.799249530956848,0.9140855056672269,False,0.9807316108464819,False,0.12195121951219512,0.051589011690177815,False,0.016485241375989956,False
00-0036879,QB,2023,1,0,0.799249530956848,0.9325393988601988,False,0.967356032609706,False,0.12195121951219512,0.039387394095405745,False,0.026767916045553827,False
00-0036898,QB,2023,1,0,0.799249530956848,0.527675291913449,False,0.667239874154048,False,0.12195121951219512,0.30675717386999984,False,0.2324264382875568,False
00-0036928,QB,2023,1,0,0.799249530956848,0.9503231269271779,False,0.9708141530936203,False,0.12195121951219512,0.029401647099708425,False,0.023578872582920067,False
00-0036945,QB,2023,0,0,0.799249530956848,0.5493586684929666,False,0.8128078844540583,False,0.12195121951219512,0.2870941301772423,False,0.08346651737219477,False
00-0036972,QB,2023,0,0,0.799249530956848,0.4688414838683567,False,0.5685380045728282,False,0.12195121951219512,0.3602669504556898,False,0.3021959908728731,False
00-0037012,QB,2023,1,0,0.799249530956848,0.9348248293462452,False,0.969472078470139,False,0.12195121951219512,0.04020656059160247,False,0.006817150385439189,False
00-0037013,QB,2023,0,0,0.799249530956848,0.7324211650537348,False,0.9191894232619049,False,0.12195121951219512,0.1681284350213511,False,0.061718213622946674,False
00-0037077,QB,2023,0,1,0.799249530956848,0.9503231269271779,False,0.9835966806306259,False,0.12195121951219512,0.029401647099708425,False,0.01233097436009634,False
00-0037175,QB,2023,1,0,0.799249530956848,0.9378851665575043,False,0.9815861751525028,False,0.12195121951219512,0.03654285509742147,False,0.01902821923091921,False
00-0038102,QB,2023,0,0,0.799249530956848,0.5279269287075522,False,0.605959711110962,False,0.12195121951219512,0.3102340311189256,False,0.20838994467950656,False
00-0038108,QB,2023,0,0,0.799249530956848,0.9039063869530236,False,0.9457572814200489,False,0.12195121951219512,0.056125503810915786,False,0.025363263277821322,False
00-0038122,QB,2023,0,1,0.799249530956848,0.9039063869530236,False,0.6733409217674108,False,0.12195121951219512,0.056125503810915786,False,0.12203736042714922,False
00-0038128,QB,2023,1,0,0.799249530956848,0.822232009746652,False,0.8425761678943019,False,0.12195121951219512,0.10452353034823554,False,0.07162144299701478,False
00-0027966,RB,2023,1,0,0.700888450148075,0.6504428822230303,False,0.6703199784889965,False,0.1539980256663376,0.1949365359714874,False,0.15554272242247333,False
00-0029239,RB,2023,1,0,0.700888450148075,0.5789516607616358,False,0.7182455386911273,False,0.1539980256663376,0.2440696026076273,False,0.1670600802639045,False
00-0030288,RB,2023,1,0,0.700888450148075,0.5261633234759223,False,0.5716789917683835,False,0.1539980256663376,0.30064855868312373,False,0.23601143776603908,False
00-0030513,RB,2023,1,0,0.700888450148075,0.5850894924433333,False,0.4577442206453362,False,0.1539980256663376,0.24493782383674145,False,0.31607587805137555,False
00-0030578,RB,2023,0,0,0.700888450148075,0.5586065459519053,False,0.5250339155308106,False,0.1539980256663376,0.27836982912692426,False,0.24795189754208785,False
00-0030874,RB,2023,1,0,0.700888450148075,0.8265015919471039,False,0.8755687621858956,False,0.1539980256663376,0.0780720741811812,False,0.03741660747672357,False
00-0031687,RB,2023,1,0,0.700888450148075,0.6834502733323197,False,0.5636469630336076,False,0.1539980256663376,0.12353612086837125,False,0.19664343502941575,False
00-0031806,RB,2023,1,0,0.700888450148075,0.7910132849532521,False,0.8285591738300272,False,0.1539980256663376,0.08289613364844532,False,0.0677251920996003,False
00-0032058,RB,2023,1,0,0.700888450148075,0.8209359990612404,False,0.9379545554215669,False,0.1539980256663376,0.07885784517558032,False,0.10891742736651722,False
00-0032063,RB,2023,1,0,0.700888450148075,0.7152127318137553,False,0.8114891751856924,False,0.1539980256663376,0.1616752593865665,False,0.07131376955532001,False
00-0032104,RB,2023,0,1,0.700888450148075,0.4760502243739461,False,0.6230016084356828,False,0.1539980256663376,0.3604309639725531,False,0.22106629580050116,False
00-0032144,RB,2023,1,0,0.700888450148075,0.6254610510484597,False,0.6262440783442835,False,0.1539980256663376,0.22356450348242277,False,0.24218019105628935,False
00-0032187,RB,2023,1,0,0.700888450148075,0.7737577026377654,False,0.8994594775927341,False,0.1539980256663376,0.11009544706924337,False,0.07949154909809092,False
00-0032257,RB,2023,1,0,0.700888450148075,0.8743202591918352,False,0.9064415794845202,False,0.1539980256663376,0.044143936083323246,False,0.0175550410422724,False
00-0032450,RB,2023,1,0,0.700888450148075,0.7725648523193455,False,0.8577853192240219,False,0.1539980256663376,0.09705368335975194,False,0.06809139807596772,False
00-0032602,RB,2023,1,0,0.700888450148075,0.7247471608740809,False,0.661303785793778,False,0.1539980256663376,0.13318749258751866,False,0.12776736788005516,False
00-0032764,RB,2023,0,1,0.700888450148075,0.4697611748330962,False,0.308250119612783,False,0.1539980256663376,0.35934819229947224,False,0.6183603371134623,False
00-0032780,RB,2023,1,0,0.700888450148075,0.8886246660417121,False,0.8990359494712808,False,0.1539980256663376,0.03423400411119684,False,0.022205335683300416,False
00-0032975,RB,2023,1,0,0.700888450148075,0.7685753615033672,False,0.7779729255973401,False,0.1539980256663376,0.09151450213155778,False,0.07819912040564506,False
00-0033118,RB,2023,1,0,0.700888450148075,0.632817576052667,False,0.6120781380224551,False,0.1539980256663376,0.1983700352615629,False,0.20417720216928587,False
00-0033293,RB,2023,1,0,0.700888450148075,0.4334895340442627,False,0.3606328784432285,False,0.1539980256663376,0.4027321983428679,False,0.3940231522652944,False
00-0033553,RB,2023,0,0,0.700888450148075,0.5789516607616358,False,0.4262866082984867,False,0.1539980256663376,0.2440696026076273,False,0.3151029624072653,False
00-0033725,RB,2023,1,0,0.700888450148075,0.7765055678436681,False,0.8217255692324555,False,0.1539980256663376,0.10289016818805664,False,0.09530931517149643,False
00-0033854,RB,2023,1,0,0.700888450148075,0.5530353020297747,False,0.6408436464278001,False,0.1539980256663376,0.2655254093145789,False,0.16317137471657547,False
00-0033906,RB,2023,0,0,0.700888450148075,0.5530353020297747,False,0.47703385600969683,False,0.1539980256663376,0.2655254093145789,False,0.2950434967465493,False
00-0033923,RB,2023,1,0,0.700888450148075,0.5740926564898509,False,0.6381568110679712,False,0.1539980256663376,0.22173899372542008,False,0.12793342596249185,False
00-0033925,RB,2023,0,0,0.700888450148075,0.4697611748330962,False,0.4018283207526928,False,0.1539980256663376,0.35934819229947224,False,0.3368003886662214,False
00-0033948,RB,2023,0,0,0.700888450148075,0.507021001810438,False,0.481689857423595,False,0.1539980256663376,0.3052380539262781,False,0.3717420121792865,False
00-0033951,RB,2023,1,0,0.700888450148075,0.7998153509513699,False,0.8397443287167811,False,0.1539980256663376,0.07654459148855895,False,0.08323834455829625,False
00-0034109,RB,2023,1,0,0.700888450148075,0.7803974121528755,False,0.7521885883922976,False,0.1539980256663376,0.10903525635568828,False,0.12705232357625043,False
00-0034164,RB,2023,1,0,0.700888450148075,0.8414726893362312,False,0.8832280139939072,False,0.1539980256663376,0.06647957454328768,False,0.031770721432576456,False
00-0034208,RB,2023,0,0,0.700888450148075,0.8023275817873374,False,0.7955122165397559,False,0.1539980256663376,0.07135900141618491,False,0.0729570001139634,False
00-0034253,RB,2023,1,0,0.700888450148075,0.6141987304585973,False,0.7086297196419752,False,0.1539980256663376,0.21171871870335446,False,0.1789690902688342,False
00-0034301,RB,2023,1,0,0.700888450148075,0.8161787880006294,False,0.752275450493311,False,0.1539980256663376,0.0689263365228239,False,0.07214493038028368,False
00-0034400,RB,2023,1,0,0.700888450148075,0.8611309445371892,False,0.8135846873555048,False,0.1539980256663376,0.045540176404047804,False,0.06228255253886996,False
00-0034440,RB,2023,1,0,0.700888450148075,0.5396281090926295,False,0.6724599217034701,False,0.1539980256663376,0.2827567360089281,False,0.1759362465160093,False
00-0034578,RB,2023,1,0,0.700888450148075,0.8962370816867246,False,0.8955833799678008,False,0.1539980256663376,0.03162661542112675,False,0.022569766086835558,False
00-0034681,RB,2023,1,0,0.700888450148075,0.5789516607616358,False,0.6646923518017736,False,0.1539980256663376,0.2440696026076273,False,0.21155401184966063,False
00-0034750,RB,2023,1,0,0.700888450148075,0.7857531682341737,False,0.6493337272092455,False,0.1539980256663376,0.09516564036475555,False,0.10620765213323727,False
00-0034791,RB,2023,1,0,0.700888450148075,0.49349767325804583,False,0.37696122309838404,False,0.1539980256663376,0.323909989756025,False,0.3695832336538473,False
00-0034838,RB,2023,0,0,0.700888450148075,0.7830872410212956,False,0.7604934357234916,False,0.1539980256663376,0.10189141807605767,False,0.16580114536969923,False
00-0034845,RB,2023,1,0,0.700888450148075,0.6809292991602091,False,0.7213031208274937,False,0.1539980256663376,0.15672539782710732,False,0.11917966763452922,False
00-0035184,RB,2023,1,0,0.700888450148075,0.8777442331771991,False,0.9100606249822323,False,0.1539980256663376,0.038175019484387125,False,0.023330561409180824,False
00-0035217,RB,2023,1,0,0.700888450148075,0.7118878520802435,False,0.8103335619626116,False,0.1539980256663376,0.13390106299590582,False,0.09883121156006613,False
00-0035273,RB,2023,1,0,0.700888450148075,0.8573173225642898,False,0.8976996186677347,False,0.1539980256663376,0.052597708841808685,False,0.021561134208924613,False
00-0035304,RB,2023,1,0,0.700888450148075,0.8476802900835343,False,0.8826879256962026,False,0.1539980256663376,0.053691336330332524,False,0.025354903999843588,False
00-0035311,RB,2023,1,0,0.700888450148075,0.7681905475266989,False,0.7617874658126145,False,0.1539980256663376,0.12583835125398332,False,0.1301988705715976,False
00-0035537,RB,2023,1,0,0.700888450148075,0.5943634691153888,False,0.6344229403436574,False,0.1539980256663376,0.2429336105434396,False,0.1746725283173293,False
00-0035567,RB,2023,1,0,0.700888450148075,0.8142050946816027,False,0.8462044158355073,False,0.1539980256663376,0.0699320992617853,False,0.06976884184432387,False
00-0035594,RB,2023,1,0,0.700888450148075,0.6504428822230303,False,0.7438583584991381,False,0.1539980256663376,0.1949365359714874,False,0.14412968910104346,False
00-0035628,RB,2023,0,1,0.700888450148075,0.6829822972316614,False,0.768952080040413,False,0.1539980256663376,0.16765376306735183,False,0.07639838882126687,False
00-0035657,RB,2023,1,0,0.700888450148075,0.648287675562586,False,0.5930336380212191,False,0.1539980256663376,0.18261995546047183,False,0.19967143899820464,False
00-0035664,RB,2023,1,0,0.700888450148075,0.6809292991602091,False,0.6667230224813397,False,0.1539980256663376,0.15672539782710732,False,0.14926954886938368,False
00-0035685,RB,2023,1,0,0.700888450148075,0.5300920975219479,False,0.589217413218763,False,0.1539980256663376,0.2849658258411252,False,0.2107885890498865,False
00-0035700,RB,2023,0,0,0.700888450148075,0.4334895340442627,False,0.2592828105619084,False,0.1539980256663376,0.4027321983428679,False,0.5121317210794742,False
00-0035726,RB,2023,1,0,0.700888450148075,0.648287675562586,False,0.7591109223873259,False,0.1539980256663376,0.18261995546047183,False,0.08372639519323079,False
00-0035831,RB,2023,1,0,0.700888450148075,0.62914680236855,False,0.6873109420758489,False,0.1539980256663376,0.21069133241177526,False,0.16949913951760012,False
00-0035860,RB,2023,1,0,0.700888450148075,0.8152317822132263,False,0.7954156308844055,False,0.1539980256663376,0.07965084144336067,False,0.08810380301415488,False
00-0035924,RB,2023,1,0,0.700888450148075,0.8093880447626162,False,0.811460607377807,False,0.1539980256663376,0.08045111562886678,False,0.07132565154747147,False
00-0035973,RB,2023,1,0,0.700888450148075,0.8142050946816027,False,0.9444645562637722,False,0.1539980256663376,0.0699320992617853,False,0.044025027390753736,False
00-0036096,RB,2023,1,0,0.700888450148075,0.8743202591918352,False,0.9260234298684139,False,0.1539980256663376,0.044143936083323246,False,0.05768082335375287,False
00-0036139,RB,2023,1,0,0.700888450148075,0.873276452608778,False,0.8957491446395679,False,0.1539980256663376,0.04087112531791831,False,0.02179773348483124,False
00-0036187,RB,2023,1,0,0.700888450148075,0.7681011601227918,False,0.8811113644947871,False,0.1539980256663376,0.09664256735835228,False,0.0515747356877465,False
00-0036223,RB,2023,0,0,0.700888450148075,0.5905569973652718,False,0.4321304771784988,False,0.1539980256663376,0.2571350049204169,False,0.3238681272914096,False
00-0036251,RB,2023,0,1,0.700888450148075,0.5789516607616358,False,0.5401198575337751,False,0.1539980256663376,0.2440696026076273,False,0.24385224971294417,False
00-0036265,RB,2023,0,1,0.700888450148075,0.4334895340442627,False,0.4219578816396066,False,0.1539980256663376,0.4027321983428679,False,0.3548851559888193,False
00-0036275,RB,2023,1,0,0.700888450148075,0.5757548290242295,False,0.5442518317117695,False,0.1539980256663376,0.24695317835330607,False,0.2216968894314346,False
00-0036297,RB,2023,1,0,0.700888450148075,0.8777442331771991,False,0.9800001307519985,False,0.1539980256663376,0.038175019484387125,False,0.036886197497130284,False
00-0036328,RB,2023,0,1,0.700888450148075,0.5126603784534276,False,0.5544465578239505,False,0.1539980256663376,0.31916872053329476,False,0.25259302372025594,False
00-0036336,RB,2023,1,0,0.700888450148075,0.8910973858395198,False,0.8137278779106166,False,0.1539980256663376,0.03438974174092972,False,0.05970462689352816,False
00-0036360,RB,2023,1,0,0.700888450148075,0.6809292991602091,False,0.7288950009310293,False,0.1539980256663376,0.15672539782710732,False,0.148754593509009,False
00-0036383,RB,2023,1,0,0.700888450148075,0.5789516607616358,False,0.5685365843989422,False,0.1539980256663376,0.2440696026076273,False,0.2187579878767031,False
00-0036414,RB,2023,1,0,0.700888450148075,0.5063550874283562,False,0.5241762292447842,False,0.1539980256663376,0.3181482440002259,False,0.32555413592409094,False
00-0036450,RB,2023,1,0,0.700888450148075,0.7931707607987554,False,0.8273975551458462,False,0.1539980256663376,0.08172030458384248,False,0.06693541479819035,False
00-0036457,RB,2023,1,0,0.700888450148075,0.8619422923250113,False,0.9185649988712612,False,0.1539980256663376,0.052058816097689094,False,0.024003144513487267,False
00-0036493,RB,2023,1,0,0.700888450148075,0.7371471258607237,False,0.7116159119222336,False,0.1539980256663376,0.10192067533196203,False,0.11761516272859654,False
00-0036543,RB,2023,1,0,0.700888450148075,0.873276452608778,False,0.8074711875993147,False,0.1539980256663376,0.04087112531791831,False,0.05398226131039139,False
00-0036555,RB,2023,0,1,0.700888450148075,0.5357092318378673,False,0.6257059840448067,False,0.1539980256663376,0.2983686248410623,False,0.22650000244793092,False
00-0036650,RB,2023,1,0,0.700888450148075,0.8362922237722215,False,0.8920275773416048,False,0.1539980256663376,0.06715716975355895,False,0.07546404314599592,False
00-0036654,RB,2023,1,0,0.700888450148075,0.7184128921314693,False,0.8713491442608242,False,0.1539980256663376,0.15166963027634314,False,0.04303694113023,False
00-0036669,RB,2023,1,0,0.700888450148075,0.8553779866013577,False,0.8115274599749549,False,0.1539980256663376,0.05650288735563951,False,0.05390425827658592,False
00-0036755,RB,2023,1,0,0.700888450148075,0.7868959283933502,False,0.7050941485073878,False,0.1539980256663376,0.1079840361661296,False,0.12335997262010202,False
00-0036829,RB,2023,1,0,0.700888450148075,0.6141987304585973,False,0.5729282350819364,False,0.1539980256663376,0.21171871870335446,False,0.1763838771698988,False
00-0036857,RB,2023,1,0,0.700888450148075,0.6809292991602091,False,0.8766580045779753,False,0.1539980256663376,0.15672539782710732,False,0.07235997067070685,False
00-0036860,RB,2023,1,0,0.700888450148075,0.8886246660417121,False,0.906682732021313,False,0.1539980256663376,0.03423400411119684,False,0.018786675587396797,False
00-0036875,RB,2023,0,0,0.700888450148075,0.4334895340442627,False,0.32464914413417306,False,0.1539980256663376,0.4027321983428679,False,0.43054110923059724,False
00-0036893,RB,2023,1,0,0.700888450148075,0.4334895340442627,False,0.37281831059556625,False,0.1539980256663376,0.4027321983428679,False,0.5454828612944767,False
00-0036906,RB,2023,0,0,0.700888450148075,0.5586065459519053,False,0.4991271179321103,False,0.1539980256663376,0.27836982912692426,False,0.32014494177350467,False
00-0036924,RB,2023,0,1,0.700888450148075,0.5165982514226198,False,0.5581606871554553,False,0.1539980256663376,0.3029383921999797,False,0.22963247391736638,False
00-0036950,RB,2023,1,0,0.700888450148075,0.4799838528107679,False,0.5727267819212081,False,0.1539980256663376,0.3431599621490229,False,0.23519472092538987,False
00-0036984,RB,2023,1,0,0.700888450148075,0.8886246660417121,False,0.7815697718453999,False,0.1539980256663376,0.03423400411119684,False,0.04234206184958326,False
00-0036997,RB,2023,0,1,0.700888450148075,0.7336587722959094,False,0.5299357457833286,False,0.1539980256663376,0.14889431136416265,False,0.29108393112884434,False
00-0037085,RB,2023,1,0,0.700888450148075,0.8886246660417121,False,0.9896725831625373,False,0.1539980256663376,0.03423400411119684,False,0.018944958882875604,False
00-0037087,RB,2023,1,0,0.700888450148075,0.648287675562586,False,0.7144834621190548,False,0.1539980256663376,0.18261995546047183,False,0.1145800226092332,False
00-0037157,RB,2023,1,0,0.700888450148075,0.7681011601227918,False,0.7169443707750013,False,0.1539980256663376,0.09664256735835228,False,0.14434872781341812,False
00-0037228,RB,2023,1,0,0.700888450148075,0.4697611748330962,False,0.5075836749388208,False,0.1539980256663376,0.35934819229947224,False,0.2810159429019733,False
00-0037258,RB,2023,1,0,0.700888450148075,0.5789516607616358,False,0.4450394690796356,False,0.1539980256663376,0.2440696026076273,False,0.36213988376434103,False
00-0037263,RB,2023,0,1,0.700888450148075,0.4697611748330962,False,0.4552124548934364,False,0.1539980256663376,0.35934819229947224,False,0.34334553162073106,False
00-0037265,RB,2023,1,0,0.700888450148075,0.8161787880006294,False,0.8094159634428196,False,0.1539980256663376,0.0689263365228239,False,0.05377584423543155,False
00-0037267,RB,2023,1,0,0.700888450148075,0.5789516607616358,False,0.6619144546322782,False,0.1539980256663376,0.2440696026076273,False,0.12528474879109952,False
00-0037276,RB,2023,0,1,0.700888450148075,0.873276452608778,False,0.854779448494806,False,0.1539980256663376,0.04087112531791831,False,0.03579605643466017,False
00-0037286,RB,2023,1,0,0.700888450148075,0.8161787880006294,False,0.8124911641729844,False,0.1539980256663376,0.0689263365228239,False,0.05182379800750578,False
00-0037299,RB,2023,1,0,0.700888450148075,0.648287675562586,False,0.7460387553027719,False,0.1539980256663376,0.18261995546047183,False,0.11910241654245869,False
00-0037329,RB,2023,1,0,0.700888450148075,0.8886246660417121,False,0.906682732021313,False,0.1539980256663376,0.03423400411119684,False,0.018786675587396797,False
00-0037429,RB,2023,0,0,0.700888450148075,0.5789516607616358,False,0.7179128265588262,False,0.1539980256663376,0.2440696026076273,False,0.1543838967071841,False
00-0037456,RB,2023,1,0,0.700888450148075,0.6141987304585973,False,0.7420084646541292,False,0.1539980256663376,0.21171871870335446,False,0.09713755799083035,False
00-0037557,RB,2023,1,0,0.700888450148075,0.873276452608778,False,0.854755254353744,False,0.1539980256663376,0.04087112531791831,False,0.0541979692146136,False
00-0037563,RB,2023,1,0,0.700888450148075,0.7931707607987554,False,0.8166526904482617,False,0.1539980256663376,0.08172030458384248,False,0.09289266373813651,False
00-0037594,RB,2023,1,0,0.700888450148075,0.7931707607987554,False,0.9176240187530769,False,0.1539980256663376,0.08172030458384248,False,0.05535678683130555,False
00-0037617,RB,2023,1,0,0.700888450148075,0.5428810339772256,False,0.643419730378175,False,0.1539980256663376,0.2796103255757321,False,0.1835209236970653,False
00-0037746,RB,2023,0,1,0.700888450148075,0.6141987304585973,False,0.5437634469771774,False,0.1539980256663376,0.21171871870335446,False,0.24765441304135224,False
00-0037827,RB,2023,1,0,0.700888450148075,0.8161787880006294,False,0.7901386953650523,False,0.1539980256663376,0.0689263365228239,False,0.07799866726923292,False
00-0037840,RB,2023,1,0,0.700888450148075,0.7409851889199851,False,0.7558418537466824,False,0.1539980256663376,0.11395152932401842,False,0.10985968684434995,False
00-0038040,RB,2023,0,0,0.700888450148075,0.648287675562586,False,0.6559676953694903,False,0.1539980256663376,0.18261995546047183,False,0.1244705867976331,False
00-0038045,RB,2023,0,0,0.700888450148075,0.8161787880006294,False,0.8528729269142051,False,0.1539980256663376,0.0689263365228239,False,0.05893463228575383,False
00-0038098,RB,2023,0,1,0.700888450148075,0.6809292991602091,False,0.6573043815326408,False,0.1539980256663376,0.15672539782710732,False,0.1810745218479594,False
00-0038120,RB,2023,0,1,0.700888450148075,0.7681011601227918,False,0.5637331089335753,False,0.1539980256663376,0.09664256735835228,False,0.1699188320534177,False
00-0026189,WR,2023,1,0,0.6897260273972603,0.784831755029757,False,0.7829721317324616,False,0.1643835616438356,0.09655951790742906,False,0.10789270736302113,False
00-0026293,WR,2023,1,0,0.6897260273972603,0.7541856819434724,False,0.7969980630083916,False,0.1643835616438356,0.11299411051391937,False,0.07578563914822516,False
00-0027691,WR,2023,1,0,0.6897260273972603,0.837226054813853,False,0.8726468024515169,False,0.1643835616438356,0.06297688589801874,False,0.038254694527848,False
00-0027942,WR,2023,1,0,0.6897260273972603,0.563684073422323,False,0.6436391330493423,False,0.1643835616438356,0.23454152809242831,False,0.16650063222902306,False
00-0028002,WR,2023,0,0,0.6897260273972603,0.563684073422323,False,0.5548182556124064,False,0.1643835616438356,0.23454152809242831,False,0.24521385747789937,False
00-0029664,WR,2023,1,0,0.6897260273972603,0.8951325804829632,False,0.9068829410860222,False,0.1643835616438356,0.041293930245602004,False,0.029337392199457676,False
00-0030068,WR,2023,1,0,0.6897260273972603,0.5727863417847906,False,0.6150848571039824,False,0.1643835616438356,0.23688111505052434,False,0.17978886276584635,False
00-0030431,WR,2023,1,0,0.6897260273972603,0.47260383300279085,False,0.5263771901827804,False,0.1643835616438356,0.34600116636062933,False,0.2776290655629698,False
00-0030564,WR,2023,0,1,0.6897260273972603,0.728134108800583,False,0.5967743147015885,False,0.1643835616438356,0.133311129370023,False,0.29501578298944536,False
00-0031236,WR,2023,1,0,0.6897260273972603,0.5570013103128316,False,0.5310341887640346,False,0.1643835616438356,0.24373473917372762,False,0.2724731856162228,False
00-0031381,WR,2023,0,1,0.6897260273972603,0.3927373148064099,False,0.325874353256051,False,0.1643835616438356,0.38208604127233475,False,0.41216149363197946,False
00-0031382,WR,2023,1,0,0.6897260273972603,0.7152353535210292,False,0.7539964847310519,False,0.1643835616438356,0.13770893454734479,False,0.12596849921752667,False
00-0031428,WR,2023,1,0,0.6897260273972603,0.6856963908127401,False,0.6911642856794684,False,0.1643835616438356,0.157401893096142,False,0.14880916867480856,False
00-0031544,WR,2023,1,0,0.6897260273972603,0.3927373148064099,False,0.30756903658370083,False,0.1643835616438356,0.38208604127233475,False,0.3871779404676935,False
00-0031545,WR,2023,1,0,0.6897260273972603,0.8320852968299451,False,0.8582285270495784,False,0.1643835616438356,0.0790799293872718,False,0.07280056186691969,False
00-0031547,WR,2023,0,0,0.6897260273972603,0.6444361559809857,False,0.6465963072454276,False,0.1643835616438356,0.19458671122410068,False,0.2232887657965416,False
00-0031549,WR,2023,1,0,0.6897260273972603,0.5207731351472659,False,0.5923469062250629,False,0.1643835616438356,0.267507093167818,False,0.20998772031056984,False
00-0031787,WR,2023,1,0,0.6897260273972603,0.8375380713073352,False,0.8436171924673677,False,0.1643835616438356,0.06997196307082135,False,0.07118999925022718,False
00-0031868,WR,2023,1,0,0.6897260273972603,0.6295864761603136,False,0.6962365052169044,False,0.1643835616438356,0.20053821317393516,False,0.15634390755062216,False
00-0031941,WR,2023,0,1,0.6897260273972603,0.8355267035433447,False,0.8397990663170818,False,0.1643835616438356,0.06797213725446725,False,0.061160996393898416,False
00-0032054,WR,2023,1,0,0.6897260273972603,0.7541856819434724,False,0.7925250405577126,False,0.1643835616438356,0.11299411051391937,False,0.08352880374486564,False
00-0032128,WR,2023,1,0,0.6897260273972603,0.8265091820524868,False,0.8486755898726428,False,0.1643835616438356,0.07038953227627473,False,0.0575060801369614,False
00-0032200,WR,2023,0,0,0.6897260273972603,0.8790756305213492,False,0.892025104203642,False,0.1643835616438356,0.04517390482737413,False,0.014612246610948438,False
00-0032208,WR,2023,1,0,0.6897260273972603,0.5745664816832512,False,0.6320704756296106,False,0.1643835616438356,0.2640008534915119,False,0.20243644192476346,False
00-0032355,WR,2023,1,0,0.6897260273972603,0.8793189900685234,False,0.8921373656364298,False,0.1643835616438356,0.05029768415241203,False,0.04025154678474005,False
00-0032385,WR,2023,0,0,0.6897260273972603,0.8728899793671715,False,0.8315695854942712,False,0.1643835616438356,0.053713192405599824,False,0.08609518750447422,False
00-0032398,WR,2023,0,1,0.6897260273972603,0.534927468465316,False,0.5603696095689963,False,0.1643835616438356,0.2826372747430749,False,0.25922192497323243,False
00-0032464,WR,2023,0,1,0.6897260273972603,0.4171481524607469,False,0.4430169232719587,False,0.1643835616438356,0.37630527919534806,False,0.3569010303096744,False
00-0032543,WR,2023,1,0,0.6897260273972603,0.851509660090614,False,0.8835279003467817,False,0.1643835616438356,0.055308534498054146,False,0.03374974471376903,False
00-0032688,WR,2023,1,0,0.6897260273972603,0.5836462995492238,False,0.6418803494255209,False,0.1643835616438356,0.21920544558930175,False,0.16524504581977173,False
00-0032765,WR,2023,0,0,0.6897260273972603,0.8793189900685234,False,0.8084868600453015,False,0.1643835616438356,0.05029768415241203,False,0.08032189147908086,False
00-0032951,WR,2023,1,0,0.6897260273972603,0.8539828681313432,False,0.8676381393596885,False,0.1643835616438356,0.05868864558160744,False,0.05259832682773138,False
00-0033111,WR,2023,1,0,0.6897260273972603,0.8338131326990535,False,0.8660246348657767,False,0.1643835616438356,0.07333259751558538,False,0.04740024120680671,False
00-0033114,WR,2023,1,0,0.6897260273972603,0.8375380713073352,False,0.8462969766832418,False,0.1643835616438356,0.06997196307082135,False,0.06167500398810428,False
00-0033282,WR,2023,0,1,0.6897260273972603,0.504690095666765,False,0.4677907623552903,False,0.1643835616438356,0.32921206536016645,False,0.39095097286281644,False
00-0033307,WR,2023,1,0,0.6897260273972603,0.4346672942815156,False,0.4284190270765861,False,0.1643835616438356,0.34158517015493944,False,0.32169311617389656,False
00-0033367,WR,2023,1,0,0.6897260273972603,0.8603256428368637,False,0.889123478588364,False,0.1643835616438356,0.061174678102835646,False,0.04518547750030863,False
00-0033386,WR,2023,1,0,0.6897260273972603,0.8365245018926665,False,0.8746327727052474,False,0.1643835616438356,0.07772360005911629,False,0.0641377674280816,False
00-0033536,WR,2023,1,0,0.6897260273972603,0.5570013103128316,False,0.4669972713575312,False,0.1643835616438356,0.24373473917372762,False,0.37291261117583957,False
00-0033555,WR,2023,0,0,0.6897260273972603,0.4249763312395549,False,0.36587849683097906,False,0.1643835616438356,0.3719098623386575,False,0.37407742641894737,False
00-0033633,WR,2023,1,0,0.6897260273972603,0.9114904667343703,False,0.9150963166221809,False,0.1643835616438356,0.035941512562341627,False,0.030587038537367623,False
00-0033681,WR,2023,1,0,0.6897260273972603,0.6068526674095728,False,0.6755990042890904,False,0.1643835616438356,0.20971928989451524,False,0.14047353112516453,False
00-0033871,WR,2023,1,0,0.6897260273972603,0.6115418245641919,False,0.5903187779806455,False,0.1643835616438356,0.22033506973101677,False,0.241454908175796,False
00-0033908,WR,2023,1,0,0.6897260273972603,0.7207279194336637,False,0.6423126551840869,False,0.1643835616438356,0.13181776969764392,False,0.3330797915199063,False
00-0033932,WR,2023,1,0,0.6897260273972603,0.7823374369388748,False,0.8138989710134197,False,0.1643835616438356,0.09387651160002262,False,0.06413894703738295,False
00-0033943,WR,2023,1,0,0.6897260273972603,0.6295864761603136,False,0.6284424867956763,False,0.1643835616438356,0.20053821317393516,False,0.21160506052103192,False
00-0034052,WR,2023,1,0,0.6897260273972603,0.885738629927176,False,0.9076860145048447,False,0.1643835616438356,0.04358189380548515,False,0.029043891023602688,False
00-0034104,WR,2023,1,0,0.6897260273972603,0.5884245233051506,False,0.6825093650524785,False,0.1643835616438356,0.23016155744826752,False,0.14392570766367913,False
00-0034279,WR,2023,1,0,0.6897260273972603,0.4346672942815156,False,0.44454959161095053,False,0.1643835616438356,0.34158517015493944,False,0.2864330527639636,False
00-0034297,WR,2023,0,0,0.6897260273972603,0.6846205520249848,False,0.7391630754622827,False,0.1643835616438356,0.15323552437170254,False,0.11122669006538394,False
00-0034317,WR,2023,1,0,0.6897260273972603,0.8864732008891402,False,0.8997157288184878,False,0.1643835616438356,0.05002206428397261,False,0.043159602188446645,False
00-0034348,WR,2023,0,1,0.6897260273972603,0.4787979035900416,False,0.4093394763543816,False,0.1643835616438356,0.3100224994907972,False,0.36588977335745787,False
00-0034366,WR,2023,1,0,0.6897260273972603,0.8257710517575585,False,0.8850260042367072,False,0.1643835616438356,0.08671137220188509,False,0.06492830472117436,False
00-0034419,WR,2023,1,0,0.6897260273972603,0.4171481524607469,False,0.5249524561865997,False,0.1643835616438356,0.37630527919534806,False,0.25774618616800626,False
00-0034521,WR,2023,0,1,0.6897260273972603,0.4775534576208733,False,0.463314011674792,False,0.1643835616438356,0.3032703409170714,False,0.3167529313261586,False
00-0034646,WR,2023,0,1,0.6897260273972603,0.3927373148064099,False,0.4914133469895862,False,0.1643835616438356,0.38208604127233475,False,0.23629862438194152,False
00-0034676,WR,2023,1,0,0.6897260273972603,0.9114904667343703,False,0.9111354947041485,False,0.1643835616438356,0.035941512562341627,False,0.03151760526767218,False
00-0034765,WR,2023,1,0,0.6897260273972603,0.699370756624863,False,0.7302718366893347,False,0.1643835616438356,0.1524863978908297,False,0.14428724369004559,False
00-0034777,WR,2023,0,1,0.6897260273972603,0.7167154893765406,False,0.6676243403380159,False,0.1643835616438356,0.15579270420074648,False,0.21197725249782465,False
00-0034827,WR,2023,0,1,0.6897260273972603,0.4093615163424418,False,0.41415934259512577,False,0.1643835616438356,0.38072115511374754,False,0.347604367276437,False
00-0034854,WR,2023,0,1,0.6897260273972603,0.5884245233051506,False,0.6578684748816068,False,0.1643835616438356,0.23016155744826752,False,0.17034863863305144,False
00-0034860,WR,2023,1,0,0.6897260273972603,0.5207352670652979,False,0.5678540883071138,False,0.1643835616438356,0.3209750068380015,False,0.19945241515713033,False
00-0034867,WR,2023,1,0,0.6897260273972603,0.8965053100206348,False,0.9056623835874158,False,0.1643835616438356,0.04254467860170322,False,0.03537888228123767,False
00-0034928,WR,2023,1,0,0.6897260273972603,0.6056621557064055,False,0.6486277350545326,False,0.1643835616438356,0.2045042049319929,False,0.150344362649606,False
00-0034930,WR,2023,1,0,0.6897260273972603,0.901010461243995,False,0.9163901024053127,False,0.1643835616438356,0.03983295228209741,False,0.028973003755900745,False
00-0034960,WR,2023,0,1,0.6897260273972603,0.5207731351472659,False,0.561093162315401,False,0.1643835616438356,0.267507093167818,False,0.2683192488974863,False
00-0034983,WR,2023,0,1,0.6897260273972603,0.6846205520249848,False,0.6948528657451751,False,0.1643835616438356,0.15323552437170254,False,0.15499772811259516,False
00-0035021,WR,2023,1,0,0.6897260273972603,0.6573754465431868,False,0.7020958463647622,False,0.1643835616438356,0.16761850956416863,False,0.12743676256872438,False
00-0035022,WR,2023,1,0,0.6897260273972603,0.8398924336195119,False,0.8736190400179518,False,0.1643835616438356,0.06679250421360487,False,0.04867968464945469,False
00-0035208,WR,2023,1,0,0.6897260273972603,0.45971137674029894,False,0.5038906666227845,False,0.1643835616438356,0.33608388606989,False,0.26527454068890816,False
00-0035215,WR,2023,1,0,0.6897260273972603,0.8310658749442726,False,0.8788898439492597,False,0.1643835616438356,0.06917105975083009,False,0.04531498879171541,False
00-0035216,WR,2023,1,0,0.6897260273972603,0.3927373148064099,False,0.3730451740886255,False,0.1643835616438356,0.38208604127233475,False,0.4164734903887651,False
00-0035298,WR,2023,0,0,0.6897260273972603,0.6056621557064055,False,0.590973805368368,False,0.1643835616438356,0.2045042049319929,False,0.17958463793585772,False
00-0035359,WR,2023,1,0,0.6897260273972603,0.8114723650110965,False,0.8096816891622146,False,0.1643835616438356,0.09127618595133083,False,0.09312095746580253,False
00-0035406,WR,2023,0,0,0.6897260273972603,0.8524276215199913,False,0.8758924702330687,False,0.1643835616438356,0.0633667608858203,False,0.04839265690705337,False
00-0035414,WR,2023,1,0,0.6897260273972603,0.8555245021821155,False,0.8370783563047983,False,0.1643835616438356,0.05433586150985049,False,0.07205326659266824,False
00-0035432,WR,2023,1,0,0.6897260273972603,0.9169176887575191,False,0.9221551203553037,False,0.1643835616438356,0.035741600594647184,False,0.032924067027656864,False
00-0035457,WR,2023,1,0,0.6897260273972603,0.8965053100206348,False,0.9074290936194971,False,0.1643835616438356,0.04254467860170322,False,0.040433524215181205,False
00-0035500,WR,2023,0,1,0.6897260273972603,0.5398239728389215,False,0.5477986473963874,False,0.1643835616438356,0.29556364883467234,False,0.2809319612489559,False
00-0035510,WR,2023,1,0,0.6897260273972603,0.7856727663138408,False,0.8034460916290799,False,0.1643835616438356,0.09936573534558472,False,0.09850317697351439,False
00-0035527,WR,2023,1,0,0.6897260273972603,0.8715058138868439,False,0.8840484198975964,False,0.1643835616438356,0.058019155522492726,False,0.045989570842891646,False
00-0035544,WR,2023,1,0,0.6897260273972603,0.8425233502877579,False,0.80806374189809,False,0.1643835616438356,0.07082182876153247,False,0.09570416944057743,False
00-0035593,WR,2023,1,0,0.6897260273972603,0.8798472262575564,False,0.8911453479705888,False,0.1643835616438356,0.05183657901809856,False,0.042809259764145666,False
00-0035621,WR,2023,1,0,0.6897260273972603,0.9038380597319785,False,0.8924777686343893,False,0.1643835616438356,0.03912116715900807,False,0.04574638776236396,False
00-0035639,WR,2023,0,0,0.6897260273972603,0.49666181633719636,False,0.46122627969851687,False,0.1643835616438356,0.3333706969631362,False,0.34617875027704476,False
00-0035645,WR,2023,0,0,0.6897260273972603,0.4775534576208733,False,0.5847421548851924,False,0.1643835616438356,0.3032703409170714,False,0.18018395408296836,False
00-0035659,WR,2023,0,1,0.6897260273972603,0.4093615163424418,False,0.3510563519286706,False,0.1643835616438356,0.38072115511374754,False,0.4639120914415711,False
00-0035662,WR,2023,0,0,0.6897260273972603,0.5914285014451743,False,0.5513797813115977,False,0.1643835616438356,0.2160094959631757,False,0.27990836401306796,False
00-0035703,WR,2023,1,0,0.6897260273972603,0.7564525557831704,False,0.8054305978433046,False,0.1643835616438356,0.1319096739140692,False,0.09257752449705893,False
00-0035819,WR,2023,1,0,0.6897260273972603,0.9114904667343703,False,0.9176480319972775,False,0.1643835616438356,0.035941512562341627,False,0.03107697988188811,False
00-0035864,WR,2023,1,0,0.6897260273972603,0.6617978373258735,False,0.6336466634593174,False,0.1643835616438356,0.1765793603983302,False,0.18727590560674384,False
00-0035876,WR,2023,1,0,0.6897260273972603,0.8375380713073352,False,0.8412327518336737,False,0.1643835616438356,0.06997196307082135,False,0.068603949626215,False
00-0035891,WR,2023,1,0,0.6897260273972603,0.9038380597319785,False,0.9185380352087722,False,0.1643835616438356,0.03912116715900807,False,0.03194256259418714,False
00-0035976,WR,2023,1,0,0.6897260273972603,0.9027533581676643,False,0.9143430728935376,False,0.1643835616438356,0.04230965072803349,False,0.03309450653489693,False
00-0036176,WR,2023,1,0,0.6897260273972603,0.9055363910399776,False,0.9166745955796229,False,0.1643835616438356,0.041555524261444675,False,0.03540952036780892,False
00-0036182,WR,2023,0,0,0.6897260273972603,0.4346672942815156,False,0.5135021796515742,False,0.1643835616438356,0.34158517015493944,False,0.2515410601179806,False
00-0036219,WR,2023,1,0,0.6897260273972603,0.6501062317550177,False,0.7181493734543051,False,0.1643835616438356,0.1702539758262583,False,0.11224578204909436,False
00-0036228,WR,2023,1,0,0.6897260273972603,0.9092774471685378,False,0.9297380356458078,False,0.1643835616438356,0.03773403584328477,False,0.03557678305234144,False
00-0036233,WR,2023,1,0,0.6897260273972603,0.4407423056507182,False,0.4458516034347447,False,0.1643835616438356,0.3631829008470782,False,0.3722851087240447,False
00-0036247,WR,2023,1,0,0.6897260273972603,0.8328020928192523,False,0.8700041622626468,False,0.1643835616438356,0.06409375899849583,False,0.05850917082011743,False
00-0036252,WR,2023,0,1,0.6897260273972603,0.4438053233297989,False,0.37408323763411744,False,0.1643835616438356,0.3445119565131509,False,0.39855357250068,False
00-0036255,WR,2023,1,0,0.6897260273972603,0.728134108800583,False,0.7471982811745573,False,0.1643835616438356,0.133311129370023,False,0.12026800556727232,False
00-0036268,WR,2023,1,0,0.6897260273972603,0.5570013103128316,False,0.6296909505746112,False,0.1643835616438356,0.24373473917372762,False,0.21712219066222424,False
00-0036277,WR,2023,1,0,0.6897260273972603,0.8798472262575564,False,0.8890427506937079,False,0.1643835616438356,0.05183657901809856,False,0.04480458623868053,False
00-0036309,WR,2023,0,1,0.6897260273972603,0.6174250494847913,False,0.6137956781192926,False,0.1643835616438356,0.1935563232501333,False,0.19826195984078865,False
00-0036326,WR,2023,0,0,0.6897260273972603,0.4775534576208733,False,0.48696933898397393,False,0.1643835616438356,0.3032703409170714,False,0.23128824387534305,False
00-0036331,WR,2023,1,0,0.6897260273972603,0.5220176735688314,False,0.5775097308684114,False,0.1643835616438356,0.273775883344218,False,0.27036334919267285,False
00-0036365,WR,2023,1,0,0.6897260273972603,0.8597252655294008,False,0.8870607293297377,False,0.1643835616438356,0.05937591940521075,False,0.04708173130219195,False
00-0036407,WR,2023,0,1,0.6897260273972603,0.534927468465316,False,0.3984251778882067,False,0.1643835616438356,0.2826372747430749,False,0.39918140355711845,False
00-0036412,WR,2023,1,0,0.6897260273972603,0.8365245018926665,False,0.7838765093756378,False,0.1643835616438356,0.07772360005911629,False,0.115157396223792,False
00-0036415,WR,2023,0,1,0.6897260273972603,0.6846205520249848,False,0.6658458139223061,False,0.1643835616438356,0.15323552437170254,False,0.17009554475466024,False
00-0036439,WR,2023,1,0,0.6897260273972603,0.8508587027507206,False,0.8718904182609034,False,0.1643835616438356,0.06839067957430693,False,0.05371093659774246,False
00-0036482,WR,2023,1,0,0.6897260273972603,0.8588267858432289,False,0.8685943484372891,False,0.1643835616438356,0.06603705487205996,False,0.061773351017925617,False
00-0036527,WR,2023,1,0,0.6897260273972603,0.8375380713073352,False,0.8189124006822851,False,0.1643835616438356,0.06997196307082135,False,0.06340234840799092,False
00-0036550,WR,2023,1,0,0.6897260273972603,0.7930760684650648,False,0.7806012843257133,False,0.1643835616438356,0.09073122758694997,False,0.1049634022351983,False
00-0036554,WR,2023,1,0,0.6897260273972603,0.6716920180533064,False,0.6400202680742892,False,0.1643835616438356,0.16244547101974233,False,0.19775481345076013,False
00-0036572,WR,2023,1,0,0.6897260273972603,0.504690095666765,False,0.6061320392896093,False,0.1643835616438356,0.32921206536016645,False,0.226724288599145,False
00-0036620,WR,2023,1,0,0.6897260273972603,0.7406604499444033,False,0.7813549214413078,False,0.1643835616438356,0.12903275406347559,False,0.08733148545491544,False
00-0036626,WR,2023,0,1,0.6897260273972603,0.728134108800583,False,0.7281961266907616,False,0.1643835616438356,0.133311129370023,False,0.09840898236687401,False
00-0036627,WR,2023,1,0,0.6897260273972603,0.9118919943311077,False,0.9240391661532805,False,0.1643835616438356,0.03705830921754391,False,0.028526650774592814,False
00-0036630,WR,2023,1,0,0.6897260273972603,0.824721370746852,False,0.8563606713121712,False,0.1643835616438356,0.0759251044853319,False,0.057051408358475865,False
00-0036635,WR,2023,0,1,0.6897260273972603,0.8603256428368637,False,0.9062194100503398,False,0.1643835616438356,0.061174678102835646,False,0.0355039729536139,False
00-0036646,WR,2023,1,0,0.6897260273972603,0.8793189900685234,False,0.8907342597730848,False,0.1643835616438356,0.05029768415241203,False,0.049022496403641896,False
00-0036652,WR,2023,1,0,0.6897260273972603,0.8597252655294008,False,0.86356231986939,False,0.1643835616438356,0.05937591940521075,False,0.0535023420972521,False
00-0036671,WR,2023,1,0,0.6897260273972603,0.5429071221534547,False,0.6545654236407296,False,0.1643835616438356,0.27884678991991535,False,0.1628916578413608,False
00-0036841,WR,2023,1,0,0.6897260273972603,0.8965053100206348,False,0.8897216754133362,False,0.1643835616438356,0.04254467860170322,False,0.044297356041832485,False
00-0036849,WR,2023,1,0,0.6897260273972603,0.6661921319290016,False,0.7234001975406283,False,0.1643835616438356,0.1859122617942524,False,0.19205589224948522,False
00-0036858,WR,2023,1,0,0.6897260273972603,0.9169176887575191,False,0.9208555969408351,False,0.1643835616438356,0.035741600594647184,False,0.03696049511863883,False
00-0036862,WR,2023,1,0,0.6897260273972603,0.5207731351472659,False,0.5527968439042966,False,0.1643835616438356,0.267507093167818,False,0.24996391267566218,False
00-0036877,WR,2023,1,0,0.6897260273972603,0.5207731351472659,False,0.6462807652201621,False,0.1643835616438356,0.267507093167818,False,0.15962388440725414,False
00-0036918,WR,2023,1,0,0.6897260273972603,0.8896652003651554,False,0.8994074728545192,False,0.1643835616438356,0.049137525046119006,False,0.04272276860794438,False
00-0036936,WR,2023,0,1,0.6897260273972603,0.7541856819434724,False,0.682527626417391,False,0.1643835616438356,0.11299411051391937,False,0.16975208711420967,False
00-0036951,WR,2023,1,0,0.6897260273972603,0.9092774471685378,False,0.9125972176398329,False,0.1643835616438356,0.03773403584328477,False,0.044586450676790866,False
00-0036955,WR,2023,1,0,0.6897260273972603,0.5884245233051506,False,0.5764194935724595,False,0.1643835616438356,0.23016155744826752,False,0.2521886079487938,False
00-0036963,WR,2023,1,0,0.6897260273972603,0.45174602691193755,False,0.2730058650535451,False,0.1643835616438356,0.34028528737504793,False,0.5344429444741634,False
00-0036980,WR,2023,1,0,0.6897260273972603,0.5618557663694089,False,0.6172918059226697,False,0.1643835616438356,0.25551564096527546,False,0.20704973170798868,False
00-0036991,WR,2023,1,0,0.6897260273972603,0.4775534576208733,False,0.5623625339536973,False,0.1643835616438356,0.3032703409170714,False,0.20329521575582682,False
00-0036999,WR,2023,1,0,0.6897260273972603,0.7632500068615967,False,0.7654654622600926,False,0.1643835616438356,0.10629054322422593,False,0.1466563247455184,False
00-0037055,WR,2023,1,0,0.6897260273972603,0.8597252655294008,False,0.8729833981733417,False,0.1643835616438356,0.05937591940521075,False,0.044898398988780834,False
00-0037098,WR,2023,1,0,0.6897260273972603,0.8597252655294008,False,0.8585856713675051,False,0.1643835616438356,0.05937591940521075,False,0.060099485121068365,False
00-0037185,WR,2023,1,0,0.6897260273972603,0.8793189900685234,False,0.8921373656364298,False,0.1643835616438356,0.05029768415241203,False,0.04025154678474005,False
00-0037238,WR,2023,0,1,0.6897260273972603,0.3927373148064099,False,0.4246569301970394,False,0.1643835616438356,0.38208604127233475,False,0.34709858104058794,False
00-0037239,WR,2023,0,1,0.6897260273972603,0.4775534576208733,False,0.3998602448760045,False,0.1643835616438356,0.3032703409170714,False,0.42711113500954684,False
00-0037240,WR,2023,1,0,0.6897260273972603,0.8126064655661469,False,0.637967471357811,False,0.1643835616438356,0.08229350934222787,False,0.09323943612197863,False
00-0037247,WR,2023,1,0,0.6897260273972603,0.3927373148064099,False,0.3794853054691968,False,0.1643835616438356,0.38208604127233475,False,0.4313612861776516,False
00-0037257,WR,2023,1,0,0.6897260273972603,0.4775534576208733,False,0.5794739851780605,False,0.1643835616438356,0.3032703409170714,False,0.21021340955673073,False
00-0037272,WR,2023,1,0,0.6897260273972603,0.4775534576208733,False,0.5495802602218206,False,0.1643835616438356,0.3032703409170714,False,0.1792546370821199,False
00-0037273,WR,2023,1,0,0.6897260273972603,0.8597252655294008,False,0.8534375463190831,False,0.1643835616438356,0.05937591940521075,False,0.07049096303947801,False
00-0037291,WR,2023,1,0,0.6897260273972603,0.7541856819434724,False,0.78059880995622,False,0.1643835616438356,0.11299411051391937,False,0.11014629105542191,False
00-0037300,WR,2023,1,0,0.6897260273972603,0.784831755029757,False,0.8419449628529949,False,0.1643835616438356,0.09655951790742906,False,0.06885863628295005,False
00-0037355,WR,2023,1,0,0.6897260273972603,0.8965053100206348,False,0.9219172793723541,False,0.1643835616438356,0.04254467860170322,False,0.035452593168158145,False
00-0037382,WR,2023,0,0,0.6897260273972603,0.8375380713073352,False,0.8787101123783382,False,0.1643835616438356,0.06997196307082135,False,0.04751812780001364,False
00-0037387,WR,2023,1,0,0.6897260273972603,0.784831755029757,False,0.8286802991704103,False,0.1643835616438356,0.09655951790742906,False,0.07619207793930226,False
00-0037524,WR,2023,1,0,0.6897260273972603,0.9114904667343703,False,0.9176480319972775,False,0.1643835616438356,0.035941512562341627,False,0.03107697988188811,False
00-0037545,WR,2023,0,1,0.6897260273972603,0.6056621557064055,False,0.5498178787383887,False,0.1643835616438356,0.2045042049319929,False,0.3195763234522355,False
00-0037570,WR,2023,1,0,0.6897260273972603,0.8965053100206348,False,0.903595713559657,False,0.1643835616438356,0.04254467860170322,False,0.03969905925563957,False
00-0037581,WR,2023,1,0,0.6897260273972603,0.9114904667343703,False,0.9176480319972775,False,0.1643835616438356,0.035941512562341627,False,0.03107697988188811,False
00-0037664,WR,2023,0,1,0.6897260273972603,0.4346672942815156,False,0.42295449690674614,False,0.1643835616438356,0.34158517015493944,False,0.3445173666103469,False
00-0037666,WR,2023,1,0,0.6897260273972603,0.8793189900685234,False,0.8905510583743589,False,0.1643835616438356,0.05029768415241203,False,0.045343827704489754,False
00-0037708,WR,2023,1,0,0.6897260273972603,0.8793189900685234,False,0.8999118744097167,False,0.1643835616438356,0.05029768415241203,False,0.04273143824880899,False
00-0037740,WR,2023,0,1,0.6897260273972603,0.3927373148064099,False,0.3245320724773051,False,0.1643835616438356,0.38208604127233475,False,0.44377304559603464,False
00-0037741,WR,2023,0,1,0.6897260273972603,0.6056621557064055,False,0.6502170623623563,False,0.1643835616438356,0.2045042049319929,False,0.16774779144536786,False
00-0037742,WR,2023,0,0,0.6897260273972603,0.6461368978565155,False,0.549298042648363,False,0.1643835616438356,0.17742207090004145,False,0.24989160571605798,False
00-0037745,WR,2023,0,0,0.6897260273972603,0.6461368978565155,False,0.5656148221163554,False,0.1643835616438356,0.17742207090004145,False,0.26848474397676375,False
00-0037816,WR,2023,1,0,0.6897260273972603,0.563684073422323,False,0.5640681148497907,False,0.1643835616438356,0.23454152809242831,False,0.19823525155566554,False
00-0038092,WR,2023,1,0,0.6897260273972603,0.9114904667343703,False,0.9240858054396813,False,0.1643835616438356,0.035941512562341627,False,0.03320852340464341,False
00-0038104,WR,2023,0,0,0.6897260273972603,0.6056621557064055,False,0.6797111430335628,False,0.1643835616438356,0.2045042049319929,False,0.1785800692529124,False
00-0038117,WR,2023,0,1,0.6897260273972603,0.8126064655661469,False,0.7819877649765066,False,0.1643835616438356,0.08229350934222787,False,0.10970105265592238,False
00-0038124,WR,2023,1,0,0.6897260273972603,0.5207731351472659,False,0.529384108499053,False,0.1643835616438356,0.267507093167818,False,0.35663916665768425,False
00-0038147,WR,2023,1,0,0.6897260273972603,0.9114904667343703,False,0.8931015529183024,False,0.1643835616438356,0.035941512562341627,False,0.0606636095949402,False
00-0038149,WR,2023,1,0,0.6897260273972603,0.9114904667343703,False,0.9125161267387836,False,0.1643835616438356,0.035941512562341627,False,0.03142180717893089,False
00-0024243,TE,2023,1,0,0.6995412844036697,0.7641879255909413,False,0.7283754752764136,False,0.12844036697247707,0.07918979953163413,False,0.09073772439125724,False
00-0027981,TE,2023,1,0,0.6995412844036697,0.840847749154053,False,0.8299826950322731,False,0.12844036697247707,0.062306109284258136,False,0.06298411390852805,False
00-0030061,TE,2023,1,0,0.6995412844036697,0.6191642247247165,False,0.605882163476872,False,0.12844036697247707,0.16894446932304144,False,0.1930875187899762,False
00-0030108,TE,2023,1,0,0.6995412844036697,0.6883485507085456,False,0.753442903051516,False,0.12844036697247707,0.13753899790564375,False,0.09194514251141427,False
00-0031260,TE,2023,0,1,0.6995412844036697,0.563465706159187,False,0.6926625558790628,False,0.12844036697247707,0.1693263629614186,False,0.12256988686726854,False
00-0031384,TE,2023,1,0,0.6995412844036697,0.8797007327747172,False,0.9087633742654101,False,0.12844036697247707,0.028161317856722656,False,0.02367453924623214,False
00-0031558,TE,2023,1,0,0.6995412844036697,0.8803987853083854,False,0.9207424634432732,False,0.12844036697247707,0.03204653324126211,False,0.018646969798998467,False
00-0031585,TE,2023,0,0,0.6995412844036697,0.6869281919460009,False,0.6432445901605975,False,0.12844036697247707,0.12248258686302942,False,0.1597111782749692,False
00-0031598,TE,2023,1,0,0.6995412844036697,0.8798755749310727,False,0.9064447512433986,False,0.12844036697247707,0.02908746324951119,False,0.021784491072070686,False
00-0031610,TE,2023,0,0,0.6995412844036697,0.696543171495015,False,0.6603831833117157,False,0.12844036697247707,0.11678165115179356,False,0.16093204377984105,False
00-0031690,TE,2023,1,0,0.6995412844036697,0.7221065375713225,False,0.669838174435854,False,0.12844036697247707,0.09527870096542114,False,0.10876692310681672,False
00-0032134,TE,2023,1,0,0.6995412844036697,0.4492320652009077,False,0.4451070531964059,False,0.12844036697247707,0.32457036285185015,False,0.26889437906966474,False
00-0032141,TE,2023,1,0,0.6995412844036697,0.6100498556358219,False,0.6560934229498901,False,0.12844036697247707,0.19690644675944377,False,0.14450826788273746,False
00-0032214,TE,2023,1,0,0.6995412844036697,0.8146530694547308,False,0.8263604033562172,False,0.12844036697247707,0.06125641982534349,False,0.04686426800495874,False
00-0032392,TE,2023,0,1,0.6995412844036697,0.3954123256716641,False,0.4680311316230096,False,0.12844036697247707,0.3704560508672496,False,0.2779203838038095,False
00-0032394,TE,2023,1,0,0.6995412844036697,0.8390698922919576,False,0.8597152550960514,False,0.12844036697247707,0.04843639420878602,False,0.037680082415165905,False
00-0032725,TE,2023,1,0,0.6995412844036697,0.7244227523674831,False,0.7673072574173535,False,0.12844036697247707,0.1173631331279164,False,0.0788608542584803,False
00-0032986,TE,2023,1,0,0.6995412844036697,0.9124885950443891,False,0.9291575733177483,False,0.12844036697247707,0.022499357244506,False,0.018314493685137597,False
00-0033090,TE,2023,0,0,0.6995412844036697,0.3661748750445523,False,0.40995557831569224,False,0.12844036697247707,0.42489594375453243,False,0.35547919184859345,False
00-0033110,TE,2023,1,0,0.6995412844036697,0.3661748750445523,False,0.48979723164657574,False,0.12844036697247707,0.42489594375453243,False,0.42185566512567474,False
00-0033217,TE,2023,0,1,0.6995412844036697,0.5252236906093327,False,0.5082726147773858,False,0.12844036697247707,0.2671924542909056,False,0.2576515450574007,False
00-0033357,TE,2023,0,1,0.6995412844036697,0.4364751675354056,False,1.4351243703379018e-10,False,0.12844036697247707,0.30747435778568005,False,0.9999999886131675,False
00-0033439,TE,2023,0,0,0.6995412844036697,0.7574870288039973,False,0.7648150211375934,False,0.12844036697247707,0.09685124658460892,False,0.08395691904153514,False
00-0033455,TE,2023,1,0,0.6995412844036697,0.696543171495015,False,0.7228855409765831,False,0.12844036697247707,0.11678165115179356,False,0.09061250208209191,False
00-0033576,TE,2023,1,0,0.6995412844036697,0.5223371732669522,False,0.5264602330470358,False,0.12844036697247707,0.22407178836138317,False,0.19056058567451842,False
00-0033757,TE,2023,0,0,0.6995412844036697,0.392649215386532,False,0.46211176916983815,False,0.12844036697247707,0.3178997711303857,False,0.26240748099406136,False
00-0033798,TE,2023,1,0,0.6995412844036697,0.86594309078591,False,0.889512734204994,False,0.12844036697247707,0.03510464024962082,False,0.02740088963140949,False
00-0033858,TE,2023,0,1,0.6995412844036697,0.6100498556358219,False,0.6121856962863371,False,0.12844036697247707,0.19690644675944377,False,0.18085232065659704,False
00-0033879,TE,2023,1,0,0.6995412844036697,0.5777535479141906,False,0.567770836630169,False,0.12844036697247707,0.2013213053378023,False,0.20176820993471486,False
00-0033885,TE,2023,1,0,0.6995412844036697,0.5243991348811361,False,0.4374026844989307,False,0.12844036697247707,0.25435159209924985,False,0.26682159927979154,False
00-0034011,TE,2023,1,0,0.6995412844036697,0.648705313828403,False,0.6966433785198918,False,0.12844036697247707,0.14753610226494657,False,0.09353265891646749,False
00-0034073,TE,2023,1,0,0.6995412844036697,0.8383990698449703,False,0.7734436668763474,False,0.12844036697247707,0.04403278391782266,False,0.062359907162627196,False
00-0034159,TE,2023,0,0,0.6995412844036697,0.480078179446134,False,0.4441308968611323,False,0.12844036697247707,0.27679795523537515,False,0.24410826275642497,False
00-0034193,TE,2023,1,0,0.6995412844036697,0.8131506741954823,False,0.8518736162233713,False,0.12844036697247707,0.050722000408524426,False,0.03479664701275419,False
00-0034270,TE,2023,0,1,0.6995412844036697,0.39620302276758296,False,0.4806238616483454,False,0.12844036697247707,0.3861231200786791,False,0.363909072141919,False
00-0034364,TE,2023,0,0,0.6995412844036697,0.4796655535748803,False,0.40446840215742946,False,0.12844036697247707,0.2701794778291904,False,0.33866464957147935,False
00-0034365,TE,2023,1,0,0.6995412844036697,0.5671219175945525,False,0.6054809920941834,False,0.12844036697247707,0.21575015009552864,False,0.1710985937553768,False
00-0034613,TE,2023,0,0,0.6995412844036697,0.7641879255909413,False,0.7760774775410837,False,0.12844036697247707,0.07918979953163413,False,0.06592831801797751,False
00-0034981,TE,2023,0,0,0.6995412844036697,0.4492320652009077,False,0.4648631425898084,False,0.12844036697247707,0.32457036285185015,False,0.29893350960978465,False
00-0035222,TE,2023,1,0,0.6995412844036697,0.4492320652009077,False,0.4888470997446453,False,0.12844036697247707,0.32457036285185015,False,0.23371149919507966,False
00-0035259,TE,2023,1,0,0.6995412844036697,0.8144033198486735,False,0.8209253036435268,False,0.12844036697247707,0.059368644941191935,False,0.05043207553204493,False
00-0035308,TE,2023,1,0,0.6995412844036697,0.8978550337811049,False,0.9110141706466444,False,0.12844036697247707,0.02866120486303763,False,0.022523821008239783,False
00-0035345,TE,2023,1,0,0.6995412844036697,0.6847910674222676,False,0.6895897007545566,False,0.12844036697247707,0.10256939841635276,False,0.08276891926828492,False
00-0035356,TE,2023,1,0,0.6995412844036697,0.8972469736415034,False,0.9320726604762335,False,0.12844036697247707,0.025175740590501674,False,0.016467719839891974,False
00-0035562,TE,2023,1,0,0.6995412844036697,0.8383990698449703,False,0.8733042388680454,False,0.12844036697247707,0.04403278391782266,False,0.030619186718771587,False
00-0035572,TE,2023,1,0,0.6995412844036697,0.6053203971807299,False,0.6401093398840324,False,0.12844036697247707,0.14118542222032773,False,0.09599719067462403,False
00-0035603,TE,2023,1,0,0.6995412844036697,0.86594309078591,False,0.8542444851743402,False,0.12844036697247707,0.03510464024962082,False,0.034929485070178616,False
00-0035624,TE,2023,1,0,0.6995412844036697,0.8149025593669328,False,0.7726117638257147,False,0.12844036697247707,0.06320018811426795,False,0.06963543574618336,False
00-0035631,TE,2023,0,1,0.6995412844036697,0.86594309078591,False,0.8975974375157906,False,0.12844036697247707,0.03510464024962082,False,0.028195534159230748,False
00-0035787,TE,2023,1,0,0.6995412844036697,0.8847293407681238,False,0.912910746379368,False,0.12844036697247707,0.028505008294301745,False,0.02190713281164292,False
00-0035823,TE,2023,1,0,0.6995412844036697,0.8972469736415034,False,0.8850106259324664,False,0.12844036697247707,0.025175740590501674,False,0.02531240230377333,False
00-0035956,TE,2023,1,0,0.6995412844036697,0.6475742668086043,False,0.6220286670708297,False,0.12844036697247707,0.13540486300674137,False,0.1162551263012518,False
00-0036005,TE,2023,1,0,0.6995412844036697,0.9119591052622633,False,0.9254966428268675,False,0.12844036697247707,0.019747995375291476,False,0.01907252263430207,False
00-0036040,TE,2023,0,0,0.6995412844036697,0.43688183455786983,False,0.37369777674688615,False,0.12844036697247707,0.31461259717298584,False,0.42177990599779797,False
00-0036059,TE,2023,1,0,0.6995412844036697,0.8847293407681238,False,0.8029442972708686,False,0.12844036697247707,0.028505008294301745,False,0.08558987019352536,False
00-0036194,TE,2023,1,0,0.6995412844036697,0.7938388936106683,False,0.8262269443008163,False,0.12844036697247707,0.06485931684469855,False,0.04836956048265066,False
00-0036232,TE,2023,1,0,0.6995412844036697,0.5243991348811361,False,0.4943856285725445,False,0.12844036697247707,0.25435159209924985,False,0.24517864122478422,False
00-0036250,TE,2023,1,0,0.6995412844036697,0.6475742668086043,False,0.6756268212673815,False,0.12844036697247707,0.13540486300674137,False,0.10222602726940956,False
00-0036290,TE,2023,0,1,0.6995412844036697,0.39620302276758296,False,0.4029175498558774,False,0.12844036697247707,0.3861231200786791,False,0.5079596838475189,False
00-0036332,TE,2023,1,0,0.6995412844036697,0.6589112982083363,False,0.6848572600493255,False,0.12844036697247707,0.14085623459610508,False,0.10303199461741544,False
00-0036422,TE,2023,0,1,0.6995412844036697,0.6080817063840914,False,0.6350664280243046,False,0.12844036697247707,0.1718888480815049,False,0.13147831411476615,False
00-0036423,TE,2023,1,0,0.6995412844036697,0.8158979233746533,False,0.8086445785550979,False,0.12844036697247707,0.07156349865421174,False,0.08030102786668374,False
00-0036424,TE,2023,1,0,0.6995412844036697,0.7317136720295285,False,0.738676069257977,False,0.12844036697247707,0.09636029688460296,False,0.08210752428884238,False
00-0036438,TE,2023,0,0,0.6995412844036697,0.753824154271508,False,0.7576831767667583,False,0.12844036697247707,0.06707912555161152,False,0.060725346938695905,False
00-0036510,TE,2023,1,0,0.6995412844036697,0.8800501976222544,False,0.9118045277328602,False,0.12844036697247707,0.03004312534375259,False,0.02110449730493752,False
00-0036534,TE,2023,1,0,0.6995412844036697,0.7544372123368982,False,0.6760915114708277,False,0.12844036697247707,0.07137053196131492,False,0.11868402168870067,False
00-0036556,TE,2023,1,0,0.6995412844036697,0.7224381577252317,False,0.7855719910334729,False,0.12844036697247707,0.09818913244532149,False,0.07894126263079412,False
00-0036628,TE,2023,0,1,0.6995412844036697,0.7237621984674122,False,0.735867665675347,False,0.12844036697247707,0.11063573279444336,False,0.10191654558323676,False
00-0036692,TE,2023,1,0,0.6995412844036697,0.9119591052622633,False,0.9255743818291211,False,0.12844036697247707,0.019747995375291476,False,0.01877930432050514,False
00-0036754,TE,2023,1,0,0.6995412844036697,0.5215121714604576,False,0.48564608882843174,False,0.12844036697247707,0.2127017383764542,False,0.21519279705972297,False
00-0036825,TE,2023,1,0,0.6995412844036697,0.8383990698449703,False,0.7587848004992203,False,0.12844036697247707,0.04403278391782266,False,0.03814501706954631,False
00-0036876,TE,2023,0,1,0.6995412844036697,0.5654978126444301,False,0.4402857486591389,False,0.12844036697247707,0.1940584025229952,False,0.1718249839199211,False
00-0036887,TE,2023,0,0,0.6995412844036697,0.8614128208778333,False,0.8551257018628156,False,0.12844036697247707,0.0420352559026128,False,0.04036912638402407,False
00-0036894,TE,2023,1,0,0.6995412844036697,0.40703939059853017,False,0.4955696111927223,False,0.12844036697247707,0.37337227037414566,False,0.33494776904528417,False
00-0036970,TE,2023,0,1,0.6995412844036697,0.6894115017650067,False,0.7410943252069077,False,0.12844036697247707,0.14982830531605074,False,0.15004257817246452,False
00-0037005,TE,2023,0,1,0.6995412844036697,0.48090351216757987,False,0.48801871712841566,False,0.12844036697247707,0.29033078552707675,False,0.27430592611921684,False
00-0037031,TE,2023,1,0,0.6995412844036697,0.8847293407681238,False,0.912910746379368,False,0.12844036697247707,0.028505008294301745,False,0.02190713281164292,False
00-0037078,TE,2023,1,0,0.6995412844036697,0.7317136720295285,False,0.7621238498440172,False,0.12844036697247707,0.09636029688460296,False,0.08346167331568514,False
00-0037086,TE,2023,1,0,0.6995412844036697,0.7641879255909413,False,0.7715862674885186,False,0.12844036697247707,0.07918979953163413,False,0.06774908100216409,False
00-0037112,TE,2023,1,0,0.6995412844036697,0.8847293407681238,False,0.9066494862362628,False,0.12844036697247707,0.028505008294301745,False,0.025742885933500208,False
00-0037168,TE,2023,1,0,0.6995412844036697,0.6589112982083363,False,0.41345722219582737,False,0.12844036697247707,0.14085623459610508,False,0.20022212501429504,False
00-0037252,TE,2023,1,0,0.6995412844036697,0.6191642247247165,False,0.6324878883616496,False,0.12844036697247707,0.16894446932304144,False,0.1836906061857231,False
00-0037277,TE,2023,1,0,0.6995412844036697,0.7317136720295285,False,0.6981891439412053,False,0.12844036697247707,0.09636029688460296,False,0.11955072014262025,False
00-0037282,TE,2023,1,0,0.6995412844036697,0.696543171495015,False,0.6871865034975758,False,0.12844036697247707,0.11678165115179356,False,0.0974514753115375,False
00-0037348,TE,2023,1,0,0.6995412844036697,0.86594309078591,False,0.8864880983375986,False,0.12844036697247707,0.03510464024962082,False,0.03556206246848395,False
00-0037475,TE,2023,0,0,0.6995412844036697,0.8446328125565257,False,0.8664575556272246,False,0.12844036697247707,0.0431643647191809,False,0.03308013719241237,False
00-0037744,TE,2023,0,1,0.6995412844036697,0.5352201178653123,False,0.5611332200739626,False,0.12844036697247707,0.23812502981200998,False,0.18289428122737822,False
00-0037755,TE,2023,1,0,0.6995412844036697,0.5352201178653123,False,0.5216163369027624,False,0.12844036697247707,0.23812502981200998,False,0.2366933185719426,False
00-0037805,TE,2023,0,0,0.6995412844036697,0.86594309078591,False,0.8843324417899983,False,0.12844036697247707,0.03510464024962082,False,0.02958815234742238,False
00-0037809,TE,2023,0,1,0.6995412844036697,0.3661748750445523,False,0.2149460143265785,False,0.12844036697247707,0.42489594375453243,False,0.4009238635881387,False
00-0037838,TE,2023,1,0,0.6995412844036697,0.4492320652009077,False,0.4939734652215843,False,0.12844036697247707,0.32457036285185015,False,0.33697437213021886,False
00-0038046,TE,2023,1,0,0.6995412844036697,0.8847293407681238,False,0.8783374996955139,False,0.12844036697247707,0.028505008294301745,False,0.022136863045867206,False
00-0023459,QB,2024,0,1,0.7996661101836394,0.8561593428233003,False,0.8927356814630782,False,0.11519198664440734,0.08360855415756262,False,0.04987522130410918,False
00-0026625,QB,2024,1,0,0.7996661101836394,0.9552554225382538,False,0.9783461588575814,False,0.11519198664440734,0.024899605754762733,False,0.016384246325230483,False
00-0027948,QB,2024,1,0,0.7996661101836394,0.9552554225382538,False,0.948800035044924,False,0.11519198664440734,0.024899605754762733,False,0.014766799335011542,False
00-0027973,QB,2024,1,0,0.7996661101836394,0.8712726306324474,False,0.8579328254984847,False,0.11519198664440734,0.07390700409046456,False,0.08485087705587557,False
00-0028118,QB,2024,1,0,0.7996661101836394,0.8676037537597697,False,0.8596725940072197,False,0.11519198664440734,0.07261108945671124,False,0.04147824230589968,False
00-0028986,QB,2024,1,0,0.7996661101836394,0.9513228185940276,False,0.9800272116965548,False,0.11519198664440734,0.02711884730031892,False,0.02642085993938604,False
00-0029263,QB,2024,1,0,0.7996661101836394,0.5120585240975313,False,0.5568157992297437,False,0.11519198664440734,0.31815841325823047,False,0.2539255922331955,False
00-0029604,QB,2024,0,1,0.7996661101836394,0.7673610143382926,False,0.6555225840732113,False,0.11519198664440734,0.1283548932311874,False,0.2836786820815586,False
00-0029701,QB,2024,1,0,0.7996661101836394,0.7563681833565417,False,0.748969706805861,False,0.11519198664440734,0.14187570115145176,False,0.07179264370040933,False
00-0030533,QB,2024,1,0,0.7996661101836394,0.9409300390434107,False,0.863374754073986,False,0.11519198664440734,0.03128437920742786,False,0.07729975041725386,False
00-0030565,QB,2024,0,1,0.7996661101836394,0.4058357707986887,False,0.39635183554073206,False,0.11519198664440734,0.401717376336171,False,0.2629816697333551,False
00-0031237,QB,2024,1,0,0.7996661101836394,0.9450147346871334,False,0.8947584374701648,False,0.11519198664440734,0.03088347237580819,False,0.044652823741323774,False
00-0031280,QB,2024,0,0,0.7996661101836394,0.4440025584572308,False,0.5007591838142196,False,0.11519198664440734,0.37658854668273756,False,0.3586148666200327,False
00-0031288,QB,2024,1,0,0.7996661101836394,0.927114844119498,False,0.9681146464786206,False,0.11519198664440734,0.03856434519984068,False,0.023592309961026167,False
00-0031345,QB,2024,1,0,0.7996661101836394,0.8167396207098311,False,0.8512797658869797,False,0.11519198664440734,0.10473864638360453,False,0.06970011206985657,False
00-0031503,QB,2024,0,0,0.7996661101836394,0.9119695676244968,False,0.9403413297309247,False,0.11519198664440734,0.048522488952979996,False,0.019900835306349455,False
00-0031800,QB,2024,1,0,0.7996661101836394,0.8748259737102657,False,0.8216718375121033,False,0.11519198664440734,0.07049221429886415,False,0.0738525890338305,False
00-0032156,QB,2024,1,0,0.7996661101836394,0.9284339114257038,False,0.9290120111089886,False,0.11519198664440734,0.03943979361735663,False,0.039892851166486436,False
00-0032268,QB,2024,1,0,0.7996661101836394,0.880862535728369,False,0.9256185419607255,False,0.11519198664440734,0.06812702414215031,False,0.013909438653650533,False
00-0032436,QB,2024,1,0,0.7996661101836394,0.9350756358444651,False,0.9537189870892242,False,0.11519198664440734,0.036584761575735945,False,0.047471779594158915,False
00-0032950,QB,2024,1,0,0.7996661101836394,0.9295003243580645,False,0.622485780100605,False,0.11519198664440734,0.03980296064459115,False,0.15964896066905046,False
00-0033119,QB,2024,1,0,0.7996661101836394,0.8712726306324474,False,0.838063921454099,False,0.11519198664440734,0.07390700409046456,False,0.07258770704880953,False
00-0033275,QB,2024,1,0,0.7996661101836394,0.9010919100311932,False,0.9312514045275837,False,0.11519198664440734,0.05509010824615285,False,0.03177671155983394,False
00-0033319,QB,2024,1,0,0.7996661101836394,0.9157648283303461,False,0.9313452266792976,False,0.11519198664440734,0.04664460964795184,False,0.07924019390421938,False
00-0033537,QB,2024,1,0,0.7996661101836394,0.8882339995203051,False,0.8627943944927696,False,0.11519198664440734,0.06220930533077492,False,0.0588238129466113,False
00-0033662,QB,2024,0,0,0.7996661101836394,0.8531481038471255,False,0.9324038693559132,False,0.11519198664440734,0.08251818967721976,False,0.02440208102612176,False
00-0033869,QB,2024,1,0,0.7996661101836394,0.8929324334857481,False,0.8728931488196716,False,0.11519198664440734,0.05983504032130583,False,0.08255815443072018,False
00-0033936,QB,2024,1,0,0.7996661101836394,0.9046124570362082,False,0.9413550408306789,False,0.11519198664440734,0.05273331833962543,False,0.026136505258848097,False
00-0033949,QB,2024,1,0,0.7996661101836394,0.813083312785694,False,0.7708496567135996,False,0.11519198664440734,0.10340381206344314,False,0.10991193171770673,False
00-0033958,QB,2024,1,0,0.7996661101836394,0.9535079348800932,False,0.9660098939638689,False,0.11519198664440734,0.026046638997535662,False,0.01929346914925204,False
00-0034177,QB,2024,1,0,0.7996661101836394,0.9490404910703952,False,0.9866177364919979,False,0.11519198664440734,0.028233913494521142,False,0.015863999028481672,False
00-0034401,QB,2024,1,0,0.7996661101836394,0.9046124570362082,False,0.9605382930400511,False,0.11519198664440734,0.05273331833962543,False,0.008940342054148256,False
00-0034438,QB,2024,1,0,0.7996661101836394,0.9409300390434107,False,0.9728736648898375,False,0.11519198664440734,0.03128437920742786,False,0.013970856865204419,False
00-0034577,QB,2024,1,0,0.7996661101836394,0.9188101629782863,False,0.8911367370183771,False,0.11519198664440734,0.0446320576543648,False,0.036809874990501784,False
00-0034869,QB,2024,1,0,0.7996661101836394,0.8214898586647078,False,0.8587050896933114,False,0.11519198664440734,0.10005321988965148,False,0.0330782868921013,False
00-0034955,QB,2024,1,0,0.7996661101836394,0.9424545309088788,False,0.9572009103260134,False,0.11519198664440734,0.03214821648120139,False,0.017241650730636455,False
00-0035100,QB,2024,1,0,0.7996661101836394,0.7248235507895325,False,0.6029676433792488,False,0.11519198664440734,0.1546180535067008,False,0.11710312608794007,False
00-0035228,QB,2024,0,1,0.7996661101836394,0.795405805535557,False,0.6567975980942036,False,0.11519198664440734,0.11747616615027832,False,0.17021459006986844,False
00-0035264,QB,2024,1,0,0.7996661101836394,0.9470637315730591,False,0.8352649488406199,False,0.11519198664440734,0.029529894435726695,False,0.07428682710557506,False
00-0035282,QB,2024,1,0,0.7996661101836394,0.86626504157805,False,0.841729565387519,False,0.11519198664440734,0.07136942750267171,False,0.056648853000948934,False
00-0035289,QB,2024,0,0,0.7996661101836394,0.35293542060780736,False,0.465833971024515,False,0.11519198664440734,0.45473383917739013,False,0.3847070275117438,False
00-0035704,QB,2024,1,0,0.7996661101836394,0.890248782936032,False,0.9108869864126936,False,0.11519198664440734,0.05827203733934179,False,0.05305385047560499,False
00-0035710,QB,2024,0,0,0.7996661101836394,0.8379939467711055,False,0.8668476832947472,False,0.11519198664440734,0.08713823371366271,False,0.04193541839516135,False
00-0035993,QB,2024,1,0,0.7996661101836394,0.86626504157805,False,0.8413886552710249,False,0.11519198664440734,0.07136942750267171,False,0.061044683878986275,False
00-0036355,QB,2024,1,0,0.7996661101836394,0.5171683599758661,False,0.5012005675575417,False,0.11519198664440734,0.3032604102068048,False,0.2453891431882129,False
00-0036442,QB,2024,0,1,0.7996661101836394,0.6777742548368105,False,0.6115723479025438,False,0.11519198664440734,0.1851137648860757,False,0.24091499513245618,False
00-0036928,QB,2024,1,0,0.7996661101836394,0.9552554225382538,False,0.9600450632895318,False,0.11519198664440734,0.024899605754762733,False,0.02796833516384238,False
00-0036945,QB,2024,1,0,0.7996661101836394,0.5796703438543792,False,0.5534234309607073,False,0.11519198664440734,0.2649412463834737,False,0.11916919738127466,False
00-0036971,QB,2024,0,0,0.7996661101836394,0.35293542060780736,False,0.31596313359795486,False,0.11519198664440734,0.45473383917739013,False,0.45784816643551146,False
00-0036972,QB,2024,0,0,0.7996661101836394,0.6643995752703172,False,0.7404690705141244,False,0.11519198664440734,0.20321955143503811,False,0.1421640223067084,False
00-0037013,QB,2024,1,0,0.7996661101836394,0.7287324660455795,False,0.6904838727432628,False,0.11519198664440734,0.1576959153224668,False,0.13216534209598202,False
00-0037077,QB,2024,1,0,0.7996661101836394,0.733447022563555,False,0.7031588860982478,False,0.11519198664440734,0.1504302609829044,False,0.11427931636535792,False
00-0038102,QB,2024,1,0,0.7996661101836394,0.6535633507440245,False,0.7705303641525842,False,0.11519198664440734,0.21001242349586347,False,0.1079264238732642,False
00-0038108,QB,2024,1,0,0.7996661101836394,0.8459528624569917,False,0.8900930503244222,False,0.11519198664440734,0.08533724952980577,False,0.04902360614713053,False
00-0038122,QB,2024,1,0,0.7996661101836394,0.7350238154890931,False,0.6731595351884426,False,0.11519198664440734,0.1510411548798753,False,0.09444930866499021,False
00-0038128,QB,2024,1,0,0.7996661101836394,0.9262741009155973,False,0.9476259568350662,False,0.11519198664440734,0.04141736610983553,False,0.013879990315774743,False
00-0038391,QB,2024,1,0,0.7996661101836394,0.927114844119498,False,0.9988365633321897,False,0.11519198664440734,0.03856434519984068,False,0.0003139378169809395,False
00-0038416,QB,2024,1,0,0.7996661101836394,0.86626504157805,False,0.886354051349086,False,0.11519198664440734,0.07136942750267171,False,0.05594626609188789,False
00-0038476,QB,2024,1,0,0.7996661101836394,0.7248235507895325,False,0.7012882123290229,False,0.11519198664440734,0.1546180535067008,False,0.14065012671477847,False
00-0038579,QB,2024,0,0,0.7996661101836394,0.6268222324168875,False,0.7380335830279453,False,0.11519198664440734,0.22005854431853267,False,0.21449679635185073,False
00-0038582,QB,2024,1,0,0.7996661101836394,0.8379939467711055,False,0.8978770784698853,False,0.11519198664440734,0.08713823371366271,False,0.059822504284041,False
00-0038583,QB,2024,1,0,0.7996661101836394,0.8050911297612018,False,0.8772752511782734,False,0.11519198664440734,0.10599342958898948,False,0.05560607405663853,False
00-0038598,QB,2024,1,0,0.7996661101836394,0.9103763322756269,False,0.9606599562319521,False,0.11519198664440734,0.047455391465078586,False,0.01767372390033373,False
00-0039150,QB,2024,0,1,0.7996661101836394,0.35293542060780736,False,0.6174174128019332,False,0.11519198664440734,0.45473383917739013,False,0.20371519758493928,False
00-0039152,QB,2024,0,0,0.7996661101836394,0.7248235507895325,False,0.7096212111003589,False,0.11519198664440734,0.1546180535067008,False,0.17802454937066967,False
00-0039164,QB,2024,0,0,0.7996661101836394,0.890248782936032,False,0.5860363188158282,False,0.11519198664440734,0.05827203733934179,False,0.22876575964878906,False
00-0029239,RB,2024,1,0,0.7070796460176991,0.7655735150631847,False,0.7132796690565671,False,0.1504424778761062,0.11713406452224637,False,0.10620876691968668,False
00-0030578,RB,2024,1,0,0.7070796460176991,0.6272943065990478,False,0.7384652160875145,False,0.1504424778761062,0.2048844274000925,False,0.10372270752962899,False
00-0030874,RB,2024,1,0,0.7070796460176991,0.88734843179363,False,0.8930529655023918,False,0.1504424778761062,0.036364058100682134,False,0.04002971424080406,False
00-0032104,RB,2024,0,1,0.7070796460176991,0.49227180784080354,False,0.5704073800684821,False,0.1504424778761062,0.32963962947829534,False,0.24282158550017327,False
00-0032144,RB,2024,1,0,0.7070796460176991,0.8101436475536514,False,0.9144067032770693,False,0.1504424778761062,0.08458744066331775,False,0.07173921122689808,False
00-0032450,RB,2024,1,0,0.7070796460176991,0.847923205525847,False,0.8932652593960303,False,0.1504424778761062,0.06046480240561365,False,0.025875494749468802,False
00-0032764,RB,2024,1,0,0.7070796460176991,0.46863896976532465,False,0.47701013851782254,False,0.1504424778761062,0.35092289061844834,False,0.31297036775615794,False
00-0032975,RB,2024,1,0,0.7070796460176991,0.8572474761996414,False,0.9091456290988715,False,0.1504424778761062,0.0598021685376263,False,0.02393299630550989,False
00-0033045,RB,2024,0,1,0.7070796460176991,0.43130830546864296,False,0.45129103248421126,False,0.1504424778761062,0.39495136596825076,False,0.3380822001117739,False
00-0033118,RB,2024,1,0,0.7070796460176991,0.8212961057408249,False,0.8985805193639125,False,0.1504424778761062,0.08368399319696433,False,0.03906140360332889,False
00-0033296,RB,2024,1,0,0.7070796460176991,0.8459470225236381,False,0.9088326218351274,False,0.1504424778761062,0.056469542686886684,False,0.029387350521586916,False
00-0033308,RB,2024,1,0,0.7070796460176991,0.5070120821953599,False,0.6162013534632554,False,0.1504424778761062,0.31127971840684676,False,0.20505606686161676,False
00-0033376,RB,2024,0,0,0.7070796460176991,0.7766607974578759,False,0.8989599472456221,False,0.1504424778761062,0.09410334814366815,False,0.04456263475204646,False
00-0033526,RB,2024,1,0,0.7070796460176991,0.43130830546864296,False,0.4863445676662934,False,0.1504424778761062,0.39495136596825076,False,0.29919964137644506,False
00-0033553,RB,2024,0,1,0.7070796460176991,0.6049020787305511,False,0.49049569206806354,False,0.1504424778761062,0.22076549120591943,False,0.26050303061977753,False
00-0033699,RB,2024,1,0,0.7070796460176991,0.5449614447811829,False,0.39568451559239626,False,0.1504424778761062,0.2733003610989371,False,0.3535961404479202,False
00-0033856,RB,2024,1,0,0.7070796460176991,0.8816058374232327,False,0.8455419435744446,False,0.1504424778761062,0.039790461815207186,False,0.03884620304963245,False
00-0033897,RB,2024,1,0,0.7070796460176991,0.43130830546864296,False,0.37294575222045856,False,0.1504424778761062,0.39495136596825076,False,0.39282601101778275,False
00-0033906,RB,2024,0,1,0.7070796460176991,0.5770695520585305,False,0.40843617809502236,False,0.1504424778761062,0.25288680122076956,False,0.33967419922327546,False
00-0033925,RB,2024,0,0,0.7070796460176991,0.6529295013786153,False,0.6565942150175147,False,0.1504424778761062,0.20203428655328812,False,0.2161339107721205,False
00-0033948,RB,2024,0,1,0.7070796460176991,0.5487390327896653,False,0.6359003956018122,False,0.1504424778761062,0.28795467652684953,False,0.17395404259516264,False
00-0033955,RB,2024,1,0,0.7070796460176991,0.8816058374232327,False,0.9069405684610145,False,0.1504424778761062,0.039790461815207186,False,0.019779375269889876,False
00-0034208,RB,2024,1,0,0.7070796460176991,0.7488809352934687,False,0.8033195488429576,False,0.1504424778761062,0.11052660624913495,False,0.07902497052596497,False
00-0034433,RB,2024,1,0,0.7070796460176991,0.8019607981378978,False,0.887713679574692,False,0.1504424778761062,0.07956074850021172,False,0.04693524357458106,False
00-0034614,RB,2024,1,0,0.7070796460176991,0.7766607974578759,False,0.8383881963187004,False,0.1504424778761062,0.09410334814366815,False,0.04240593142785754,False
00-0034750,RB,2024,1,0,0.7070796460176991,0.8621879335249456,False,0.9065093535981896,False,0.1504424778761062,0.051112549348837896,False,0.029161439494604646,False
00-0034791,RB,2024,1,0,0.7070796460176991,0.7750777843380982,False,0.58091086449586,False,0.1504424778761062,0.12471997080166754,False,0.2000694875570297,False
00-0034838,RB,2024,1,0,0.7070796460176991,0.7565065311304484,False,0.7896705160122612,False,0.1504424778761062,0.09521282711967875,False,0.08680275617013683,False
00-0034844,RB,2024,1,0,0.7070796460176991,0.5449614447811829,False,0.5221893378642456,False,0.1504424778761062,0.2733003610989371,False,0.34898728507753546,False
00-0034972,RB,2024,0,1,0.7070796460176991,0.4689817434661943,False,0.5004680202911694,False,0.1504424778761062,0.35198056029610564,False,0.35292344680794374,False
00-0035184,RB,2024,1,0,0.7070796460176991,0.8945560287963898,False,0.9307069623415546,False,0.1504424778761062,0.03595543661444154,False,0.03305552400763638,False
00-0035243,RB,2024,0,0,0.7070796460176991,0.4689817434661943,False,0.5126337243563995,False,0.1504424778761062,0.35198056029610564,False,0.3046909335957312,False
00-0035291,RB,2024,1,0,0.7070796460176991,0.4689817434661943,False,0.522832965547791,False,0.1504424778761062,0.35198056029610564,False,0.24356713242274783,False
00-0035594,RB,2024,1,0,0.7070796460176991,0.7625774269714585,False,0.8471497905716691,False,0.1504424778761062,0.1093792153322888,False,0.038525121592404246,False
00-0035628,RB,2024,0,0,0.7070796460176991,0.591992256869675,False,0.7891619643093826,False,0.1504424778761062,0.20873087851024774,False,0.14342008111800736,False
00-0035657,RB,2024,1,0,0.7070796460176991,0.7692297953852004,False,0.857565594910982,False,0.1504424778761062,0.10880944709306067,False,0.06750085263471364,False
00-0035664,RB,2024,1,0,0.7070796460176991,0.8101436475536514,False,0.7167490951004925,False,0.1504424778761062,0.08458744066331775,False,0.15965652305642183,False
00-0035700,RB,2024,1,0,0.7070796460176991,0.5487390327896653,False,0.38982725218907904,False,0.1504424778761062,0.28795467652684953,False,0.4177319793067907,False
00-0035715,RB,2024,1,0,0.7070796460176991,0.8647648976146529,False,0.7766822962233634,False,0.1504424778761062,0.047438263983391286,False,0.06650049027513513,False
00-0035726,RB,2024,1,0,0.7070796460176991,0.7339154578767543,False,0.8799708266713647,False,0.1504424778761062,0.12861064569998767,False,0.05373388077368443,False
00-0035806,RB,2024,0,0,0.7070796460176991,0.8966003244945435,False,0.8989360601425022,False,0.1504424778761062,0.033332463077499576,False,0.024077019336166964,False
00-0035831,RB,2024,1,0,0.7070796460176991,0.8425647463564921,False,0.8640506027478009,False,0.1504424778761062,0.07062605129302198,False,0.03358449968711408,False
00-0035860,RB,2024,1,0,0.7070796460176991,0.8408650901909308,False,0.8227750550828328,False,0.1504424778761062,0.05653468714190992,False,0.05488334261833669,False
00-0035924,RB,2024,1,0,0.7070796460176991,0.8793049952860862,False,0.8722170353562331,False,0.1504424778761062,0.04289907088653822,False,0.03294418484397851,False
00-0036020,RB,2024,1,0,0.7070796460176991,0.7766607974578759,False,0.7915351623129905,False,0.1504424778761062,0.09410334814366815,False,0.08208657086186065,False
00-0036158,RB,2024,1,0,0.7070796460176991,0.8966003244945435,False,0.8688580160462441,False,0.1504424778761062,0.033332463077499576,False,0.05056064176990373,False
00-0036187,RB,2024,1,0,0.7070796460176991,0.8218624279398326,False,0.9015751775647205,False,0.1504424778761062,0.07218078257675778,False,0.028432296296581394,False
00-0036223,RB,2024,0,1,0.7070796460176991,0.6953373858847258,False,0.5709728836409099,False,0.1504424778761062,0.15140309454670473,False,0.23594649948268237,False
00-0036251,RB,2024,1,0,0.7070796460176991,0.5820608564739322,False,0.5081151877150286,False,0.1504424778761062,0.23750982613206045,False,0.3183284872685099,False
00-0036265,RB,2024,1,0,0.7070796460176991,0.5015473957569853,False,0.5368019441893029,False,0.1504424778761062,0.32834549858122386,False,0.3118866924012351,False
00-0036269,RB,2024,1,0,0.7070796460176991,0.8816058374232327,False,0.7940104212004515,False,0.1504424778761062,0.039790461815207186,False,0.08334734667554344,False
00-0036297,RB,2024,1,0,0.7070796460176991,0.8408650901909308,False,0.805609308916721,False,0.1504424778761062,0.05653468714190992,False,0.06194898575960077,False
00-0036328,RB,2024,0,1,0.7070796460176991,0.5066680338906155,False,0.5781302956509242,False,0.1504424778761062,0.3102857900512464,False,0.21362404812704178,False
00-0036336,RB,2024,1,0,0.7070796460176991,0.88734843179363,False,0.9441600467384338,False,0.1504424778761062,0.036364058100682134,False,0.015127088835775473,False
00-0036370,RB,2024,1,0,0.7070796460176991,0.43130830546864296,False,0.4838567648611861,False,0.1504424778761062,0.39495136596825076,False,0.3272852909596688,False
00-0036414,RB,2024,1,0,0.7070796460176991,0.7065979014415378,False,0.5931612363478918,False,0.1504424778761062,0.1608041222748296,False,0.26192703821108076,False
00-0036425,RB,2024,0,1,0.7070796460176991,0.43130830546864296,False,0.5262592614746299,False,0.1504424778761062,0.39495136596825076,False,0.2697092852418127,False
00-0036450,RB,2024,1,0,0.7070796460176991,0.8301380321791489,False,0.8399124569529245,False,0.1504424778761062,0.06644463643756712,False,0.053198052484341125,False
00-0036493,RB,2024,1,0,0.7070796460176991,0.8212961057408249,False,0.8089509343807815,False,0.1504424778761062,0.08368399319696433,False,0.08791123624875326,False
00-0036555,RB,2024,0,1,0.7070796460176991,0.4973922445171811,False,0.4192102922151683,False,0.1504424778761062,0.3115417572514657,False,0.34718904958614843,False
00-0036569,RB,2024,1,0,0.7070796460176991,0.8459470225236381,False,0.87671438986279,False,0.1504424778761062,0.056469542686886684,False,0.051611310830437636,False
00-0036842,RB,2024,1,0,0.7070796460176991,0.7491396995902982,False,0.7790200281525071,False,0.1504424778761062,0.11098361753020065,False,0.06731124387759331,False
00-0036857,RB,2024,1,0,0.7070796460176991,0.8242827737629526,False,0.784322989276927,False,0.1504424778761062,0.07752788650353044,False,0.06812728438691004,False
00-0036860,RB,2024,1,0,0.7070796460176991,0.9049370173530298,False,0.9276456818808422,False,0.1504424778761062,0.030271968534019977,False,0.04342541279649718,False
00-0036875,RB,2024,0,1,0.7070796460176991,0.5720624637173647,False,0.4544495991886909,False,0.1504424778761062,0.26890822042276463,False,0.29356423534253656,False
00-0036906,RB,2024,0,0,0.7070796460176991,0.6272943065990478,False,0.5443809583930679,False,0.1504424778761062,0.2048844274000925,False,0.2222141015241731,False
00-0036924,RB,2024,1,0,0.7070796460176991,0.5159392349629452,False,0.5775628323681249,False,0.1504424778761062,0.30903261339833654,False,0.21502345523018387,False
00-0036973,RB,2024,0,1,0.7070796460176991,0.43130830546864296,False,0.3363524528345349,False,0.1504424778761062,0.39495136596825076,False,0.43451419154703913,False
00-0036984,RB,2024,0,1,0.7070796460176991,0.8306821105368355,False,0.7985850406572063,False,0.1504424778761062,0.05716331714720004,False,0.05816597379732403,False
00-0036997,RB,2024,1,0,0.7070796460176991,0.659294563949802,False,0.6176435432392314,False,0.1504424778761062,0.1446203869844162,False,0.14405000424487466,False
00-0037120,RB,2024,0,1,0.7070796460176991,0.8019607981378978,False,0.7390057137993005,False,0.1504424778761062,0.07956074850021172,False,0.1038376851026128,False
00-0037157,RB,2024,1,0,0.7070796460176991,0.8597359070231437,False,0.9145493471238765,False,0.1504424778761062,0.05529687824452579,False,0.035440730073084285,False
00-0037263,RB,2024,0,1,0.7070796460176991,0.46863896976532465,False,0.5581288166316726,False,0.1504424778761062,0.35092289061844834,False,0.29131419161946953,False
00-0037276,RB,2024,1,0,0.7070796460176991,0.6846727581258689,False,0.6576704737664434,False,0.1504424778761062,0.1239690643922594,False,0.13793786567127478,False
00-0037286,RB,2024,1,0,0.7070796460176991,0.8505458377009497,False,0.9336430960481386,False,0.1504424778761062,0.05591256027186816,False,0.06427500330708957,False
00-0037299,RB,2024,1,0,0.7070796460176991,0.7519936515217177,False,0.8414969139145584,False,0.1504424778761062,0.118351993841392,False,0.08764553390596493,False
00-0037410,RB,2024,1,0,0.7070796460176991,0.8647648976146529,False,0.9146836959698645,False,0.1504424778761062,0.047438263983391286,False,0.028192983216482864,False
00-0037429,RB,2024,0,1,0.7070796460176991,0.6909806832324475,False,0.7969419446009985,False,0.1504424778761062,0.16239260071697714,False,0.10283970783506802,False
00-0037525,RB,2024,0,0,0.7070796460176991,0.4689817434661943,False,0.6212953755547603,False,0.1504424778761062,0.35198056029610564,False,0.26367919215608376,False
00-0037563,RB,2024,1,0,0.7070796460176991,0.8771141170239625,False,0.9185395728891871,False,0.1504424778761062,0.0464439142417024,False,0.01659465687078309,False
00-0037594,RB,2024,0,0,0.7070796460176991,0.8771141170239625,False,0.9125789160328905,False,0.1504424778761062,0.0464439142417024,False,0.01998700473014999,False
00-0037746,RB,2024,1,0,0.7070796460176991,0.5730079854132785,False,0.5815117822647924,False,0.1504424778761062,0.23857310846900157,False,0.27744521487629203,False
00-0037827,RB,2024,1,0,0.7070796460176991,0.8831877550711346,False,0.8506700496820928,False,0.1504424778761062,0.04265901774382106,False,0.049436598888227275,False
00-0038040,RB,2024,1,0,0.7070796460176991,0.6320707920658912,False,0.6108314275344257,False,0.1504424778761062,0.1916774281530791,False,0.22950740983313284,False
00-0038045,RB,2024,1,0,0.7070796460176991,0.7799576612090039,False,0.8390492146876922,False,0.1504424778761062,0.08688489582165557,False,0.0689137205714319,False
00-0038098,RB,2024,0,0,0.7070796460176991,0.5780121714683932,False,0.6535965839343185,False,0.1504424778761062,0.22380576422777224,False,0.17978688717097177,False
00-0038120,RB,2024,0,1,0.7070796460176991,0.5969304589315991,False,0.4768773563391507,False,0.1504424778761062,0.19533684713438104,False,0.21828626415496194,False
00-0038134,RB,2024,0,0,0.7070796460176991,0.5070120821953599,False,0.4344895274713437,False,0.1504424778761062,0.31127971840684676,False,0.3360117406687563,False
00-0038389,RB,2024,1,0,0.7070796460176991,0.8019607981378978,False,0.807713245638381,False,0.1504424778761062,0.07956074850021172,False,0.07688134167123076,False
00-0038396,RB,2024,0,1,0.7070796460176991,0.6877161888973031,False,0.7553892071236288,False,0.1504424778761062,0.15275740650608977,False,0.1025536138036099,False
00-0038397,RB,2024,1,0,0.7070796460176991,0.8966003244945435,False,0.9275903484156309,False,0.1504424778761062,0.033332463077499576,False,0.025806897561949583,False
00-0038454,RB,2024,1,0,0.7070796460176991,0.7766607974578759,False,0.6197613903867528,False,0.1504424778761062,0.09410334814366815,False,0.16110649817964157,False
00-0038488,RB,2024,1,0,0.7070796460176991,0.8019607981378978,False,0.8547552544337896,False,0.1504424778761062,0.07956074850021172,False,0.03646218077246797,False
00-0038542,RB,2024,0,1,0.7070796460176991,0.43130830546864296,False,0.38139944143832916,False,0.1504424778761062,0.39495136596825076,False,0.39020502045467453,False
00-0038551,RB,2024,1,0,0.7070796460176991,0.7766607974578759,False,0.7990229110887962,False,0.1504424778761062,0.09410334814366815,False,0.10561247213805174,False
00-0038555,RB,2024,0,1,0.7070796460176991,0.5823956623229761,False,0.6336884224622248,False,0.1504424778761062,0.2383511954446512,False,0.15975309323800382,False
00-0038597,RB,2024,0,1,0.7070796460176991,0.618903880665647,False,0.7329874805118323,False,0.1504424778761062,0.2066006632286943,False,0.17428927742718808,False
00-0038611,RB,2024,1,0,0.7070796460176991,0.7194523153386332,False,0.7468074660548408,False,0.1504424778761062,0.13045581938503167,False,0.12515460920445073,False
00-0038622,RB,2024,1,0,0.7070796460176991,0.8019607981378978,False,0.8550641595720087,False,0.1504424778761062,0.07956074850021172,False,0.06684778258034378,False
00-0038656,RB,2024,1,0,0.7070796460176991,0.8966003244945435,False,0.9170519406717804,False,0.1504424778761062,0.033332463077499576,False,0.016950896053730274,False
00-0038678,RB,2024,1,0,0.7070796460176991,0.8816058374232327,False,0.9029309197506405,False,0.1504424778761062,0.039790461815207186,False,0.023260151172219225,False
00-0038705,RB,2024,0,0,0.7070796460176991,0.6541159628152097,False,0.5949432066567337,False,0.1504424778761062,0.17809064622699913,False,0.18716501101552754,False
00-0038738,RB,2024,0,1,0.7070796460176991,0.6877161888973031,False,0.7819197161152655,False,0.1504424778761062,0.15275740650608977,False,0.09309939324577512,False
00-0038794,RB,2024,1,0,0.7070796460176991,0.43130830546864296,False,0.48583200649197644,False,0.1504424778761062,0.39495136596825076,False,0.2872715888808011,False
00-0038862,RB,2024,1,0,0.7070796460176991,0.8966003244945435,False,0.9050031905582518,False,0.1504424778761062,0.033332463077499576,False,0.04094280966359892,False
00-0038951,RB,2024,0,1,0.7070796460176991,0.8647648976146529,False,0.8957330924554466,False,0.1504424778761062,0.047438263983391286,False,0.040779593664291736,False
00-0039021,RB,2024,0,0,0.7070796460176991,0.5070120821953599,False,0.5236327733673101,False,0.1504424778761062,0.31127971840684676,False,0.24940083151854683,False
00-0039032,RB,2024,0,0,0.7070796460176991,0.43130830546864296,False,0.46121171663042915,False,0.1504424778761062,0.39495136596825076,False,0.29654101898785257,False
00-0039136,RB,2024,1,0,0.7070796460176991,0.8459470225236381,False,0.8529834899776901,False,0.1504424778761062,0.056469542686886684,False,0.04037739997304119,False
00-0039165,RB,2024,0,1,0.7070796460176991,0.4689817434661943,False,0.4733416153675173,False,0.1504424778761062,0.35198056029610564,False,0.3029066362471309,False
00-0026293,WR,2024,1,0,0.6928264868179032,0.8389419900450913,False,0.8807908626360483,False,0.16554261189454322,0.07183672818843063,False,0.04509499510795659,False
00-0028002,WR,2024,1,0,0.6928264868179032,0.7145132891806449,False,0.8070313378611951,False,0.16554261189454322,0.1393822340972531,False,0.06856735662937631,False
00-0029293,WR,2024,1,0,0.6928264868179032,0.8597061806935018,False,0.8674558485706376,False,0.16554261189454322,0.05842041448171839,False,0.05280898353972965,False
00-0030035,WR,2024,0,0,0.6928264868179032,0.3869204155432127,False,0.31268111275006266,False,0.16554261189454322,0.3909993072001883,False,0.4946753250435445,False
00-0030279,WR,2024,0,1,0.6928264868179032,0.5595037038672732,False,0.30332459824606267,False,0.16554261189454322,0.2382817741146538,False,0.47474021216373985,False
00-0030564,WR,2024,1,0,0.6928264868179032,0.48029082026281833,False,0.4413055212789402,False,0.16554261189454322,0.35094725161628904,False,0.39916882564377376,False
00-0030663,WR,2024,1,0,0.6928264868179032,0.8968369815018087,False,0.9015927794896144,False,0.16554261189454322,0.041511061899176284,False,0.04290955466159267,False
00-0031381,WR,2024,0,1,0.6928264868179032,0.4140485809916851,False,0.3786146119039068,False,0.16554261189454322,0.3870093778497087,False,0.4386545837263957,False
00-0031547,WR,2024,1,0,0.6928264868179032,0.5952512943882317,False,0.6233572848048832,False,0.16554261189454322,0.23178096760399103,False,0.22636937655616068,False
00-0031763,WR,2024,0,0,0.6928264868179032,0.3869204155432127,False,0.5712801771748087,False,0.16554261189454322,0.3909993072001883,False,0.18037396130893413,False
00-0031868,WR,2024,1,0,0.6928264868179032,0.88908461611607,False,0.9477918754054911,False,0.16554261189454322,0.04217475113986372,False,0.017236873766569644,False
00-0031941,WR,2024,1,0,0.6928264868179032,0.5572888992676721,False,0.6564595881148075,False,0.16554261189454322,0.2948135677426985,False,0.1978222734103048,False
00-0032200,WR,2024,1,0,0.6928264868179032,0.7383387813408478,False,0.8052729744032671,False,0.16554261189454322,0.15031454298977734,False,0.09478768680516407,False
00-0032208,WR,2024,1,0,0.6928264868179032,0.8628865874784102,False,0.8927603953152865,False,0.16554261189454322,0.051939093840214445,False,0.030773934353305485,False
00-0032211,WR,2024,0,1,0.6928264868179032,0.3869204155432127,False,0.3419296362375681,False,0.16554261189454322,0.3909993072001883,False,0.45265804347008914,False
00-0032385,WR,2024,0,0,0.6928264868179032,0.7524211575791766,False,0.8076399061934245,False,0.16554261189454322,0.13543063231942482,False,0.08017038037281538,False
00-0032398,WR,2024,1,0,0.6928264868179032,0.5006145867569568,False,0.46742457950507255,False,0.16554261189454322,0.3058899112023441,False,0.2871098701661555,False
00-0032464,WR,2024,1,0,0.6928264868179032,0.4140485809916851,False,0.3905498702736681,False,0.16554261189454322,0.3870093778497087,False,0.37677680070005054,False
00-0032543,WR,2024,1,0,0.6928264868179032,0.8065476972647774,False,0.7819555494184603,False,0.16554261189454322,0.10029921323076205,False,0.11980197016708592,False
00-0032688,WR,2024,1,0,0.6928264868179032,0.7981674467482055,False,0.8620430682766935,False,0.16554261189454322,0.08940326171258309,False,0.07284734567806346,False
00-0032765,WR,2024,1,0,0.6928264868179032,0.7524211575791766,False,0.6781055546110748,False,0.16554261189454322,0.13543063231942482,False,0.21652527663617313,False
00-0032951,WR,2024,1,0,0.6928264868179032,0.8909740975243345,False,0.9064722276158106,False,0.16554261189454322,0.04850198497707608,False,0.04192137802131202,False
00-0033009,WR,2024,0,1,0.6928264868179032,0.3869204155432127,False,0.36206474069695943,False,0.16554261189454322,0.3909993072001883,False,0.28175396528578417,False
00-0033251,WR,2024,1,0,0.6928264868179032,0.6821599711164936,False,0.7677531679124976,False,0.16554261189454322,0.15428515436686036,False,0.08708220068039779,False
00-0033282,WR,2024,1,0,0.6928264868179032,0.4486950535021271,False,0.5803874454089121,False,0.16554261189454322,0.3497175810255773,False,0.26283621916874805,False
00-0033292,WR,2024,1,0,0.6928264868179032,0.47238717118643453,False,0.6052585982511598,False,0.16554261189454322,0.309465736694594,False,0.1557257996234975,False
00-0033307,WR,2024,0,0,0.6928264868179032,0.722736039073038,False,0.7202643849365066,False,0.16554261189454322,0.12756144651284695,False,0.11612522240190204,False
00-0033466,WR,2024,1,0,0.6928264868179032,0.5595037038672732,False,0.6335616941921308,False,0.16554261189454322,0.2382817741146538,False,0.1522796840646868,False
00-0033536,WR,2024,1,0,0.6928264868179032,0.8538672008052042,False,0.6261405534249206,False,0.16554261189454322,0.058265612032695306,False,0.21473513120682985,False
00-0033555,WR,2024,1,0,0.6928264868179032,0.588868852125573,False,0.661030332273034,False,0.16554261189454322,0.22066395420546767,False,0.17066674025023862,False
00-0033572,WR,2024,1,0,0.6928264868179032,0.6431035409231021,False,0.7079694183292,False,0.16554261189454322,0.17922200125498172,False,0.13681424719377766,False
00-0033857,WR,2024,1,0,0.6928264868179032,0.6431035409231021,False,0.6833614372238159,False,0.16554261189454322,0.17922200125498172,False,0.15222334711507096,False
00-0033891,WR,2024,1,0,0.6928264868179032,0.7188111076139658,False,0.641094175688248,False,0.16554261189454322,0.1322589042108793,False,0.16460129171054955,False
00-0034279,WR,2024,1,0,0.6928264868179032,0.7993121725827866,False,0.8480551287769875,False,0.16554261189454322,0.08288076886467302,False,0.06464175312163112,False
00-0034297,WR,2024,1,0,0.6928264868179032,0.6113074281103071,False,0.6914240452676681,False,0.16554261189454322,0.22495400678086375,False,0.15986843730187847,False
00-0034317,WR,2024,1,0,0.6928264868179032,0.8228087328138429,False,0.850104539720268,False,0.16554261189454322,0.08827251380645032,False,0.06247215803133501,False
00-0034348,WR,2024,1,0,0.6928264868179032,0.4653430094578618,False,0.5088877425705834,False,0.16554261189454322,0.3409586257330143,False,0.26703438163286913,False
00-0034521,WR,2024,0,0,0.6928264868179032,0.5358800483261793,False,0.6059274015367876,False,0.16554261189454322,0.2729343597940896,False,0.20070967437123022,False
00-0034646,WR,2024,1,0,0.6928264868179032,0.4140485809916851,False,0.5262075890961623,False,0.16554261189454322,0.3870093778497087,False,0.24255030140692985,False
00-0034775,WR,2024,1,0,0.6928264868179032,0.6020475900679081,False,0.4504796729891246,False,0.16554261189454322,0.20720186748513986,False,0.31970691793158773,False
00-0034777,WR,2024,1,0,0.6928264868179032,0.5690448676384837,False,0.5746443049589163,False,0.16554261189454322,0.25783072047336913,False,0.22881351144778322,False
00-0034827,WR,2024,0,1,0.6928264868179032,0.4140485809916851,False,0.35092254922223215,False,0.16554261189454322,0.3870093778497087,False,0.5425750668572539,False
00-0034837,WR,2024,0,1,0.6928264868179032,0.3869204155432127,False,0.3046401051207687,False,0.16554261189454322,0.3909993072001883,False,0.4387373093354029,False
00-0034854,WR,2024,0,0,0.6928264868179032,0.5525208697471913,False,0.649011201212668,False,0.16554261189454322,0.2653138818544116,False,0.1892389172200143,False
00-0034960,WR,2024,0,1,0.6928264868179032,0.4736983960597084,False,0.621053753123834,False,0.16554261189454322,0.3366190921000788,False,0.20184041829320892,False
00-0034983,WR,2024,1,0,0.6928264868179032,0.5772519128059602,False,0.6668298789433117,False,0.16554261189454322,0.25414120201433743,False,0.18646670464207102,False
00-0035045,WR,2024,1,0,0.6928264868179032,0.8968369815018087,False,0.9137762001401237,False,0.16554261189454322,0.041511061899176284,False,0.03154431770351811,False
00-0035120,WR,2024,1,0,0.6928264868179032,0.8968369815018087,False,0.8351893967215206,False,0.16554261189454322,0.041511061899176284,False,0.060440631953550795,False
00-0035164,WR,2024,1,0,0.6928264868179032,0.8968369815018087,False,0.9127787082754202,False,0.16554261189454322,0.041511061899176284,False,0.041802556623961,False
00-0035298,WR,2024,1,0,0.6928264868179032,0.6611302800588506,False,0.7415455782489915,False,0.16554261189454322,0.17960258464880893,False,0.11684292346650052,False
00-0035341,WR,2024,1,0,0.6928264868179032,0.6020475900679081,False,0.6208514275273944,False,0.16554261189454322,0.20720186748513986,False,0.2063897715940514,False
00-0035399,WR,2024,1,0,0.6928264868179032,0.9119290640922769,False,0.9239457497770851,False,0.16554261189454322,0.034920030095474695,False,0.030321366152114487,False
00-0035406,WR,2024,0,1,0.6928264868179032,0.7184348508272533,False,0.7581385632857577,False,0.16554261189454322,0.15788898749240537,False,0.11434699929659407,False
00-0035414,WR,2024,1,0,0.6928264868179032,0.8276468542892962,False,0.833710058726579,False,0.16554261189454322,0.08672581737462887,False,0.0729791966005303,False
00-0035480,WR,2024,1,0,0.6928264868179032,0.8968369815018087,False,0.8997987338945189,False,0.16554261189454322,0.041511061899176284,False,0.04143168900665514,False
00-0035500,WR,2024,0,1,0.6928264868179032,0.45700702705583857,False,0.5543877307502085,False,0.16554261189454322,0.3453249811645632,False,0.20855426343144556,False
00-0035535,WR,2024,0,1,0.6928264868179032,0.3869204155432127,False,0.4146513187771789,False,0.16554261189454322,0.3909993072001883,False,0.3843051162291193,False
00-0035593,WR,2024,1,0,0.6928264868179032,0.9155486433666983,False,0.9297421823788914,False,0.16554261189454322,0.0356676068862879,False,0.02658025540785709,False
00-0035639,WR,2024,1,0,0.6928264868179032,0.6551849018407487,False,0.7570954376448614,False,0.16554261189454322,0.17043300043377171,False,0.08778392511148173,False
00-0035640,WR,2024,0,1,0.6928264868179032,0.4291255515316662,False,0.3540179303956017,False,0.16554261189454322,0.3491299248341665,False,0.4432675394317954,False
00-0035645,WR,2024,1,0,0.6928264868179032,0.6050101662002593,False,0.7377168285535606,False,0.16554261189454322,0.21407319169105737,False,0.10038359842246207,False
00-0035659,WR,2024,1,0,0.6928264868179032,0.4140485809916851,False,0.3986278752900921,False,0.16554261189454322,0.3870093778497087,False,0.4326739273588623,False
00-0035662,WR,2024,1,0,0.6928264868179032,0.5952512943882317,False,0.501310063624461,False,0.16554261189454322,0.23178096760399103,False,0.24606462628025938,False
00-0035676,WR,2024,1,0,0.6928264868179032,0.3869204155432127,False,0.2788513683748112,False,0.16554261189454322,0.3909993072001883,False,0.5921652794581741,False
00-0035703,WR,2024,1,0,0.6928264868179032,0.7612156898258174,False,0.8300012186768357,False,0.16554261189454322,0.11517603150286597,False,0.06962876671514895,False
00-0035876,WR,2024,1,0,0.6928264868179032,0.9102142547663422,False,0.9299529327718471,False,0.16554261189454322,0.037024475620979824,False,0.02749634547703243,False
00-0035934,WR,2024,1,0,0.6928264868179032,0.8968369815018087,False,0.9016353213427334,False,0.16554261189454322,0.041511061899176284,False,0.04151453180698163,False
00-0036165,WR,2024,1,0,0.6928264868179032,0.5160675035702325,False,0.6158975249912669,False,0.16554261189454322,0.2724216760934961,False,0.16841256627438922,False
00-0036176,WR,2024,1,0,0.6928264868179032,0.8468816722481227,False,0.886817398248382,False,0.16554261189454322,0.0748365061058111,False,0.054067434203391156,False
00-0036182,WR,2024,0,1,0.6928264868179032,0.5625528715998607,False,0.6090428784547665,False,0.16554261189454322,0.24586414608113374,False,0.19179935898466338,False
00-0036196,WR,2024,0,0,0.6928264868179032,0.4291255515316662,False,0.44521219754691604,False,0.16554261189454322,0.3491299248341665,False,0.3147485700557026,False
00-0036252,WR,2024,0,1,0.6928264868179032,0.45700702705583857,False,0.39337027124527396,False,0.16554261189454322,0.3453249811645632,False,0.4864801669960437,False
00-0036254,WR,2024,1,0,0.6928264868179032,0.9119290640922769,False,0.9101383425556653,False,0.16554261189454322,0.034920030095474695,False,0.0461069253897524,False
00-0036268,WR,2024,0,0,0.6928264868179032,0.7424449183754113,False,0.7678745909887451,False,0.16554261189454322,0.12123245948823133,False,0.09768596790192947,False
00-0036309,WR,2024,0,1,0.6928264868179032,0.5690448676384837,False,0.6136303605351988,False,0.16554261189454322,0.25783072047336913,False,0.21628221967172495,False
00-0036322,WR,2024,1,0,0.6928264868179032,0.6821599711164936,False,0.470944342784783,False,0.16554261189454322,0.15428515436686036,False,0.4628576062345062,False
00-0036326,WR,2024,1,0,0.6928264868179032,0.6382309528875222,False,0.7530590385932219,False,0.16554261189454322,0.18832576363687956,False,0.0945870333474448,False
00-0036345,WR,2024,1,0,0.6928264868179032,0.47238717118643453,False,0.5074695656900339,False,0.16554261189454322,0.309465736694594,False,0.27378483168856144,False
00-0036364,WR,2024,1,0,0.6928264868179032,0.752767627172125,False,0.7007510914853353,False,0.16554261189454322,0.11295719539694941,False,0.1225807286915166,False
00-0036387,WR,2024,1,0,0.6928264868179032,0.7188111076139658,False,0.7049170521739081,False,0.16554261189454322,0.1322589042108793,False,0.11080281351547726,False
00-0036407,WR,2024,0,1,0.6928264868179032,0.4653430094578618,False,0.4858359101820862,False,0.16554261189454322,0.3409586257330143,False,0.36815362648347055,False
00-0036410,WR,2024,0,0,0.6928264868179032,0.6020475900679081,False,0.5046658810627287,False,0.16554261189454322,0.20720186748513986,False,0.27848785550837385,False
00-0036415,WR,2024,1,0,0.6928264868179032,0.5772519128059602,False,0.6436154329207447,False,0.16554261189454322,0.25414120201433743,False,0.17658249364934417,False
00-0036427,WR,2024,0,0,0.6928264868179032,0.9119290640922769,False,0.9036347399176329,False,0.16554261189454322,0.034920030095474695,False,0.019143852575610732,False
00-0036482,WR,2024,1,0,0.6928264868179032,0.8979768766435632,False,0.9052153084759411,False,0.16554261189454322,0.04318699078557831,False,0.05348487425197061,False
00-0036497,WR,2024,1,0,0.6928264868179032,0.6821599711164936,False,0.7350711098157119,False,0.16554261189454322,0.15428515436686036,False,0.11309502212814741,False
00-0036527,WR,2024,0,0,0.6928264868179032,0.8128140753066273,False,0.8596851265680662,False,0.16554261189454322,0.0914408213386346,False,0.0576959078600206,False
00-0036620,WR,2024,1,0,0.6928264868179032,0.8529764193435267,False,0.8778648132475532,False,0.16554261189454322,0.06298399374873595,False,0.040341555389499455,False
00-0036626,WR,2024,1,0,0.6928264868179032,0.5156027755885388,False,0.5960224983264653,False,0.16554261189454322,0.31534275397333267,False,0.20924328935528286,False
00-0036630,WR,2024,1,0,0.6928264868179032,0.8333709786338706,False,0.8796221070757074,False,0.16554261189454322,0.07896101228003342,False,0.05712799668814031,False
00-0036635,WR,2024,0,1,0.6928264868179032,0.5221997449464455,False,0.6250004739075594,False,0.16554261189454322,0.3292147210517747,False,0.23011598471072725,False
00-0036646,WR,2024,1,0,0.6928264868179032,0.9039616048844007,False,0.9226647154293062,False,0.16554261189454322,0.04161403849132202,False,0.023648507950679132,False
00-0036877,WR,2024,0,0,0.6928264868179032,0.8822935295289578,False,0.9156230031595022,False,0.16554261189454322,0.04376792968340092,False,0.02723062222230557,False
00-0036900,WR,2024,0,1,0.6928264868179032,0.4291255515316662,False,0.30523927965045006,False,0.16554261189454322,0.3491299248341665,False,0.48842372115749877,False
00-0036913,WR,2024,1,0,0.6928264868179032,0.5595037038672732,False,0.5785789055617577,False,0.16554261189454322,0.2382817741146538,False,0.16808655974094094,False
00-0036936,WR,2024,1,0,0.6928264868179032,0.48866929226293276,False,0.46394043349963393,False,0.16554261189454322,0.3465474375953706,False,0.3863923403271188,False
00-0036955,WR,2024,1,0,0.6928264868179032,0.7424449183754113,False,0.7696712064475468,False,0.16554261189454322,0.12123245948823133,False,0.09920622089195458,False
00-0036959,WR,2024,1,0,0.6928264868179032,0.9119290640922769,False,0.9239457497770851,False,0.16554261189454322,0.034920030095474695,False,0.030321366152114487,False
00-0036988,WR,2024,0,1,0.6928264868179032,0.6821599711164936,False,0.5910766919478848,False,0.16554261189454322,0.15428515436686036,False,0.24239062162255204,False
00-0036991,WR,2024,1,0,0.6928264868179032,0.8787646925308444,False,0.9085795614909525,False,0.16554261189454322,0.04458590327564512,False,0.025114448520606823,False
00-0037039,WR,2024,1,0,0.6928264868179032,0.9119290640922769,False,0.9239457497770851,False,0.16554261189454322,0.034920030095474695,False,0.030321366152114487,False
00-0037093,WR,2024,1,0,0.6928264868179032,0.9119290640922769,False,0.9239457497770851,False,0.16554261189454322,0.034920030095474695,False,0.030321366152114487,False
00-0037098,WR,2024,1,0,0.6928264868179032,0.795863379104679,False,0.816769696457665,False,0.16554261189454322,0.10385001838548542,False,0.08780869706951036,False
00-0037156,WR,2024,1,0,0.6928264868179032,0.8120124336827577,False,0.853961647677942,False,0.16554261189454322,0.08163109673429192,False,0.05472570765497638,False
00-0037216,WR,2024,1,0,0.6928264868179032,0.8120124336827577,False,0.8222997509661086,False,0.16554261189454322,0.08163109673429192,False,0.07459388548512985,False
00-0037238,WR,2024,0,1,0.6928264868179032,0.4486950535021271,False,0.4295590746793713,False,0.16554261189454322,0.3497175810255773,False,0.45624771096211303,False
00-0037239,WR,2024,1,0,0.6928264868179032,0.4653430094578618,False,0.35672837680399627,False,0.16554261189454322,0.3409586257330143,False,0.4961386238748847,False
00-0037272,WR,2024,1,0,0.6928264868179032,0.8259018801622491,False,0.8791193347886078,False,0.16554261189454322,0.07020224991149843,False,0.039400281706268137,False
00-0037273,WR,2024,1,0,0.6928264868179032,0.795863379104679,False,0.7984949690086598,False,0.16554261189454322,0.10385001838548542,False,0.11660302558562623,False
00-0037291,WR,2024,1,0,0.6928264868179032,0.8735805369434115,False,0.8915976156839787,False,0.16554261189454322,0.05317267830870011,False,0.04496283932133997,False
00-0037382,WR,2024,1,0,0.6928264868179032,0.739712177952334,False,0.7394243192000917,False,0.16554261189454322,0.14003158769058147,False,0.1265269995003741,False
00-0037420,WR,2024,1,0,0.6928264868179032,0.9119290640922769,False,0.9137865351504837,False,0.16554261189454322,0.034920030095474695,False,0.035760289837524425,False
00-0037545,WR,2024,1,0,0.6928264868179032,0.5257520285125872,False,0.47848350997438127,False,0.16554261189454322,0.29369158345238866,False,0.3224944749635138,False
00-0037664,WR,2024,0,1,0.6928264868179032,0.42221026514363635,False,0.4670315873245386,False,0.16554261189454322,0.38242383853812606,False,0.31741455361469373,False
00-0037740,WR,2024,0,1,0.6928264868179032,0.4140485809916851,False,0.4152672059714064,False,0.16554261189454322,0.3870093778497087,False,0.42038600978250934,False
00-0037741,WR,2024,1,0,0.6928264868179032,0.4552404949383682,False,0.5520713353358913,False,0.16554261189454322,0.3642971043732121,False,0.2573067961524113,False
00-0037742,WR,2024,1,0,0.6928264868179032,0.7280002235640154,False,0.7312493209290454,False,0.16554261189454322,0.13479926992363866,False,0.13302669282524696,False
00-0037745,WR,2024,1,0,0.6928264868179032,0.6033071810762143,False,0.6444480822253554,False,0.16554261189454322,0.22834952445451256,False,0.1485238270379164,False
00-0038090,WR,2024,1,0,0.6928264868179032,0.5595037038672732,False,0.5949765088698017,False,0.16554261189454322,0.2382817741146538,False,0.17770159575768316,False
00-0038092,WR,2024,1,0,0.6928264868179032,0.9096305961608687,False,0.8051605910426812,False,0.16554261189454322,0.04009597533222991,False,0.06582767496704746,False
00-0038104,WR,2024,1,0,0.6928264868179032,0.7213068163869016,False,0.6770934357806271,False,0.16554261189454322,0.13707464190328117,False,0.12482509855025062,False
00-0038117,WR,2024,0,1,0.6928264868179032,0.5755132178450575,False,0.5585052048586042,False,0.16554261189454322,0.27017106849914735,False,0.3526756723309022,False
00-0038465,WR,2024,1,0,0.6928264868179032,0.6020475900679081,False,0.6670673790815925,False,0.16554261189454322,0.20720186748513986,False,0.14093071344452643,False
00-0038492,WR,2024,1,0,0.6928264868179032,0.8597061806935018,False,0.8858835546549778,False,0.16554261189454322,0.05842041448171839,False,0.04630443936349339,False
00-0038496,WR,2024,0,1,0.6928264868179032,0.3869204155432127,False,0.49411161131578407,False,0.16554261189454322,0.3909993072001883,False,0.28699302064470383,False
00-0038543,WR,2024,0,1,0.6928264868179032,0.3869204155432127,False,0.44953856748963505,False,0.16554261189454322,0.3909993072001883,False,0.31905820526616335,False
00-0038544,WR,2024,1,0,0.6928264868179032,0.3869204155432127,False,0.4209935036290695,False,0.16554261189454322,0.3909993072001883,False,0.30712454509880477,False
00-0038559,WR,2024,0,1,0.6928264868179032,0.5595037038672732,False,0.5539113233134908,False,0.16554261189454322,0.2382817741146538,False,0.2664937568588015,False
00-0038563,WR,2024,0,1,0.6928264868179032,0.5595037038672732,False,0.4887825425857952,False,0.16554261189454322,0.2382817741146538,False,0.2694815831774709,False
00-0038573,WR,2024,1,0,0.6928264868179032,0.3869204155432127,False,0.48240502136381735,False,0.16554261189454322,0.3909993072001883,False,0.24795304015696637,False
00-0038576,WR,2024,1,0,0.6928264868179032,0.6431035409231021,False,0.7164409964489034,False,0.16554261189454322,0.17922200125498172,False,0.11999251629163862,False
00-0038606,WR,2024,0,1,0.6928264868179032,0.752767627172125,False,0.788466431418421,False,0.16554261189454322,0.11295719539694941,False,0.08536307756583407,False
00-0038608,WR,2024,0,1,0.6928264868179032,0.8795004129198477,False,0.8784819973579201,False,0.16554261189454322,0.04928259996483578,False,0.04647842911491775,False
00-0038612,WR,2024,1,0,0.6928264868179032,0.752767627172125,False,0.7642844410114619,False,0.16554261189454322,0.11295719539694941,False,0.10167134016031706,False
00-0038619,WR,2024,0,1,0.6928264868179032,0.6431035409231021,False,0.7057842509853304,False,0.16554261189454322,0.17922200125498172,False,0.10168719558546514,False
00-0038621,WR,2024,0,1,0.6928264868179032,0.5160675035702325,False,0.505381114691167,False,0.16554261189454322,0.2724216760934961,False,0.30452128814631735,False
00-0038627,WR,2024,1,0,0.6928264868179032,0.8968369815018087,False,0.9180902192938609,False,0.16554261189454322,0.041511061899176284,False,0.032737519295668954,False
00-0038632,WR,2024,1,0,0.6928264868179032,0.8597061806935018,False,0.8881811817441966,False,0.16554261189454322,0.05842041448171839,False,0.0440501075771141,False
00-0038640,WR,2024,0,0,0.6928264868179032,0.8795004129198477,False,0.8682529790359642,False,0.16554261189454322,0.04928259996483578,False,0.0736548753988615,False
00-0038647,WR,2024,1,0,0.6928264868179032,0.5595037038672732,False,0.6639581406732786,False,0.16554261189454322,0.2382817741146538,False,0.12295140414931817,False
00-0038667,WR,2024,1,0,0.6928264868179032,0.8597061806935018,False,0.8693501085013193,False,0.16554261189454322,0.05842041448171839,False,0.061559515257677944,False
00-0038752,WR,2024,0,0,0.6928264868179032,0.5160675035702325,False,0.6867006926920586,False,0.16554261189454322,0.2724216760934961,False,0.16189550330772742,False
00-0038821,WR,2024,1,0,0.6928264868179032,0.7838565745165139,False,0.8215563713453592,False,0.16554261189454322,0.09616019917746182,False,0.07599341971480275,False
00-0038891,WR,2024,1,0,0.6928264868179032,0.8968369815018087,False,0.9101900335240719,False,0.16554261189454322,0.041511061899176284,False,0.03404493519215811,False
00-0038911,WR,2024,1,0,0.6928264868179032,0.9119290640922769,False,0.7937615304902036,False,0.16554261189454322,0.034920030095474695,False,0.01866837320680542,False
00-0038938,WR,2024,0,0,0.6928264868179032,0.5595037038672732,False,0.5821602482575925,False,0.16554261189454322,0.2382817741146538,False,0.24792357582078423,False
00-0038941,WR,2024,1,0,0.6928264868179032,0.5595037038672732,False,0.5902070116539391,False,0.16554261189454322,0.2382817741146538,False,0.18427600026720065,False
00-0038969,WR,2024,1,0,0.6928264868179032,0.8968369815018087,False,0.9129006524371608,False,0.16554261189454322,0.041511061899176284,False,0.034264913644667994,False
00-0038976,WR,2024,1,0,0.6928264868179032,0.4291255515316662,False,0.5064530010151883,False,0.16554261189454322,0.3491299248341665,False,0.2773023822588665,False
00-0038977,WR,2024,0,1,0.6928264868179032,0.6821599711164936,False,0.47171994005830886,False,0.16554261189454322,0.15428515436686036,False,0.27016151116265413,False
00-0038979,WR,2024,0,0,0.6928264868179032,0.6431035409231021,False,0.6745072419752519,False,0.16554261189454322,0.17922200125498172,False,0.13809063805243404,False
00-0038994,WR,2024,1,0,0.6928264868179032,0.3869204155432127,False,0.38567484052623063,False,0.16554261189454322,0.3909993072001883,False,0.3524779311494339,False
00-0038997,WR,2024,0,1,0.6928264868179032,0.3869204155432127,False,0.4070788739502641,False,0.16554261189454322,0.3909993072001883,False,0.4011241699209282,False
00-0039062,WR,2024,0,1,0.6928264868179032,0.47238717118643453,False,0.5262570640609608,False,0.16554261189454322,0.309465736694594,False,0.26138334338326025,False
00-0024243,TE,2024,1,0,0.6981327800829875,0.8115546998197026,False,0.8283860369870518,False,0.13174273858921162,0.05762900790931888,False,0.053407675162592504,False
00-0027696,TE,2024,1,0,0.6981327800829875,0.7709593844639495,False,0.7134932819842495,False,0.13174273858921162,0.07280859541385894,False,0.11483016653033283,False
00-0030061,TE,2024,1,0,0.6981327800829875,0.7833816375117457,False,0.802638164771931,False,0.13174273858921162,0.08016112380363039,False,0.09639785992141417,False
00-0031260,TE,2024,1,0,0.6981327800829875,0.42798168158384975,False,0.413844340266432,False,0.13174273858921162,0.33245376380305325,False,0.3823351811899085,False
00-0031484,TE,2024,1,0,0.6981327800829875,0.7386079388298606,False,0.7700128206028103,False,0.13174273858921162,0.0893608257630744,False,0.07009988162870821,False
00-0031585,TE,2024,1,0,0.6981327800829875,0.6813932277761081,False,0.7128111737384877,False,0.13174273858921162,0.12977762774527635,False,0.09949562828835133,False
00-0031610,TE,2024,1,0,0.6981327800829875,0.6010307327664569,False,0.6694603274185735,False,0.13174273858921162,0.1635102875236034,False,0.13110810990193617,False
00-0032062,TE,2024,1,0,0.6981327800829875,0.7386079388298606,False,0.7407228314962434,False,0.13174273858921162,0.0893608257630744,False,0.10362290262465558,False
00-0032134,TE,2024,1,0,0.6981327800829875,0.7522822771554342,False,0.7597326200808999,False,0.13174273858921162,0.11047024534663537,False,0.10504372322927903,False
00-0032141,TE,2024,1,0,0.6981327800829875,0.7522413530698178,False,0.7508440101796682,False,0.13174273858921162,0.10215424738845781,False,0.07762136244848156,False
00-0032214,TE,2024,1,0,0.6981327800829875,0.9117864809828937,False,0.9321507281744821,False,0.13174273858921162,0.02436924814734287,False,0.020634091908946904,False
00-0032392,TE,2024,0,1,0.6981327800829875,0.42808920321880506,False,0.5064569878809904,False,0.13174273858921162,0.37239109390803926,False,0.245767271247097,False
00-0032394,TE,2024,0,0,0.6981327800829875,0.9117776494731512,False,0.9231048589569407,False,0.13174273858921162,0.023349666439384246,False,0.01991039095953709,False
00-0032725,TE,2024,1,0,0.6981327800829875,0.9118129707210161,False,0.9262438069323347,False,0.13174273858921162,0.027695186834589873,False,0.024438584530690817,False
00-0033090,TE,2024,0,1,0.6981327800829875,0.5586141944342076,False,0.47912890305658423,False,0.13174273858921162,0.2491800935432291,False,0.31012834971979436,False
00-0033217,TE,2024,0,0,0.6981327800829875,0.5150504059192832,False,0.4993497042965949,False,0.13174273858921162,0.2666903675240595,False,0.24223897484172072,False
00-0033246,TE,2024,1,0,0.6981327800829875,0.6256908285610837,False,0.6378576010808349,False,0.13174273858921162,0.16072017374971084,False,0.13616607116721058,False
00-0033258,TE,2024,1,0,0.6981327800829875,0.8897989355972792,False,0.914036732327991,False,0.13174273858921162,0.02512038571934191,False,0.021453705955709428,False
00-0033357,TE,2024,1,0,0.6981327800829875,0.42806232217296125,False,2.5413805656135734e-06,False,0.13174273858921162,0.36221658849076976,False,0.9999754629488932,False
00-0033439,TE,2024,0,0,0.6981327800829875,0.6421853835531648,False,0.6086250991826425,False,0.13174273858921162,0.1404670581543503,False,0.12739172625265535,False
00-0033576,TE,2024,0,0,0.6981327800829875,0.879353621433944,False,0.8890453264623503,False,0.13174273858921162,0.04827621126529701,False,0.039367980327567734,False
00-0033757,TE,2024,1,0,0.6981327800829875,0.601267663970755,False,0.6765762232969593,False,0.13174273858921162,0.22473483312742548,False,0.1479183891034877,False
00-0033858,TE,2024,0,1,0.6981327800829875,0.3857290972522347,False,0.4114304147620371,False,0.13174273858921162,0.36312787534833135,False,0.3381356044357598,False
00-0033881,TE,2024,0,0,0.6981327800829875,0.32934270073328953,False,0.43223294114909333,False,0.13174273858921162,0.4768047191083495,False,0.4451657755147373,False
00-0033895,TE,2024,0,0,0.6981327800829875,0.41067434472116804,False,0.32941002191098123,False,0.13174273858921162,0.36852004731113647,False,0.40251354413255497,False
00-0034073,TE,2024,1,0,0.6981327800829875,0.8966399159005503,False,0.9139528693608068,False,0.13174273858921162,0.027801550612330934,False,0.023832418455738642,False
00-0034159,TE,2024,1,0,0.6981327800829875,0.5585871224464491,False,0.6094149794083851,False,0.13174273858921162,0.2410788666942068,False,0.17415698138424873,False
00-0034193,TE,2024,1,0,0.6981327800829875,0.7833071008882427,False,0.8066348708027558,False,0.13174273858921162,0.06816051450324649,False,0.055811502836663626,False
00-0034270,TE,2024,0,1,0.6981327800829875,0.3858591820673851,False,0.3082259636113496,False,0.13174273858921162,0.4151064810246092,False,0.3685017818109527,False
00-0034364,TE,2024,0,1,0.6981327800829875,0.5585871224464491,False,0.6577177908710252,False,0.13174273858921162,0.2410788666942068,False,0.15655818507057365,False
00-0034365,TE,2024,1,0,0.6981327800829875,0.7522618156793709,False,0.7698784693185223,False,0.13174273858921162,0.10624057270126123,False,0.09396994753438767,False
00-0034575,TE,2024,1,0,0.6981327800829875,0.8897989355972792,False,0.9102068925383489,False,0.13174273858921162,0.02512038571934191,False,0.022833882301862275,False
00-0034613,TE,2024,0,0,0.6981327800829875,0.6009780749589549,False,0.7361503180413539,False,0.13174273858921162,0.15188327791518977,False,0.08162772700241683,False
00-0034829,TE,2024,0,1,0.6981327800829875,0.41067434472116804,False,0.43609599285051387,False,0.13174273858921162,0.36852004731113647,False,0.32576433569791413,False
00-0034830,TE,2024,1,0,0.6981327800829875,0.665692087788715,False,0.6784618327006802,False,0.13174273858921162,0.1328788338837539,False,0.1340072280001939,False
00-0034970,TE,2024,1,0,0.6981327800829875,0.6256908285610837,False,0.6395685930503364,False,0.13174273858921162,0.16072017374971084,False,0.16354604740855952,False
00-0034981,TE,2024,0,1,0.6981327800829875,0.5585600501103999,False,0.6079055924148595,False,0.13174273858921162,0.23315923223215704,False,0.16605066288711473,False
00-0035229,TE,2024,1,0,0.6981327800829875,0.41067434472116804,False,0.4572184173360856,False,0.13174273858921162,0.36852004731113647,False,0.3444437622830645,False
00-0035249,TE,2024,1,0,0.6981327800829875,0.4972006978582512,False,0.5126092444749536,False,0.13174273858921162,0.27204051257688205,False,0.23235721537954113,False
00-0035259,TE,2024,1,0,0.6981327800829875,0.8115546998197026,False,0.8245808102402986,False,0.13174273858921162,0.05762900790931888,False,0.05001714865964867,False
00-0035329,TE,2024,1,0,0.6981327800829875,0.4535870391019024,False,0.451852284692649,False,0.13174273858921162,0.3183352834764813,False,0.2879372939772793,False
00-0035562,TE,2024,1,0,0.6981327800829875,0.8368718050302095,False,0.8573547181073579,False,0.13174273858921162,0.04665331479650516,False,0.03859506321777639,False
00-0035572,TE,2024,1,0,0.6981327800829875,0.9118394532736374,False,0.9289486220958021,False,0.13174273858921162,0.03146041542202268,False,0.026750358010311233,False
00-0035631,TE,2024,0,0,0.6981327800829875,0.5147213095053086,False,0.5126682217443082,False,0.13174273858921162,0.17698847941260562,False,0.16191382746166497,False
00-0035644,TE,2024,0,1,0.6981327800829875,0.41067434472116804,False,0.4513756574331761,False,0.13174273858921162,0.36852004731113647,False,0.2665546245245711,False
00-0035771,TE,2024,1,0,0.6981327800829875,0.5408569971663721,False,0.583429068234765,False,0.13174273858921162,0.2302046406874,False,0.16438786167071368,False
00-0035956,TE,2024,1,0,0.6981327800829875,0.8967009532565875,False,0.9097062154873035,False,0.13174273858921162,0.03585477313105313,False,0.031401621574371645,False
00-0036032,TE,2024,1,0,0.6981327800829875,0.7034446457644915,False,0.7468632195590902,False,0.13174273858921162,0.10923270665476506,False,0.08683834538852182,False
00-0036040,TE,2024,0,1,0.6981327800829875,0.5586141944342076,False,0.5542085369475647,False,0.13174273858921162,0.2491800935432291,False,0.2887658476341056,False
00-0036145,TE,2024,1,0,0.6981327800829875,0.8003889172947161,False,0.7962491051413954,False,0.13174273858921162,0.059123263502558296,False,0.06009251567724433,False
00-0036244,TE,2024,1,0,0.6981327800829875,0.41067434472116804,False,0.43325941732617335,False,0.13174273858921162,0.36852004731113647,False,0.2993201291614471,False
00-0036290,TE,2024,0,1,0.6981327800829875,0.42808920321880506,False,0.43488015167042815,False,0.13174273858921162,0.37239109390803926,False,0.40752879712432594,False
00-0036422,TE,2024,1,0,0.6981327800829875,0.4279548022374591,False,0.44876042085077444,False,0.13174273858921162,0.32280918839303063,False,0.29881670985663716,False
00-0036423,TE,2024,1,0,0.6981327800829875,0.9117864809828937,False,0.9378067940605486,False,0.13174273858921162,0.02436924814734287,False,0.02159485876209812,False
00-0036424,TE,2024,1,0,0.6981327800829875,0.836901780973348,False,0.8286821849983518,False,0.13174273858921162,0.05070635159998446,False,0.044816698141884506,False
00-0036438,TE,2024,1,0,0.6981327800829875,0.681345553168211,False,0.680753582895176,False,0.13174273858921162,0.12020461061742733,False,0.10775437369436554,False
00-0036510,TE,2024,1,0,0.6981327800829875,0.879225430732203,False,0.8687952642600701,False,0.13174273858921162,0.030384766222394128,False,0.035025043122739546,False
00-0036628,TE,2024,1,0,0.6981327800829875,0.47117462721759124,False,0.527217598571162,False,0.13174273858921162,0.25897151727058154,False,0.18984843333736012,False
00-0036741,TE,2024,1,0,0.6981327800829875,0.7709593844639495,False,0.7938785962889044,False,0.13174273858921162,0.07280859541385894,False,0.06213454844963693,False
00-0036876,TE,2024,0,1,0.6981327800829875,0.47128405980886096,False,0.6055828482190622,False,0.13174273858921162,0.29396881877762954,False,0.23390480084824725,False
00-0036887,TE,2024,0,0,0.6981327800829875,0.6812501925616471,False,0.6834173501801473,False,0.13174273858921162,0.10287973263051074,False,0.07794551547206409,False
00-0036970,TE,2024,0,1,0.6981327800829875,0.38567706789486855,False,0.39017093861597196,False,0.13174273858921162,0.3431289322303412,False,0.3140882865962551,False
00-0037004,TE,2024,1,0,0.6981327800829875,0.8897989355972792,False,0.914036732327991,False,0.13174273858921162,0.02512038571934191,False,0.021453705955709428,False
00-0037005,TE,2024,0,0,0.6981327800829875,0.4713387771402517,False,0.4696920073222079,False,0.13174273858921162,0.3124654758141792,False,0.28772466730848806,False
00-0037011,TE,2024,1,0,0.6981327800829875,0.8897989355972792,False,0.914036732327991,False,0.13174273858921162,0.02512038571934191,False,0.021453705955709428,False
00-0037078,TE,2024,1,0,0.6981327800829875,0.752139023020731,False,0.7321157678659732,False,0.13174273858921162,0.08375150383720088,False,0.07598297535220343,False
00-0037086,TE,2024,1,0,0.6981327800829875,0.8792604034806946,False,0.8748302438059286,False,0.13174273858921162,0.03450267429583987,False,0.028956318329928864,False
00-0037252,TE,2024,1,0,0.6981327800829875,0.8966907825791176,False,0.9163821486404355,False,0.13174273858921162,0.034371579607006694,False,0.03439997092005616,False
00-0037277,TE,2024,1,0,0.6981327800829875,0.8792720591219507,False,0.888595157007522,False,0.13174273858921162,0.03599131393525525,False,0.030501893654830515,False
00-0037282,TE,2024,1,0,0.6981327800829875,0.8966704385660976,False,0.8891454659322447,False,0.13174273858921162,0.03158076993732934,False,0.029145871448367795,False
00-0037292,TE,2024,0,0,0.6981327800829875,0.5838950445246419,False,0.5828471363996827,False,0.13174273858921162,0.19309592406424292,False,0.17616812604507112,False
00-0037306,TE,2024,1,0,0.6981327800829875,0.850522872662879,False,0.8506426381897543,False,0.13174273858921162,0.03868274020958371,False,0.03613618595676638,False
00-0037317,TE,2024,1,0,0.6981327800829875,0.8897989355972792,False,0.8682193057126122,False,0.13174273858921162,0.02512038571934191,False,0.024678255708560123,False
00-0037451,TE,2024,1,0,0.6981327800829875,0.7709593844639495,False,0.8120420715739802,False,0.13174273858921162,0.07280859541385894,False,0.05645881071665454,False
00-0037475,TE,2024,0,0,0.6981327800829875,0.6008990838693243,False,0.6028661278550993,False,0.13174273858921162,0.13572532995073466,False,0.11877176709780365,False
00-0037506,TE,2024,1,0,0.6981327800829875,0.8897989355972792,False,0.8999580342592056,False,0.13174273858921162,0.02512038571934191,False,0.022069761764119067,False
00-0037539,TE,2024,1,0,0.6981327800829875,0.7386079388298606,False,0.7384570282988766,False,0.13174273858921162,0.0893608257630744,False,0.08782737657646567,False
00-0037569,TE,2024,1,0,0.6981327800829875,0.7034446457644915,False,0.6957217271642544,False,0.13174273858921162,0.10923270665476506,False,0.09501770289463417,False
00-0037654,TE,2024,1,0,0.6981327800829875,0.8714340787456395,False,0.8795887414978469,False,0.13174273858921162,0.03119599405310697,False,0.027176501502917765,False
00-0037744,TE,2024,0,1,0.6981327800829875,0.3857290972522347,False,0.38952526971435464,False,0.13174273858921162,0.36312787534833135,False,0.37732195404977636,False
00-0037805,TE,2024,0,1,0.6981327800829875,0.6812025065643726,False,0.6834097050684925,False,0.13174273858921162,0.09507406263892652,False,0.07721723030913198,False
00-0037809,TE,2024,0,1,0.6981327800829875,0.385833163799543,False,0.40382460321238356,False,0.13174273858921162,0.40451712393695155,False,0.3895971694766827,False
00-0038115,TE,2024,0,0,0.6981327800829875,0.4535870391019024,False,0.5538950607844266,False,0.13174273858921162,0.3183352834764813,False,0.19465575033383106,False
00-0038394,TE,2024,1,0,0.6981327800829875,0.5838950445246419,False,0.6165343579580947,False,0.13174273858921162,0.19309592406424292,False,0.13455143599276123,False
00-0038468,TE,2024,1,0,0.6981327800829875,0.8897989355972792,False,0.914036732327991,False,0.13174273858921162,0.02512038571934191,False,0.021453705955709428,False
00-0038589,TE,2024,0,1,0.6981327800829875,0.665692087788715,False,0.6789917267864995,False,0.13174273858921162,0.1328788338837539,False,0.11562371972631567,False
00-0038720,TE,2024,0,1,0.6981327800829875,0.6256908285610837,False,0.654056571309425,False,0.13174273858921162,0.16072017374971084,False,0.12722881210967282,False
00-0038783,TE,2024,0,1,0.6981327800829875,0.8003889172947161,False,0.8269742762633875,False,0.13174273858921162,0.059123263502558296,False,0.046236376612637166,False
00-0038935,TE,2024,0,1,0.6981327800829875,0.7386079388298606,False,0.7478725904461956,False,0.13174273858921162,0.0893608257630744,False,0.08569668440527717,False
00-0039041,TE,2024,0,1,0.6981327800829875,0.5838950445246419,False,0.5966308748860293,False,0.13174273858921162,0.19309592406424292,False,0.15030561783519178,False
00-0039066,TE,2024,0,0,0.6981327800829875,0.4972006978582512,False,0.5314954025466659,False,0.13174273858921162,0.27204051257688205,False,0.2181417979283652,False
00-0023459,QB,2025,1,0,0.7954887218045112,0.780561155935672,False,0.834461239137359,False,0.11278195488721804,0.10220565504212302,False,0.16334240776888911,False
00-0026158,QB,2025,0,0,0.7954887218045112,0.7913704747984958,False,0.6895503237795361,False,0.11278195488721804,0.10534565214375573,False,0.24396945290392924,False
00-0026300,QB,2025,1,0,0.7954887218045112,0.8829698897720698,False,0.9376338369894394,False,0.11278195488721804,0.05744926619001554,False,0.027062678311807836,False
00-0027973,QB,2025,1,0,0.7954887218045112,0.9260183762884358,False,0.903447796200466,False,0.11278195488721804,0.03784109567432706,False,0.05367737943162722,False
00-0028118,QB,2025,1,0,0.7954887218045112,0.8985020040636419,False,0.855365569347284,False,0.11278195488721804,0.05940574349375757,False,0.10543134473609643,False
00-0029604,QB,2025,0,0,0.7954887218045112,0.7117456425026424,False,0.6628100610215444,False,0.11278195488721804,0.15380444207292557,False,0.1570261188029139,False
00-0030565,QB,2025,0,1,0.7954887218045112,0.44896269213699347,False,0.4316491097468191,False,0.11278195488721804,0.35525509335220967,False,0.3146382713192622,False
00-0031280,QB,2025,1,0,0.7954887218045112,0.6111665196214281,False,0.5777445291072075,False,0.11278195488721804,0.24624000098440596,False,0.30425585894673546,False
00-0031345,QB,2025,1,0,0.7954887218045112,0.9321662271549631,False,0.8610886895317457,False,0.11278195488721804,0.0389070217534655,False,0.24128034252954467,False
00-0031503,QB,2025,1,0,0.7954887218045112,0.8155161706614109,False,0.9304594182844284,False,0.11278195488721804,0.09526951195812305,False,0.06725051025993047,False
00-0031800,QB,2025,1,0,0.7954887218045112,0.9212283804965966,False,0.8448712734367109,False,0.11278195488721804,0.042631674787093954,False,0.025139201051261648,False
00-0032434,QB,2025,1,0,0.7954887218045112,0.9046572410371414,False,0.9547689772534715,False,0.11278195488721804,0.04665545604077878,False,0.024738937707518973,False
00-0032950,QB,2025,1,0,0.7954887218045112,0.9580384494838604,False,0.8780914671141653,False,0.11278195488721804,0.02240382174849922,False,0.014806940243288933,False
00-0033077,QB,2025,0,1,0.7954887218045112,0.7510066372498252,False,0.7066330998055067,False,0.11278195488721804,0.12789596199542952,False,0.2086559154440953,False
00-0033119,QB,2025,0,1,0.7954887218045112,0.9170657491214587,False,0.9053597677069958,False,0.11278195488721804,0.04192984349784921,False,0.02864585034547041,False
00-0033319,QB,2025,1,0,0.7954887218045112,0.9212283804965966,False,0.9869329925116347,False,0.11278195488721804,0.042631674787093954,False,0.001298518625957645,False
00-0033537,QB,2025,1,0,0.7954887218045112,0.8788989575817955,False,0.8200484062356712,False,0.11278195488721804,0.06426180951036001,False,0.06510344651359412,False
00-0033662,QB,2025,1,0,0.7954887218045112,0.778516404638404,False,0.8654271860523007,False,0.11278195488721804,0.11594244419414076,False,0.11031363312749624,False
00-0033949,QB,2025,1,0,0.7954887218045112,0.8658641714685451,False,0.6685900649611052,False,0.11278195488721804,0.08134537728902651,False,0.22919245931802987,False
00-0034177,QB,2025,1,0,0.7954887218045112,0.9423314273694567,False,0.9623228713443793,False,0.11278195488721804,0.030956458331286196,False,0.023146337297988227,False
00-0034401,QB,2025,1,0,0.7954887218045112,0.9385275178587095,False,0.9714381541472505,False,0.11278195488721804,0.03490708195178401,False,0.02637153138387649,False
00-0034577,QB,2025,1,0,0.7954887218045112,0.9385275178587095,False,0.994706371165056,False,0.11278195488721804,0.03490708195178401,False,0.001518041083229059,False
00-0034771,QB,2025,1,0,0.7954887218045112,0.7510066372498252,False,0.7504589284795999,False,0.11278195488721804,0.12789596199542952,False,0.12912197731192887,False
00-0035100,QB,2025,1,0,0.7954887218045112,0.9077076811555569,False,0.8376061650054136,False,0.11278195488721804,0.05341550434306797,False,0.05327573957197534,False
00-0035228,QB,2025,1,0,0.7954887218045112,0.6299584096021904,False,0.4145866127099545,False,0.11278195488721804,0.2002894419789364,False,0.208817863298847,False
00-0035264,QB,2025,1,0,0.7954887218045112,0.9535963606289873,False,0.8741998187749193,False,0.11278195488721804,0.025008161227829544,False,0.03328641091214283,False
00-0035289,QB,2025,1,0,0.7954887218045112,0.6358715449097833,False,0.7188011245791592,False,0.11278195488721804,0.22593551090210945,False,0.1688546400359636,False
00-0035704,QB,2025,1,0,0.7954887218045112,0.8995819205672867,False,0.9056648580211429,False,0.11278195488721804,0.051973587991177586,False,0.056756976320826796,False
00-0035710,QB,2025,0,0,0.7954887218045112,0.8334399498949863,False,0.8408694965878594,False,0.11278195488721804,0.08644872876054024,False,0.06020286315573312,False
00-0035993,QB,2025,1,0,0.7954887218045112,0.9117513483241458,False,0.8847817766622084,False,0.11278195488721804,0.04721264733131352,False,0.060799533433312354,False
00-0036212,QB,2025,0,1,0.7954887218045112,0.6026058083733634,False,0.47442155822428234,False,0.11278195488721804,0.22076830918277632,False,0.367383789067859,False
00-0036442,QB,2025,1,0,0.7954887218045112,0.5796886050410898,False,0.4792472774895585,False,0.11278195488721804,0.2388108897235023,False,0.4498231292806252,False
00-0036898,QB,2025,1,0,0.7954887218045112,0.8829698897720698,False,0.9117213908778086,False,0.11278195488721804,0.05744926619001554,False,0.035524942581199946,False
00-0036928,QB,2025,1,0,0.7954887218045112,0.9477928386675494,False,0.9586976307209268,False,0.11278195488721804,0.027750296599152083,False,0.018201883203692242,False
00-0036971,QB,2025,1,0,0.7954887218045112,0.6358715449097833,False,0.5637816488982376,False,0.11278195488721804,0.22593551090210945,False,0.23797394811317468,False
00-0036972,QB,2025,1,0,0.7954887218045112,0.7472214541895802,False,0.7945965952086372,False,0.11278195488721804,0.14251006811908667,False,0.09870319652050222,False
00-0037012,QB,2025,1,0,0.7954887218045112,0.8829698897720698,False,0.9098056305100988,False,0.11278195488721804,0.05744926619001554,False,0.028516768143140993,False
00-0037077,QB,2025,1,0,0.7954887218045112,0.8274604856897131,False,0.8852613375861191,False,0.11278195488721804,0.11100523334823423,False,0.05478435314940801,False
00-0037324,QB,2025,1,0,0.7954887218045112,0.9375271434793296,False,0.8901596184206169,False,0.11278195488721804,0.030584959799008944,False,0.05811825502157654,False
00-0037327,QB,2025,1,0,0.7954887218045112,0.9226775615088948,False,0.9196231260479707,False,0.11278195488721804,0.037808284335170514,False,0.041445961891537424,False
00-0037834,QB,2025,1,0,0.7954887218045112,0.37741446941692175,False,0.33789921173685217,False,0.11278195488721804,0.4053556369718268,False,0.36069375836918266,False
00-0038108,QB,2025,1,0,0.7954887218045112,0.9092602793804727,False,0.9716529563134013,False,0.11278195488721804,0.053708382870672866,False,0.04286384706112359,False
00-0038122,QB,2025,1,0,0.7954887218045112,0.7828738428225022,False,0.844315799687303,False,0.11278195488721804,0.13257879578437,False,0.060981817624051984,False
00-0038128,QB,2025,1,0,0.7954887218045112,0.9260183762884358,False,0.9428202579731262,False,0.11278195488721804,0.03784109567432706,False,0.01779070077088483,False
00-0038400,QB,2025,1,0,0.7954887218045112,0.9226775615088948,False,0.8161348564885729,False,0.11278195488721804,0.037808284335170514,False,0.1294506733661853,False
00-0038416,QB,2025,1,0,0.7954887218045112,0.9212283804965966,False,0.9498287147005693,False,0.11278195488721804,0.042631674787093954,False,0.012763669248037828,False
00-0038476,QB,2025,1,0,0.7954887218045112,0.9077076811555569,False,0.8626134266563746,False,0.11278195488721804,0.05341550434306797,False,0.04135457579267845,False
00-0038550,QB,2025,1,0,0.7954887218045112,0.9046572410371414,False,0.948418680149347,False,0.11278195488721804,0.04665545604077878,False,0.019906283429416215,False
00-0038579,QB,2025,1,0,0.7954887218045112,0.7699084109140363,False,0.7680953917132798,False,0.11278195488721804,0.1299435999705896,False,0.12542746190219783,False
00-0038582,QB,2025,1,0,0.7954887218045112,0.9029058627044607,False,0.9250127645664772,False,0.11278195488721804,0.0525458863066989,False,0.03250122050054843,False
00-0038583,QB,2025,1,0,0.7954887218045112,0.8808725900713974,False,0.9449516985114598,False,0.11278195488721804,0.0646100993724632,False,0.02180672352921801,False
00-0038998,QB,2025,1,0,0.7954887218045112,0.7510066372498252,False,0.8839287800554211,False,0.11278195488721804,0.12789596199542952,False,0.04662426611696118,False
00-0039150,QB,2025,1,0,0.7954887218045112,0.5154212627440684,False,0.5958291100769494,False,0.11278195488721804,0.30917851474807845,False,0.2657921206399159,False
00-0039152,QB,2025,1,0,0.7954887218045112,0.7401019217665938,False,0.7369047673092748,False,0.11278195488721804,0.1411038603035748,False,0.1087436690839811,False
00-0039164,QB,2025,1,0,0.7954887218045112,0.8451166763789667,False,0.8247258425190048,False,0.11278195488721804,0.07754331513112735,False,0.02293382149464541,False
00-0039376,QB,2025,0,0,0.7954887218045112,0.7913704747984958,False,0.8461269781886568,False,0.11278195488721804,0.10534565214375573,False,0.07083125000518994,False
00-0039398,QB,2025,1,0,0.7954887218045112,0.9375271434793296,False,0.3908831800554257,False,0.11278195488721804,0.030584959799008944,False,0.2131722291827431,False
00-0039851,QB,2025,1,0,0.7954887218045112,0.4894762426562862,False,0.5027959323856253,False,0.11278195488721804,0.30529756417399706,False,0.21437396688304736,False
00-0039917,QB,2025,0,0,0.7954887218045112,0.8571284660387114,False,0.8644140269014942,False,0.11278195488721804,0.07055542966699503,False,0.07063597393398345,False
00-0039918,QB,2025,1,0,0.7954887218045112,0.2770838957537914,False,0.30981483342070143,False,0.11278195488721804,0.5139461924139461,False,0.3615261718416828,False
00-0031687,RB,2025,0,0,0.7032258064516129,0.5698543354487549,False,0.6698870721542234,False,0.15645161290322582,0.24574292152519578,False,0.2195729502063232,False
00-0032104,RB,2025,0,0,0.7032258064516129,0.5072092318308967,False,0.5975217756171878,False,0.15645161290322582,0.32027205416205284,False,0.3041931570237342,False
00-0033045,RB,2025,1,0,0.7032258064516129,0.49278793003502536,False,0.6401127483871489,False,0.15645161290322582,0.33923469565761727,False,0.1946847321631069,False
00-0033280,RB,2025,1,0,0.7032258064516129,0.8472217848584545,False,0.5256666633637398,False,0.15645161290322582,0.05675799139270093,False,0.1909795023431717,False
00-0033376,RB,2025,1,0,0.7032258064516129,0.7417328898543432,False,0.8726007420618669,False,0.15645161290322582,0.11566270149456337,False,0.04599869622789497,False
00-0033553,RB,2025,1,0,0.7032258064516129,0.5251078481086652,False,0.37706731312518144,False,0.15645161290322582,0.2873872376180986,False,0.33379740162391824,False
00-0033893,RB,2025,1,0,0.7032258064516129,0.8840274761408085,False,0.931970946356126,False,0.15645161290322582,0.03970065614965392,False,0.03495440965561463,False
00-0033906,RB,2025,0,0,0.7032258064516129,0.5752483352569994,False,0.3823855960627569,False,0.15645161290322582,0.24753026833580707,False,0.349303320843434,False
00-0033925,RB,2025,1,0,0.7032258064516129,0.7190221691807093,False,0.7983267811381252,False,0.15645161290322582,0.13440846369958548,False,0.10142429681694229,False
00-0033948,RB,2025,1,0,0.7032258064516129,0.5752483352569994,False,0.6875201362877441,False,0.15645161290322582,0.24753026833580707,False,0.16208048097674863,False
00-0034115,RB,2025,1,0,0.7032258064516129,0.7748208903523058,False,0.8334649609914226,False,0.15645161290322582,0.09556532361006176,False,0.07779164862204802,False
00-0034208,RB,2025,1,0,0.7032258064516129,0.8094699095849651,False,0.7787966862738895,False,0.15645161290322582,0.08534613870033253,False,0.07103111385768422,False
00-0034791,RB,2025,1,0,0.7032258064516129,0.8243674133420145,False,0.7633152256999666,False,0.15645161290322582,0.0649515239201226,False,0.07933292298488773,False
00-0034808,RB,2025,1,0,0.7032258064516129,0.899367336042808,False,0.9166007885547109,False,0.15645161290322582,0.033132307671873695,False,0.01722084554005899,False
00-0034972,RB,2025,1,0,0.7032258064516129,0.5325114479470213,False,0.5245071576176547,False,0.15645161290322582,0.2985144443765725,False,0.30834134583137496,False
00-0035243,RB,2025,1,0,0.7032258064516129,0.6069241818909621,False,0.597785383203037,False,0.15645161290322582,0.2386741092416428,False,0.22929601530523921,False
00-0035250,RB,2025,0,1,0.7032258064516129,0.4907753564897883,False,0.4861951103368167,False,0.15645161290322582,0.3216724714478837,False,0.2947498990964687,False
00-0035261,RB,2025,0,1,0.7032258064516129,0.4511605792012523,False,0.3354862151781999,False,0.15645161290322582,0.3639129033059194,False,0.43103023776483124,False
00-0035291,RB,2025,1,0,0.7032258064516129,0.7393793115892848,False,0.8256605546896564,False,0.15645161290322582,0.14540268383717483,False,0.05925823190050565,False
00-0035311,RB,2025,1,0,0.7032258064516129,0.8472217848584545,False,0.9403883185191689,False,0.15645161290322582,0.05675799139270093,False,0.02812783064491146,False
00-0035594,RB,2025,1,0,0.7032258064516129,0.7786430295890948,False,0.8215781857696755,False,0.15645161290322582,0.09639999463442323,False,0.07000400261673477,False
00-0035628,RB,2025,1,0,0.7032258064516129,0.5824917586436184,False,0.5930237341429102,False,0.15645161290322582,0.25767227613734855,False,0.2184720061377056,False
00-0035726,RB,2025,1,0,0.7032258064516129,0.870999048812859,False,0.9053042016618384,False,0.15645161290322582,0.05390670042026276,False,0.02428695177656751,False
00-0035806,RB,2025,1,0,0.7032258064516129,0.7682309235041137,False,0.8224081116938464,False,0.15645161290322582,0.08743753677370623,False,0.06717158206945593,False
00-0035860,RB,2025,1,0,0.7032258064516129,0.8834175811967672,False,0.6488037394756279,False,0.15645161290322582,0.04579441451698647,False,0.10924409934611617,False
00-0035924,RB,2025,1,0,0.7032258064516129,0.8756410951872237,False,0.8618680347438946,False,0.15645161290322582,0.044175761952875585,False,0.03591244398377707,False
00-0035973,RB,2025,1,0,0.7032258064516129,0.7748208903523058,False,0.685219004384583,False,0.15645161290322582,0.09556532361006176,False,0.11101247102326835,False
00-0036096,RB,2025,1,0,0.7032258064516129,0.8666958823299212,False,0.8148163740938914,False,0.15645161290322582,0.04750717237564867,False,0.05357340128029816,False
00-0036139,RB,2025,1,0,0.7032258064516129,0.4511605792012523,False,0.3931260335024964,False,0.15645161290322582,0.3639129033059194,False,0.43330741670815687,False
00-0036223,RB,2025,0,1,0.7032258064516129,0.6168891027119868,False,0.39220556242500887,False,0.15645161290322582,0.20273719780691354,False,0.3289405160949555,False
00-0036251,RB,2025,1,0,0.7032258064516129,0.7013954238472148,False,0.7479310814304949,False,0.15645161290322582,0.16285003035892445,False,0.17917402901564708,False
00-0036275,RB,2025,1,0,0.7032258064516129,0.41215534466265147,False,0.3537378163680864,False,0.15645161290322582,0.40836089988140417,False,0.4546905959584836,False
00-0036297,RB,2025,1,0,0.7032258064516129,0.8834175811967672,False,0.9125421573067892,False,0.15645161290322582,0.04579441451698647,False,0.02326909499061097,False
00-0036328,RB,2025,1,0,0.7032258064516129,0.45662373754195096,False,0.5234462252118863,False,0.15645161290322582,0.3661425079497457,False,0.30048679417790775,False
00-0036360,RB,2025,1,0,0.7032258064516129,0.8840274761408085,False,0.8433412324227912,False,0.15645161290322582,0.03970065614965392,False,0.06157426278738246,False
00-0036370,RB,2025,1,0,0.7032258064516129,0.8006909243733996,False,0.8533037697373379,False,0.15645161290322582,0.10980361293823769,False,0.05374169879319266,False
00-0036425,RB,2025,1,0,0.7032258064516129,0.46748572533162536,False,0.5840833797471143,False,0.15645161290322582,0.36242684476166764,False,0.2656727350933821,False
00-0036450,RB,2025,1,0,0.7032258064516129,0.8892288954944975,False,0.9010050717130366,False,0.15645161290322582,0.04218732820571409,False,0.026639589017696603,False
00-0036555,RB,2025,1,0,0.7032258064516129,0.49278793003502536,False,0.30984969511870536,False,0.15645161290322582,0.33923469565761727,False,0.43086425394034444,False
00-0036569,RB,2025,1,0,0.7032258064516129,0.8947850323299873,False,0.9231850438578078,False,0.15645161290322582,0.038852792476864274,False,0.01631437423999319,False
00-0036670,RB,2025,1,0,0.7032258064516129,0.8840274761408085,False,0.918442967432444,False,0.15645161290322582,0.03970065614965392,False,0.03801880160661439,False
00-0036842,RB,2025,0,0,0.7032258064516129,0.8591720787225217,False,0.8734014187709632,False,0.15645161290322582,0.05934401276455733,False,0.0324192196998453,False
00-0036875,RB,2025,1,0,0.7032258064516129,0.564536916256391,False,0.5807415638529082,False,0.15645161290322582,0.2505308567177128,False,0.24914519777156965,False
00-0036906,RB,2025,1,0,0.7032258064516129,0.6604181504148984,False,0.7224948055395087,False,0.15645161290322582,0.18194521796733015,False,0.1036771288909987,False
00-0036924,RB,2025,0,0,0.7032258064516129,0.7863756392683504,False,0.6532481553691908,False,0.15645161290322582,0.11297977440019823,False,0.2392766767601302,False
00-0036950,RB,2025,1,0,0.7032258064516129,0.41215534466265147,False,0.5571663326926856,False,0.15645161290322582,0.40836089988140417,False,0.19676030709700132,False
00-0036973,RB,2025,1,0,0.7032258064516129,0.49278793003502536,False,0.5255360502143579,False,0.15645161290322582,0.33923469565761727,False,0.2596395604746316,False
00-0036984,RB,2025,1,0,0.7032258064516129,0.6201894875248154,False,0.7002146347935725,False,0.15645161290322582,0.19169339208439265,False,0.1346885317907507,False
00-0037120,RB,2025,0,0,0.7032258064516129,0.6697648273789486,False,0.7343525809946411,False,0.15645161290322582,0.15283519918982275,False,0.11327597990043033,False
00-0037263,RB,2025,0,1,0.7032258064516129,0.4423496552705345,False,0.5056750453763417,False,0.15645161290322582,0.3862776478352686,False,0.3167079263417187,False
00-0037267,RB,2025,0,0,0.7032258064516129,0.5305063251287516,False,0.4291955707645286,False,0.15645161290322582,0.2821601147523724,False,0.3257389442796584,False
00-0037299,RB,2025,1,0,0.7032258064516129,0.8773434448355062,False,0.9118984058793083,False,0.15645161290322582,0.04969391143117854,False,0.021054777792661492,False
00-0037429,RB,2025,1,0,0.7032258064516129,0.5820690275717918,False,0.5964292813415182,False,0.15645161290322582,0.2224632803041298,False,0.16242392223159374,False
00-0037456,RB,2025,1,0,0.7032258064516129,0.8840274761408085,False,0.9056441302015752,False,0.15645161290322582,0.03970065614965392,False,0.020244616578442128,False
00-0037509,RB,2025,1,0,0.7032258064516129,0.8472217848584545,False,0.7473369920013556,False,0.15645161290322582,0.05675799139270093,False,0.09654501213735252,False
00-0037525,RB,2025,0,1,0.7032258064516129,0.5824917586436184,False,0.49444170387684344,False,0.15645161290322582,0.25767227613734855,False,0.36557814936698124,False
00-0037594,RB,2025,0,1,0.7032258064516129,0.7682309235041137,False,0.7766237929037548,False,0.15645161290322582,0.08743753677370623,False,0.07647684541498878,False
00-0037609,RB,2025,1,0,0.7032258064516129,0.8666958823299212,False,0.8645353025118954,False,0.15645161290322582,0.04750717237564867,False,0.03704932708145098,False
00-0037827,RB,2025,1,0,0.7032258064516129,0.9100008701475093,False,0.9133650418988238,False,0.15645161290322582,0.030301336683022633,False,0.022680646083529793,False
00-0038040,RB,2025,1,0,0.7032258064516129,0.7133358057908802,False,0.7657745396677801,False,0.15645161290322582,0.15148658569534015,False,0.14564877109058036,False
00-0038098,RB,2025,1,0,0.7032258064516129,0.5576475437418833,False,0.6268218236972314,False,0.15645161290322582,0.2776312116251972,False,0.21225057170561829,False
00-0038120,RB,2025,0,1,0.7032258064516129,0.46748572533162536,False,0.40348068237629386,False,0.15645161290322582,0.36242684476166764,False,0.3805356555712096,False
00-0038134,RB,2025,1,0,0.7032258064516129,0.6205987931713459,False,0.5132960180282697,False,0.15645161290322582,0.2234318862987108,False,0.30793872836903824,False
00-0038396,RB,2025,1,0,0.7032258064516129,0.6168891027119868,False,0.7730792923779296,False,0.15645161290322582,0.20273719780691354,False,0.12110745002779312,False
00-0038488,RB,2025,1,0,0.7032258064516129,0.7884262540041286,False,0.8449695175244242,False,0.15645161290322582,0.08917939438736228,False,0.03936057738759953,False
00-0038489,RB,2025,1,0,0.7032258064516129,0.8666958823299212,False,0.8924117336852918,False,0.15645161290322582,0.04750717237564867,False,0.024904560246127708,False
00-0038542,RB,2025,0,1,0.7032258064516129,0.4423496552705345,False,0.28575735619343523,False,0.15645161290322582,0.3862776478352686,False,0.4609902760737344,False
00-0038551,RB,2025,1,0,0.7032258064516129,0.8116178926871266,False,0.809096092510266,False,0.15645161290322582,0.0800549291256498,False,0.07765325086223752,False
00-0038555,RB,2025,1,0,0.7032258064516129,0.5251078481086652,False,0.47448690063643423,False,0.15645161290322582,0.2873872376180986,False,0.31523191468614076,False
00-0038597,RB,2025,0,1,0.7032258064516129,0.5394689981800469,False,0.460893240289879,False,0.15645161290322582,0.27013792796049274,False,0.39699727630769305,False
00-0038611,RB,2025,0,0,0.7032258064516129,0.7762227248249284,False,0.8603261359058334,False,0.15645161290322582,0.10265098049121732,False,0.08228377637364091,False
00-0038622,RB,2025,1,0,0.7032258064516129,0.8347450731573204,False,0.8295260220385019,False,0.15645161290322582,0.0672778429584083,False,0.06650146280544064,False
00-0038636,RB,2025,1,0,0.7032258064516129,0.6455227996960952,False,0.6813005727200148,False,0.15645161290322582,0.1829035432544455,False,0.16820180663818443,False
00-0038678,RB,2025,1,0,0.7032258064516129,0.8243674133420145,False,0.7934410431303429,False,0.15645161290322582,0.0649515239201226,False,0.07184552738478577,False
00-0038705,RB,2025,0,0,0.7032258064516129,0.6271632407094987,False,0.5852595062671608,False,0.15645161290322582,0.20015615736076398,False,0.2172233852565861,False
00-0038738,RB,2025,0,1,0.7032258064516129,0.6168891027119868,False,0.7436534362073595,False,0.15645161290322582,0.20273719780691354,False,0.13046660162392207,False
00-0038951,RB,2025,0,1,0.7032258064516129,0.6401504949724666,False,0.7114722417001147,False,0.15645161290322582,0.15917216743181165,False,0.1487638526281211,False
00-0039021,RB,2025,1,0,0.7032258064516129,0.5718270421711018,False,0.7192170801538147,False,0.15645161290322582,0.26075320377836686,False,0.1486167088258766,False
00-0039032,RB,2025,0,0,0.7032258064516129,0.5683988675193121,False,0.5906610909815695,False,0.15645161290322582,0.2744248918874498,False,0.24046527510338406,False
00-0039040,RB,2025,0,1,0.7032258064516129,0.41215534466265147,False,0.427019234099152,False,0.15645161290322582,0.40836089988140417,False,0.40054974289910905,False
00-0039165,RB,2025,1,0,0.7032258064516129,0.45662373754195096,False,0.4257312748357267,False,0.15645161290322582,0.3661425079497457,False,0.3582091285436389,False
00-0039230,RB,2025,1,0,0.7032258064516129,0.899367336042808,False,0.9166007885547109,False,0.15645161290322582,0.033132307671873695,False,0.01722084554005899,False
00-0039244,RB,2025,1,0,0.7032258064516129,0.8013599104926143,False,0.7981688470593876,False,0.15645161290322582,0.08052941675245552,False,0.054988433626384316,False
00-0039299,RB,2025,1,0,0.7032258064516129,0.8666958823299212,False,0.8544817874977827,False,0.15645161290322582,0.04750717237564867,False,0.038186851159017404,False
00-0039325,RB,2025,1,0,0.7032258064516129,0.5698543354487549,False,0.6201854225044482,False,0.15645161290322582,0.24574292152519578,False,0.19623172447577225,False
00-0039344,RB,2025,1,0,0.7032258064516129,0.8666958823299212,False,0.9029537283494035,False,0.15645161290322582,0.04750717237564867,False,0.042319000428997666,False
00-0039363,RB,2025,1,0,0.7032258064516129,0.4511605792012523,False,0.5598093964181239,False,0.15645161290322582,0.3639129033059194,False,0.3042462876570035,False
00-0039364,RB,2025,1,0,0.7032258064516129,0.7145479688591364,False,0.8776991022498426,False,0.15645161290322582,0.13329324531351705,False,0.08015783663316735,False
00-0039373,RB,2025,1,0,0.7032258064516129,0.5698543354487549,False,0.6294358056152644,False,0.15645161290322582,0.24574292152519578,False,0.21057374894571412,False
00-0039384,RB,2025,0,1,0.7032258064516129,0.41215534466265147,False,0.37926016088987685,False,0.15645161290322582,0.40836089988140417,False,0.4146034136552894,False
00-0039385,RB,2025,1,0,0.7032258064516129,0.899367336042808,False,0.9166007885547109,False,0.15645161290322582,0.033132307671873695,False,0.01722084554005899,False
00-0039391,RB,2025,1,0,0.7032258064516129,0.7145479688591364,False,0.7899517337627687,False,0.15645161290322582,0.13329324531351705,False,0.11754947013704971,False
00-0039393,RB,2025,1,0,0.7032258064516129,0.8840274761408085,False,0.8741518127380032,False,0.15645161290322582,0.03970065614965392,False,0.042135411129025815,False
00-0039407,RB,2025,0,1,0.7032258064516129,0.8013599104926143,False,0.8526520012753765,False,0.15645161290322582,0.08052941675245552,False,0.03998237847881402,False
00-0039573,RB,2025,1,0,0.7032258064516129,0.899367336042808,False,0.8894347274397931,False,0.15645161290322582,0.033132307671873695,False,0.03845244010747311,False
00-0039595,RB,2025,1,0,0.7032258064516129,0.899367336042808,False,0.9166007885547109,False,0.15645161290322582,0.033132307671873695,False,0.01722084554005899,False
00-0039603,RB,2025,1,0,0.7032258064516129,0.8840274761408085,False,0.8909016845889799,False,0.15645161290322582,0.03970065614965392,False,0.02603542908223993,False
00-0039617,RB,2025,1,0,0.7032258064516129,0.899367336042808,False,0.6573387054065692,False,0.15645161290322582,0.033132307671873695,False,0.09129341489218996,False
00-0039738,RB,2025,1,0,0.7032258064516129,0.4907753564897883,False,0.626149424241519,False,0.15645161290322582,0.3216724714478837,False,0.2476090203821141,False
00-0039757,RB,2025,1,0,0.7032258064516129,0.8840274761408085,False,0.8647990217271144,False,0.15645161290322582,0.03970065614965392,False,0.041594260775905806,False
00-0039794,RB,2025,1,0,0.7032258064516129,0.41215534466265147,False,0.5233856267720316,False,0.15645161290322582,0.40836089988140417,False,0.3147426042487838,False
00-0039796,RB,2025,0,1,0.7032258064516129,0.8254756362286183,False,0.8214412753548203,False,0.15645161290322582,0.06768217208052119,False,0.052361242964444124,False
00-0039798,RB,2025,0,1,0.7032258064516129,0.5698543354487549,False,0.6585637602209992,False,0.15645161290322582,0.24574292152519578,False,0.20879058086872407,False
00-0039811,RB,2025,1,0,0.7032258064516129,0.899367336042808,False,0.8935387496625323,False,0.15645161290322582,0.033132307671873695,False,0.03808783793167136,False
00-0039874,RB,2025,0,0,0.7032258064516129,0.5698543354487549,False,0.588405454695946,False,0.15645161290322582,0.24574292152519578,False,0.21432268523781792,False
00-0039921,RB,2025,1,0,0.7032258064516129,0.6083392533625979,False,0.7017773078197175,False,0.15645161290322582,0.21263367431374652,False,0.1938913586865086,False
00-0030035,WR,2025,1,0,0.6918767507002801,0.6576400071928957,False,0.5588657006642773,False,0.16974789915966387,0.16614334940598643,False,0.2361175414880057,False
00-0030279,WR,2025,1,0,0.6918767507002801,0.5244990950883324,False,0.4388726787873055,False,0.16974789915966387,0.30048495830820976,False,0.264268690512652,False
00-0031235,WR,2025,1,0,0.6918767507002801,0.7519216571782846,False,0.796788844832213,False,0.16974789915966387,0.11346194462885609,False,0.0832579690144006,False
00-0031236,WR,2025,1,0,0.6918767507002801,0.6804060366232441,False,0.6681697952478635,False,0.16974789915966387,0.15731272631200705,False,0.12661681956374754,False
00-0031381,WR,2025,1,0,0.6918767507002801,0.5230470179237638,False,0.4225534398552318,False,0.16974789915966387,0.28166316171526,False,0.368308742368245,False
00-0031428,WR,2025,1,0,0.6918767507002801,0.8118592572102148,False,0.8331221971428343,False,0.16974789915966387,0.08066447299390525,False,0.06713943121962904,False
00-0031588,WR,2025,1,0,0.6918767507002801,0.7519216571782846,False,0.7313099356720122,False,0.16974789915966387,0.11346194462885609,False,0.2570349047909778,False
00-0031763,WR,2025,1,0,0.6918767507002801,0.55783714608203,False,0.6894893927910383,False,0.16974789915966387,0.2487158880689916,False,0.13002508860975712,False
00-0032128,WR,2025,1,0,0.6918767507002801,0.7175341685943845,False,0.77270606237849,False,0.16974789915966387,0.13387666113622368,False,0.1010653817578954,False
00-0032211,WR,2025,0,1,0.6918767507002801,0.4186901828809249,False,0.493620531025847,False,0.16974789915966387,0.39448724575216265,False,0.32894240119213947,False
00-0032385,WR,2025,0,0,0.6918767507002801,0.619591157939373,False,0.5321954481166318,False,0.16974789915966387,0.2240901059891745,False,0.2653100833504364,False
00-0032543,WR,2025,1,0,0.6918767507002801,0.8767649338893833,False,0.9102807337763786,False,0.16974789915966387,0.04863972698618171,False,0.03167668773726101,False
00-0032688,WR,2025,1,0,0.6918767507002801,0.9101439985027284,False,0.9532882051959343,False,0.16974789915966387,0.03386411627406836,False,0.016648914903484493,False
00-0033009,WR,2025,1,0,0.6918767507002801,0.4880318075376743,False,0.5943541336625983,False,0.16974789915966387,0.3171325949057676,False,0.22448842965773694,False
00-0033040,WR,2025,1,0,0.6918767507002801,0.3820789173299301,False,0.25931180580871305,False,0.16974789915966387,0.41165618984270885,False,0.5398564405371997,False
00-0033251,WR,2025,1,0,0.6918767507002801,0.868660508116779,False,0.9005228821164181,False,0.16974789915966387,0.05047672178890134,False,0.0330295968028713,False
00-0033292,WR,2025,1,0,0.6918767507002801,0.8637575604861502,False,0.8962262848625762,False,0.16974789915966387,0.04714734180327757,False,0.0378863578777897,False
00-0033307,WR,2025,1,0,0.6918767507002801,0.6683932769082298,False,0.7035894025663095,False,0.16974789915966387,0.18996485424725032,False,0.153173416139491,False
00-0033460,WR,2025,1,0,0.6918767507002801,0.9125566911032116,False,0.898378429379993,False,0.16974789915966387,0.033019060693101863,False,0.039739987124997954,False
00-0033589,WR,2025,1,0,0.6918767507002801,0.4681719856333814,False,0.5110281901325384,False,0.16974789915966387,0.3241818669757287,False,0.2444147478879362,False
00-0033591,WR,2025,1,0,0.6918767507002801,0.6408404589755434,False,0.5999040258414269,False,0.16974789915966387,0.18397996622255705,False,0.24115074450779628,False
00-0033891,WR,2025,1,0,0.6918767507002801,0.818356189122076,False,0.8564037556161094,False,0.16974789915966387,0.07971599222924033,False,0.06780974328454319,False
00-0033921,WR,2025,0,0,0.6918767507002801,0.7833865991368989,False,0.6236858462282333,False,0.16974789915966387,0.09581586630187214,False,0.2117201238641112,False
00-0033943,WR,2025,1,0,0.6918767507002801,0.7519216571782846,False,0.7453199957986174,False,0.16974789915966387,0.11346194462885609,False,0.11905446086903626,False
00-0034054,WR,2025,1,0,0.6918767507002801,0.8373663101139215,False,0.8343580515532516,False,0.16974789915966387,0.06772950560382525,False,0.07761772942626967,False
00-0034272,WR,2025,1,0,0.6918767507002801,0.5562026583482932,False,0.5762947312335664,False,0.16974789915966387,0.24747667055175834,False,0.1933803296152718,False
00-0034407,WR,2025,1,0,0.6918767507002801,0.3820789173299301,False,0.3793724462367985,False,0.16974789915966387,0.41165618984270885,False,0.4316813011726787,False
00-0034418,WR,2025,1,0,0.6918767507002801,0.5562026583482932,False,0.5923458311180699,False,0.16974789915966387,0.24747667055175834,False,0.15168810219428727,False
00-0034419,WR,2025,1,0,0.6918767507002801,0.8118592572102148,False,0.8641171729184756,False,0.16974789915966387,0.08066447299390525,False,0.04957354982080341,False
00-0034521,WR,2025,0,0,0.6918767507002801,0.6182180966154341,False,0.5569043304204574,False,0.16974789915966387,0.20862636890254846,False,0.2010393744470468,False
00-0034775,WR,2025,1,0,0.6918767507002801,0.7531552245798299,False,0.7040579179076535,False,0.16974789915966387,0.11413187300526514,False,0.1650804995836508,False
00-0034827,WR,2025,1,0,0.6918767507002801,0.4186901828809249,False,0.3965068889397194,False,0.16974789915966387,0.39448724575216265,False,0.42055687983831336,False
00-0034837,WR,2025,1,0,0.6918767507002801,0.4186901828809249,False,0.3043743800548194,False,0.16974789915966387,0.39448724575216265,False,0.5681865550622814,False
00-0034854,WR,2025,1,0,0.6918767507002801,0.6507021810759386,False,0.742266909206706,False,0.16974789915966387,0.18205723844726857,False,0.1142947285286065,False
00-0034860,WR,2025,1,0,0.6918767507002801,0.7519216571782846,False,0.7564083480622771,False,0.16974789915966387,0.11346194462885609,False,0.09744508297183653,False
00-0034960,WR,2025,1,0,0.6918767507002801,0.49715185391736666,False,0.3331524468562005,False,0.16974789915966387,0.31292434594984114,False,0.4593800743581468,False
00-0035021,WR,2025,0,0,0.6918767507002801,0.5562026583482932,False,0.6564233226583622,False,0.16974789915966387,0.24747667055175834,False,0.13994243174450027,False
00-0035140,WR,2025,1,0,0.6918767507002801,0.599261572188858,False,0.6810045597378955,False,0.16974789915966387,0.21401966705649278,False,0.1735857068994322,False
00-0035164,WR,2025,1,0,0.6918767507002801,0.9213875933399573,False,0.9334419063564906,False,0.16974789915966387,0.0314026285106183,False,0.025844692653676348,False
00-0035215,WR,2025,1,0,0.6918767507002801,0.8373663101139215,False,0.8697720260210698,False,0.16974789915966387,0.06772950560382525,False,0.048625026939476026,False
00-0035298,WR,2025,1,0,0.6918767507002801,0.8072550071630462,False,0.8348292183800095,False,0.16974789915966387,0.08262472397162401,False,0.06951705250513186,False
00-0035341,WR,2025,1,0,0.6918767507002801,0.8015137611960097,False,0.854756115472195,False,0.16974789915966387,0.08411503405449056,False,0.048822109354678955,False
00-0035406,WR,2025,1,0,0.6918767507002801,0.577175381447718,False,0.6697739256091416,False,0.16974789915966387,0.25860341900287914,False,0.18104870986853064,False
00-0035500,WR,2025,0,0,0.6918767507002801,0.42759668112690397,False,0.5394736759767315,False,0.16974789915966387,0.38983852204414865,False,0.227153351371826,False
00-0035535,WR,2025,0,1,0.6918767507002801,0.45313366200928795,False,0.4696081036375201,False,0.16974789915966387,0.35486211181327915,False,0.3023311781993611,False
00-0035544,WR,2025,1,0,0.6918767507002801,0.8799556645320643,False,0.902279585676489,False,0.16974789915966387,0.04744406277245903,False,0.03640420282243358,False
00-0035602,WR,2025,0,0,0.6918767507002801,0.8373663101139215,False,0.8697920856168933,False,0.16974789915966387,0.06772950560382525,False,0.0613812435891496,False
00-0035639,WR,2025,1,0,0.6918767507002801,0.8518306050404176,False,0.8680955688185733,False,0.16974789915966387,0.05923382865088359,False,0.040716859507006695,False
00-0035640,WR,2025,1,0,0.6918767507002801,0.49715185391736666,False,0.43219970608700764,False,0.16974789915966387,0.31292434594984114,False,0.41247574407704785,False
00-0035719,WR,2025,0,1,0.6918767507002801,0.4681719856333814,False,0.4567606715789757,False,0.16974789915966387,0.3241818669757287,False,0.33642962097743867,False
00-0035891,WR,2025,1,0,0.6918767507002801,0.8973973479057336,False,0.8914789694232411,False,0.16974789915966387,0.039606661030092694,False,0.06182327699760656,False
00-0035976,WR,2025,1,0,0.6918767507002801,0.8600115402820033,False,0.8726864908441611,False,0.16974789915966387,0.056740710018723745,False,0.0595890445626881,False
00-0036133,WR,2025,1,0,0.6918767507002801,0.7175341685943845,False,0.7908267306328348,False,0.16974789915966387,0.13387666113622368,False,0.08928903969509903,False
00-0036165,WR,2025,1,0,0.6918767507002801,0.8679949129964872,False,0.8933573625885831,False,0.16974789915966387,0.046278912277458784,False,0.037448675430599015,False
00-0036176,WR,2025,1,0,0.6918767507002801,0.8340653360276028,False,0.874735172193208,False,0.16974789915966387,0.07552803931098317,False,0.05648150873911367,False
00-0036182,WR,2025,0,0,0.6918767507002801,0.5592725533646049,False,0.605115636041183,False,0.16974789915966387,0.26615176328476714,False,0.16467662576235298,False
00-0036183,WR,2025,1,0,0.6918767507002801,0.9125566911032116,False,0.8774045804499293,False,0.16974789915966387,0.033019060693101863,False,0.02416577823790252,False
00-0036196,WR,2025,1,0,0.6918767507002801,0.6658076510743087,False,0.7087629532378914,False,0.16974789915966387,0.1634590797963069,False,0.11482227918331865,False
00-0036252,WR,2025,0,1,0.6918767507002801,0.4621903002815416,False,0.5131527163067656,False,0.16974789915966387,0.35041011474263634,False,0.34068878643664147,False
00-0036254,WR,2025,1,0,0.6918767507002801,0.8578033185974474,False,0.8887841632139596,False,0.16974789915966387,0.06899505006255387,False,0.050264007031071964,False
00-0036259,WR,2025,1,0,0.6918767507002801,0.4681719856333814,False,0.39394081504937933,False,0.16974789915966387,0.3241818669757287,False,0.4323913256903181,False
00-0036261,WR,2025,1,0,0.6918767507002801,0.7833865991368989,False,0.6607100913819285,False,0.16974789915966387,0.09581586630187214,False,0.21650392724671869,False
00-0036268,WR,2025,1,0,0.6918767507002801,0.7273458136874633,False,0.8073474367205801,False,0.16974789915966387,0.1432284409020879,False,0.08981234359310276,False
00-0036309,WR,2025,0,1,0.6918767507002801,0.4803726779421528,False,0.4041370478721691,False,0.16974789915966387,0.3415844281563991,False,0.4387253994692177,False
00-0036331,WR,2025,1,0,0.6918767507002801,0.5562026583482932,False,0.664767217935078,False,0.16974789915966387,0.24747667055175834,False,0.14338901985577984,False
00-0036345,WR,2025,1,0,0.6918767507002801,0.7588123740768319,False,0.8232116829515163,False,0.16974789915966387,0.10340482260928202,False,0.05512243256141792,False
00-0036358,WR,2025,0,0,0.6918767507002801,0.4681719856333814,False,0.2770009490752082,False,0.16974789915966387,0.3241818669757287,False,0.5569555213202788,False
00-0036387,WR,2025,1,0,0.6918767507002801,0.7965897024000035,False,0.8544208017623498,False,0.16974789915966387,0.0930486660738707,False,0.06300883498111894,False
00-0036407,WR,2025,0,1,0.6918767507002801,0.42759668112690397,False,0.3302554098777676,False,0.16974789915966387,0.38983852204414865,False,0.5537424860527153,False
00-0036410,WR,2025,0,1,0.6918767507002801,0.635287946403667,False,0.41507966453621536,False,0.16974789915966387,0.20225984422941012,False,0.3244095576192846,False
00-0036427,WR,2025,0,0,0.6918767507002801,0.7496012702689825,False,0.7782148137833377,False,0.16974789915966387,0.14729201607423326,False,0.13967003553748975,False
00-0036463,WR,2025,1,0,0.6918767507002801,0.8973973479057336,False,0.9232629578879454,False,0.16974789915966387,0.039606661030092694,False,0.036779152603963666,False
00-0036497,WR,2025,1,0,0.6918767507002801,0.7664709048519068,False,0.8296438151889021,False,0.16974789915966387,0.11024725737392754,False,0.07370724322203207,False
00-0036527,WR,2025,1,0,0.6918767507002801,0.6764306028008598,False,0.746160857535523,False,0.16974789915966387,0.18698201812898568,False,0.14614321236027095,False
00-0036613,WR,2025,0,1,0.6918767507002801,0.4681719856333814,False,0.4122819683086085,False,0.16974789915966387,0.3241818669757287,False,0.41151935282948604,False
00-0036620,WR,2025,0,0,0.6918767507002801,0.8615031817265864,False,0.8867908086322382,False,0.16974789915966387,0.062212400206331585,False,0.06091754259762273,False
00-0036635,WR,2025,1,0,0.6918767507002801,0.4880318075376743,False,0.6606017694939574,False,0.16974789915966387,0.3171325949057676,False,0.13435781947024947,False
00-0036646,WR,2025,1,0,0.6918767507002801,0.8532941105381368,False,0.8470480110718441,False,0.16974789915966387,0.07025834835582935,False,0.07735407155391244,False
00-0036841,WR,2025,1,0,0.6918767507002801,0.9125566911032116,False,0.8691301278838726,False,0.16974789915966387,0.033019060693101863,False,0.08259737661287875,False
00-0036877,WR,2025,1,0,0.6918767507002801,0.7496012702689825,False,0.8194299540966451,False,0.16974789915966387,0.14729201607423326,False,0.0932104214488661,False
00-0036900,WR,2025,0,1,0.6918767507002801,0.42759668112690397,False,0.2475962474089898,False,0.16974789915966387,0.38983852204414865,False,0.5391109354091169,False
00-0036913,WR,2025,1,0,0.6918767507002801,0.8556597244470237,False,0.9059818547632329,False,0.16974789915966387,0.05335577463567781,False,0.024702226606896874,False
00-0036955,WR,2025,1,0,0.6918767507002801,0.8431525946524684,False,0.8763280640842546,False,0.16974789915966387,0.06692204715122267,False,0.052544228393019476,False
00-0036980,WR,2025,1,0,0.6918767507002801,0.3820789173299301,False,0.4653655356193894,False,0.16974789915966387,0.41165618984270885,False,0.3274411643641636,False
00-0036988,WR,2025,0,0,0.6918767507002801,0.5517001912884439,False,0.5533725162949246,False,0.16974789915966387,0.28833254779000256,False,0.3230435644243403,False
00-0037093,WR,2025,1,0,0.6918767507002801,0.839838684353369,False,0.8773625146032552,False,0.16974789915966387,0.08069184462115042,False,0.05316991972030249,False
00-0037132,WR,2025,1,0,0.6918767507002801,0.8373663101139215,False,0.851125294570399,False,0.16974789915966387,0.06772950560382525,False,0.06388557806242613,False
00-0037156,WR,2025,1,0,0.6918767507002801,0.7915752526533177,False,0.8462810243342698,False,0.16974789915966387,0.10282459335724824,False,0.06068044907369787,False
00-0037216,WR,2025,1,0,0.6918767507002801,0.9101439985027284,False,0.9274703282519154,False,0.16974789915966387,0.03386411627406836,False,0.02410550403310981,False
00-0037231,WR,2025,1,0,0.6918767507002801,0.7519216571782846,False,0.7404464671359617,False,0.16974789915966387,0.11346194462885609,False,0.10972010461585202,False
00-0037238,WR,2025,0,0,0.6918767507002801,0.42759668112690397,False,0.3270945224783935,False,0.16974789915966387,0.38983852204414865,False,0.5231451967430668,False
00-0037239,WR,2025,0,1,0.6918767507002801,0.725030754127094,False,0.7213732976991929,False,0.16974789915966387,0.12225955163997299,False,0.14399613663826977,False
00-0037257,WR,2025,1,0,0.6918767507002801,0.9125566911032116,False,0.8541914515681419,False,0.16974789915966387,0.033019060693101863,False,0.08027234793886716,False
00-0037272,WR,2025,1,0,0.6918767507002801,0.9159363663862278,False,0.9294354903731048,False,0.16974789915966387,0.032610938474550835,False,0.026046043773578595,False
00-0037300,WR,2025,1,0,0.6918767507002801,0.8373663101139215,False,0.8444330525349211,False,0.16974789915966387,0.06772950560382525,False,0.06431329221740088,False
00-0037380,WR,2025,1,0,0.6918767507002801,0.9125566911032116,False,0.9215317668018207,False,0.16974789915966387,0.033019060693101863,False,0.029992740337642206,False
00-0037382,WR,2025,1,0,0.6918767507002801,0.8974712268774784,False,0.9128493090581133,False,0.16974789915966387,0.03651127419458134,False,0.0356763220717337,False
00-0037387,WR,2025,1,0,0.6918767507002801,0.8799556645320643,False,0.8985434083386652,False,0.16974789915966387,0.04744406277245903,False,0.03823352007327949,False
00-0037422,WR,2025,1,0,0.6918767507002801,0.9125566911032116,False,0.9102494557805216,False,0.16974789915966387,0.033019060693101863,False,0.04298752447097842,False
00-0037450,WR,2025,1,0,0.6918767507002801,0.8973973479057336,False,0.8841303730532782,False,0.16974789915966387,0.039606661030092694,False,0.04148846300805778,False
00-0037487,WR,2025,1,0,0.6918767507002801,0.8373663101139215,False,0.8589367003979518,False,0.16974789915966387,0.06772950560382525,False,0.05568186400383497,False
00-0037524,WR,2025,1,0,0.6918767507002801,0.9125566911032116,False,0.8829170101645718,False,0.16974789915966387,0.033019060693101863,False,0.042027200179408156,False
00-0037545,WR,2025,1,0,0.6918767507002801,0.7835227682672038,False,0.7604944789422435,False,0.16974789915966387,0.08873342582123395,False,0.10022450961207338,False
00-0037664,WR,2025,0,1,0.6918767507002801,0.45313366200928795,False,0.4546990091098732,False,0.16974789915966387,0.35486211181327915,False,0.3369957389493063,False
00-0037666,WR,2025,0,0,0.6918767507002801,0.3820789173299301,False,0.4094128536328983,False,0.16974789915966387,0.41165618984270885,False,0.3240197433693754,False
00-0037708,WR,2025,1,0,0.6918767507002801,0.8973973479057336,False,0.9107025724643677,False,0.16974789915966387,0.039606661030092694,False,0.0338721306248484,False
00-0037740,WR,2025,1,0,0.6918767507002801,0.4186901828809249,False,0.34635198257564453,False,0.16974789915966387,0.39448724575216265,False,0.46768661516915844,False
00-0037742,WR,2025,1,0,0.6918767507002801,0.8382663921812283,False,0.8641634568841764,False,0.16974789915966387,0.06815016724496102,False,0.04925136664448513,False
00-0037745,WR,2025,1,0,0.6918767507002801,0.8721199885921168,False,0.8788110238352247,False,0.16974789915966387,0.04542571618752486,False,0.039046089733966956,False
00-0037801,WR,2025,0,1,0.6918767507002801,0.3820789173299301,False,0.45182461258993806,False,0.16974789915966387,0.41165618984270885,False,0.31877936969655696,False
00-0038090,WR,2025,1,0,0.6918767507002801,0.8556597244470237,False,0.8951010958435449,False,0.16974789915966387,0.05335577463567781,False,0.03080649395584831,False
00-0038092,WR,2025,1,0,0.6918767507002801,0.9213875933399573,False,0.932148797501522,False,0.16974789915966387,0.0314026285106183,False,0.02326893347438743,False
00-0038104,WR,2025,0,0,0.6918767507002801,0.8563772246409135,False,0.8844724723969274,False,0.16974789915966387,0.05815636011358456,False,0.04802949680290821,False
00-0038117,WR,2025,0,1,0.6918767507002801,0.4365503596497199,False,0.4248243637849741,False,0.16974789915966387,0.3852097294545081,False,0.36322857340622644,False
00-0038124,WR,2025,1,0,0.6918767507002801,0.5122825614909184,False,0.5029418635337339,False,0.16974789915966387,0.284272238982135,False,0.3129050571425219,False
00-0038477,WR,2025,1,0,0.6918767507002801,0.8373663101139215,False,0.876148860574871,False,0.16974789915966387,0.06772950560382525,False,0.05035761973362149,False
00-0038496,WR,2025,1,0,0.6918767507002801,0.4186901828809249,False,0.5892686288172216,False,0.16974789915966387,0.39448724575216265,False,0.16508544956784238,False
00-0038507,WR,2025,1,0,0.6918767507002801,0.8973973479057336,False,0.9096328774353174,False,0.16974789915966387,0.039606661030092694,False,0.036629448849257,False
00-0038543,WR,2025,1,0,0.6918767507002801,0.4186901828809249,False,0.27530056338681147,False,0.16974789915966387,0.39448724575216265,False,0.590953241516275,False
00-0038559,WR,2025,0,1,0.6918767507002801,0.48948643917347273,False,0.49394945720921085,False,0.16974789915966387,0.33721193917102094,False,0.2830855190035499,False
00-0038563,WR,2025,0,1,0.6918767507002801,0.45457663327610787,False,0.5055466266960429,False,0.16974789915966387,0.37601490940406684,False,0.3350111953689438,False
00-0038576,WR,2025,0,1,0.6918767507002801,0.7845085466469155,False,0.854337852469705,False,0.16974789915966387,0.0963929331483955,False,0.05906543545056979,False
00-0038606,WR,2025,1,0,0.6918767507002801,0.6036402907170939,False,0.6355578642730895,False,0.16974789915966387,0.2475454045752254,False,0.2148108444453944,False
00-0038608,WR,2025,1,0,0.6918767507002801,0.6137177947944549,False,0.5650163849515767,False,0.16974789915966387,0.2611477255701453,False,0.32576183951985527,False
00-0038619,WR,2025,0,1,0.6918767507002801,0.4727227625293275,False,0.5143367980861786,False,0.16974789915966387,0.3669085818976776,False,0.2656001584378381,False
00-0038621,WR,2025,1,0,0.6918767507002801,0.4803726779421528,False,0.49676540228475785,False,0.16974789915966387,0.3415844281563991,False,0.31265333793698447,False
00-0038640,WR,2025,1,0,0.6918767507002801,0.70752071863817,False,0.7778020555771127,False,0.16974789915966387,0.1754115281619046,False,0.11987400607328072,False
00-0038647,WR,2025,1,0,0.6918767507002801,0.8374755860140685,False,0.8783211574051203,False,0.16974789915966387,0.06257944380172693,False,0.041209160929484095,False
00-0038679,WR,2025,1,0,0.6918767507002801,0.9125566911032116,False,0.9109397573901616,False,0.16974789915966387,0.033019060693101863,False,0.08337642179038832,False
00-0038752,WR,2025,1,0,0.6918767507002801,0.6182180966154341,False,0.7176964090436715,False,0.16974789915966387,0.20862636890254846,False,0.12082467284672561,False
00-0038821,WR,2025,1,0,0.6918767507002801,0.7854910650269602,False,0.8149395287897937,False,0.16974789915966387,0.10463769226548471,False,0.09968358661121712,False
00-0038840,WR,2025,1,0,0.6918767507002801,0.8973973479057336,False,0.9106605819177782,False,0.16974789915966387,0.039606661030092694,False,0.032944105702634605,False
00-0038938,WR,2025,1,0,0.6918767507002801,0.6897073985171229,False,0.7589710387652568,False,0.16974789915966387,0.15561554422504661,False,0.09699015501714156,False
00-0038941,WR,2025,1,0,0.6918767507002801,0.8374755860140685,False,0.884881310969872,False,0.16974789915966387,0.06257944380172693,False,0.04014561582293454,False
00-0038977,WR,2025,1,0,0.6918767507002801,0.5860543633993244,False,0.49727578235304043,False,0.16974789915966387,0.25488194204505793,False,0.32501405200459077,False
00-0038979,WR,2025,0,0,0.6918767507002801,0.7333850711836716,False,0.7030455753465417,False,0.16974789915966387,0.13016849505979075,False,0.13590510368007255,False
00-0038997,WR,2025,0,1,0.6918767507002801,0.5230470179237638,False,0.42512011192200344,False,0.16974789915966387,0.28166316171526,False,0.31259173760074954,False
00-0039052,WR,2025,1,0,0.6918767507002801,0.4681719856333814,False,0.5770145974860186,False,0.16974789915966387,0.3241818669757287,False,0.205291512420034,False
00-0039062,WR,2025,1,0,0.6918767507002801,0.5412142401552512,False,0.5685438379675737,False,0.16974789915966387,0.273839055985843,False,0.18795380351252963,False
00-0039064,WR,2025,0,1,0.6918767507002801,0.3820789173299301,False,0.3220148620651948,False,0.16974789915966387,0.41165618984270885,False,0.5190326948239591,False
00-0039067,WR,2025,1,0,0.6918767507002801,0.8600115402820033,False,0.8232956879798292,False,0.16974789915966387,0.056740710018723745,False,0.10697066004059581,False
00-0039337,WR,2025,1,0,0.6918767507002801,0.4681719856333814,False,0.3019736567900871,False,0.16974789915966387,0.3241818669757287,False,0.528069708158791,False
00-0039342,WR,2025,1,0,0.6918767507002801,0.4681719856333814,False,0.45421160214355744,False,0.16974789915966387,0.3241818669757287,False,0.289314009907717,False
00-0039365,WR,2025,1,0,0.6918767507002801,0.4681719856333814,False,0.5996419810619824,False,0.16974789915966387,0.3241818669757287,False,0.18260851341301237,False
00-0039379,WR,2025,1,0,0.6918767507002801,0.8118592572102148,False,0.8414945838706094,False,0.16974789915966387,0.08066447299390525,False,0.062219345750573245,False
00-0039386,WR,2025,1,0,0.6918767507002801,0.8600115402820033,False,0.8307982775593018,False,0.16974789915966387,0.056740710018723745,False,0.0732906672276807,False
00-0039392,WR,2025,1,0,0.6918767507002801,0.599261572188858,False,0.7200363703366012,False,0.16974789915966387,0.21401966705649278,False,0.11785376127224338,False
00-0039394,WR,2025,1,0,0.6918767507002801,0.8973973479057336,False,0.8981151276069211,False,0.16974789915966387,0.039606661030092694,False,0.044312544872964155,False
00-0039410,WR,2025,0,1,0.6918767507002801,0.7175341685943845,False,0.7746975430085973,False,0.16974789915966387,0.13387666113622368,False,0.10446377293558966,False
00-0039451,WR,2025,0,1,0.6918767507002801,0.7519216571782846,False,0.8142605245793424,False,0.16974789915966387,0.11346194462885609,False,0.07198881383185128,False
00-0039491,WR,2025,1,0,0.6918767507002801,0.6408404589755434,False,0.5931645955237829,False,0.16974789915966387,0.18397996622255705,False,0.27164794362186123,False
00-0039521,WR,2025,1,0,0.6918767507002801,0.8973973479057336,False,0.9058863362780865,False,0.16974789915966387,0.039606661030092694,False,0.033374961269429564,False
00-0039543,WR,2025,1,0,0.6918767507002801,0.8799556645320643,False,0.8859706326849776,False,0.16974789915966387,0.04744406277245903,False,0.04332132018732536,False
00-0039589,WR,2025,0,1,0.6918767507002801,0.8600115402820033,False,0.8911243128058315,False,0.16974789915966387,0.056740710018723745,False,0.038888691520161445,False
00-0039614,WR,2025,1,0,0.6918767507002801,0.8600115402820033,False,0.8843501987446867,False,0.16974789915966387,0.056740710018723745,False,0.04132516399095185,False
00-0039623,WR,2025,1,0,0.6918767507002801,0.7175341685943845,False,0.7552886172998291,False,0.16974789915966387,0.13387666113622368,False,0.10783317321255621,False
00-0039650,WR,2025,1,0,0.6918767507002801,0.7519216571782846,False,0.795633647972498,False,0.16974789915966387,0.11346194462885609,False,0.09982677551623431,False
00-0039747,WR,2025,1,0,0.6918767507002801,0.8799556645320643,False,0.8971980772893379,False,0.16974789915966387,0.04744406277245903,False,0.03474275875974308,False
00-0039792,WR,2025,1,0,0.6918767507002801,0.8799556645320643,False,0.891458946641806,False,0.16974789915966387,0.04744406277245903,False,0.0356683737320975,False
00-0039810,WR,2025,1,0,0.6918767507002801,0.7519216571782846,False,0.7930873177927689,False,0.16974789915966387,0.11346194462885609,False,0.09501329395495516,False
00-0039816,WR,2025,0,0,0.6918767507002801,0.7519216571782846,False,0.8292677785511696,False,0.16974789915966387,0.11346194462885609,False,0.09214648409437352,False
00-0039849,WR,2025,0,0,0.6918767507002801,0.3820789173299301,False,0.3273523878806919,False,0.16974789915966387,0.41165618984270885,False,0.441022068721755,False
00-0039853,WR,2025,1,0,0.6918767507002801,0.8118592572102148,False,0.845590226338921,False,0.16974789915966387,0.08066447299390525,False,0.05985686681179738,False
00-0039880,WR,2025,0,1,0.6918767507002801,0.5122825614909184,False,0.608322630313291,False,0.16974789915966387,0.284272238982135,False,0.2276006550783861,False
00-0039890,WR,2025,0,1,0.6918767507002801,0.3820789173299301,False,0.3676013800890127,False,0.16974789915966387,0.41165618984270885,False,0.3791953430143194,False
00-0039893,WR,2025,1,0,0.6918767507002801,0.3820789173299301,False,0.2894020050261433,False,0.16974789915966387,0.41165618984270885,False,0.5212240477166216,False
00-0039907,WR,2025,1,0,0.6918767507002801,0.5122825614909184,False,0.6326412203145276,False,0.16974789915966387,0.284272238982135,False,0.14320529559622142,False
00-0039916,WR,2025,1,0,0.6918767507002801,0.6408404589755434,False,0.5523141423064749,False,0.16974789915966387,0.18397996622255705,False,0.20898594997460715,False
00-0039919,WR,2025,1,0,0.6918767507002801,0.3820789173299301,False,0.35914820758497784,False,0.16974789915966387,0.41165618984270885,False,0.41598656650897914,False
00-0039920,WR,2025,0,0,0.6918767507002801,0.8373663101139215,False,0.5872036863781065,False,0.16974789915966387,0.06772950560382525,False,0.13357667221507188,False
00-0024243,TE,2025,1,0,0.6919431279620853,0.8369396492608747,False,0.8670434604923485,False,0.13933649289099526,0.0492520484390473,False,0.041855553768801075,False
00-0031299,TE,2025,1,0,0.6919431279620853,0.8776806506601603,False,0.8980956543435524,False,0.13933649289099526,0.029615954106675516,False,0.03038900278888173,False
00-0031484,TE,2025,1,0,0.6919431279620853,0.7470737944102511,False,0.7248709821449197,False,0.13933649289099526,0.08655333675780864,False,0.08781353031651132,False
00-0031585,TE,2025,1,0,0.6919431279620853,0.7824562138440088,False,0.7832575078313178,False,0.13933649289099526,0.08227436897685281,False,0.09232198000439544,False
00-0031690,TE,2025,1,0,0.6919431279620853,0.8062385766183651,False,0.8281529153319717,False,0.13933649289099526,0.05743219253566451,False,0.054112184692370585,False
00-0032134,TE,2025,1,0,0.6919431279620853,0.9002227298529687,False,0.9237615127263704,False,0.13933649289099526,0.0312853858314972,False,0.028472636300857026,False
00-0032141,TE,2025,1,0,0.6919431279620853,0.8822835819126753,False,0.892046793481605,False,0.13933649289099526,0.03746615137850558,False,0.0357209486728659,False
00-0032392,TE,2025,1,0,0.6919431279620853,0.365488576967137,False,0.3347333611979645,False,0.13933649289099526,0.4298810135701162,False,0.4319214092570045,False
00-0032394,TE,2025,1,0,0.6919431279620853,0.5788829337553636,False,0.5486264226989015,False,0.13933649289099526,0.13327125430451334,False,0.13645885632713783,False
00-0033090,TE,2025,1,0,0.6919431279620853,0.40669180328742993,False,0.4786079088103133,False,0.13933649289099526,0.3542665504785841,False,0.3332340310348737,False
00-0033217,TE,2025,0,0,0.6919431279620853,0.5909861887771886,False,0.6042013858289094,False,0.13933649289099526,0.2136073415715444,False,0.18892555268902186,False
00-0033288,TE,2025,1,0,0.6919431279620853,0.4035810022764645,False,0.4067085461344118,False,0.13933649289099526,0.37908900387794386,False,0.34393570136626406,False
00-0033357,TE,2025,0,0,0.6919431279620853,0.7535396902330066,False,0.9966776476036171,False,0.13933649289099526,0.12319400906577141,False,0.5234545368689129,False
00-0033439,TE,2025,1,0,0.6919431279620853,0.674250371053261,False,0.7111634025567497,False,0.13933649289099526,0.14087941676979035,False,0.11827079099620243,False
00-0033455,TE,2025,1,0,0.6919431279620853,0.8958815853214201,False,0.9153618624047062,False,0.13933649289099526,0.0236643363790951,False,0.023439450211132664,False
00-0033576,TE,2025,1,0,0.6919431279620853,0.5807515416857497,False,0.5834695447933721,False,0.13933649289099526,0.14371174496482694,False,0.12526601883352534,False
00-0033858,TE,2025,1,0,0.6919431279620853,0.36637838478508017,False,0.2631562841134702,False,0.13933649289099526,0.4406398542813252,False,0.47282931613037316,False
00-0033881,TE,2025,1,0,0.6919431279620853,0.7182806275348014,False,0.7608471717654158,False,0.13933649289099526,0.15032341536288935,False,0.12469598119229029,False
00-0033885,TE,2025,0,0,0.6919431279620853,0.5832090928718965,False,0.5770006537116255,False,0.13933649289099526,0.19540712730220708,False,0.2350113072181992,False
00-0033895,TE,2025,1,0,0.6919431279620853,0.6776105060625586,False,0.7725028518092162,False,0.13933649289099526,0.16343060068273044,False,0.11149755854785084,False
00-0034073,TE,2025,1,0,0.6919431279620853,0.8588484772423577,False,0.8738392882849841,False,0.13933649289099526,0.03482178425039659,False,0.03265522571048639,False
00-0034270,TE,2025,1,0,0.6919431279620853,0.4103984287483567,False,0.2880634453239522,False,0.13933649289099526,0.3952603718476933,False,0.4096509161077629,False
00-0034364,TE,2025,1,0,0.6919431279620853,0.40669180328742993,False,0.3709587644100026,False,0.13933649289099526,0.3542665504785841,False,0.33610413946688206,False
00-0034365,TE,2025,0,0,0.6919431279620853,0.8822835819126753,False,0.886814681397512,False,0.13933649289099526,0.03746615137850558,False,0.043416763446225554,False
00-0034613,TE,2025,0,0,0.6919431279620853,0.7143843627675557,False,0.8265447116522603,False,0.13933649289099526,0.12445290006095437,False,0.08813583607829897,False
00-0034798,TE,2025,1,0,0.6919431279620853,0.4479555918666853,False,0.4785202803027413,False,0.13933649289099526,0.3265401769113649,False,0.2680092943748088,False
00-0034829,TE,2025,0,0,0.6919431279620853,0.40854381600080003,False,0.35319139176261904,False,0.13933649289099526,0.3745384842358578,False,0.3419418075443406,False
00-0034830,TE,2025,1,0,0.6919431279620853,0.7818027278421319,False,0.8126723088863014,False,0.13933649289099526,0.07902928020775155,False,0.06986476151225103,False
00-0034981,TE,2025,1,0,0.6919431279620853,0.40669180328742993,False,0.34579610339862416,False,0.13933649289099526,0.3542665504785841,False,0.3700171149563137,False
00-0035547,TE,2025,1,0,0.6919431279620853,0.8568065600202601,False,0.8736722809783661,False,0.13933649289099526,0.03700767576719977,False,0.04262186482517923,False
00-0035631,TE,2025,0,0,0.6919431279620853,0.6349496698708513,False,0.6254882199426505,False,0.13933649289099526,0.1839210686551661,False,0.13417668546599693,False
00-0035644,TE,2025,0,0,0.6919431279620853,0.5002362795076128,False,0.48052425827143197,False,0.13933649289099526,0.2919007316154249,False,0.27159439010853476,False
00-0036040,TE,2025,0,1,0.6919431279620853,0.4520994651650675,False,0.4591509229276579,False,0.13933649289099526,0.3128078512033779,False,0.29588929572870465,False
00-0036232,TE,2025,1,0,0.6919431279620853,0.7762803880417476,False,0.7815952108524469,False,0.13933649289099526,0.07125665212704524,False,0.06291690595648844,False
00-0036290,TE,2025,1,0,0.6919431279620853,0.4094708004376444,False,0.47295855391839087,False,0.13933649289099526,0.38484721359080315,False,0.2993129232357065,False
00-0036332,TE,2025,1,0,0.6919431279620853,0.743165797372892,False,0.7603218091763826,False,0.13933649289099526,0.08809776341747826,False,0.07723579608648051,False
00-0036429,TE,2025,1,0,0.6919431279620853,0.5385059210906782,False,0.5677514451516719,False,0.13933649289099526,0.23419157327885864,False,0.19536394701169077,False
00-0036438,TE,2025,1,0,0.6919431279620853,0.9162795689784609,False,0.9324897415009016,False,0.13933649289099526,0.02841629597474858,False,0.0303428497710279,False
00-0036510,TE,2025,1,0,0.6919431279620853,0.7778521275476202,False,0.7711930499206427,False,0.13933649289099526,0.06190584568691071,False,0.06277538973531031,False
00-0036534,TE,2025,1,0,0.6919431279620853,0.8776806506601603,False,0.8488461550532685,False,0.13933649289099526,0.029615954106675516,False,0.033803600548123224,False
00-0036556,TE,2025,1,0,0.6919431279620853,0.8776806506601603,False,0.8895697448779138,False,0.13933649289099526,0.029615954106675516,False,0.026319276843172226,False
00-0036590,TE,2025,0,0,0.6919431279620853,0.6265847400847566,False,0.6355784854646632,False,0.13933649289099526,0.1616896256341415,False,0.14446871579245749,False
00-0036640,TE,2025,1,0,0.6919431279620853,0.8776806506601603,False,0.8910884345442167,False,0.13933649289099526,0.029615954106675516,False,0.030246593000809497,False
00-0036741,TE,2025,0,0,0.6919431279620853,0.8369396492608747,False,0.8547480568893824,False,0.13933649289099526,0.0492520484390473,False,0.045216016475391564,False
00-0036754,TE,2025,1,0,0.6919431279620853,0.5832090928718965,False,0.5784971633305228,False,0.13933649289099526,0.19540712730220708,False,0.1784659187664487,False
00-0036825,TE,2025,0,0,0.6919431279620853,0.6680158682504815,False,0.6881873349578318,False,0.13933649289099526,0.13282959759520757,False,0.11663242958960648,False
00-0036876,TE,2025,0,0,0.6919431279620853,0.40854381600080003,False,0.480280992934907,False,0.13933649289099526,0.3745384842358578,False,0.31379289805235644,False
00-0036887,TE,2025,1,0,0.6919431279620853,0.5872731220766239,False,0.6329358874739273,False,0.13933649289099526,0.18566910885581223,False,0.14762705417946603,False
00-0036970,TE,2025,0,1,0.6919431279620853,0.36637838478508017,False,0.3872495980904673,False,0.13933649289099526,0.4406398542813252,False,0.44966620004005625,False
00-0037005,TE,2025,1,0,0.6919431279620853,0.6776105060625586,False,0.6352610590545092,False,0.13933649289099526,0.16343060068273044,False,0.17327946942249522,False
00-0037112,TE,2025,1,0,0.6919431279620853,0.8776806506601603,False,0.89965427682343,False,0.13933649289099526,0.029615954106675516,False,0.028464629122533676,False
00-0037252,TE,2025,0,0,0.6919431279620853,0.8588484772423577,False,0.8725569429780258,False,0.13933649289099526,0.03482178425039659,False,0.04025950460575265,False
00-0037292,TE,2025,0,0,0.6919431279620853,0.5882023375364823,False,0.5998098613409241,False,0.13933649289099526,0.1923783484323778,False,0.16797606031117274,False
00-0037311,TE,2025,1,0,0.6919431279620853,0.8568065600202601,False,0.8814092643135868,False,0.13933649289099526,0.03700767576719977,False,0.03452906245224378,False
00-0037348,TE,2025,1,0,0.6919431279620853,0.8330478588783282,False,0.8446147922178737,False,0.13933649289099526,0.04615651464824007,False,0.04381476386243785,False
00-0037451,TE,2025,1,0,0.6919431279620853,0.9150952943352789,False,0.9257028826806576,False,0.13933649289099526,0.023961619083191155,False,0.024859744602951418,False
00-0037475,TE,2025,1,0,0.6919431279620853,0.7143843627675557,False,0.6782936209342314,False,0.13933649289099526,0.12445290006095437,False,0.11040437030476863,False
00-0037569,TE,2025,1,0,0.6919431279620853,0.8379836694609158,False,0.8147190513493332,False,0.13933649289099526,0.05351687730451046,False,0.05133397598256067,False
00-0037744,TE,2025,0,1,0.6919431279620853,0.4103984287483567,False,0.3273447471100535,False,0.13933649289099526,0.3952603718476933,False,0.5920474161619368,False
00-0037805,TE,2025,0,1,0.6919431279620853,0.49544272149141944,False,0.5506322169466537,False,0.13933649289099526,0.24879946814466666,False,0.19176584574411995,False
00-0037809,TE,2025,0,1,0.6919431279620853,0.4103984287483567,False,0.21302029740103984,False,0.13933649289099526,0.3952603718476933,False,0.5799107441241779,False
00-0038041,TE,2025,0,1,0.6919431279620853,0.4479555918666853,False,0.5060176317947929,False,0.13933649289099526,0.3265401769113649,False,0.2930980606384957,False
00-0038115,TE,2025,0,0,0.6919431279620853,0.5909861887771886,False,0.6129972139430562,False,0.13933649289099526,0.2136073415715444,False,0.16250235381576422,False
00-0038394,TE,2025,1,0,0.6919431279620853,0.7831082856612265,False,0.8158922170255672,False,0.13933649289099526,0.08564031635787417,False,0.07790652671891166,False
00-0038498,TE,2025,1,0,0.6919431279620853,0.8776806506601603,False,0.8658849627675111,False,0.13933649289099526,0.029615954106675516,False,0.04446363319668208,False
00-0038547,TE,2025,0,1,0.6919431279620853,0.5385059210906782,False,0.5493328951284066,False,0.13933649289099526,0.23419157327885864,False,0.18958719850337338,False
00-0038589,TE,2025,1,0,0.6919431279620853,0.44830257867159967,False,0.4603219590348158,False,0.13933649289099526,0.2764561846295584,False,0.23216497586682427,False
00-0038590,TE,2025,1,0,0.6919431279620853,0.8958815853214201,False,0.9153618624047062,False,0.13933649289099526,0.0236643363790951,False,0.023439450211132664,False
00-0038643,TE,2025,1,0,0.6919431279620853,0.8062385766183651,False,0.8358474080883632,False,0.13933649289099526,0.05743219253566451,False,0.05372434478840283,False
00-0038710,TE,2025,0,0,0.6919431279620853,0.743165797372892,False,0.7406869596051926,False,0.13933649289099526,0.08809776341747826,False,0.09213579945135368,False
00-0038720,TE,2025,0,0,0.6919431279620853,0.49544272149141944,False,0.5048583042222007,False,0.13933649289099526,0.24879946814466666,False,0.2025128976716384,False
00-0038735,TE,2025,1,0,0.6919431279620853,0.8958815853214201,False,0.9153618624047062,False,0.13933649289099526,0.0236643363790951,False,0.023439450211132664,False
00-0038783,TE,2025,1,0,0.6919431279620853,0.444511709359645,False,0.417713509315283,False,0.13933649289099526,0.2428361605228159,False,0.21364842634725506,False
00-0038809,TE,2025,1,0,0.6919431279620853,0.8330478588783282,False,0.8346546568761966,False,0.13933649289099526,0.04615651464824007,False,0.04206436974400212,False
00-0038920,TE,2025,1,0,0.6919431279620853,0.8568065600202601,False,0.8636619414478579,False,0.13933649289099526,0.03700767576719977,False,0.036386120274096656,False
00-0038935,TE,2025,1,0,0.6919431279620853,0.49256693238973315,False,0.4524603490812972,False,0.13933649289099526,0.2250739911168545,False,0.21843104931557691,False
00-0039041,TE,2025,0,1,0.6919431279620853,0.45020029679538426,False,0.45644113569954525,False,0.13933649289099526,0.29430493546508785,False,0.24360996981061966,False
00-0039050,TE,2025,1,0,0.6919431279620853,0.7069996952246524,False,0.6848034464964743,False,0.13933649289099526,0.10845437577835701,False,0.10442640427154756,False
00-0039066,TE,2025,0,0,0.6919431279620853,0.6340603136613618,False,0.6774841528568296,False,0.13933649289099526,0.17744197550996188,False,0.14130406764280923,False
00-0039144,TE,2025,1,0,0.6919431279620853,0.743165797372892,False,0.7599494993039959,False,0.13933649289099526,0.08809776341747826,False,0.08173352796777697,False
00-0039316,TE,2025,1,0,0.6919431279620853,0.8958815853214201,False,0.9125668514882364,False,0.13933649289099526,0.0236643363790951,False,0.026621642895858822,False
00-0039338,TE,2025,0,0,0.6919431279620853,0.31998736280348516,False,0.3373560671162069,False,0.13933649289099526,0.49187583894277787,False,0.47900501232356596,False
00-0039356,TE,2025,0,0,0.6919431279620853,0.4035810022764645,False,0.42958514883168786,False,0.13933649289099526,0.37908900387794386,False,0.31246048576614954,False
00-0039420,TE,2025,1,0,0.6919431279620853,0.8330478588783282,False,0.8404782010046467,False,0.13933649289099526,0.04615651464824007,False,0.044857286861285574,False
00-0039458,TE,2025,1,0,0.6919431279620853,0.8958815853214201,False,0.9125725513987623,False,0.13933649289099526,0.0236643363790951,False,0.026906107488625645,False
00-0039530,TE,2025,0,1,0.6919431279620853,0.5832090928718965,False,0.5965941518140385,False,0.13933649289099526,0.19540712730220708,False,0.16097549189119564,False
00-0039613,TE,2025,1,0,0.6919431279620853,0.8568065600202601,False,0.8639084277032558,False,0.13933649289099526,0.03700767576719977,False,0.03623144725741428,False
00-0039631,TE,2025,1,0,0.6919431279620853,0.8330478588783282,False,0.8404665255653014,False,0.13933649289099526,0.04615651464824007,False,0.038521947200229556,False
00-0039648,TE,2025,0,0,0.6919431279620853,0.8330478588783282,False,0.8517438630568852,False,0.13933649289099526,0.04615651464824007,False,0.04324190970050288,False
00-0039737,TE,2025,1,0,0.6919431279620853,0.7069996952246524,False,0.72375550416125,False,0.13933649289099526,0.10845437577835701,False,0.0911558178744254,False
00-0039754,TE,2025,1,0,0.6919431279620853,0.8776806506601603,False,0.8618832212738702,False,0.13933649289099526,0.029615954106675516,False,0.019451928760185606,False
00-0039793,TE,2025,1,0,0.6919431279620853,0.4035810022764645,False,0.4078571756261768,False,0.13933649289099526,0.37908900387794386,False,0.33969873703916265,False
00-0039814,TE,2025,1,0,0.6919431279620853,0.7069996952246524,False,0.7130690889423031,False,0.13933649289099526,0.10845437577835701,False,0.08034742754679736,False
00-0039824,TE,2025,1,0,0.6919431279620853,0.8958815853214201,False,0.8986445768226203,False,0.13933649289099526,0.0236643363790951,False,0.023783406475659775,False
00-0039847,TE,2025,0,1,0.6919431279620853,0.5832090928718965,False,0.5945553820601063,False,0.13933649289099526,0.19540712730220708,False,0.17606301164508648,False
